{
    "objects": [
        {
            "attributes": {
                "description": "Includes Visual Builder Metric\nInterval size 90 days",
                "hits": 0,
                "kibanaSavedObjectMeta": {
                    "searchSourceJSON": "{\"filter\": [], \"query\": {\"query\": \"\", \"language\": \"kuery\"}}"
                },
                "optionsJSON": "{\"useMargins\": true, \"hidePanelTitles\": false}",
                "panelsJSON": "[{\"panelIndex\": \"22\", \"panelRefName\": \"panel_0\", \"version\": \"7.3.1\", \"embeddableConfig\": {}, \"title\": \"\", \"gridData\": {\"x\": 0, \"h\": 20, \"y\": 0, \"w\": 17, \"i\": \"22\"}}, {\"panelIndex\": \"23\", \"panelRefName\": \"panel_1\", \"version\": \"7.3.1\", \"embeddableConfig\": {\"vis\": {\"legendOpen\": false}}, \"title\": \"Group Managment Actions [Winlogbeat Security]\", \"gridData\": {\"x\": 17, \"h\": 20, \"y\": 0, \"w\": 21, \"i\": \"23\"}}, {\"panelIndex\": \"25\", \"panelRefName\": \"panel_2\", \"version\": \"7.3.1\", \"embeddableConfig\": {}, \"title\": \"Event Codes [Winlogbeat Security]\", \"gridData\": {\"x\": 38, \"h\": 20, \"y\": 0, \"w\": 10, \"i\": \"25\"}}, {\"panelIndex\": \"29\", \"panelRefName\": \"panel_3\", \"version\": \"7.3.1\", \"embeddableConfig\": {}, \"title\": \"\", \"gridData\": {\"x\": 0, \"h\": 7, \"y\": 61, \"w\": 16, \"i\": \"29\"}}, {\"panelIndex\": \"30\", \"panelRefName\": \"panel_4\", \"version\": \"7.3.1\", \"embeddableConfig\": {}, \"title\": \"\", \"gridData\": {\"x\": 18, \"h\": 7, \"y\": 41, \"w\": 9, \"i\": \"30\"}}, {\"panelIndex\": \"31\", \"panelRefName\": \"panel_5\", \"version\": \"7.3.1\", \"embeddableConfig\": {}, \"title\": \"\", \"gridData\": {\"x\": 0, \"h\": 7, \"y\": 41, \"w\": 9, \"i\": \"31\"}}, {\"panelIndex\": \"32\", \"panelRefName\": \"panel_6\", \"version\": \"7.3.1\", \"embeddableConfig\": {}, \"title\": \"\", \"gridData\": {\"x\": 9, \"h\": 7, \"y\": 41, \"w\": 9, \"i\": \"32\"}}, {\"panelIndex\": \"33\", \"panelRefName\": \"panel_7\", \"version\": \"7.3.1\", \"embeddableConfig\": {}, \"title\": \"\", \"gridData\": {\"x\": 16, \"h\": 7, \"y\": 61, \"w\": 17, \"i\": \"33\"}}, {\"panelIndex\": \"34\", \"panelRefName\": \"panel_8\", \"version\": \"7.3.1\", \"embeddableConfig\": {}, \"title\": \"\", \"gridData\": {\"x\": 33, \"h\": 7, \"y\": 61, \"w\": 15, \"i\": \"34\"}}, {\"panelIndex\": \"35\", \"panelRefName\": \"panel_9\", \"version\": \"7.3.1\", \"embeddableConfig\": {\"vis\": {\"defaultColors\": {\"1 - 2\": \"rgb(198,219,239)\", \"2 - 3\": \"rgb(107,174,214)\", \"3 - 4\": \"rgb(33,113,181)\", \"0 - 1\": \"rgb(247,251,255)\"}, \"legendOpen\": false}}, \"title\": \"Actions performed over Groups [Winlogbeat Security]\", \"gridData\": {\"x\": 0, \"h\": 21, \"y\": 20, \"w\": 27, \"i\": \"35\"}}, {\"panelIndex\": \"36\", \"panelRefName\": \"panel_10\", \"version\": \"7.3.1\", \"embeddableConfig\": {}, \"title\": \"Group Creation Summary [Winlogbeat Security]\", \"gridData\": {\"x\": 0, \"h\": 13, \"y\": 48, \"w\": 9, \"i\": \"36\"}}, {\"panelIndex\": \"37\", \"panelRefName\": \"panel_11\", \"version\": \"7.3.1\", \"embeddableConfig\": {}, \"title\": \"Group Changes Summary [Winlogbeat Security]\", \"gridData\": {\"x\": 9, \"h\": 13, \"y\": 48, \"w\": 9, \"i\": \"37\"}}, {\"panelIndex\": \"38\", \"panelRefName\": \"panel_12\", \"version\": \"7.3.1\", \"embeddableConfig\": {}, \"title\": \"Group Deletion Summary [Winlogbeat Security]\", \"gridData\": {\"x\": 18, \"h\": 13, \"y\": 48, \"w\": 9, \"i\": \"38\"}}, {\"panelIndex\": \"39\", \"panelRefName\": \"panel_13\", \"version\": \"7.3.1\", \"embeddableConfig\": {}, \"title\": \"Users Added to Group  Summary [Winlogbeat Security]\", \"gridData\": {\"x\": 0, \"h\": 14, \"y\": 68, \"w\": 16, \"i\": \"39\"}}, {\"panelIndex\": \"40\", \"panelRefName\": \"panel_14\", \"version\": \"7.3.1\", \"embeddableConfig\": {}, \"title\": \"Users Removed From Group Summary [Winlogbeat Security]\", \"gridData\": {\"x\": 16, \"h\": 14, \"y\": 68, \"w\": 17, \"i\": \"40\"}}, {\"panelIndex\": \"42\", \"panelRefName\": \"panel_15\", \"version\": \"7.3.1\", \"embeddableConfig\": {}, \"title\": \"Group Enumeration - Table [Winlogbeat Security]\", \"gridData\": {\"x\": 33, \"h\": 14, \"y\": 68, \"w\": 15, \"i\": \"42\"}}, {\"panelIndex\": \"43\", \"panelRefName\": \"panel_16\", \"version\": \"7.3.1\", \"embeddableConfig\": {}, \"title\": \"Logon Details  [Winlogbeat Security]\", \"gridData\": {\"x\": 27, \"h\": 20, \"y\": 41, \"w\": 21, \"i\": \"43\"}}, {\"embeddableConfig\": {}, \"panelIndex\": \"44\", \"gridData\": {\"x\": 27, \"h\": 21, \"y\": 20, \"w\": 21, \"i\": \"44\"}, \"panelRefName\": \"panel_17\", \"version\": \"7.3.1\"}, {\"panelIndex\": \"45\", \"panelRefName\": \"panel_18\", \"version\": \"7.3.1\", \"embeddableConfig\": {}, \"title\": \"Group Management Operations Details [Winlogbeat Security]\", \"gridData\": {\"x\": 0, \"h\": 22, \"y\": 82, \"w\": 48, \"i\": \"45\"}}]",
                "timeRestore": false,
                "title": "[Winlogbeat Security] Group Management Events",
                "version": 1
            },
            "id": "bb858830-f412-11e9-8405-516218e3d268",
            "migrationVersion": {
                "dashboard": "7.3.0"
            },
            "references": [
                {
                    "id": "6f0f2ea0-f414-11e9-8405-516218e3d268",
                    "name": "panel_0",
                    "type": "visualization"
                },
                {
                    "id": "b01aaea0-f415-11e9-8405-516218e3d268",
                    "name": "panel_1",
                    "type": "visualization"
                },
                {
                    "id": "11b5c0e0-f417-11e9-8405-516218e3d268",
                    "name": "panel_2",
                    "type": "visualization"
                },
                {
                    "id": "ffebe440-f419-11e9-8405-516218e3d268",
                    "name": "panel_3",
                    "type": "visualization"
                },
                {
                    "id": "e22c6f40-f498-11e9-8405-516218e3d268",
                    "name": "panel_4",
                    "type": "visualization"
                },
                {
                    "id": "ee292bc0-f499-11e9-8405-516218e3d268",
                    "name": "panel_5",
                    "type": "visualization"
                },
                {
                    "id": "400b63e0-f49a-11e9-8405-516218e3d268",
                    "name": "panel_6",
                    "type": "visualization"
                },
                {
                    "id": "a5f664c0-f49a-11e9-8405-516218e3d268",
                    "name": "panel_7",
                    "type": "visualization"
                },
                {
                    "id": "546febc0-f49b-11e9-8405-516218e3d268",
                    "name": "panel_8",
                    "type": "visualization"
                },
                {
                    "id": "b948eaf0-f49c-11e9-8405-516218e3d268",
                    "name": "panel_9",
                    "type": "visualization"
                },
                {
                    "id": "98884120-f49d-11e9-8405-516218e3d268",
                    "name": "panel_10",
                    "type": "visualization"
                },
                {
                    "id": "9e534190-f49d-11e9-8405-516218e3d268",
                    "name": "panel_11",
                    "type": "visualization"
                },
                {
                    "id": "bb9cf7a0-f49d-11e9-8405-516218e3d268",
                    "name": "panel_12",
                    "type": "visualization"
                },
                {
                    "id": "ce867840-f49e-11e9-8405-516218e3d268",
                    "name": "panel_13",
                    "type": "visualization"
                },
                {
                    "id": "fee83900-f49f-11e9-8405-516218e3d268",
                    "name": "panel_14",
                    "type": "visualization"
                },
                {
                    "id": "bc165210-f4b8-11e9-8405-516218e3d268",
                    "name": "panel_15",
                    "type": "visualization"
                },
                {
                    "id": "7e178c80-fee1-11e9-8405-516218e3d268",
                    "name": "panel_16",
                    "type": "search"
                },
                {
                    "id": "24954800-fef0-11e9-8405-516218e3d268",
                    "name": "panel_17",
                    "type": "visualization"
                },
                {
                    "id": "9066d5b0-fef2-11e9-8405-516218e3d268",
                    "name": "panel_18",
                    "type": "search"
                }
            ],
            "type": "dashboard",
            "updated_at": "2020-02-04T20:38:59.746Z",
            "version": "WzQsMV0="
        },
        {
            "attributes": {
                "description": "",
                "kibanaSavedObjectMeta": {
                    "searchSourceJSON": "{\"filter\": [], \"query\": {\"query\": \"\", \"language\": \"kuery\"}}"
                },
                "title": "Group Management Events - Description [Winlogbeat Security]",
                "uiStateJSON": "{}",
                "version": 1,
                "visState": "{\"title\": \"Group Management Events - Description [Winlogbeat Security]\", \"type\": \"markdown\", \"params\": {\"openLinksInNewTab\": false, \"fontSize\": 10, \"markdown\": \"# **Group Management Events**\\n\\n#### This dashboard shows information about Group Management Events collected by winlogbeat\\n#\\n#\\n#\\nEvent | Description|Event | Description\\n-- | --|--|--\\n|4727|A security-enabled global group was created.|4728|A member was added to a security-enabled global group.| \\n|4729|A member was removed from a security-enabled global group.|4730|A security-enabled global group was deleted.| \\n|4731|A security-enabled local group was created.|4732|A member was added to a security-enabled local group.|\\n|4733|A member was removed from a security-enabled local group.|4734|A security-enabled local group was deleted.|\\n|4735|A security-enabled local group was changed.|4737|A security-enabled global group was changed.|\\n|4754|A security-enabled universal group was created.| 4755|A security-enabled universal group was changed.| \\n|4756|A member was added to a security-enabled universal group.|4757|A member was removed from a security-enabled universal group.| \\n|4758|A security-enabled universal group was deleted.| 4764|A group\\\\'s type was changed.|\\n|4799|A security-enabled local group membership was enumerated.|\"}, \"aggs\": []}"
            },
            "id": "6f0f2ea0-f414-11e9-8405-516218e3d268",
            "migrationVersion": {
                "visualization": "7.4.2"
            },
            "references": [],
            "type": "visualization",
            "updated_at": "2020-02-04T20:39:00.715Z",
            "version": "WzI1LDFd"
        },
        {
            "attributes": {
                "description": "",
                "kibanaSavedObjectMeta": {
                    "searchSourceJSON": "{\"filter\": [{\"query\": {\"bool\": {\"should\": [{\"match_phrase\": {\"event.code\": \"4731\"}}, {\"match_phrase\": {\"event.code\": \"4732\"}}, {\"match_phrase\": {\"event.code\": \"4733\"}}, {\"match_phrase\": {\"event.code\": \"4734\"}}, {\"match_phrase\": {\"event.code\": \"4735\"}}, {\"match_phrase\": {\"event.code\": \"4764\"}}, {\"match_phrase\": {\"event.code\": \"4799\"}}, {\"match_phrase\": {\"event.code\": \"4727\"}}, {\"match_phrase\": {\"event.code\": \"4737\"}}, {\"match_phrase\": {\"event.code\": \"4728\"}}, {\"match_phrase\": {\"event.code\": \"4729\"}}, {\"match_phrase\": {\"event.code\": \"4730\"}}, {\"match_phrase\": {\"event.code\": \"4754\"}}, {\"match_phrase\": {\"event.code\": \"4755\"}}, {\"match_phrase\": {\"event.code\": \"4756\"}}, {\"match_phrase\": {\"event.code\": \"4757\"}}, {\"match_phrase\": {\"event.code\": \"4758\"}}], \"minimum_should_match\": 1}}, \"meta\": {\"alias\": null, \"value\": \"4731, 4732, 4733, 4734, 4735, 4764, 4799, 4727, 4737, 4728, 4729, 4730, 4754, 4755, 4756, 4757, 4758\", \"key\": \"event.code\", \"type\": \"phrases\", \"params\": [\"4731\", \"4732\", \"4733\", \"4734\", \"4735\", \"4764\", \"4799\", \"4727\", \"4737\", \"4728\", \"4729\", \"4730\", \"4754\", \"4755\", \"4756\", \"4757\", \"4758\"], \"disabled\": false, \"negate\": false, \"indexRefName\": \"kibanaSavedObjectMeta.searchSourceJSON.filter[0].meta.index\"}, \"$state\": {\"store\": \"appState\"}}], \"query\": {\"query\": \"\", \"language\": \"kuery\"}, \"indexRefName\": \"kibanaSavedObjectMeta.searchSourceJSON.index\"}"
                },
                "title": "Group Management Events - Event Actions - Donut [Winlogbeat Security]",
                "uiStateJSON": "{}",
                "version": 1,
                "visState": "{\"title\": \"Group Management Events - Event Actions - Donut [Winlogbeat Security]\", \"type\": \"pie\", \"params\": {\"addTooltip\": true, \"labels\": {\"last_level\": true, \"show\": true, \"truncate\": 100, \"values\": true}, \"isDonut\": true, \"type\": \"pie\", \"addLegend\": true, \"dimensions\": {\"metric\": {\"format\": {\"id\": \"number\"}, \"accessor\": 1, \"params\": {}, \"aggType\": \"count\"}, \"buckets\": [{\"format\": {\"params\": {\"otherBucketLabel\": \"Other\", \"missingBucketLabel\": \"Missing\", \"id\": \"string\"}, \"id\": \"terms\"}, \"accessor\": 0, \"params\": {}, \"aggType\": \"terms\"}]}, \"legendPosition\": \"right\"}, \"aggs\": [{\"params\": {}, \"schema\": \"metric\", \"type\": \"count\", \"enabled\": true, \"id\": \"1\"}, {\"params\": {\"field\": \"event.action\", \"otherBucketLabel\": \"Other\", \"missingBucketLabel\": \"Missing\", \"orderBy\": \"1\", \"missingBucket\": false, \"otherBucket\": false, \"order\": \"desc\", \"size\": 5}, \"schema\": \"segment\", \"type\": \"terms\", \"enabled\": true, \"id\": \"2\"}]}"
            },
            "id": "b01aaea0-f415-11e9-8405-516218e3d268",
            "migrationVersion": {
                "visualization": "7.4.2"
            },
            "references": [
                {
                    "id": "winlogbeat-*",
                    "name": "kibanaSavedObjectMeta.searchSourceJSON.index",
                    "type": "index-pattern"
                },
                {
                    "id": "winlogbeat-*",
                    "name": "kibanaSavedObjectMeta.searchSourceJSON.filter[0].meta.index",
                    "type": "index-pattern"
                }
            ],
            "type": "visualization",
            "updated_at": "2020-02-04T20:39:00.715Z",
            "version": "WzI2LDFd"
        },
        {
            "attributes": {
                "description": "",
                "kibanaSavedObjectMeta": {
                    "searchSourceJSON": "{\"filter\": [{\"query\": {\"bool\": {\"should\": [{\"match_phrase\": {\"event.code\": \"4727\"}}, {\"match_phrase\": {\"event.code\": \"4728\"}}, {\"match_phrase\": {\"event.code\": \"4729\"}}, {\"match_phrase\": {\"event.code\": \"4730\"}}, {\"match_phrase\": {\"event.code\": \"4731\"}}, {\"match_phrase\": {\"event.code\": \"4732\"}}, {\"match_phrase\": {\"event.code\": \"4733\"}}, {\"match_phrase\": {\"event.code\": \"4734\"}}, {\"match_phrase\": {\"event.code\": \"4735\"}}, {\"match_phrase\": {\"event.code\": \"4737\"}}, {\"match_phrase\": {\"event.code\": \"4754\"}}, {\"match_phrase\": {\"event.code\": \"4755\"}}, {\"match_phrase\": {\"event.code\": \"4756\"}}, {\"match_phrase\": {\"event.code\": \"4757\"}}, {\"match_phrase\": {\"event.code\": \"4758\"}}, {\"match_phrase\": {\"event.code\": \"4764\"}}, {\"match_phrase\": {\"event.code\": \"4799\"}}], \"minimum_should_match\": 1}}, \"meta\": {\"alias\": null, \"value\": \"4727, 4728, 4729, 4730, 4731, 4732, 4733, 4734, 4735, 4737, 4754, 4755, 4756, 4757, 4758, 4764, 4799\", \"key\": \"event.code\", \"type\": \"phrases\", \"params\": [\"4727\", \"4728\", \"4729\", \"4730\", \"4731\", \"4732\", \"4733\", \"4734\", \"4735\", \"4737\", \"4754\", \"4755\", \"4756\", \"4757\", \"4758\", \"4764\", \"4799\"], \"disabled\": false, \"negate\": false, \"indexRefName\": \"kibanaSavedObjectMeta.searchSourceJSON.filter[0].meta.index\"}, \"$state\": {\"store\": \"appState\"}}], \"query\": {\"query\": \"\", \"language\": \"kuery\"}, \"indexRefName\": \"kibanaSavedObjectMeta.searchSourceJSON.index\"}"
                },
                "title": "Group Management Events - Event Actions - Table [Winlogbeat Security]",
                "uiStateJSON": "{\"vis\": {\"params\": {\"sort\": {\"direction\": null, \"columnIndex\": null}}}}",
                "version": 1,
                "visState": "{\"title\": \"Group Management Events - Event Actions - Table [Winlogbeat Security]\", \"type\": \"table\", \"params\": {\"showMetricsAtAllLevels\": false, \"totalFunc\": \"sum\", \"showTotal\": false, \"sort\": {\"direction\": null, \"columnIndex\": null}, \"showPartialRows\": false, \"dimensions\": {\"buckets\": [{\"format\": {\"params\": {\"otherBucketLabel\": \"Other\", \"missingBucketLabel\": \"Missing\", \"id\": \"string\"}, \"id\": \"terms\"}, \"accessor\": 0, \"params\": {}, \"aggType\": \"terms\"}, {\"format\": {\"params\": {\"otherBucketLabel\": \"Other\", \"missingBucketLabel\": \"Missing\", \"id\": \"string\"}, \"id\": \"terms\"}, \"accessor\": 1, \"params\": {}, \"aggType\": \"terms\"}], \"metrics\": [{\"format\": {\"id\": \"number\"}, \"accessor\": 2, \"params\": {}, \"aggType\": \"count\"}]}, \"perPage\": 10}, \"aggs\": [{\"params\": {}, \"schema\": \"metric\", \"type\": \"count\", \"enabled\": true, \"id\": \"1\"}, {\"params\": {\"field\": \"event.action\", \"customLabel\": \"Event Action\", \"otherBucketLabel\": \"Other\", \"missingBucketLabel\": \"Missing\", \"orderBy\": \"1\", \"missingBucket\": false, \"otherBucket\": false, \"order\": \"desc\", \"size\": 20}, \"schema\": \"bucket\", \"type\": \"terms\", \"enabled\": true, \"id\": \"2\"}, {\"params\": {\"field\": \"event.code\", \"customLabel\": \"Event Code\", \"otherBucketLabel\": \"Other\", \"missingBucketLabel\": \"Missing\", \"orderBy\": \"1\", \"missingBucket\": false, \"otherBucket\": false, \"order\": \"desc\", \"size\": 10}, \"schema\": \"bucket\", \"type\": \"terms\", \"enabled\": true, \"id\": \"3\"}]}"
            },
            "id": "11b5c0e0-f417-11e9-8405-516218e3d268",
            "migrationVersion": {
                "visualization": "7.4.2"
            },
            "references": [
                {
                    "id": "winlogbeat-*",
                    "name": "kibanaSavedObjectMeta.searchSourceJSON.index",
                    "type": "index-pattern"
                },
                {
                    "id": "winlogbeat-*",
                    "name": "kibanaSavedObjectMeta.searchSourceJSON.filter[0].meta.index",
                    "type": "index-pattern"
                }
            ],
            "type": "visualization",
            "updated_at": "2020-02-04T20:39:00.715Z",
            "version": "WzI3LDFd"
        },
        {
            "attributes": {
                "description": "",
                "kibanaSavedObjectMeta": {
                    "searchSourceJSON": "{\"filter\": [], \"query\": {\"query\": \"\", \"language\": \"kuery\"}}"
                },
                "title": "Users Added - Metric [Winlogbeat Security]",
                "uiStateJSON": "{}",
                "version": 1,
                "visState": "{\"title\": \"Users Added - Metric [Winlogbeat Security]\", \"type\": \"metrics\", \"params\": {\"series\": [{\"separate_axis\": 0, \"formatter\": \"number\", \"chart_type\": \"line\", \"color\": \"#68BC00\", \"line_width\": 1, \"id\": \"61ca57f1-469d-11e7-af02-69e470af7417\", \"axis_position\": \"right\", \"label\": \"Users Added to Group\", \"point_size\": 1, \"metrics\": [{\"type\": \"count\", \"id\": \"61ca57f2-469d-11e7-af02-69e470af7417\"}], \"fill\": 0.5, \"split_mode\": \"everything\", \"stacked\": \"none\"}], \"background_color_rules\": [{\"id\": \"bfcaced0-f419-11e9-928e-8f5fd2b6c66e\", \"operator\": \"gt\", \"value\": 1, \"background_color\": \"rgba(128,137,0,1)\"}, {\"id\": \"a7d935e0-f497-11e9-928e-8f5fd2b6c66e\", \"operator\": \"gte\", \"value\": 3, \"background_color\": \"rgba(211,49,21,1)\"}], \"drop_last_bucket\": 0, \"axis_position\": \"left\", \"id\": \"61ca57f0-469d-11e7-af02-69e470af7417\", \"axis_formatter\": \"number\", \"index_pattern\": \"winlogbeat-*\", \"time_field\": \"\", \"show_grid\": 1, \"type\": \"metric\", \"axis_scale\": \"normal\", \"default_index_pattern\": \"winlogbeat-*\", \"show_legend\": 1, \"interval\": \"90d\", \"default_timefield\": \"@timestamp\", \"filter\": {\"query\": \"event.code:4732 OR event.code:4728 OR event.code:4756\", \"language\": \"kuery\"}}, \"aggs\": []}"
            },
            "id": "ffebe440-f419-11e9-8405-516218e3d268",
            "migrationVersion": {
                "visualization": "7.4.2"
            },
            "references": [],
            "type": "visualization",
            "updated_at": "2020-02-04T20:38:59.746Z",
            "version": "WzgsMV0="
        },
        {
            "attributes": {
                "description": "",
                "kibanaSavedObjectMeta": {
                    "searchSourceJSON": "{\"filter\": [], \"query\": {\"query\": \"\", \"language\": \"kuery\"}}"
                },
                "title": "Groups Deleted - Metric [Winlogbeat Security]",
                "uiStateJSON": "{}",
                "version": 1,
                "visState": "{\"title\": \"Groups Deleted - Metric [Winlogbeat Security]\", \"type\": \"metrics\", \"params\": {\"series\": [{\"separate_axis\": 0, \"formatter\": \"number\", \"chart_type\": \"line\", \"color\": \"#68BC00\", \"line_width\": 1, \"id\": \"61ca57f1-469d-11e7-af02-69e470af7417\", \"axis_position\": \"right\", \"label\": \"Groups Deleted\", \"point_size\": 1, \"metrics\": [{\"type\": \"count\", \"id\": \"61ca57f2-469d-11e7-af02-69e470af7417\"}], \"fill\": 0.5, \"split_mode\": \"everything\", \"stacked\": \"none\"}], \"background_color_rules\": [{\"id\": \"bfcaced0-f419-11e9-928e-8f5fd2b6c66e\", \"operator\": \"lte\", \"value\": 0, \"background_color\": \"rgba(200,201,197,1)\"}, {\"id\": \"a7d935e0-f497-11e9-928e-8f5fd2b6c66e\", \"operator\": \"gt\", \"value\": 0, \"background_color\": \"rgba(153,172,99,1)\"}], \"drop_last_bucket\": 0, \"axis_position\": \"left\", \"id\": \"61ca57f0-469d-11e7-af02-69e470af7417\", \"axis_formatter\": \"number\", \"index_pattern\": \"winlogbeat-*\", \"time_field\": \"\", \"show_grid\": 1, \"type\": \"metric\", \"axis_scale\": \"normal\", \"default_index_pattern\": \"winlogbeat-*\", \"show_legend\": 1, \"interval\": \"90d\", \"default_timefield\": \"@timestamp\", \"filter\": {\"query\": \"event.code:4734 OR event.code:4730 OR event.code:4758\", \"language\": \"kuery\"}}, \"aggs\": []}"
            },
            "id": "e22c6f40-f498-11e9-8405-516218e3d268",
            "migrationVersion": {
                "visualization": "7.4.2"
            },
            "references": [],
            "type": "visualization",
            "updated_at": "2020-02-04T20:38:59.746Z",
            "version": "WzksMV0="
        },
        {
            "attributes": {
                "description": "",
                "kibanaSavedObjectMeta": {
                    "searchSourceJSON": "{\"filter\": [], \"query\": {\"query\": \"\", \"language\": \"kuery\"}}"
                },
                "title": "Groups Created - Metric [Winlogbeat Security]",
                "uiStateJSON": "{}",
                "version": 1,
                "visState": "{\"title\": \"Groups Created - Metric [Winlogbeat Security]\", \"type\": \"metrics\", \"params\": {\"series\": [{\"separate_axis\": 0, \"formatter\": \"number\", \"chart_type\": \"line\", \"color\": \"#68BC00\", \"line_width\": 1, \"id\": \"61ca57f1-469d-11e7-af02-69e470af7417\", \"axis_position\": \"right\", \"label\": \"Groups Created\", \"point_size\": 1, \"metrics\": [{\"type\": \"count\", \"id\": \"61ca57f2-469d-11e7-af02-69e470af7417\"}], \"fill\": 0.5, \"split_mode\": \"everything\", \"stacked\": \"none\"}], \"background_color_rules\": [{\"id\": \"bfcaced0-f419-11e9-928e-8f5fd2b6c66e\", \"operator\": \"lte\", \"value\": 0, \"background_color\": \"rgba(200,201,197,1)\"}, {\"id\": \"a7d935e0-f497-11e9-928e-8f5fd2b6c66e\", \"operator\": \"gt\", \"value\": 0, \"background_color\": \"rgba(244,78,59,1)\"}], \"drop_last_bucket\": 0, \"axis_position\": \"left\", \"id\": \"61ca57f0-469d-11e7-af02-69e470af7417\", \"axis_formatter\": \"number\", \"index_pattern\": \"winlogbeat-*\", \"time_field\": \"\", \"show_grid\": 1, \"type\": \"metric\", \"axis_scale\": \"normal\", \"default_index_pattern\": \"winlogbeat-*\", \"show_legend\": 1, \"interval\": \"90d\", \"default_timefield\": \"@timestamp\", \"filter\": {\"query\": \"event.code:4731 OR event.code:4727 OR event.code:\\\"4754\\\" \", \"language\": \"kuery\"}}, \"aggs\": []}"
            },
            "id": "ee292bc0-f499-11e9-8405-516218e3d268",
            "migrationVersion": {
                "visualization": "7.4.2"
            },
            "references": [],
            "type": "visualization",
            "updated_at": "2020-02-04T20:38:59.746Z",
            "version": "WzEwLDFd"
        },
        {
            "attributes": {
                "description": "",
                "kibanaSavedObjectMeta": {
                    "searchSourceJSON": "{\"filter\": [], \"query\": {\"query\": \"\", \"language\": \"kuery\"}}"
                },
                "title": "Groups Changed - Metric [Winlogbeat Security]",
                "uiStateJSON": "{}",
                "version": 1,
                "visState": "{\"title\": \"Groups Changed - Metric [Winlogbeat Security]\", \"type\": \"metrics\", \"params\": {\"series\": [{\"separate_axis\": 0, \"formatter\": \"number\", \"chart_type\": \"line\", \"color\": \"#68BC00\", \"line_width\": 1, \"id\": \"61ca57f1-469d-11e7-af02-69e470af7417\", \"axis_position\": \"right\", \"label\": \"Groups Changed\", \"point_size\": 1, \"metrics\": [{\"type\": \"count\", \"id\": \"61ca57f2-469d-11e7-af02-69e470af7417\"}], \"fill\": 0.5, \"split_mode\": \"everything\", \"stacked\": \"none\"}], \"background_color_rules\": [{\"id\": \"bfcaced0-f419-11e9-928e-8f5fd2b6c66e\", \"operator\": \"lte\", \"value\": 0, \"background_color\": \"rgba(200,201,197,1)\"}, {\"id\": \"a7d935e0-f497-11e9-928e-8f5fd2b6c66e\", \"operator\": \"gt\", \"value\": 0, \"background_color\": \"rgba(252,196,0,1)\"}], \"drop_last_bucket\": 0, \"axis_position\": \"left\", \"id\": \"61ca57f0-469d-11e7-af02-69e470af7417\", \"axis_formatter\": \"number\", \"index_pattern\": \"winlogbeat-*\", \"time_field\": \"\", \"show_grid\": 1, \"type\": \"metric\", \"axis_scale\": \"normal\", \"default_index_pattern\": \"winlogbeat-*\", \"show_legend\": 1, \"interval\": \"60d\", \"default_timefield\": \"@timestamp\", \"filter\": {\"query\": \"event.code:4735 OR event.code:4737 OR event.code:\\\"4755\\\" OR event.code:\\\"4764\\\"  \", \"language\": \"kuery\"}}, \"aggs\": []}"
            },
            "id": "400b63e0-f49a-11e9-8405-516218e3d268",
            "migrationVersion": {
                "visualization": "7.4.2"
            },
            "references": [],
            "type": "visualization",
            "updated_at": "2020-02-04T20:38:59.746Z",
            "version": "WzExLDFd"
        },
        {
            "attributes": {
                "description": "",
                "kibanaSavedObjectMeta": {
                    "searchSourceJSON": "{\"filter\": [], \"query\": {\"query\": \"\", \"language\": \"kuery\"}}"
                },
                "title": "Users Removed - Table [Winlogbeat Security]",
                "uiStateJSON": "{}",
                "version": 1,
                "visState": "{\"title\": \"Users Removed - Table [Winlogbeat Security]\", \"type\": \"metrics\", \"params\": {\"series\": [{\"separate_axis\": 0, \"formatter\": \"number\", \"chart_type\": \"line\", \"color\": \"#68BC00\", \"line_width\": 1, \"id\": \"61ca57f1-469d-11e7-af02-69e470af7417\", \"axis_position\": \"right\", \"label\": \"Users Removed from Group\", \"point_size\": 1, \"metrics\": [{\"type\": \"count\", \"id\": \"61ca57f2-469d-11e7-af02-69e470af7417\"}], \"fill\": 0.5, \"split_mode\": \"everything\", \"stacked\": \"none\"}], \"background_color_rules\": [{\"id\": \"bfcaced0-f419-11e9-928e-8f5fd2b6c66e\", \"operator\": \"gt\", \"value\": 0, \"background_color\": \"rgba(176,188,0,1)\"}], \"drop_last_bucket\": 0, \"axis_position\": \"left\", \"id\": \"61ca57f0-469d-11e7-af02-69e470af7417\", \"axis_formatter\": \"number\", \"index_pattern\": \"winlogbeat-*\", \"time_field\": \"\", \"show_grid\": 1, \"type\": \"metric\", \"axis_scale\": \"normal\", \"default_index_pattern\": \"winlogbeat-*\", \"show_legend\": 1, \"interval\": \"90d\", \"default_timefield\": \"@timestamp\", \"filter\": {\"query\": \"event.code:4733 OR event.code:4727 OR event.code:4729\", \"language\": \"kuery\"}}, \"aggs\": []}"
            },
            "id": "a5f664c0-f49a-11e9-8405-516218e3d268",
            "migrationVersion": {
                "visualization": "7.4.2"
            },
            "references": [],
            "type": "visualization",
            "updated_at": "2020-02-04T20:38:59.746Z",
            "version": "WzEyLDFd"
        },
        {
            "attributes": {
                "description": "",
                "kibanaSavedObjectMeta": {
                    "searchSourceJSON": "{\"filter\": [], \"query\": {\"query\": \"\", \"language\": \"kuery\"}}"
                },
                "title": "Groups Enumeration - Metric [Winlogbeat Security]",
                "uiStateJSON": "{}",
                "version": 1,
                "visState": "{\"title\": \"Groups Enumeration - Metric [Winlogbeat Security]\", \"type\": \"metrics\", \"params\": {\"series\": [{\"separate_axis\": 0, \"formatter\": \"number\", \"chart_type\": \"line\", \"color\": \"#68BC00\", \"line_width\": 1, \"id\": \"61ca57f1-469d-11e7-af02-69e470af7417\", \"axis_position\": \"right\", \"label\": \"Group Membership Enumeration\", \"point_size\": 1, \"metrics\": [{\"type\": \"count\", \"id\": \"61ca57f2-469d-11e7-af02-69e470af7417\"}], \"fill\": 0.5, \"split_mode\": \"everything\", \"stacked\": \"none\"}], \"background_color_rules\": [{\"id\": \"bfcaced0-f419-11e9-928e-8f5fd2b6c66e\", \"operator\": \"gt\", \"value\": 0, \"background_color\": \"rgba(159,5,0,1)\"}], \"drop_last_bucket\": 0, \"axis_position\": \"left\", \"id\": \"61ca57f0-469d-11e7-af02-69e470af7417\", \"axis_formatter\": \"number\", \"index_pattern\": \"winlogbeat-*\", \"time_field\": \"\", \"show_grid\": 1, \"type\": \"metric\", \"axis_scale\": \"normal\", \"default_index_pattern\": \"winlogbeat-*\", \"show_legend\": 1, \"interval\": \"90d\", \"default_timefield\": \"@timestamp\", \"filter\": {\"query\": \"event.code:4799\", \"language\": \"kuery\"}}, \"aggs\": []}"
            },
            "id": "546febc0-f49b-11e9-8405-516218e3d268",
            "migrationVersion": {
                "visualization": "7.4.2"
            },
            "references": [],
            "type": "visualization",
            "updated_at": "2020-02-04T20:38:59.746Z",
            "version": "WzEzLDFd"
        },
        {
            "attributes": {
                "description": "",
                "kibanaSavedObjectMeta": {
                    "searchSourceJSON": "{\"filter\": [{\"query\": {\"bool\": {\"should\": [{\"match_phrase\": {\"event.code\": \"4727\"}}, {\"match_phrase\": {\"event.code\": \"4728\"}}, {\"match_phrase\": {\"event.code\": \"4729\"}}, {\"match_phrase\": {\"event.code\": \"4730\"}}, {\"match_phrase\": {\"event.code\": \"4731\"}}, {\"match_phrase\": {\"event.code\": \"4732\"}}, {\"match_phrase\": {\"event.code\": \"4733\"}}, {\"match_phrase\": {\"event.code\": \"4734\"}}, {\"match_phrase\": {\"event.code\": \"4735\"}}, {\"match_phrase\": {\"event.code\": \"4737\"}}, {\"match_phrase\": {\"event.code\": \"4754\"}}, {\"match_phrase\": {\"event.code\": \"4755\"}}, {\"match_phrase\": {\"event.code\": \"4756\"}}, {\"match_phrase\": {\"event.code\": \"4757\"}}, {\"match_phrase\": {\"event.code\": \"4758\"}}, {\"match_phrase\": {\"event.code\": \"4764\"}}, {\"match_phrase\": {\"event.code\": \"4799\"}}], \"minimum_should_match\": 1}}, \"meta\": {\"alias\": null, \"value\": \"4727, 4728, 4729, 4730, 4731, 4732, 4733, 4734, 4735, 4737, 4754, 4755, 4756, 4757, 4758, 4764, 4799\", \"key\": \"event.code\", \"type\": \"phrases\", \"params\": [\"4727\", \"4728\", \"4729\", \"4730\", \"4731\", \"4732\", \"4733\", \"4734\", \"4735\", \"4737\", \"4754\", \"4755\", \"4756\", \"4757\", \"4758\", \"4764\", \"4799\"], \"disabled\": false, \"negate\": false, \"indexRefName\": \"kibanaSavedObjectMeta.searchSourceJSON.filter[0].meta.index\"}, \"$state\": {\"store\": \"appState\"}}], \"query\": {\"query\": \"\", \"language\": \"kuery\"}, \"indexRefName\": \"kibanaSavedObjectMeta.searchSourceJSON.index\"}"
                },
                "title": "Group Management Events - Groups vs Actions - Heatmap [Winlogbeat Security]",
                "uiStateJSON": "{\"vis\": {\"defaultColors\": {\"1 - 2\": \"rgb(198,219,239)\", \"2 - 3\": \"rgb(107,174,214)\", \"3 - 4\": \"rgb(33,113,181)\", \"0 - 1\": \"rgb(247,251,255)\"}}}",
                "version": 1,
                "visState": "{\"title\": \"Group Management Events - Groups vs Actions - Heatmap [Winlogbeat Security]\", \"type\": \"heatmap\", \"params\": {\"addTooltip\": true, \"colorsRange\": [], \"colorsNumber\": 4, \"addLegend\": true, \"enableHover\": false, \"legendPosition\": \"right\", \"setColorRange\": false, \"invertColors\": false, \"valueAxes\": [{\"type\": \"value\", \"show\": false, \"labels\": {\"overwriteColor\": false, \"show\": true, \"color\": \"black\", \"rotate\": 0}, \"scale\": {\"type\": \"linear\", \"defaultYExtents\": false}, \"id\": \"ValueAxis-1\"}], \"percentageMode\": false, \"type\": \"heatmap\", \"colorSchema\": \"Blues\", \"dimensions\": {\"x\": {\"format\": {\"params\": {\"otherBucketLabel\": \"Other\", \"missingBucketLabel\": \"Missing\", \"id\": \"string\"}, \"id\": \"terms\"}, \"accessor\": 0, \"params\": {}, \"aggType\": \"terms\"}, \"y\": [{\"format\": {\"id\": \"number\"}, \"accessor\": 2, \"params\": {}, \"aggType\": \"count\"}], \"series\": [{\"format\": {\"params\": {\"otherBucketLabel\": \"Other\", \"missingBucketLabel\": \"Missing\", \"id\": \"string\"}, \"id\": \"terms\"}, \"accessor\": 1, \"params\": {}, \"aggType\": \"terms\"}]}, \"times\": []}, \"aggs\": [{\"params\": {}, \"schema\": \"metric\", \"type\": \"count\", \"enabled\": true, \"id\": \"1\"}, {\"params\": {\"field\": \"group.name\", \"customLabel\": \"Group\", \"otherBucketLabel\": \"Other\", \"missingBucketLabel\": \"Missing\", \"orderBy\": \"1\", \"missingBucket\": false, \"otherBucket\": false, \"order\": \"desc\", \"size\": 15}, \"schema\": \"segment\", \"type\": \"terms\", \"enabled\": true, \"id\": \"2\"}, {\"params\": {\"field\": \"event.action\", \"otherBucketLabel\": \"Other\", \"missingBucketLabel\": \"Missing\", \"orderBy\": \"1\", \"missingBucket\": false, \"otherBucket\": false, \"order\": \"desc\", \"size\": 5}, \"schema\": \"group\", \"type\": \"terms\", \"enabled\": true, \"id\": \"3\"}]}"
            },
            "id": "b948eaf0-f49c-11e9-8405-516218e3d268",
            "migrationVersion": {
                "visualization": "7.4.2"
            },
            "references": [
                {
                    "id": "winlogbeat-*",
                    "name": "kibanaSavedObjectMeta.searchSourceJSON.index",
                    "type": "index-pattern"
                },
                {
                    "id": "winlogbeat-*",
                    "name": "kibanaSavedObjectMeta.searchSourceJSON.filter[0].meta.index",
                    "type": "index-pattern"
                }
            ],
            "type": "visualization",
            "updated_at": "2020-02-04T20:39:00.715Z",
            "version": "WzI4LDFd"
        },
        {
            "attributes": {
                "description": "",
                "kibanaSavedObjectMeta": {
                    "searchSourceJSON": "{\"filter\": [{\"query\": {\"bool\": {\"should\": [{\"match_phrase\": {\"event.code\": \"4731\"}}, {\"match_phrase\": {\"event.code\": \"4727\"}}, {\"match_phrase\": {\"event.code\": \"4754\"}}], \"minimum_should_match\": 1}}, \"meta\": {\"alias\": null, \"value\": \"4731, 4727, 4754\", \"key\": \"event.code\", \"type\": \"phrases\", \"params\": [\"4731\", \"4727\", \"4754\"], \"disabled\": false, \"negate\": false, \"indexRefName\": \"kibanaSavedObjectMeta.searchSourceJSON.filter[0].meta.index\"}, \"$state\": {\"store\": \"appState\"}}], \"query\": {\"query\": \"\", \"language\": \"kuery\"}, \"indexRefName\": \"kibanaSavedObjectMeta.searchSourceJSON.index\"}"
                },
                "title": "Groups Created - Table [Winlogbeat Security]",
                "uiStateJSON": "{\"vis\": {\"params\": {\"sort\": {\"direction\": null, \"columnIndex\": null}}}}",
                "version": 1,
                "visState": "{\"title\": \"Groups Created - Table [Winlogbeat Security]\", \"type\": \"table\", \"params\": {\"showMetricsAtAllLevels\": false, \"totalFunc\": \"sum\", \"showTotal\": false, \"sort\": {\"direction\": null, \"columnIndex\": null}, \"showPartialRows\": false, \"dimensions\": {\"buckets\": [{\"format\": {\"params\": {\"otherBucketLabel\": \"Other\", \"missingBucketLabel\": \"Missing\", \"id\": \"string\"}, \"id\": \"terms\"}, \"accessor\": 0, \"params\": {}, \"aggType\": \"terms\"}, {\"format\": {\"params\": {\"otherBucketLabel\": \"Other\", \"missingBucketLabel\": \"Missing\", \"id\": \"string\"}, \"id\": \"terms\"}, \"accessor\": 1, \"params\": {}, \"aggType\": \"terms\"}, {\"format\": {\"params\": {\"otherBucketLabel\": \"Other\", \"missingBucketLabel\": \"Missing\", \"id\": \"string\"}, \"id\": \"terms\"}, \"accessor\": 2, \"params\": {}, \"aggType\": \"terms\"}, {\"format\": {\"params\": {\"otherBucketLabel\": \"Other\", \"missingBucketLabel\": \"Missing\", \"id\": \"string\"}, \"id\": \"terms\"}, \"accessor\": 3, \"params\": {}, \"aggType\": \"terms\"}], \"metrics\": [{\"format\": {\"id\": \"number\"}, \"accessor\": 4, \"params\": {}, \"aggType\": \"count\"}]}, \"perPage\": 5}, \"aggs\": [{\"params\": {}, \"schema\": \"metric\", \"type\": \"count\", \"enabled\": true, \"id\": \"1\"}, {\"params\": {\"field\": \"group.name\", \"customLabel\": \"Group\", \"otherBucketLabel\": \"Other\", \"missingBucketLabel\": \"Missing\", \"orderBy\": \"1\", \"missingBucket\": false, \"otherBucket\": false, \"order\": \"desc\", \"size\": 20}, \"schema\": \"bucket\", \"type\": \"terms\", \"enabled\": true, \"id\": \"2\"}, {\"params\": {\"field\": \"group.domain\", \"customLabel\": \"Domain\", \"otherBucketLabel\": \"Other\", \"missingBucketLabel\": \"Missing\", \"orderBy\": \"1\", \"missingBucket\": false, \"otherBucket\": false, \"order\": \"desc\", \"size\": 5}, \"schema\": \"bucket\", \"type\": \"terms\", \"enabled\": true, \"id\": \"3\"}, {\"params\": {\"field\": \"winlog.event_data.SubjectUserName\", \"customLabel\": \"Performed by\", \"otherBucketLabel\": \"Other\", \"missingBucketLabel\": \"Missing\", \"orderBy\": \"1\", \"missingBucket\": false, \"otherBucket\": false, \"order\": \"desc\", \"size\": 5}, \"schema\": \"bucket\", \"type\": \"terms\", \"enabled\": true, \"id\": \"4\"}, {\"params\": {\"field\": \"winlog.logon.id\", \"customLabel\": \"Performer LogonID\", \"otherBucketLabel\": \"Other\", \"missingBucketLabel\": \"Missing\", \"orderBy\": \"1\", \"missingBucket\": false, \"otherBucket\": false, \"order\": \"desc\", \"size\": 5}, \"schema\": \"bucket\", \"type\": \"terms\", \"enabled\": true, \"id\": \"5\"}]}"
            },
            "id": "98884120-f49d-11e9-8405-516218e3d268",
            "migrationVersion": {
                "visualization": "7.4.2"
            },
            "references": [
                {
                    "id": "winlogbeat-*",
                    "name": "kibanaSavedObjectMeta.searchSourceJSON.index",
                    "type": "index-pattern"
                },
                {
                    "id": "winlogbeat-*",
                    "name": "kibanaSavedObjectMeta.searchSourceJSON.filter[0].meta.index",
                    "type": "index-pattern"
                }
            ],
            "type": "visualization",
            "updated_at": "2020-02-04T20:39:00.715Z",
            "version": "WzI5LDFd"
        },
        {
            "attributes": {
                "description": "",
                "kibanaSavedObjectMeta": {
                    "searchSourceJSON": "{\"filter\": [{\"query\": {\"bool\": {\"should\": [{\"match_phrase\": {\"event.code\": \"4735\"}}, {\"match_phrase\": {\"event.code\": \"4737\"}}, {\"match_phrase\": {\"event.code\": \"4755\"}}], \"minimum_should_match\": 1}}, \"meta\": {\"alias\": null, \"value\": \"4735, 4737, 4755\", \"key\": \"event.code\", \"type\": \"phrases\", \"params\": [\"4735\", \"4737\", \"4755\"], \"disabled\": false, \"negate\": false, \"indexRefName\": \"kibanaSavedObjectMeta.searchSourceJSON.filter[0].meta.index\"}, \"$state\": {\"store\": \"appState\"}}], \"query\": {\"query\": \"\", \"language\": \"kuery\"}, \"indexRefName\": \"kibanaSavedObjectMeta.searchSourceJSON.index\"}"
                },
                "title": "Group Changes - Table [Winlogbeat Security]",
                "uiStateJSON": "{\"vis\": {\"params\": {\"sort\": {\"direction\": null, \"columnIndex\": null}}}}",
                "version": 1,
                "visState": "{\"title\": \"Group Changes - Table [Winlogbeat Security]\", \"type\": \"table\", \"params\": {\"showMetricsAtAllLevels\": false, \"totalFunc\": \"sum\", \"showTotal\": false, \"sort\": {\"direction\": null, \"columnIndex\": null}, \"showPartialRows\": false, \"dimensions\": {\"buckets\": [{\"format\": {\"params\": {\"otherBucketLabel\": \"Other\", \"missingBucketLabel\": \"Missing\", \"id\": \"string\"}, \"id\": \"terms\"}, \"accessor\": 0, \"params\": {}, \"aggType\": \"terms\"}, {\"format\": {\"params\": {\"otherBucketLabel\": \"Other\", \"missingBucketLabel\": \"Missing\", \"id\": \"string\"}, \"id\": \"terms\"}, \"accessor\": 1, \"params\": {}, \"aggType\": \"terms\"}, {\"format\": {\"params\": {\"otherBucketLabel\": \"Other\", \"missingBucketLabel\": \"Missing\", \"id\": \"string\"}, \"id\": \"terms\"}, \"accessor\": 2, \"params\": {}, \"aggType\": \"terms\"}, {\"format\": {\"params\": {\"otherBucketLabel\": \"Other\", \"missingBucketLabel\": \"Missing\", \"id\": \"string\"}, \"id\": \"terms\"}, \"accessor\": 3, \"params\": {}, \"aggType\": \"terms\"}], \"metrics\": [{\"format\": {\"id\": \"number\"}, \"accessor\": 4, \"params\": {}, \"aggType\": \"count\"}]}, \"perPage\": 5}, \"aggs\": [{\"params\": {}, \"schema\": \"metric\", \"type\": \"count\", \"enabled\": true, \"id\": \"1\"}, {\"params\": {\"field\": \"group.name\", \"customLabel\": \"Group\", \"otherBucketLabel\": \"Other\", \"missingBucketLabel\": \"Missing\", \"orderBy\": \"1\", \"missingBucket\": false, \"otherBucket\": false, \"order\": \"desc\", \"size\": 20}, \"schema\": \"bucket\", \"type\": \"terms\", \"enabled\": true, \"id\": \"2\"}, {\"params\": {\"field\": \"group.domain\", \"customLabel\": \"Domain\", \"otherBucketLabel\": \"Other\", \"missingBucketLabel\": \"Missing\", \"orderBy\": \"1\", \"missingBucket\": false, \"otherBucket\": false, \"order\": \"desc\", \"size\": 5}, \"schema\": \"bucket\", \"type\": \"terms\", \"enabled\": true, \"id\": \"3\"}, {\"params\": {\"field\": \"winlog.event_data.SubjectUserName\", \"customLabel\": \"Performed by\", \"otherBucketLabel\": \"Other\", \"missingBucketLabel\": \"Missing\", \"orderBy\": \"1\", \"missingBucket\": false, \"otherBucket\": false, \"order\": \"desc\", \"size\": 5}, \"schema\": \"bucket\", \"type\": \"terms\", \"enabled\": true, \"id\": \"4\"}, {\"params\": {\"field\": \"winlog.logon.id\", \"customLabel\": \"Performer LogonID\", \"otherBucketLabel\": \"Other\", \"missingBucketLabel\": \"Missing\", \"orderBy\": \"1\", \"missingBucket\": false, \"otherBucket\": false, \"order\": \"desc\", \"size\": 5}, \"schema\": \"bucket\", \"type\": \"terms\", \"enabled\": true, \"id\": \"5\"}]}"
            },
            "id": "9e534190-f49d-11e9-8405-516218e3d268",
            "migrationVersion": {
                "visualization": "7.4.2"
            },
            "references": [
                {
                    "id": "winlogbeat-*",
                    "name": "kibanaSavedObjectMeta.searchSourceJSON.index",
                    "type": "index-pattern"
                },
                {
                    "id": "winlogbeat-*",
                    "name": "kibanaSavedObjectMeta.searchSourceJSON.filter[0].meta.index",
                    "type": "index-pattern"
                }
            ],
            "type": "visualization",
            "updated_at": "2020-02-04T20:39:00.715Z",
            "version": "WzMwLDFd"
        },
        {
            "attributes": {
                "description": "",
                "kibanaSavedObjectMeta": {
                    "searchSourceJSON": "{\"filter\": [{\"query\": {\"bool\": {\"should\": [{\"match_phrase\": {\"event.code\": \"4734\"}}, {\"match_phrase\": {\"event.code\": \"4730\"}}, {\"match_phrase\": {\"event.code\": \"4758\"}}], \"minimum_should_match\": 1}}, \"meta\": {\"alias\": null, \"value\": \"4734, 4730, 4758\", \"key\": \"event.code\", \"type\": \"phrases\", \"params\": [\"4734\", \"4730\", \"4758\"], \"disabled\": false, \"negate\": false, \"indexRefName\": \"kibanaSavedObjectMeta.searchSourceJSON.filter[0].meta.index\"}, \"$state\": {\"store\": \"appState\"}}], \"query\": {\"query\": \"\", \"language\": \"kuery\"}, \"indexRefName\": \"kibanaSavedObjectMeta.searchSourceJSON.index\"}"
                },
                "title": "Groups Deleted - Table [Winlogbeat Security]",
                "uiStateJSON": "{\"vis\": {\"params\": {\"sort\": {\"direction\": null, \"columnIndex\": null}}}}",
                "version": 1,
                "visState": "{\"title\": \"Groups Deleted - Table [Winlogbeat Security]\", \"type\": \"table\", \"params\": {\"showMetricsAtAllLevels\": false, \"totalFunc\": \"sum\", \"showTotal\": false, \"sort\": {\"direction\": null, \"columnIndex\": null}, \"showPartialRows\": false, \"dimensions\": {\"buckets\": [{\"format\": {\"params\": {\"otherBucketLabel\": \"Other\", \"missingBucketLabel\": \"Missing\", \"id\": \"string\"}, \"id\": \"terms\"}, \"accessor\": 0, \"params\": {}, \"aggType\": \"terms\"}, {\"format\": {\"params\": {\"otherBucketLabel\": \"Other\", \"missingBucketLabel\": \"Missing\", \"id\": \"string\"}, \"id\": \"terms\"}, \"accessor\": 1, \"params\": {}, \"aggType\": \"terms\"}, {\"format\": {\"params\": {\"otherBucketLabel\": \"Other\", \"missingBucketLabel\": \"Missing\", \"id\": \"string\"}, \"id\": \"terms\"}, \"accessor\": 2, \"params\": {}, \"aggType\": \"terms\"}, {\"format\": {\"params\": {\"otherBucketLabel\": \"Other\", \"missingBucketLabel\": \"Missing\", \"id\": \"string\"}, \"id\": \"terms\"}, \"accessor\": 3, \"params\": {}, \"aggType\": \"terms\"}], \"metrics\": [{\"format\": {\"id\": \"number\"}, \"accessor\": 4, \"params\": {}, \"aggType\": \"count\"}]}, \"perPage\": 5}, \"aggs\": [{\"params\": {}, \"schema\": \"metric\", \"type\": \"count\", \"enabled\": true, \"id\": \"1\"}, {\"params\": {\"field\": \"group.name\", \"customLabel\": \"Group\", \"otherBucketLabel\": \"Other\", \"missingBucketLabel\": \"Missing\", \"orderBy\": \"1\", \"missingBucket\": false, \"otherBucket\": false, \"order\": \"desc\", \"size\": 20}, \"schema\": \"bucket\", \"type\": \"terms\", \"enabled\": true, \"id\": \"2\"}, {\"params\": {\"field\": \"group.domain\", \"customLabel\": \"Domain\", \"otherBucketLabel\": \"Other\", \"missingBucketLabel\": \"Missing\", \"orderBy\": \"1\", \"missingBucket\": false, \"otherBucket\": false, \"order\": \"desc\", \"size\": 5}, \"schema\": \"bucket\", \"type\": \"terms\", \"enabled\": true, \"id\": \"3\"}, {\"params\": {\"field\": \"winlog.event_data.SubjectUserName\", \"customLabel\": \"Performed by\", \"otherBucketLabel\": \"Other\", \"missingBucketLabel\": \"Missing\", \"orderBy\": \"1\", \"missingBucket\": false, \"otherBucket\": false, \"order\": \"desc\", \"size\": 5}, \"schema\": \"bucket\", \"type\": \"terms\", \"enabled\": true, \"id\": \"4\"}, {\"params\": {\"field\": \"winlog.logon.id\", \"customLabel\": \"Performer LogonID\", \"otherBucketLabel\": \"Other\", \"missingBucketLabel\": \"Missing\", \"orderBy\": \"1\", \"missingBucket\": false, \"otherBucket\": false, \"order\": \"desc\", \"size\": 5}, \"schema\": \"bucket\", \"type\": \"terms\", \"enabled\": true, \"id\": \"5\"}]}"
            },
            "id": "bb9cf7a0-f49d-11e9-8405-516218e3d268",
            "migrationVersion": {
                "visualization": "7.4.2"
            },
            "references": [
                {
                    "id": "winlogbeat-*",
                    "name": "kibanaSavedObjectMeta.searchSourceJSON.index",
                    "type": "index-pattern"
                },
                {
                    "id": "winlogbeat-*",
                    "name": "kibanaSavedObjectMeta.searchSourceJSON.filter[0].meta.index",
                    "type": "index-pattern"
                }
            ],
            "type": "visualization",
            "updated_at": "2020-02-04T20:39:00.715Z",
            "version": "WzMxLDFd"
        },
        {
            "attributes": {
                "description": "",
                "kibanaSavedObjectMeta": {
                    "searchSourceJSON": "{\"filter\": [{\"query\": {\"bool\": {\"should\": [{\"match_phrase\": {\"event.code\": \"4732\"}}, {\"match_phrase\": {\"event.code\": \"4728\"}}, {\"match_phrase\": {\"event.code\": \"4756\"}}], \"minimum_should_match\": 1}}, \"meta\": {\"alias\": null, \"value\": \"4732, 4728, 4756\", \"key\": \"event.code\", \"type\": \"phrases\", \"params\": [\"4732\", \"4728\", \"4756\"], \"disabled\": false, \"negate\": false, \"indexRefName\": \"kibanaSavedObjectMeta.searchSourceJSON.filter[0].meta.index\"}, \"$state\": {\"store\": \"appState\"}}], \"query\": {\"query\": \"\", \"language\": \"kuery\"}, \"indexRefName\": \"kibanaSavedObjectMeta.searchSourceJSON.index\"}"
                },
                "title": "Users Added - Table [Winlogbeat Security]",
                "uiStateJSON": "{\"vis\": {\"params\": {\"sort\": {\"direction\": null, \"columnIndex\": null}}}}",
                "version": 1,
                "visState": "{\"title\": \"Users Added - Table [Winlogbeat Security]\", \"type\": \"table\", \"params\": {\"showMetricsAtAllLevels\": false, \"totalFunc\": \"sum\", \"showTotal\": false, \"sort\": {\"direction\": null, \"columnIndex\": null}, \"showPartialRows\": false, \"dimensions\": {\"buckets\": [{\"format\": {\"params\": {\"otherBucketLabel\": \"Other\", \"missingBucketLabel\": \"Missing\", \"id\": \"string\"}, \"id\": \"terms\"}, \"accessor\": 0, \"params\": {}, \"aggType\": \"terms\"}, {\"format\": {\"params\": {\"otherBucketLabel\": \"Other\", \"missingBucketLabel\": \"Missing\", \"id\": \"string\"}, \"id\": \"terms\"}, \"accessor\": 1, \"params\": {}, \"aggType\": \"terms\"}, {\"format\": {\"params\": {\"otherBucketLabel\": \"Other\", \"missingBucketLabel\": \"Missing\", \"id\": \"string\"}, \"id\": \"terms\"}, \"accessor\": 2, \"params\": {}, \"aggType\": \"terms\"}, {\"format\": {\"params\": {\"otherBucketLabel\": \"Other\", \"missingBucketLabel\": \"Missing\", \"id\": \"string\"}, \"id\": \"terms\"}, \"accessor\": 3, \"params\": {}, \"aggType\": \"terms\"}, {\"format\": {\"params\": {\"otherBucketLabel\": \"Other\", \"missingBucketLabel\": \"Missing\", \"id\": \"string\"}, \"id\": \"terms\"}, \"accessor\": 4, \"params\": {}, \"aggType\": \"terms\"}], \"metrics\": [{\"format\": {\"id\": \"number\"}, \"accessor\": 5, \"params\": {}, \"aggType\": \"count\"}]}, \"perPage\": 5}, \"aggs\": [{\"params\": {}, \"schema\": \"metric\", \"type\": \"count\", \"enabled\": true, \"id\": \"1\"}, {\"params\": {\"field\": \"winlog.event_data.MemberName\", \"customLabel\": \"User\", \"otherBucketLabel\": \"Other\", \"missingBucketLabel\": \"Missing\", \"orderBy\": \"1\", \"missingBucket\": false, \"otherBucket\": false, \"order\": \"desc\", \"size\": 5}, \"schema\": \"bucket\", \"type\": \"terms\", \"enabled\": true, \"id\": \"2\"}, {\"params\": {\"field\": \"group.name\", \"customLabel\": \"Group\", \"otherBucketLabel\": \"Other\", \"missingBucketLabel\": \"Missing\", \"orderBy\": \"1\", \"missingBucket\": false, \"otherBucket\": false, \"order\": \"desc\", \"size\": 10}, \"schema\": \"bucket\", \"type\": \"terms\", \"enabled\": true, \"id\": \"3\"}, {\"params\": {\"field\": \"group.domain\", \"customLabel\": \"Domain\", \"otherBucketLabel\": \"Other\", \"missingBucketLabel\": \"Missing\", \"orderBy\": \"1\", \"missingBucket\": false, \"otherBucket\": false, \"order\": \"desc\", \"size\": 5}, \"schema\": \"bucket\", \"type\": \"terms\", \"enabled\": true, \"id\": \"4\"}, {\"params\": {\"field\": \"winlog.event_data.SubjectUserName\", \"customLabel\": \"Performed by\", \"otherBucketLabel\": \"Other\", \"missingBucketLabel\": \"Missing\", \"orderBy\": \"1\", \"missingBucket\": false, \"otherBucket\": false, \"order\": \"desc\", \"size\": 5}, \"schema\": \"bucket\", \"type\": \"terms\", \"enabled\": true, \"id\": \"5\"}, {\"params\": {\"field\": \"winlog.logon.id\", \"customLabel\": \"Performed by Logon ID\", \"otherBucketLabel\": \"Other\", \"missingBucketLabel\": \"Missing\", \"orderBy\": \"1\", \"missingBucket\": false, \"otherBucket\": false, \"order\": \"desc\", \"size\": 5}, \"schema\": \"bucket\", \"type\": \"terms\", \"enabled\": true, \"id\": \"6\"}]}"
            },
            "id": "ce867840-f49e-11e9-8405-516218e3d268",
            "migrationVersion": {
                "visualization": "7.4.2"
            },
            "references": [
                {
                    "id": "winlogbeat-*",
                    "name": "kibanaSavedObjectMeta.searchSourceJSON.index",
                    "type": "index-pattern"
                },
                {
                    "id": "winlogbeat-*",
                    "name": "kibanaSavedObjectMeta.searchSourceJSON.filter[0].meta.index",
                    "type": "index-pattern"
                }
            ],
            "type": "visualization",
            "updated_at": "2020-02-04T20:39:00.715Z",
            "version": "WzMyLDFd"
        },
        {
            "attributes": {
                "description": "",
                "kibanaSavedObjectMeta": {
                    "searchSourceJSON": "{\"filter\": [{\"query\": {\"bool\": {\"should\": [{\"match_phrase\": {\"event.code\": \"4733\"}}, {\"match_phrase\": {\"event.code\": \"4729\"}}, {\"match_phrase\": {\"event.code\": \"4757\"}}], \"minimum_should_match\": 1}}, \"meta\": {\"alias\": null, \"value\": \"4733, 4729, 4757\", \"key\": \"event.code\", \"type\": \"phrases\", \"params\": [\"4733\", \"4729\", \"4757\"], \"disabled\": false, \"negate\": false, \"indexRefName\": \"kibanaSavedObjectMeta.searchSourceJSON.filter[0].meta.index\"}, \"$state\": {\"store\": \"appState\"}}], \"query\": {\"query\": \"\", \"language\": \"kuery\"}, \"indexRefName\": \"kibanaSavedObjectMeta.searchSourceJSON.index\"}"
                },
                "title": "Users Removed from Group - Table [Winlogbeat Security]",
                "uiStateJSON": "{\"vis\": {\"params\": {\"sort\": {\"direction\": null, \"columnIndex\": null}}}}",
                "version": 1,
                "visState": "{\"title\": \"Users Removed from Group - Table [Winlogbeat Security]\", \"type\": \"table\", \"params\": {\"showMetricsAtAllLevels\": false, \"totalFunc\": \"sum\", \"showTotal\": false, \"sort\": {\"direction\": null, \"columnIndex\": null}, \"showPartialRows\": false, \"dimensions\": {\"buckets\": [{\"format\": {\"params\": {\"otherBucketLabel\": \"Other\", \"missingBucketLabel\": \"Missing\", \"id\": \"string\"}, \"id\": \"terms\"}, \"accessor\": 0, \"params\": {}, \"aggType\": \"terms\"}, {\"format\": {\"params\": {\"otherBucketLabel\": \"Other\", \"missingBucketLabel\": \"Missing\", \"id\": \"string\"}, \"id\": \"terms\"}, \"accessor\": 1, \"params\": {}, \"aggType\": \"terms\"}, {\"format\": {\"params\": {\"otherBucketLabel\": \"Other\", \"missingBucketLabel\": \"Missing\", \"id\": \"string\"}, \"id\": \"terms\"}, \"accessor\": 2, \"params\": {}, \"aggType\": \"terms\"}, {\"format\": {\"params\": {\"otherBucketLabel\": \"Other\", \"missingBucketLabel\": \"Missing\", \"id\": \"string\"}, \"id\": \"terms\"}, \"accessor\": 3, \"params\": {}, \"aggType\": \"terms\"}, {\"format\": {\"params\": {\"otherBucketLabel\": \"Other\", \"missingBucketLabel\": \"Missing\", \"id\": \"string\"}, \"id\": \"terms\"}, \"accessor\": 4, \"params\": {}, \"aggType\": \"terms\"}], \"metrics\": [{\"format\": {\"id\": \"number\"}, \"accessor\": 5, \"params\": {}, \"aggType\": \"count\"}]}, \"perPage\": 5}, \"aggs\": [{\"params\": {}, \"schema\": \"metric\", \"type\": \"count\", \"enabled\": true, \"id\": \"1\"}, {\"params\": {\"field\": \"winlog.event_data.MemberName\", \"customLabel\": \"User\", \"otherBucketLabel\": \"Other\", \"missingBucketLabel\": \"Missing\", \"orderBy\": \"1\", \"missingBucket\": false, \"otherBucket\": false, \"order\": \"desc\", \"size\": 5}, \"schema\": \"bucket\", \"type\": \"terms\", \"enabled\": true, \"id\": \"2\"}, {\"params\": {\"field\": \"group.name\", \"customLabel\": \"Group\", \"otherBucketLabel\": \"Other\", \"missingBucketLabel\": \"Missing\", \"orderBy\": \"1\", \"missingBucket\": false, \"otherBucket\": false, \"order\": \"desc\", \"size\": 10}, \"schema\": \"bucket\", \"type\": \"terms\", \"enabled\": true, \"id\": \"3\"}, {\"params\": {\"field\": \"group.domain\", \"customLabel\": \"Domain\", \"otherBucketLabel\": \"Other\", \"missingBucketLabel\": \"Missing\", \"orderBy\": \"1\", \"missingBucket\": false, \"otherBucket\": false, \"order\": \"desc\", \"size\": 5}, \"schema\": \"bucket\", \"type\": \"terms\", \"enabled\": true, \"id\": \"4\"}, {\"params\": {\"field\": \"winlog.event_data.SubjectUserName\", \"customLabel\": \"Performed by\", \"otherBucketLabel\": \"Other\", \"missingBucketLabel\": \"Missing\", \"orderBy\": \"1\", \"missingBucket\": false, \"otherBucket\": false, \"order\": \"desc\", \"size\": 5}, \"schema\": \"bucket\", \"type\": \"terms\", \"enabled\": true, \"id\": \"5\"}, {\"params\": {\"field\": \"winlog.logon.id\", \"customLabel\": \"Performed by Logon ID\", \"otherBucketLabel\": \"Other\", \"missingBucketLabel\": \"Missing\", \"orderBy\": \"1\", \"missingBucket\": false, \"otherBucket\": false, \"order\": \"desc\", \"size\": 5}, \"schema\": \"bucket\", \"type\": \"terms\", \"enabled\": true, \"id\": \"6\"}]}"
            },
            "id": "fee83900-f49f-11e9-8405-516218e3d268",
            "migrationVersion": {
                "visualization": "7.4.2"
            },
            "references": [
                {
                    "id": "winlogbeat-*",
                    "name": "kibanaSavedObjectMeta.searchSourceJSON.index",
                    "type": "index-pattern"
                },
                {
                    "id": "winlogbeat-*",
                    "name": "kibanaSavedObjectMeta.searchSourceJSON.filter[0].meta.index",
                    "type": "index-pattern"
                }
            ],
            "type": "visualization",
            "updated_at": "2020-02-04T20:39:00.715Z",
            "version": "WzMzLDFd"
        },
        {
            "attributes": {
                "description": "",
                "kibanaSavedObjectMeta": {
                    "searchSourceJSON": "{\"filter\": [{\"query\": {\"bool\": {\"should\": [{\"match_phrase\": {\"event.code\": \"4799\"}}], \"minimum_should_match\": 1}}, \"meta\": {\"alias\": null, \"value\": \"4799\", \"key\": \"event.code\", \"type\": \"phrases\", \"params\": [\"4799\"], \"disabled\": false, \"negate\": false, \"indexRefName\": \"kibanaSavedObjectMeta.searchSourceJSON.filter[0].meta.index\"}, \"$state\": {\"store\": \"appState\"}}], \"query\": {\"query\": \"\", \"language\": \"kuery\"}, \"indexRefName\": \"kibanaSavedObjectMeta.searchSourceJSON.index\"}"
                },
                "title": "Group Enumeration - Table [Winlogbeat Security]",
                "uiStateJSON": "{\"vis\": {\"params\": {\"sort\": {\"direction\": null, \"columnIndex\": null}}}}",
                "version": 1,
                "visState": "{\"title\": \"Group Enumeration - Table [Winlogbeat Security]\", \"type\": \"table\", \"params\": {\"showMetricsAtAllLevels\": false, \"totalFunc\": \"sum\", \"showTotal\": false, \"sort\": {\"direction\": null, \"columnIndex\": null}, \"showPartialRows\": false, \"dimensions\": {\"buckets\": [{\"format\": {\"params\": {\"otherBucketLabel\": \"Other\", \"missingBucketLabel\": \"Missing\", \"id\": \"string\"}, \"id\": \"terms\"}, \"accessor\": 0, \"params\": {}, \"aggType\": \"terms\"}, {\"format\": {\"params\": {\"otherBucketLabel\": \"Other\", \"missingBucketLabel\": \"Missing\", \"id\": \"string\"}, \"id\": \"terms\"}, \"accessor\": 1, \"params\": {}, \"aggType\": \"terms\"}, {\"format\": {\"params\": {\"otherBucketLabel\": \"Other\", \"missingBucketLabel\": \"Missing\", \"id\": \"string\"}, \"id\": \"terms\"}, \"accessor\": 2, \"params\": {}, \"aggType\": \"terms\"}, {\"format\": {\"params\": {\"otherBucketLabel\": \"Other\", \"missingBucketLabel\": \"Missing\", \"id\": \"string\"}, \"id\": \"terms\"}, \"accessor\": 3, \"params\": {}, \"aggType\": \"terms\"}], \"metrics\": [{\"format\": {\"id\": \"number\"}, \"accessor\": 4, \"params\": {}, \"aggType\": \"count\"}]}, \"perPage\": 5}, \"aggs\": [{\"params\": {}, \"schema\": \"metric\", \"type\": \"count\", \"enabled\": true, \"id\": \"1\"}, {\"params\": {\"field\": \"group.name\", \"customLabel\": \"Group\", \"otherBucketLabel\": \"Other\", \"missingBucketLabel\": \"Missing\", \"orderBy\": \"1\", \"missingBucket\": false, \"otherBucket\": false, \"order\": \"desc\", \"size\": 20}, \"schema\": \"bucket\", \"type\": \"terms\", \"enabled\": true, \"id\": \"2\"}, {\"params\": {\"field\": \"group.domain\", \"customLabel\": \"Domain\", \"otherBucketLabel\": \"Other\", \"missingBucketLabel\": \"Missing\", \"orderBy\": \"1\", \"missingBucket\": false, \"otherBucket\": false, \"order\": \"desc\", \"size\": 5}, \"schema\": \"bucket\", \"type\": \"terms\", \"enabled\": true, \"id\": \"3\"}, {\"params\": {\"field\": \"winlog.event_data.SubjectUserName\", \"customLabel\": \"Creator\", \"otherBucketLabel\": \"Other\", \"missingBucketLabel\": \"Missing\", \"orderBy\": \"1\", \"missingBucket\": false, \"otherBucket\": false, \"order\": \"desc\", \"size\": 5}, \"schema\": \"bucket\", \"type\": \"terms\", \"enabled\": true, \"id\": \"4\"}, {\"params\": {\"field\": \"winlog.logon.id\", \"customLabel\": \"Creator LogonID\", \"otherBucketLabel\": \"Other\", \"missingBucketLabel\": \"Missing\", \"orderBy\": \"1\", \"missingBucket\": false, \"otherBucket\": false, \"order\": \"desc\", \"size\": 5}, \"schema\": \"bucket\", \"type\": \"terms\", \"enabled\": true, \"id\": \"5\"}]}"
            },
            "id": "bc165210-f4b8-11e9-8405-516218e3d268",
            "migrationVersion": {
                "visualization": "7.4.2"
            },
            "references": [
                {
                    "id": "winlogbeat-*",
                    "name": "kibanaSavedObjectMeta.searchSourceJSON.index",
                    "type": "index-pattern"
                },
                {
                    "id": "winlogbeat-*",
                    "name": "kibanaSavedObjectMeta.searchSourceJSON.filter[0].meta.index",
                    "type": "index-pattern"
                }
            ],
            "type": "visualization",
            "updated_at": "2020-02-04T20:39:00.715Z",
            "version": "WzM0LDFd"
        },
        {
            "attributes": {
                "columns": [
                    "user.name",
                    "source.domain",
                    "source.ip",
                    "winlog.logon.id",
                    "winlog.logon.type"
                ],
                "description": "",
                "hits": 0,
                "kibanaSavedObjectMeta": {
                    "searchSourceJSON": "{\"version\": true, \"filter\": [{\"query\": {\"bool\": {\"should\": [{\"match_phrase\": {\"event.code\": \"4624\"}}], \"minimum_should_match\": 1}}, \"meta\": {\"alias\": null, \"value\": \"4624\", \"key\": \"event.code\", \"type\": \"phrases\", \"params\": [\"4624\"], \"disabled\": false, \"negate\": false, \"indexRefName\": \"kibanaSavedObjectMeta.searchSourceJSON.filter[0].meta.index\"}, \"$state\": {\"store\": \"appState\"}}], \"query\": {\"query\": \"\", \"language\": \"kuery\"}, \"indexRefName\": \"kibanaSavedObjectMeta.searchSourceJSON.index\", \"highlightAll\": true}"
                },
                "sort": [
                    [
                        "@timestamp",
                        "desc"
                    ]
                ],
                "title": "Logon Details [Winlogbeat Security]",
                "version": 1
            },
            "id": "7e178c80-fee1-11e9-8405-516218e3d268",
            "migrationVersion": {
                "search": "7.4.0"
            },
            "references": [
                {
                    "id": "winlogbeat-*",
                    "name": "kibanaSavedObjectMeta.searchSourceJSON.index",
                    "type": "index-pattern"
                },
                {
                    "id": "winlogbeat-*",
                    "name": "kibanaSavedObjectMeta.searchSourceJSON.filter[0].meta.index",
                    "type": "index-pattern"
                }
            ],
            "type": "search",
            "updated_at": "2020-02-04T20:39:02.784Z",
            "version": "WzkyLDFd"
        },
        {
            "attributes": {
                "description": "",
                "kibanaSavedObjectMeta": {
                    "searchSourceJSON": "{\"filter\": [{\"query\": {\"bool\": {\"should\": [{\"match_phrase\": {\"event.code\": \"4731\"}}, {\"match_phrase\": {\"event.code\": \"4732\"}}, {\"match_phrase\": {\"event.code\": \"4733\"}}, {\"match_phrase\": {\"event.code\": \"4734\"}}, {\"match_phrase\": {\"event.code\": \"4735\"}}, {\"match_phrase\": {\"event.code\": \"4737\"}}, {\"match_phrase\": {\"event.code\": \"4764\"}}, {\"match_phrase\": {\"event.code\": \"4799\"}}, {\"match_phrase\": {\"event.code\": \"4727\"}}, {\"match_phrase\": {\"event.code\": \"4728\"}}, {\"match_phrase\": {\"event.code\": \"4729\"}}, {\"match_phrase\": {\"event.code\": \"4730\"}}, {\"match_phrase\": {\"event.code\": \"4754\"}}, {\"match_phrase\": {\"event.code\": \"4755\"}}, {\"match_phrase\": {\"event.code\": \"4756\"}}, {\"match_phrase\": {\"event.code\": \"4757\"}}, {\"match_phrase\": {\"event.code\": \"4758\"}}], \"minimum_should_match\": 1}}, \"meta\": {\"alias\": null, \"value\": \"4731, 4732, 4733, 4734, 4735, 4737, 4764, 4799, 4727, 4728, 4729, 4730, 4754, 4755, 4756, 4757, 4758\", \"key\": \"event.code\", \"type\": \"phrases\", \"params\": [\"4731\", \"4732\", \"4733\", \"4734\", \"4735\", \"4737\", \"4764\", \"4799\", \"4727\", \"4728\", \"4729\", \"4730\", \"4754\", \"4755\", \"4756\", \"4757\", \"4758\"], \"disabled\": false, \"negate\": false, \"indexRefName\": \"kibanaSavedObjectMeta.searchSourceJSON.filter[0].meta.index\"}, \"$state\": {\"store\": \"appState\"}}], \"query\": {\"query\": \"\", \"language\": \"lucene\"}, \"indexRefName\": \"kibanaSavedObjectMeta.searchSourceJSON.index\"}"
                },
                "title": "Group Management Action Distribution over Time [Winlogbeat Security]",
                "uiStateJSON": "{}",
                "version": 1,
                "visState": "{\"title\": \"Group Management Action Distribution over Time [Winlogbeat Security]\", \"type\": \"histogram\", \"params\": {\"addTooltip\": true, \"categoryAxes\": [{\"style\": {}, \"position\": \"bottom\", \"labels\": {\"show\": true, \"filter\": true, \"truncate\": 100}, \"show\": true, \"title\": {}, \"type\": \"category\", \"id\": \"CategoryAxis-1\", \"scale\": {\"type\": \"linear\"}}], \"times\": [], \"addTimeMarker\": false, \"addLegend\": true, \"grid\": {\"categoryLines\": false}, \"seriesParams\": [{\"showCircles\": true, \"show\": \"true\", \"drawLinesBetweenPoints\": true, \"data\": {\"label\": \"Count\", \"id\": \"1\"}, \"type\": \"histogram\", \"valueAxis\": \"ValueAxis-1\", \"mode\": \"stacked\"}], \"labels\": {\"show\": true}, \"valueAxes\": [{\"type\": \"value\", \"position\": \"left\", \"labels\": {\"rotate\": 0, \"filter\": false, \"truncate\": 100, \"show\": true}, \"show\": true, \"id\": \"ValueAxis-1\", \"title\": {\"text\": \"Count\"}, \"name\": \"LeftAxis-1\", \"style\": {}, \"scale\": {\"type\": \"linear\", \"mode\": \"normal\"}}], \"type\": \"histogram\", \"legendPosition\": \"bottom\", \"dimensions\": {\"x\": {\"format\": {\"params\": {\"pattern\": \"YYYY-MM-DD HH:mm\"}, \"id\": \"date\"}, \"accessor\": 0, \"params\": {\"format\": \"YYYY-MM-DD HH:mm\", \"interval\": \"PT12H\", \"bounds\": {\"max\": \"2019-11-04T10:56:42.142Z\", \"min\": \"2019-10-05T09:56:42.142Z\"}, \"date\": true}, \"aggType\": \"date_histogram\"}, \"y\": [{\"format\": {\"id\": \"number\"}, \"accessor\": 3, \"params\": {}, \"aggType\": \"count\"}], \"series\": [{\"format\": {\"params\": {\"otherBucketLabel\": \"Other\", \"missingBucketLabel\": \"Missing\", \"id\": \"string\"}, \"id\": \"terms\"}, \"accessor\": 1, \"params\": {}, \"aggType\": \"terms\"}, {\"format\": {\"params\": {\"otherBucketLabel\": \"Other\", \"missingBucketLabel\": \"Missing\", \"id\": \"string\"}, \"id\": \"terms\"}, \"accessor\": 2, \"params\": {}, \"aggType\": \"terms\"}]}}, \"aggs\": [{\"params\": {}, \"schema\": \"metric\", \"type\": \"count\", \"enabled\": true, \"id\": \"1\"}, {\"params\": {\"extended_bounds\": {}, \"field\": \"@timestamp\", \"drop_partials\": false, \"timeRange\": {\"from\": \"now-30d\", \"to\": \"now\"}, \"min_doc_count\": 1, \"interval\": \"auto\", \"useNormalizedEsInterval\": true}, \"schema\": \"segment\", \"type\": \"date_histogram\", \"enabled\": true, \"id\": \"2\"}, {\"params\": {\"field\": \"event.action\", \"otherBucketLabel\": \"Other\", \"missingBucketLabel\": \"Missing\", \"orderBy\": \"1\", \"missingBucket\": false, \"otherBucket\": false, \"order\": \"desc\", \"size\": 5}, \"schema\": \"group\", \"type\": \"terms\", \"enabled\": true, \"id\": \"3\"}]}"
            },
            "id": "24954800-fef0-11e9-8405-516218e3d268",
            "migrationVersion": {
                "visualization": "7.4.2"
            },
            "references": [
                {
                    "id": "winlogbeat-*",
                    "name": "kibanaSavedObjectMeta.searchSourceJSON.index",
                    "type": "index-pattern"
                },
                {
                    "id": "winlogbeat-*",
                    "name": "kibanaSavedObjectMeta.searchSourceJSON.filter[0].meta.index",
                    "type": "index-pattern"
                }
            ],
            "type": "visualization",
            "updated_at": "2020-02-04T20:39:00.715Z",
            "version": "WzQyLDFd"
        },
        {
            "attributes": {
                "columns": [
                    "event.action",
                    "group.name",
                    "group.domain",
                    "winlog.event_data.SubjectUserName",
                    "user.domain",
                    "host.name"
                ],
                "description": "",
                "hits": 0,
                "kibanaSavedObjectMeta": {
                    "searchSourceJSON": "{\"version\": true, \"filter\": [{\"query\": {\"bool\": {\"should\": [{\"match_phrase\": {\"event.code\": \"4731\"}}, {\"match_phrase\": {\"event.code\": \"4732\"}}, {\"match_phrase\": {\"event.code\": \"4733\"}}, {\"match_phrase\": {\"event.code\": \"4734\"}}, {\"match_phrase\": {\"event.code\": \"4735\"}}, {\"match_phrase\": {\"event.code\": \"4737\"}}, {\"match_phrase\": {\"event.code\": \"4764\"}}, {\"match_phrase\": {\"event.code\": \"4799\"}}, {\"match_phrase\": {\"event.code\": \"4727\"}}, {\"match_phrase\": {\"event.code\": \"4728\"}}, {\"match_phrase\": {\"event.code\": \"4729\"}}, {\"match_phrase\": {\"event.code\": \"4730\"}}, {\"match_phrase\": {\"event.code\": \"4754\"}}, {\"match_phrase\": {\"event.code\": \"4755\"}}, {\"match_phrase\": {\"event.code\": \"4756\"}}, {\"match_phrase\": {\"event.code\": \"4757\"}}, {\"match_phrase\": {\"event.code\": \"4758\"}}], \"minimum_should_match\": 1}}, \"meta\": {\"alias\": null, \"value\": \"4731, 4732, 4733, 4734, 4735, 4737, 4764, 4799, 4727, 4728, 4729, 4730, 4754, 4755, 4756, 4757, 4758\", \"key\": \"event.code\", \"type\": \"phrases\", \"params\": [\"4731\", \"4732\", \"4733\", \"4734\", \"4735\", \"4737\", \"4764\", \"4799\", \"4727\", \"4728\", \"4729\", \"4730\", \"4754\", \"4755\", \"4756\", \"4757\", \"4758\"], \"disabled\": false, \"negate\": false, \"indexRefName\": \"kibanaSavedObjectMeta.searchSourceJSON.filter[0].meta.index\"}, \"$state\": {\"store\": \"appState\"}}], \"query\": {\"query\": \"\", \"language\": \"lucene\"}, \"indexRefName\": \"kibanaSavedObjectMeta.searchSourceJSON.index\", \"highlightAll\": true}"
                },
                "sort": [
                    [
                        "@timestamp",
                        "desc"
                    ]
                ],
                "title": "Group Management Details - Search View [Winlogbeat Security]",
                "version": 1
            },
            "id": "9066d5b0-fef2-11e9-8405-516218e3d268",
            "migrationVersion": {
                "search": "7.4.0"
            },
            "references": [
                {
                    "id": "winlogbeat-*",
                    "name": "kibanaSavedObjectMeta.searchSourceJSON.index",
                    "type": "index-pattern"
                },
                {
                    "id": "winlogbeat-*",
                    "name": "kibanaSavedObjectMeta.searchSourceJSON.filter[0].meta.index",
                    "type": "index-pattern"
                }
            ],
            "type": "search",
            "updated_at": "2020-02-04T20:39:00.715Z",
            "version": "WzQzLDFd"
        }
    ],
    "version": "7.5.2"
}