{
    "objects": [
        {
            "attributes": {
                "description": "Overview dashboard por powershell module.",
                "hits": 0,
                "kibanaSavedObjectMeta": {
                    "searchSourceJSON": "{\"filter\": [], \"query\": {\"query\": \"\", \"language\": \"kuery\"}}"
                },
                "optionsJSON": "{\"useMargins\": true, \"hidePanelTitles\": false}",
                "panelsJSON": "[{\"embeddableConfig\": {}, \"panelIndex\": \"fa41e799-b6b3-49ec-a11c-3f20231a4a79\", \"gridData\": {\"x\": 0, \"h\": 8, \"y\": 0, \"w\": 13, \"i\": \"fa41e799-b6b3-49ec-a11c-3f20231a4a79\"}, \"panelRefName\": \"panel_0\", \"version\": \"7.6.0\"}, {\"embeddableConfig\": {}, \"panelIndex\": \"65ce6b63-6ce0-4094-ab23-189126fc169f\", \"gridData\": {\"x\": 13, \"h\": 6, \"y\": 0, \"w\": 7, \"i\": \"65ce6b63-6ce0-4094-ab23-189126fc169f\"}, \"panelRefName\": \"panel_1\", \"version\": \"7.6.0\"}, {\"embeddableConfig\": {}, \"panelIndex\": \"314e6f55-a05a-4ae3-ab76-bcae7f2074ab\", \"gridData\": {\"x\": 20, \"h\": 6, \"y\": 0, \"w\": 8, \"i\": \"314e6f55-a05a-4ae3-ab76-bcae7f2074ab\"}, \"panelRefName\": \"panel_2\", \"version\": \"7.6.0\"}, {\"embeddableConfig\": {}, \"panelIndex\": \"a1f161f6-1abe-4177-9ede-4d1984f5a963\", \"gridData\": {\"x\": 28, \"h\": 6, \"y\": 0, \"w\": 7, \"i\": \"a1f161f6-1abe-4177-9ede-4d1984f5a963\"}, \"panelRefName\": \"panel_3\", \"version\": \"7.6.0\"}, {\"embeddableConfig\": {}, \"panelIndex\": \"6b7ed122-22f3-4e9d-89eb-8de92c0d2033\", \"gridData\": {\"x\": 35, \"h\": 6, \"y\": 0, \"w\": 4, \"i\": \"6b7ed122-22f3-4e9d-89eb-8de92c0d2033\"}, \"panelRefName\": \"panel_4\", \"version\": \"7.6.0\"}, {\"embeddableConfig\": {}, \"panelIndex\": \"d536f6a7-ad28-4a32-9319-9e0b983828bf\", \"gridData\": {\"x\": 39, \"h\": 6, \"y\": 0, \"w\": 4, \"i\": \"d536f6a7-ad28-4a32-9319-9e0b983828bf\"}, \"panelRefName\": \"panel_5\", \"version\": \"7.6.0\"}, {\"embeddableConfig\": {}, \"panelIndex\": \"eda6d08f-b45e-448a-bf9f-afa5516d4b4b\", \"gridData\": {\"x\": 43, \"h\": 6, \"y\": 0, \"w\": 4, \"i\": \"eda6d08f-b45e-448a-bf9f-afa5516d4b4b\"}, \"panelRefName\": \"panel_6\", \"version\": \"7.6.0\"}, {\"embeddableConfig\": {}, \"panelIndex\": \"56d2dd76-6fec-422b-96e9-22791b0c5f0c\", \"gridData\": {\"x\": 13, \"h\": 10, \"y\": 6, \"w\": 10, \"i\": \"56d2dd76-6fec-422b-96e9-22791b0c5f0c\"}, \"panelRefName\": \"panel_7\", \"version\": \"7.6.0\"}, {\"embeddableConfig\": {}, \"panelIndex\": \"3e4a9683-fd6a-4ad7-b05f-c71bcb4d92d5\", \"gridData\": {\"x\": 23, \"h\": 7, \"y\": 6, \"w\": 12, \"i\": \"3e4a9683-fd6a-4ad7-b05f-c71bcb4d92d5\"}, \"panelRefName\": \"panel_8\", \"version\": \"7.6.0\"}, {\"embeddableConfig\": {}, \"panelIndex\": \"a8c00572-667b-4e39-8b0c-10be56fbadd5\", \"gridData\": {\"x\": 35, \"h\": 7, \"y\": 6, \"w\": 12, \"i\": \"a8c00572-667b-4e39-8b0c-10be56fbadd5\"}, \"panelRefName\": \"panel_9\", \"version\": \"7.6.0\"}, {\"embeddableConfig\": {}, \"panelIndex\": \"e8a57cba-14d2-4cd9-a727-f5e30165f6ba\", \"gridData\": {\"x\": 0, \"h\": 8, \"y\": 8, \"w\": 13, \"i\": \"e8a57cba-14d2-4cd9-a727-f5e30165f6ba\"}, \"panelRefName\": \"panel_10\", \"version\": \"7.6.0\"}, {\"embeddableConfig\": {}, \"panelIndex\": \"8ae39cfa-cb06-45eb-880e-b749c3355d61\", \"gridData\": {\"x\": 23, \"h\": 7, \"y\": 13, \"w\": 12, \"i\": \"8ae39cfa-cb06-45eb-880e-b749c3355d61\"}, \"panelRefName\": \"panel_11\", \"version\": \"7.6.0\"}, {\"embeddableConfig\": {}, \"panelIndex\": \"ef92d192-b56d-476c-b640-e226679ed178\", \"gridData\": {\"x\": 35, \"h\": 7, \"y\": 13, \"w\": 12, \"i\": \"ef92d192-b56d-476c-b640-e226679ed178\"}, \"panelRefName\": \"panel_12\", \"version\": \"7.6.0\"}, {\"embeddableConfig\": {}, \"panelIndex\": \"b15dcac5-3616-4b41-8abb-cb28398b16f4\", \"gridData\": {\"x\": 0, \"h\": 11, \"y\": 16, \"w\": 13, \"i\": \"b15dcac5-3616-4b41-8abb-cb28398b16f4\"}, \"panelRefName\": \"panel_13\", \"version\": \"7.6.0\"}, {\"embeddableConfig\": {}, \"panelIndex\": \"23af61c8-6a45-4d7d-9905-8ed265328130\", \"gridData\": {\"x\": 13, \"h\": 11, \"y\": 16, \"w\": 10, \"i\": \"23af61c8-6a45-4d7d-9905-8ed265328130\"}, \"panelRefName\": \"panel_14\", \"version\": \"7.6.0\"}, {\"embeddableConfig\": {}, \"panelIndex\": \"390068ed-b7fb-4ec1-87d5-e89f7cc82e04\", \"gridData\": {\"x\": 23, \"h\": 7, \"y\": 20, \"w\": 12, \"i\": \"390068ed-b7fb-4ec1-87d5-e89f7cc82e04\"}, \"panelRefName\": \"panel_15\", \"version\": \"7.6.0\"}, {\"embeddableConfig\": {}, \"panelIndex\": \"45724dca-fea2-4f3b-af79-cf89bb12a31b\", \"gridData\": {\"x\": 35, \"h\": 7, \"y\": 20, \"w\": 12, \"i\": \"45724dca-fea2-4f3b-af79-cf89bb12a31b\"}, \"panelRefName\": \"panel_16\", \"version\": \"7.6.0\"}, {\"embeddableConfig\": {}, \"panelIndex\": \"7f0c4a51-d972-42a5-ba0a-d3de814c7440\", \"gridData\": {\"x\": 0, \"h\": 14, \"y\": 27, \"w\": 47, \"i\": \"7f0c4a51-d972-42a5-ba0a-d3de814c7440\"}, \"panelRefName\": \"panel_17\", \"version\": \"7.6.0\"}]",
                "timeRestore": false,
                "title": "[Winlogbeat powershell] Overview",
                "version": 1
            },
            "id": "c77e06c0-9e7c-11ea-af6f-cfdb1ee1d6c8",
            "migrationVersion": {
                "dashboard": "7.3.0"
            },
            "references": [
                {
                    "id": "9ec52c30-9e91-11ea-af6f-cfdb1ee1d6c8",
                    "name": "panel_0",
                    "type": "visualization"
                },
                {
                    "id": "52543ef0-9e95-11ea-af6f-cfdb1ee1d6c8",
                    "name": "panel_1",
                    "type": "visualization"
                },
                {
                    "id": "7f3e7710-9e94-11ea-af6f-cfdb1ee1d6c8",
                    "name": "panel_2",
                    "type": "visualization"
                },
                {
                    "id": "78874900-9f30-11ea-bef1-95118e62a7c1",
                    "name": "panel_3",
                    "type": "visualization"
                },
                {
                    "id": "e64ff750-9f28-11ea-bef1-95118e62a7c1",
                    "name": "panel_4",
                    "type": "visualization"
                },
                {
                    "id": "2dbabdf0-9f29-11ea-bef1-95118e62a7c1",
                    "name": "panel_5",
                    "type": "visualization"
                },
                {
                    "id": "92a2a6b0-9f29-11ea-bef1-95118e62a7c1",
                    "name": "panel_6",
                    "type": "visualization"
                },
                {
                    "id": "e20b3940-9e9a-11ea-af6f-cfdb1ee1d6c8",
                    "name": "panel_7",
                    "type": "visualization"
                },
                {
                    "id": "1eeaaf70-9f23-11ea-bef1-95118e62a7c1",
                    "name": "panel_8",
                    "type": "visualization"
                },
                {
                    "id": "f9fa55f0-9f34-11ea-bef1-95118e62a7c1",
                    "name": "panel_9",
                    "type": "visualization"
                },
                {
                    "id": "3e55daa0-9e8e-11ea-af6f-cfdb1ee1d6c8",
                    "name": "panel_10",
                    "type": "visualization"
                },
                {
                    "id": "d27dea70-9f32-11ea-bef1-95118e62a7c1",
                    "name": "panel_11",
                    "type": "visualization"
                },
                {
                    "id": "fbb025e0-9e7c-11ea-af6f-cfdb1ee1d6c8",
                    "name": "panel_12",
                    "type": "visualization"
                },
                {
                    "id": "7adbce50-9e96-11ea-af6f-cfdb1ee1d6c8",
                    "name": "panel_13",
                    "type": "visualization"
                },
                {
                    "id": "70751050-9f33-11ea-bef1-95118e62a7c1",
                    "name": "panel_14",
                    "type": "visualization"
                },
                {
                    "id": "b0c5d570-9e7c-11ea-af6f-cfdb1ee1d6c8",
                    "name": "panel_15",
                    "type": "visualization"
                },
                {
                    "id": "c0945210-9e8b-11ea-af6f-cfdb1ee1d6c8",
                    "name": "panel_16",
                    "type": "visualization"
                },
                {
                    "id": "11a61760-9f27-11ea-bef1-95118e62a7c1",
                    "name": "panel_17",
                    "type": "search"
                }
            ],
            "type": "dashboard",
            "updated_at": "2020-05-26T12:55:23.284Z",
            "version": "WzczLDFd"
        },
        {
            "attributes": {
                "description": "",
                "kibanaSavedObjectMeta": {
                    "searchSourceJSON": "{\"filter\": [], \"query\": {\"query\": \"winlog.provider_name : \\\"PowerShell\\\" or winlog.provider_name : \\\"Microsoft-Windows-PowerShell\\\" \", \"language\": \"kuery\"}, \"indexRefName\": \"kibanaSavedObjectMeta.searchSourceJSON.index\"}"
                },
                "title": "Connected users [Winlogbeat powershell]",
                "uiStateJSON": "{\"vis\": {\"params\": {\"sort\": {\"direction\": null, \"columnIndex\": null}}}}",
                "version": 1,
                "visState": "{\"title\": \"Connected users [Winlogbeat powershell]\", \"type\": \"table\", \"params\": {\"sort\": {\"direction\": null, \"columnIndex\": null}, \"showMetricsAtAllLevels\": false, \"totalFunc\": \"sum\", \"showTotal\": false, \"perPage\": 10, \"showPartialRows\": false, \"dimensions\": {\"buckets\": [{\"format\": {\"params\": {\"otherBucketLabel\": \"Other\", \"parsedUrl\": {\"origin\": \"http://192.168.1.48:5601\", \"pathname\": \"/app/kibana\", \"basePath\": \"\"}, \"missingBucketLabel\": \"Missing\", \"id\": \"string\"}, \"id\": \"terms\"}, \"label\": \"User\", \"accessor\": 0, \"params\": {}, \"aggType\": \"terms\"}], \"metrics\": [{\"format\": {\"id\": \"number\"}, \"label\": \"Count\", \"accessor\": 1, \"params\": {}, \"aggType\": \"count\"}, {\"format\": {\"id\": \"number\"}, \"label\": \"Unique count of host.name\", \"accessor\": 2, \"params\": {}, \"aggType\": \"cardinality\"}]}, \"percentageCol\": \"\"}, \"aggs\": [{\"params\": {}, \"schema\": \"metric\", \"type\": \"count\", \"enabled\": true, \"id\": \"1\"}, {\"params\": {\"field\": \"powershell.connected_user.name\", \"customLabel\": \"User\", \"otherBucketLabel\": \"Other\", \"missingBucketLabel\": \"Missing\", \"orderBy\": \"4\", \"missingBucket\": false, \"otherBucket\": false, \"order\": \"desc\", \"size\": 5}, \"schema\": \"bucket\", \"type\": \"terms\", \"enabled\": true, \"id\": \"2\"}, {\"params\": {\"field\": \"host.name\", \"customLabel\": \"Host count\"}, \"schema\": \"metric\", \"type\": \"cardinality\", \"enabled\": true, \"id\": \"4\"}]}"
            },
            "id": "9ec52c30-9e91-11ea-af6f-cfdb1ee1d6c8",
            "migrationVersion": {
                "visualization": "7.4.2"
            },
            "references": [
                {
                    "id": "winlogbeat-*",
                    "name": "kibanaSavedObjectMeta.searchSourceJSON.index",
                    "type": "index-pattern"
                }
            ],
            "type": "visualization",
            "updated_at": "2020-05-26T12:55:23.284Z",
            "version": "Wzc0LDFd"
        },
        {
            "attributes": {
                "description": "",
                "kibanaSavedObjectMeta": {
                    "searchSourceJSON": "{\"filter\": [], \"query\": {\"query\": \"winlog.provider_name : \\\"PowerShell\\\" or winlog.provider_name : \\\"Microsoft-Windows-PowerShell\\\" \", \"language\": \"kuery\"}, \"indexRefName\": \"kibanaSavedObjectMeta.searchSourceJSON.index\"}"
                },
                "title": "Total engine started [Winlogbeat powershell]",
                "uiStateJSON": "{}",
                "version": 1,
                "visState": "{\"title\": \"Total engine started [Winlogbeat powershell]\", \"type\": \"metric\", \"params\": {\"addTooltip\": true, \"metric\": {\"labels\": {\"show\": true}, \"colorsRange\": [{\"from\": 0, \"type\": \"range\", \"to\": 10000}], \"invertColors\": false, \"percentageMode\": false, \"useRanges\": false, \"style\": {\"labelColor\": false, \"bgColor\": false, \"bgFill\": \"#000\", \"fontSize\": 32, \"subText\": \"\"}, \"metricColorMode\": \"None\", \"colorSchema\": \"Green to Red\"}, \"addLegend\": false, \"dimensions\": {\"metrics\": [{\"format\": {\"params\": {}, \"id\": \"number\"}, \"type\": \"vis_dimension\", \"accessor\": 1}], \"bucket\": {\"format\": {\"params\": {}, \"id\": \"string\"}, \"type\": \"vis_dimension\", \"accessor\": 0}}, \"type\": \"metric\"}, \"aggs\": [{\"params\": {}, \"schema\": \"metric\", \"type\": \"count\", \"enabled\": true, \"id\": \"1\"}, {\"params\": {\"filters\": [{\"label\": \"\", \"input\": {\"query\": \"event.code: 400\", \"language\": \"kuery\"}}]}, \"schema\": \"group\", \"type\": \"filters\", \"enabled\": true, \"id\": \"2\"}]}"
            },
            "id": "52543ef0-9e95-11ea-af6f-cfdb1ee1d6c8",
            "migrationVersion": {
                "visualization": "7.4.2"
            },
            "references": [
                {
                    "id": "winlogbeat-*",
                    "name": "kibanaSavedObjectMeta.searchSourceJSON.index",
                    "type": "index-pattern"
                }
            ],
            "type": "visualization",
            "updated_at": "2020-05-26T12:55:23.284Z",
            "version": "Wzc1LDFd"
        },
        {
            "attributes": {
                "description": "",
                "kibanaSavedObjectMeta": {
                    "searchSourceJSON": "{\"filter\": [], \"query\": {\"query\": \"winlog.provider_name : \\\"PowerShell\\\" or winlog.provider_name : \\\"Microsoft-Windows-PowerShell\\\" \", \"language\": \"kuery\"}, \"indexRefName\": \"kibanaSavedObjectMeta.searchSourceJSON.index\"}"
                },
                "title": "Total commands [Winlogbeat powershell]",
                "uiStateJSON": "{}",
                "version": 1,
                "visState": "{\"title\": \"Total commands [Winlogbeat powershell]\", \"type\": \"metric\", \"params\": {\"addTooltip\": true, \"metric\": {\"labels\": {\"show\": true}, \"colorsRange\": [{\"from\": 0, \"type\": \"range\", \"to\": 10000}], \"invertColors\": false, \"percentageMode\": false, \"useRanges\": false, \"style\": {\"labelColor\": false, \"bgColor\": false, \"bgFill\": \"#000\", \"fontSize\": 32, \"subText\": \"\"}, \"metricColorMode\": \"None\", \"colorSchema\": \"Green to Red\"}, \"addLegend\": false, \"dimensions\": {\"metrics\": [{\"format\": {\"params\": {}, \"id\": \"number\"}, \"type\": \"vis_dimension\", \"accessor\": 1}], \"bucket\": {\"format\": {\"params\": {}, \"id\": \"string\"}, \"type\": \"vis_dimension\", \"accessor\": 0}}, \"type\": \"metric\"}, \"aggs\": [{\"params\": {}, \"schema\": \"metric\", \"type\": \"count\", \"enabled\": true, \"id\": \"1\"}, {\"params\": {\"filters\": [{\"label\": \"Commands\", \"input\": {\"query\": \"powershell.command.name: * \", \"language\": \"kuery\"}}]}, \"schema\": \"group\", \"type\": \"filters\", \"enabled\": true, \"id\": \"2\"}]}"
            },
            "id": "7f3e7710-9e94-11ea-af6f-cfdb1ee1d6c8",
            "migrationVersion": {
                "visualization": "7.4.2"
            },
            "references": [
                {
                    "id": "winlogbeat-*",
                    "name": "kibanaSavedObjectMeta.searchSourceJSON.index",
                    "type": "index-pattern"
                }
            ],
            "type": "visualization",
            "updated_at": "2020-05-26T12:55:23.284Z",
            "version": "Wzc2LDFd"
        },
        {
            "attributes": {
                "description": "",
                "kibanaSavedObjectMeta": {
                    "searchSourceJSON": "{\"filter\": [], \"query\": {\"query\": \"winlog.provider_name : \\\"PowerShell\\\" or winlog.provider_name : \\\"Microsoft-Windows-PowerShell\\\" \", \"language\": \"kuery\"}, \"indexRefName\": \"kibanaSavedObjectMeta.searchSourceJSON.index\"}"
                },
                "title": "Total remote commands [Winlogbeat powershell]",
                "uiStateJSON": "{}",
                "version": 1,
                "visState": "{\"title\": \"Total remote commands [Winlogbeat powershell]\", \"type\": \"metric\", \"params\": {\"addTooltip\": true, \"metric\": {\"labels\": {\"show\": true}, \"colorsRange\": [{\"from\": 0, \"type\": \"range\", \"to\": 10000}], \"invertColors\": false, \"percentageMode\": false, \"useRanges\": false, \"style\": {\"labelColor\": false, \"bgColor\": false, \"bgFill\": \"#000\", \"fontSize\": 32, \"subText\": \"\"}, \"metricColorMode\": \"None\", \"colorSchema\": \"Green to Red\"}, \"addLegend\": false, \"dimensions\": {\"metrics\": [{\"format\": {\"params\": {}, \"id\": \"number\"}, \"type\": \"vis_dimension\", \"accessor\": 1}], \"bucket\": {\"format\": {\"params\": {}, \"id\": \"string\"}, \"type\": \"vis_dimension\", \"accessor\": 0}}, \"type\": \"metric\"}, \"aggs\": [{\"params\": {}, \"schema\": \"metric\", \"type\": \"count\", \"enabled\": true, \"id\": \"1\"}, {\"params\": {\"filters\": [{\"label\": \"Remote commands\", \"input\": {\"query\": \"process.title:\\\"ServerRemoteHost\\\" \", \"language\": \"kuery\"}}]}, \"schema\": \"group\", \"type\": \"filters\", \"enabled\": true, \"id\": \"2\"}]}"
            },
            "id": "78874900-9f30-11ea-bef1-95118e62a7c1",
            "migrationVersion": {
                "visualization": "7.4.2"
            },
            "references": [
                {
                    "id": "winlogbeat-*",
                    "name": "kibanaSavedObjectMeta.searchSourceJSON.index",
                    "type": "index-pattern"
                }
            ],
            "type": "visualization",
            "updated_at": "2020-05-26T12:55:23.284Z",
            "version": "Wzc3LDFd"
        },
        {
            "attributes": {
                "description": "",
                "kibanaSavedObjectMeta": {
                    "searchSourceJSON": "{\"filter\": [], \"query\": {\"query\": \"winlog.provider_name : \\\"PowerShell\\\" or winlog.provider_name : \\\"Microsoft-Windows-PowerShell\\\" \", \"language\": \"kuery\"}, \"indexRefName\": \"kibanaSavedObjectMeta.searchSourceJSON.index\"}"
                },
                "title": "Unique users [Winlogbeat powershell]",
                "uiStateJSON": "{}",
                "version": 1,
                "visState": "{\"title\": \"Unique users [Winlogbeat powershell]\", \"type\": \"metric\", \"params\": {\"addTooltip\": true, \"metric\": {\"labels\": {\"show\": true}, \"colorsRange\": [{\"from\": 0, \"type\": \"range\", \"to\": 10000}], \"invertColors\": false, \"percentageMode\": false, \"useRanges\": false, \"style\": {\"labelColor\": false, \"bgColor\": false, \"bgFill\": \"#000\", \"fontSize\": 32, \"subText\": \"\"}, \"metricColorMode\": \"None\", \"colorSchema\": \"Green to Red\"}, \"addLegend\": false, \"dimensions\": {\"metrics\": [{\"format\": {\"params\": {}, \"id\": \"number\"}, \"type\": \"vis_dimension\", \"accessor\": 0}]}, \"type\": \"metric\"}, \"aggs\": [{\"params\": {\"field\": \"related.user\", \"customLabel\": \"Unique users\"}, \"schema\": \"metric\", \"type\": \"cardinality\", \"enabled\": true, \"id\": \"1\"}]}"
            },
            "id": "e64ff750-9f28-11ea-bef1-95118e62a7c1",
            "migrationVersion": {
                "visualization": "7.4.2"
            },
            "references": [
                {
                    "id": "winlogbeat-*",
                    "name": "kibanaSavedObjectMeta.searchSourceJSON.index",
                    "type": "index-pattern"
                }
            ],
            "type": "visualization",
            "updated_at": "2020-05-26T12:55:23.284Z",
            "version": "Wzc4LDFd"
        },
        {
            "attributes": {
                "description": "",
                "kibanaSavedObjectMeta": {
                    "searchSourceJSON": "{\"filter\": [], \"query\": {\"query\": \"winlog.provider_name : \\\"PowerShell\\\" or winlog.provider_name : \\\"Microsoft-Windows-PowerShell\\\" \", \"language\": \"kuery\"}, \"indexRefName\": \"kibanaSavedObjectMeta.searchSourceJSON.index\"}"
                },
                "title": "Unique engine versions [Winlogbeat powershell]",
                "uiStateJSON": "{}",
                "version": 1,
                "visState": "{\"title\": \"Unique engine versions [Winlogbeat powershell]\", \"type\": \"metric\", \"params\": {\"addTooltip\": true, \"metric\": {\"labels\": {\"show\": true}, \"colorsRange\": [{\"from\": 0, \"type\": \"range\", \"to\": 10000}], \"invertColors\": false, \"percentageMode\": false, \"useRanges\": false, \"style\": {\"labelColor\": false, \"bgColor\": false, \"bgFill\": \"#000\", \"fontSize\": 32, \"subText\": \"\"}, \"metricColorMode\": \"None\", \"colorSchema\": \"Green to Red\"}, \"addLegend\": false, \"dimensions\": {\"metrics\": [{\"format\": {\"params\": {}, \"id\": \"number\"}, \"type\": \"vis_dimension\", \"accessor\": 0}]}, \"type\": \"metric\"}, \"aggs\": [{\"params\": {\"field\": \"powershell.engine.version\", \"customLabel\": \"Unique versions\"}, \"schema\": \"metric\", \"type\": \"cardinality\", \"enabled\": true, \"id\": \"1\"}]}"
            },
            "id": "2dbabdf0-9f29-11ea-bef1-95118e62a7c1",
            "migrationVersion": {
                "visualization": "7.4.2"
            },
            "references": [
                {
                    "id": "winlogbeat-*",
                    "name": "kibanaSavedObjectMeta.searchSourceJSON.index",
                    "type": "index-pattern"
                }
            ],
            "type": "visualization",
            "updated_at": "2020-05-26T12:55:23.284Z",
            "version": "Wzc5LDFd"
        },
        {
            "attributes": {
                "description": "",
                "kibanaSavedObjectMeta": {
                    "searchSourceJSON": "{\"filter\": [], \"query\": {\"query\": \"winlog.provider_name : \\\"PowerShell\\\" or winlog.provider_name : \\\"Microsoft-Windows-PowerShell\\\" \", \"language\": \"kuery\"}, \"indexRefName\": \"kibanaSavedObjectMeta.searchSourceJSON.index\"}"
                },
                "title": "Unique hosts [Winlogbeat powershell]",
                "uiStateJSON": "{}",
                "version": 1,
                "visState": "{\"title\": \"Unique hosts [Winlogbeat powershell]\", \"type\": \"metric\", \"params\": {\"addTooltip\": true, \"metric\": {\"labels\": {\"show\": true}, \"colorsRange\": [{\"from\": 0, \"type\": \"range\", \"to\": 10000}], \"invertColors\": false, \"percentageMode\": false, \"useRanges\": false, \"style\": {\"labelColor\": false, \"bgColor\": false, \"bgFill\": \"#000\", \"fontSize\": 32, \"subText\": \"\"}, \"metricColorMode\": \"None\", \"colorSchema\": \"Green to Red\"}, \"addLegend\": false, \"dimensions\": {\"metrics\": [{\"format\": {\"params\": {}, \"id\": \"number\"}, \"type\": \"vis_dimension\", \"accessor\": 0}]}, \"type\": \"metric\"}, \"aggs\": [{\"params\": {\"field\": \"host.name\", \"customLabel\": \"Unique hosts\"}, \"schema\": \"metric\", \"type\": \"cardinality\", \"enabled\": true, \"id\": \"1\"}]}"
            },
            "id": "92a2a6b0-9f29-11ea-bef1-95118e62a7c1",
            "migrationVersion": {
                "visualization": "7.4.2"
            },
            "references": [
                {
                    "id": "winlogbeat-*",
                    "name": "kibanaSavedObjectMeta.searchSourceJSON.index",
                    "type": "index-pattern"
                }
            ],
            "type": "visualization",
            "updated_at": "2020-05-26T12:55:23.284Z",
            "version": "WzgwLDFd"
        },
        {
            "attributes": {
                "description": "",
                "kibanaSavedObjectMeta": {
                    "searchSourceJSON": "{\"filter\": [], \"query\": {\"query\": \"winlog.provider_name : \\\"PowerShell\\\" or winlog.provider_name : \\\"Microsoft-Windows-PowerShell\\\" \", \"language\": \"kuery\"}, \"indexRefName\": \"kibanaSavedObjectMeta.searchSourceJSON.index\"}"
                },
                "title": "Engine versions ran by host [Winlogbeat powershell]",
                "uiStateJSON": "{\"vis\": {\"params\": {\"sort\": {\"direction\": null, \"columnIndex\": null}}}}",
                "version": 1,
                "visState": "{\"title\": \"Engine versions ran by host [Winlogbeat powershell]\", \"type\": \"table\", \"params\": {\"sort\": {\"direction\": null, \"columnIndex\": null}, \"showMetricsAtAllLevels\": false, \"totalFunc\": \"sum\", \"showTotal\": false, \"perPage\": 10, \"showPartialRows\": false, \"dimensions\": {\"buckets\": [{\"format\": {\"params\": {\"otherBucketLabel\": \"Other\", \"parsedUrl\": {\"origin\": \"http://192.168.1.48:5601\", \"pathname\": \"/app/kibana\", \"basePath\": \"\"}, \"missingBucketLabel\": \"Missing\", \"id\": \"string\"}, \"id\": \"terms\"}, \"label\": \"Host\", \"accessor\": 0, \"params\": {}, \"aggType\": \"terms\"}], \"metrics\": [{\"format\": {\"id\": \"number\"}, \"label\": \"Count\", \"accessor\": 1, \"params\": {}, \"aggType\": \"count\"}, {\"format\": {\"id\": \"number\"}, \"label\": \"Version count\", \"accessor\": 2, \"params\": {}, \"aggType\": \"cardinality\"}]}, \"percentageCol\": \"\"}, \"aggs\": [{\"params\": {\"field\": \"host.name\", \"customLabel\": \"Host\", \"otherBucketLabel\": \"Other\", \"missingBucketLabel\": \"Missing\", \"orderBy\": \"3\", \"missingBucket\": false, \"otherBucket\": false, \"order\": \"desc\", \"size\": 5}, \"schema\": \"bucket\", \"type\": \"terms\", \"enabled\": true, \"id\": \"2\"}, {\"params\": {\"field\": \"powershell.engine.version\", \"customLabel\": \"Version count\"}, \"schema\": \"metric\", \"type\": \"cardinality\", \"enabled\": true, \"id\": \"3\"}]}"
            },
            "id": "e20b3940-9e9a-11ea-af6f-cfdb1ee1d6c8",
            "migrationVersion": {
                "visualization": "7.4.2"
            },
            "references": [
                {
                    "id": "winlogbeat-*",
                    "name": "kibanaSavedObjectMeta.searchSourceJSON.index",
                    "type": "index-pattern"
                }
            ],
            "type": "visualization",
            "updated_at": "2020-05-26T12:55:23.284Z",
            "version": "WzgxLDFd"
        },
        {
            "attributes": {
                "description": "",
                "kibanaSavedObjectMeta": {
                    "searchSourceJSON": "{\"filter\": [], \"query\": {\"query\": \"winlog.provider_name : \\\"PowerShell\\\" or winlog.provider_name : \\\"Microsoft-Windows-PowerShell\\\" \", \"language\": \"kuery\"}, \"indexRefName\": \"kibanaSavedObjectMeta.searchSourceJSON.index\"}"
                },
                "title": "Engine versions [Winlogbeat powershell]",
                "uiStateJSON": "{}",
                "version": 1,
                "visState": "{\"title\": \"Engine versions [Winlogbeat powershell]\", \"type\": \"pie\", \"params\": {\"addTooltip\": true, \"labels\": {\"last_level\": false, \"show\": false, \"truncate\": 100, \"values\": false}, \"isDonut\": false, \"type\": \"pie\", \"addLegend\": true, \"dimensions\": {\"metric\": {\"format\": {\"id\": \"number\"}, \"label\": \"Count\", \"accessor\": 0, \"params\": {}, \"aggType\": \"count\"}}, \"legendPosition\": \"right\"}, \"aggs\": [{\"params\": {}, \"schema\": \"metric\", \"type\": \"count\", \"enabled\": true, \"id\": \"1\"}, {\"params\": {\"field\": \"powershell.engine.version\", \"customLabel\": \"Engine version\", \"otherBucketLabel\": \"Other\", \"missingBucketLabel\": \"Missing\", \"orderBy\": \"1\", \"missingBucket\": false, \"otherBucket\": false, \"order\": \"desc\", \"size\": 5}, \"schema\": \"segment\", \"type\": \"terms\", \"enabled\": true, \"id\": \"2\"}]}"
            },
            "id": "1eeaaf70-9f23-11ea-bef1-95118e62a7c1",
            "migrationVersion": {
                "visualization": "7.4.2"
            },
            "references": [
                {
                    "id": "winlogbeat-*",
                    "name": "kibanaSavedObjectMeta.searchSourceJSON.index",
                    "type": "index-pattern"
                }
            ],
            "type": "visualization",
            "updated_at": "2020-05-26T12:55:23.284Z",
            "version": "WzgyLDFd"
        },
        {
            "attributes": {
                "description": "",
                "kibanaSavedObjectMeta": {
                    "searchSourceJSON": "{\"filter\": [], \"query\": {\"query\": \"winlog.provider_name : \\\"PowerShell\\\" or winlog.provider_name : \\\"Microsoft-Windows-PowerShell\\\" \", \"language\": \"kuery\"}, \"indexRefName\": \"kibanaSavedObjectMeta.searchSourceJSON.index\"}"
                },
                "title": "Host processes [Winlogbeat powershell]",
                "uiStateJSON": "{}",
                "version": 1,
                "visState": "{\"title\": \"Host processes [Winlogbeat powershell]\", \"type\": \"pie\", \"params\": {\"addTooltip\": true, \"labels\": {\"last_level\": false, \"show\": false, \"truncate\": 100, \"values\": false}, \"isDonut\": false, \"type\": \"pie\", \"addLegend\": true, \"dimensions\": {\"metric\": {\"format\": {\"id\": \"number\"}, \"label\": \"Count\", \"accessor\": 1, \"params\": {}, \"aggType\": \"count\"}, \"buckets\": [{\"format\": {\"params\": {\"otherBucketLabel\": \"Other\", \"parsedUrl\": {\"origin\": \"http://192.168.1.48:5601\", \"pathname\": \"/app/kibana\", \"basePath\": \"\"}, \"missingBucketLabel\": \"Missing\", \"id\": \"string\"}, \"id\": \"terms\"}, \"label\": \"process.title: Descending\", \"accessor\": 0, \"params\": {}, \"aggType\": \"terms\"}]}, \"legendPosition\": \"right\"}, \"aggs\": [{\"params\": {}, \"schema\": \"metric\", \"type\": \"count\", \"enabled\": true, \"id\": \"1\"}, {\"params\": {\"field\": \"process.title\", \"otherBucketLabel\": \"Other\", \"missingBucketLabel\": \"Missing\", \"orderBy\": \"1\", \"missingBucket\": false, \"otherBucket\": false, \"order\": \"desc\", \"size\": 5}, \"schema\": \"segment\", \"type\": \"terms\", \"enabled\": true, \"id\": \"2\"}]}"
            },
            "id": "f9fa55f0-9f34-11ea-bef1-95118e62a7c1",
            "migrationVersion": {
                "visualization": "7.4.2"
            },
            "references": [
                {
                    "id": "winlogbeat-*",
                    "name": "kibanaSavedObjectMeta.searchSourceJSON.index",
                    "type": "index-pattern"
                }
            ],
            "type": "visualization",
            "updated_at": "2020-05-26T12:55:23.284Z",
            "version": "WzgzLDFd"
        },
        {
            "attributes": {
                "description": "",
                "kibanaSavedObjectMeta": {
                    "searchSourceJSON": "{\"filter\": [], \"query\": {\"query\": \"winlog.provider_name : \\\"PowerShell\\\" or winlog.provider_name : \\\"Microsoft-Windows-PowerShell\\\" \", \"language\": \"kuery\"}, \"indexRefName\": \"kibanaSavedObjectMeta.searchSourceJSON.index\"}"
                },
                "title": "Users [Winlogbeat powershell]",
                "uiStateJSON": "{\"vis\": {\"params\": {\"sort\": {\"direction\": null, \"columnIndex\": null}}}}",
                "version": 1,
                "visState": "{\"title\": \"Users [Winlogbeat powershell]\", \"type\": \"table\", \"params\": {\"sort\": {\"direction\": null, \"columnIndex\": null}, \"showMetricsAtAllLevels\": false, \"totalFunc\": \"sum\", \"showTotal\": false, \"perPage\": 10, \"showPartialRows\": false, \"dimensions\": {\"buckets\": [{\"format\": {\"params\": {\"otherBucketLabel\": \"Other\", \"parsedUrl\": {\"origin\": \"http://192.168.1.48:5601\", \"pathname\": \"/app/kibana\", \"basePath\": \"\"}, \"missingBucketLabel\": \"Missing\", \"id\": \"string\"}, \"id\": \"terms\"}, \"label\": \"User\", \"accessor\": 0, \"params\": {}, \"aggType\": \"terms\"}], \"metrics\": [{\"format\": {\"id\": \"number\"}, \"label\": \"Count\", \"accessor\": 1, \"params\": {}, \"aggType\": \"count\"}, {\"format\": {\"id\": \"number\"}, \"label\": \"Unique count of host.name\", \"accessor\": 2, \"params\": {}, \"aggType\": \"cardinality\"}]}, \"percentageCol\": \"\"}, \"aggs\": [{\"params\": {}, \"schema\": \"metric\", \"type\": \"count\", \"enabled\": true, \"id\": \"1\"}, {\"params\": {\"field\": \"user.name\", \"customLabel\": \"User\", \"otherBucketLabel\": \"Other\", \"missingBucketLabel\": \"Missing\", \"orderBy\": \"1\", \"missingBucket\": false, \"otherBucket\": false, \"order\": \"desc\", \"size\": 5}, \"schema\": \"bucket\", \"type\": \"terms\", \"enabled\": true, \"id\": \"3\"}, {\"params\": {\"field\": \"host.name\", \"customLabel\": \"Host count\"}, \"schema\": \"metric\", \"type\": \"cardinality\", \"enabled\": true, \"id\": \"4\"}]}"
            },
            "id": "3e55daa0-9e8e-11ea-af6f-cfdb1ee1d6c8",
            "migrationVersion": {
                "visualization": "7.4.2"
            },
            "references": [
                {
                    "id": "winlogbeat-*",
                    "name": "kibanaSavedObjectMeta.searchSourceJSON.index",
                    "type": "index-pattern"
                }
            ],
            "type": "visualization",
            "updated_at": "2020-05-26T12:55:23.284Z",
            "version": "Wzg0LDFd"
        },
        {
            "attributes": {
                "description": "",
                "kibanaSavedObjectMeta": {
                    "searchSourceJSON": "{\"filter\": [], \"query\": {\"query\": \"winlog.provider_name : \\\"PowerShell\\\" or winlog.provider_name : \\\"Microsoft-Windows-PowerShell\\\" \", \"language\": \"kuery\"}, \"indexRefName\": \"kibanaSavedObjectMeta.searchSourceJSON.index\"}"
                },
                "title": "Event type [Winlogbeat powershell]",
                "uiStateJSON": "{}",
                "version": 1,
                "visState": "{\"title\": \"Event type [Winlogbeat powershell]\", \"type\": \"pie\", \"params\": {\"addTooltip\": true, \"labels\": {\"last_level\": false, \"show\": false, \"truncate\": 100, \"values\": false}, \"isDonut\": false, \"type\": \"pie\", \"addLegend\": true, \"dimensions\": {\"metric\": {\"format\": {\"id\": \"number\"}, \"label\": \"Count\", \"accessor\": 1, \"params\": {}, \"aggType\": \"count\"}, \"buckets\": [{\"format\": {\"params\": {\"otherBucketLabel\": \"Other\", \"parsedUrl\": {\"origin\": \"http://192.168.1.48:5601\", \"pathname\": \"/app/kibana\", \"basePath\": \"\"}, \"missingBucketLabel\": \"Missing\", \"id\": \"string\"}, \"id\": \"terms\"}, \"label\": \"event.code: Descending\", \"accessor\": 0, \"params\": {}, \"aggType\": \"terms\"}]}, \"legendPosition\": \"right\"}, \"aggs\": [{\"params\": {}, \"schema\": \"metric\", \"type\": \"count\", \"enabled\": true, \"id\": \"1\"}, {\"params\": {\"field\": \"event.code\", \"customLabel\": \"Event type\", \"otherBucketLabel\": \"Other\", \"missingBucketLabel\": \"Missing\", \"orderBy\": \"1\", \"missingBucket\": false, \"otherBucket\": false, \"order\": \"desc\", \"size\": 10}, \"schema\": \"segment\", \"type\": \"terms\", \"enabled\": true, \"id\": \"2\"}]}"
            },
            "id": "d27dea70-9f32-11ea-bef1-95118e62a7c1",
            "migrationVersion": {
                "visualization": "7.4.2"
            },
            "references": [
                {
                    "id": "winlogbeat-*",
                    "name": "kibanaSavedObjectMeta.searchSourceJSON.index",
                    "type": "index-pattern"
                }
            ],
            "type": "visualization",
            "updated_at": "2020-05-26T12:55:23.284Z",
            "version": "Wzg1LDFd"
        },
        {
            "attributes": {
                "description": "",
                "kibanaSavedObjectMeta": {
                    "searchSourceJSON": "{\"filter\": [], \"query\": {\"query\": \"winlog.provider_name : \\\"PowerShell\\\" or winlog.provider_name : \\\"Microsoft-Windows-PowerShell\\\" \", \"language\": \"kuery\"}, \"indexRefName\": \"kibanaSavedObjectMeta.searchSourceJSON.index\"}"
                },
                "title": "Event Levels [Winlogbeat powershell]",
                "uiStateJSON": "{}",
                "version": 1,
                "visState": "{\"title\": \"Event Levels [Winlogbeat powershell]\", \"type\": \"pie\", \"params\": {\"addTooltip\": true, \"labels\": {\"last_level\": false, \"show\": false, \"truncate\": 100, \"values\": false}, \"isDonut\": false, \"type\": \"pie\", \"addLegend\": true, \"dimensions\": {\"metric\": {\"format\": {\"id\": \"number\"}, \"label\": \"Count\", \"accessor\": 1, \"params\": {}, \"aggType\": \"count\"}, \"buckets\": [{\"format\": {\"params\": {\"otherBucketLabel\": \"Other\", \"parsedUrl\": {\"origin\": \"http://192.168.1.48:5601\", \"pathname\": \"/app/kibana\", \"basePath\": \"\"}, \"missingBucketLabel\": \"Missing\", \"id\": \"string\"}, \"id\": \"terms\"}, \"label\": \"log.level: Descending\", \"accessor\": 0, \"params\": {}, \"aggType\": \"terms\"}]}, \"legendPosition\": \"right\"}, \"aggs\": [{\"params\": {}, \"schema\": \"metric\", \"type\": \"count\", \"enabled\": true, \"id\": \"1\"}, {\"params\": {\"field\": \"log.level\", \"otherBucketLabel\": \"Other\", \"missingBucketLabel\": \"Missing\", \"orderBy\": \"1\", \"missingBucket\": false, \"otherBucket\": false, \"order\": \"desc\", \"size\": 5}, \"schema\": \"segment\", \"type\": \"terms\", \"enabled\": true, \"id\": \"2\"}]}"
            },
            "id": "fbb025e0-9e7c-11ea-af6f-cfdb1ee1d6c8",
            "migrationVersion": {
                "visualization": "7.4.2"
            },
            "references": [
                {
                    "id": "winlogbeat-*",
                    "name": "kibanaSavedObjectMeta.searchSourceJSON.index",
                    "type": "index-pattern"
                }
            ],
            "type": "visualization",
            "updated_at": "2020-05-26T12:55:23.284Z",
            "version": "Wzg2LDFd"
        },
        {
            "attributes": {
                "description": "",
                "kibanaSavedObjectMeta": {
                    "searchSourceJSON": "{\"filter\": [], \"query\": {\"query\": \"winlog.provider_name : \\\"PowerShell\\\" or winlog.provider_name : \\\"Microsoft-Windows-PowerShell\\\" \", \"language\": \"kuery\"}, \"indexRefName\": \"kibanaSavedObjectMeta.searchSourceJSON.index\"}"
                },
                "title": "Engine and Command started[Winlogbeat powershell]",
                "uiStateJSON": "{\"vis\": {\"colors\": {\"*\": \"#EAB839\", \"Engine stopped\": \"#BF1B00\"}}}",
                "version": 1,
                "visState": "{\"title\": \"Engine and Command started[Winlogbeat powershell]\", \"type\": \"line\", \"params\": {\"addTooltip\": true, \"categoryAxes\": [{\"style\": {}, \"position\": \"bottom\", \"labels\": {\"show\": true, \"filter\": true, \"truncate\": 100}, \"show\": true, \"title\": {}, \"type\": \"category\", \"id\": \"CategoryAxis-1\", \"scale\": {\"type\": \"linear\"}}], \"times\": [], \"addTimeMarker\": false, \"thresholdLine\": {\"width\": 1, \"show\": false, \"style\": \"full\", \"value\": 10, \"color\": \"#E7664C\"}, \"addLegend\": true, \"grid\": {\"categoryLines\": false}, \"seriesParams\": [{\"showCircles\": true, \"show\": true, \"type\": \"line\", \"drawLinesBetweenPoints\": true, \"data\": {\"label\": \"Count\", \"id\": \"1\"}, \"interpolate\": \"linear\", \"valueAxis\": \"ValueAxis-1\", \"lineWidth\": 2, \"mode\": \"normal\"}], \"labels\": {}, \"valueAxes\": [{\"type\": \"value\", \"position\": \"left\", \"labels\": {\"rotate\": 0, \"filter\": true, \"truncate\": 100, \"show\": true}, \"show\": true, \"id\": \"ValueAxis-1\", \"title\": {\"text\": \"Count\"}, \"name\": \"LeftAxis-1\", \"style\": {}, \"scale\": {\"type\": \"log\", \"defaultYExtents\": false, \"setYExtents\": false, \"mode\": \"normal\"}}], \"type\": \"line\", \"legendPosition\": \"right\", \"dimensions\": {\"x\": {\"format\": {\"params\": {\"pattern\": \"HH:mm\"}, \"id\": \"date\"}, \"label\": \"@timestamp per 30 minutes\", \"accessor\": 0, \"params\": {\"interval\": \"PT30M\", \"intervalESValue\": 30, \"intervalESUnit\": \"m\", \"format\": \"HH:mm\", \"bounds\": {\"max\": \"2020-05-26T09:14:29.996Z\", \"min\": \"2020-05-25T09:14:29.996Z\"}, \"date\": true}, \"aggType\": \"date_histogram\"}, \"y\": [{\"format\": {\"id\": \"number\"}, \"label\": \"Count\", \"accessor\": 2, \"params\": {}, \"aggType\": \"count\"}], \"series\": [{\"format\": {}, \"label\": \"filters\", \"accessor\": 1, \"params\": {}, \"aggType\": \"filters\"}]}}, \"aggs\": [{\"params\": {}, \"schema\": \"metric\", \"type\": \"count\", \"enabled\": true, \"id\": \"1\"}, {\"params\": {\"extended_bounds\": {}, \"field\": \"@timestamp\", \"drop_partials\": false, \"timeRange\": {\"from\": \"now-1d\", \"to\": \"now\"}, \"min_doc_count\": 1, \"interval\": \"auto\", \"useNormalizedEsInterval\": true, \"scaleMetricValues\": false}, \"schema\": \"segment\", \"type\": \"date_histogram\", \"enabled\": true, \"id\": \"2\"}, {\"params\": {\"filters\": [{\"label\": \"Engine started\", \"input\": {\"query\": \"event.code: \\\"400\\\" \", \"language\": \"kuery\"}}, {\"label\": \"Command started\", \"input\": {\"query\": \"event.code: \\\"4105\\\"  \", \"language\": \"kuery\"}}]}, \"schema\": \"group\", \"type\": \"filters\", \"enabled\": true, \"id\": \"4\"}]}"
            },
            "id": "7adbce50-9e96-11ea-af6f-cfdb1ee1d6c8",
            "migrationVersion": {
                "visualization": "7.4.2"
            },
            "references": [
                {
                    "id": "winlogbeat-*",
                    "name": "kibanaSavedObjectMeta.searchSourceJSON.index",
                    "type": "index-pattern"
                }
            ],
            "type": "visualization",
            "updated_at": "2020-05-26T12:55:23.284Z",
            "version": "Wzg3LDFd"
        },
        {
            "attributes": {
                "description": "",
                "kibanaSavedObjectMeta": {
                    "searchSourceJSON": "{\"filter\": [], \"query\": {\"query\": \"winlog.provider_name : \\\"PowerShell\\\" or winlog.provider_name : \\\"Microsoft-Windows-PowerShell\\\" \", \"language\": \"kuery\"}, \"indexRefName\": \"kibanaSavedObjectMeta.searchSourceJSON.index\"}"
                },
                "title": "Top active hosts [Winlogbeat powershell]",
                "uiStateJSON": "{\"vis\": {\"params\": {\"sort\": {\"direction\": null, \"columnIndex\": null}}}}",
                "version": 1,
                "visState": "{\"title\": \"Top active hosts [Winlogbeat powershell]\", \"type\": \"table\", \"params\": {\"sort\": {\"direction\": null, \"columnIndex\": null}, \"showMetricsAtAllLevels\": false, \"totalFunc\": \"sum\", \"showTotal\": false, \"perPage\": 10, \"showPartialRows\": false, \"dimensions\": {\"buckets\": [], \"metrics\": [{\"format\": {\"id\": \"number\"}, \"label\": \"Count\", \"accessor\": 0, \"params\": {}, \"aggType\": \"count\"}]}, \"percentageCol\": \"\"}, \"aggs\": [{\"params\": {}, \"schema\": \"metric\", \"type\": \"count\", \"enabled\": true, \"id\": \"1\"}, {\"params\": {\"field\": \"host.name\", \"otherBucketLabel\": \"Other\", \"missingBucketLabel\": \"Missing\", \"orderBy\": \"1\", \"missingBucket\": false, \"otherBucket\": false, \"order\": \"desc\", \"size\": 10}, \"schema\": \"bucket\", \"type\": \"terms\", \"enabled\": true, \"id\": \"2\"}]}"
            },
            "id": "70751050-9f33-11ea-bef1-95118e62a7c1",
            "migrationVersion": {
                "visualization": "7.4.2"
            },
            "references": [
                {
                    "id": "winlogbeat-*",
                    "name": "kibanaSavedObjectMeta.searchSourceJSON.index",
                    "type": "index-pattern"
                }
            ],
            "type": "visualization",
            "updated_at": "2020-05-26T12:55:23.284Z",
            "version": "Wzg4LDFd"
        },
        {
            "attributes": {
                "description": "",
                "kibanaSavedObjectMeta": {
                    "searchSourceJSON": "{\"filter\": [{\"query\": {\"match_phrase\": {\"powershell.command.invocation_details.type\": \"CommandInvocation\"}}, \"meta\": {\"alias\": null, \"key\": \"powershell.command.invocation_details.type\", \"type\": \"phrase\", \"params\": {\"query\": \"CommandInvocation\"}, \"disabled\": false, \"negate\": false, \"indexRefName\": \"kibanaSavedObjectMeta.searchSourceJSON.filter[0].meta.index\"}, \"$state\": {\"store\": \"appState\"}}], \"query\": {\"query\": \"winlog.provider_name : \\\"PowerShell\\\" or winlog.provider_name : \\\"Microsoft-Windows-PowerShell\\\" \", \"language\": \"kuery\"}, \"indexRefName\": \"kibanaSavedObjectMeta.searchSourceJSON.index\"}"
                },
                "title": "Top Invoked Commands [Winlogbeat powershell]",
                "uiStateJSON": "{}",
                "version": 1,
                "visState": "{\"title\": \"Top Invoked Commands [Winlogbeat powershell]\", \"type\": \"pie\", \"params\": {\"addTooltip\": true, \"labels\": {\"last_level\": false, \"show\": false, \"truncate\": 100, \"values\": true}, \"isDonut\": false, \"type\": \"pie\", \"addLegend\": true, \"dimensions\": {\"metric\": {\"format\": {\"id\": \"number\"}, \"label\": \"Count\", \"accessor\": 1, \"params\": {}, \"aggType\": \"count\"}, \"buckets\": [{\"format\": {\"params\": {\"otherBucketLabel\": \"Other\", \"parsedUrl\": {\"origin\": \"http://192.168.1.48:5601\", \"pathname\": \"/app/kibana\", \"basePath\": \"\"}, \"missingBucketLabel\": \"Missing\", \"id\": \"string\"}, \"id\": \"terms\"}, \"label\": \"powershell.command.invocation_details.related_command: Descending\", \"accessor\": 0, \"params\": {}, \"aggType\": \"terms\"}]}, \"legendPosition\": \"right\"}, \"aggs\": [{\"params\": {}, \"schema\": \"metric\", \"type\": \"count\", \"enabled\": true, \"id\": \"1\"}, {\"params\": {\"field\": \"powershell.command.name\", \"otherBucketLabel\": \"Other\", \"missingBucketLabel\": \"Missing\", \"orderBy\": \"1\", \"missingBucket\": false, \"otherBucket\": false, \"order\": \"desc\", \"size\": 10}, \"schema\": \"segment\", \"type\": \"terms\", \"enabled\": true, \"id\": \"2\"}]}"
            },
            "id": "b0c5d570-9e7c-11ea-af6f-cfdb1ee1d6c8",
            "migrationVersion": {
                "visualization": "7.4.2"
            },
            "references": [
                {
                    "id": "winlogbeat-*",
                    "name": "kibanaSavedObjectMeta.searchSourceJSON.index",
                    "type": "index-pattern"
                },
                {
                    "id": "winlogbeat-*",
                    "name": "kibanaSavedObjectMeta.searchSourceJSON.filter[0].meta.index",
                    "type": "index-pattern"
                }
            ],
            "type": "visualization",
            "updated_at": "2020-05-26T12:55:23.284Z",
            "version": "Wzg5LDFd"
        },
        {
            "attributes": {
                "description": "",
                "kibanaSavedObjectMeta": {
                    "searchSourceJSON": "{\"filter\": [], \"query\": {\"query\": \"winlog.provider_name : \\\"PowerShell\\\" or winlog.provider_name : \\\"Microsoft-Windows-PowerShell\\\" \", \"language\": \"kuery\"}, \"indexRefName\": \"kibanaSavedObjectMeta.searchSourceJSON.index\"}"
                },
                "title": "Started providers [Winlogbeat powershell]",
                "uiStateJSON": "{}",
                "version": 1,
                "visState": "{\"title\": \"Started providers [Winlogbeat powershell]\", \"type\": \"pie\", \"params\": {\"addTooltip\": true, \"labels\": {\"last_level\": false, \"show\": false, \"truncate\": 100, \"values\": false}, \"isDonut\": false, \"type\": \"pie\", \"addLegend\": true, \"dimensions\": {\"metric\": {\"format\": {\"id\": \"number\"}, \"label\": \"Count\", \"accessor\": 1, \"params\": {}, \"aggType\": \"count\"}, \"buckets\": [{\"format\": {\"params\": {\"otherBucketLabel\": \"Other\", \"parsedUrl\": {\"origin\": \"http://192.168.1.48:5601\", \"pathname\": \"/app/kibana\", \"basePath\": \"\"}, \"missingBucketLabel\": \"Missing\", \"id\": \"string\"}, \"id\": \"terms\"}, \"label\": \"powershell.provider.name: Descending\", \"accessor\": 0, \"params\": {}, \"aggType\": \"terms\"}]}, \"legendPosition\": \"right\"}, \"aggs\": [{\"params\": {}, \"schema\": \"metric\", \"type\": \"count\", \"enabled\": true, \"id\": \"1\"}, {\"params\": {\"field\": \"powershell.provider.name\", \"otherBucketLabel\": \"Other\", \"missingBucketLabel\": \"Missing\", \"orderBy\": \"1\", \"missingBucket\": false, \"otherBucket\": false, \"order\": \"desc\", \"size\": 10}, \"schema\": \"segment\", \"type\": \"terms\", \"enabled\": true, \"id\": \"2\"}]}"
            },
            "id": "c0945210-9e8b-11ea-af6f-cfdb1ee1d6c8",
            "migrationVersion": {
                "visualization": "7.4.2"
            },
            "references": [
                {
                    "id": "winlogbeat-*",
                    "name": "kibanaSavedObjectMeta.searchSourceJSON.index",
                    "type": "index-pattern"
                }
            ],
            "type": "visualization",
            "updated_at": "2020-05-26T12:55:23.284Z",
            "version": "WzkwLDFd"
        },
        {
            "attributes": {
                "columns": [
                    "event.code",
                    "powershell.engine.version",
                    "powershell.runspace_id",
                    "process.args",
                    "powershell.command.invocation_details",
                    "powershell.file.script_block_text"
                ],
                "description": "",
                "hits": 0,
                "kibanaSavedObjectMeta": {
                    "searchSourceJSON": "{\"version\": true, \"filter\": [], \"query\": {\"query\": \"(winlog.provider_name : \\\"PowerShell\\\" or winlog.provider_name : \\\"Microsoft-Windows-PowerShell\\\" )\", \"language\": \"kuery\"}, \"indexRefName\": \"kibanaSavedObjectMeta.searchSourceJSON.index\", \"highlightAll\": true}"
                },
                "sort": [
                    [
                        "@timestamp",
                        "desc"
                    ]
                ],
                "title": "Details [Winlogbeat powershell]",
                "version": 1
            },
            "id": "11a61760-9f27-11ea-bef1-95118e62a7c1",
            "migrationVersion": {
                "search": "7.4.0"
            },
            "references": [
                {
                    "id": "winlogbeat-*",
                    "name": "kibanaSavedObjectMeta.searchSourceJSON.index",
                    "type": "index-pattern"
                }
            ],
            "type": "search",
            "updated_at": "2020-05-26T12:55:23.284Z",
            "version": "WzkxLDFd"
        }
    ],
    "version": "7.6.0"
}