{
    "objects": [
        {
            "attributes": {
                "description": "Overview of all Windows Event Logs.",
                "hits": 0,
                "kibanaSavedObjectMeta": {
                    "searchSourceJSON": "{\"filter\": [], \"query\": {\"query\": \"\", \"language\": \"kuery\"}}"
                },
                "optionsJSON": "{\"darkTheme\": false}",
                "panelsJSON": "[{\"panelIndex\": \"1\", \"gridData\": {\"x\": 12, \"h\": 20, \"y\": 0, \"w\": 36, \"i\": \"1\"}, \"panelRefName\": \"panel_0\", \"version\": \"7.0.0-SNAPSHOT\"}, {\"panelIndex\": \"3\", \"gridData\": {\"x\": 0, \"h\": 20, \"y\": 0, \"w\": 12, \"i\": \"3\"}, \"panelRefName\": \"panel_1\", \"version\": \"7.0.0-SNAPSHOT\"}, {\"embeddableConfig\": {\"vis\": {\"params\": {\"sort\": {\"direction\": null, \"columnIndex\": null}}}}, \"panelIndex\": \"4\", \"gridData\": {\"x\": 16, \"h\": 20, \"y\": 20, \"w\": 16, \"i\": \"4\"}, \"panelRefName\": \"panel_2\", \"version\": \"7.0.0-SNAPSHOT\"}, {\"panelIndex\": \"5\", \"gridData\": {\"x\": 32, \"h\": 20, \"y\": 20, \"w\": 16, \"i\": \"5\"}, \"panelRefName\": \"panel_3\", \"version\": \"7.0.0-SNAPSHOT\"}, {\"panelIndex\": \"6\", \"gridData\": {\"x\": 0, \"h\": 20, \"y\": 20, \"w\": 16, \"i\": \"6\"}, \"panelRefName\": \"panel_4\", \"version\": \"7.0.0-SNAPSHOT\"}]",
                "timeRestore": false,
                "title": "[Winlogbeat] Overview",
                "version": 1
            },
            "id": "Winlogbeat-Dashboard-ecs",
            "migrationVersion": {
                "dashboard": "7.0.0"
            },
            "references": [
                {
                    "id": "Number-of-Events-Over-Time-By-Event-Log-ecs",
                    "name": "panel_0",
                    "type": "visualization"
                },
                {
                    "id": "Number-of-Events-ecs",
                    "name": "panel_1",
                    "type": "visualization"
                },
                {
                    "id": "Top-Event-IDs-ecs",
                    "name": "panel_2",
                    "type": "visualization"
                },
                {
                    "id": "Event-Levels-ecs",
                    "name": "panel_3",
                    "type": "visualization"
                },
                {
                    "id": "Sources-ecs",
                    "name": "panel_4",
                    "type": "visualization"
                }
            ],
            "type": "dashboard",
            "updated_at": "2019-02-05T19:56:19.932Z",
            "version": 7
        },
        {
            "attributes": {
                "description": "",
                "kibanaSavedObjectMeta": {
                    "searchSourceJSON": "{\"filter\": [], \"query\": {\"query\": \"\", \"language\": \"kuery\"}, \"indexRefName\": \"kibanaSavedObjectMeta.searchSourceJSON.index\"}"
                },
                "title": "Number of Events Over Time By Channel [Winlogbeat Overview]",
                "uiStateJSON": "{}",
                "version": 1,
                "visState": "{\"title\": \"Number of Events Over Time By Channel [Winlogbeat Overview]\", \"type\": \"histogram\", \"params\": {\"addTooltip\": true, \"categoryAxes\": [{\"style\": {}, \"position\": \"bottom\", \"labels\": {\"show\": true, \"truncate\": 100}, \"show\": true, \"title\": {}, \"type\": \"category\", \"id\": \"CategoryAxis-1\", \"scale\": {\"type\": \"linear\"}}], \"shareYAxis\": true, \"times\": [], \"addTimeMarker\": false, \"addLegend\": true, \"grid\": {\"style\": {\"color\": \"#eee\"}, \"categoryLines\": false}, \"scale\": \"linear\", \"seriesParams\": [{\"data\": {\"label\": \"Count\", \"id\": \"1\"}, \"show\": \"true\", \"type\": \"histogram\", \"valueAxis\": \"ValueAxis-1\", \"mode\": \"stacked\"}], \"yAxis\": {}, \"defaultYExtents\": false, \"setYExtents\": false, \"valueAxes\": [{\"type\": \"value\", \"position\": \"left\", \"labels\": {\"rotate\": 0, \"filter\": false, \"truncate\": 100, \"show\": true}, \"show\": true, \"id\": \"ValueAxis-1\", \"title\": {\"text\": \"Count\"}, \"name\": \"LeftAxis-1\", \"style\": {}, \"scale\": {\"type\": \"linear\", \"defaultYExtents\": false, \"setYExtents\": false, \"mode\": \"normal\"}}], \"type\": \"histogram\", \"legendPosition\": \"right\", \"dimensions\": {\"x\": {\"format\": {\"params\": {\"pattern\": \"YYYY-MM-DD HH:mm\"}, \"id\": \"date\"}, \"accessor\": 0, \"params\": {\"format\": \"YYYY-MM-DD HH:mm\", \"interval\": 43200000, \"bounds\": {\"max\": \"2019-02-05T04:30:25.961Z\", \"min\": \"2019-01-21T04:30:25.961Z\"}, \"date\": true}, \"aggType\": \"date_histogram\"}, \"y\": [{\"format\": {\"id\": \"number\"}, \"accessor\": 2, \"params\": {}, \"aggType\": \"count\"}], \"series\": [{\"format\": {\"params\": {\"otherBucketLabel\": \"Other\", \"missingBucketLabel\": \"Missing\", \"id\": \"string\"}, \"id\": \"terms\"}, \"accessor\": 1, \"params\": {}, \"aggType\": \"terms\"}]}, \"mode\": \"stacked\"}, \"aggs\": [{\"params\": {}, \"schema\": \"metric\", \"type\": \"count\", \"enabled\": true, \"id\": \"1\"}, {\"params\": {\"extended_bounds\": {}, \"field\": \"@timestamp\", \"drop_partials\": false, \"timeRange\": {\"from\": \"now-15d\", \"to\": \"now\", \"mode\": \"relative\"}, \"min_doc_count\": 1, \"interval\": \"auto\", \"customInterval\": \"2h\", \"time_zone\": \"America/Montreal\", \"useNormalizedEsInterval\": true}, \"schema\": \"segment\", \"type\": \"date_histogram\", \"enabled\": true, \"id\": \"2\"}, {\"params\": {\"field\": \"winlog.channel\", \"customLabel\": \"Channel\", \"otherBucketLabel\": \"Other\", \"missingBucketLabel\": \"Missing\", \"orderBy\": \"1\", \"missingBucket\": false, \"otherBucket\": false, \"order\": \"desc\", \"size\": 6}, \"schema\": \"group\", \"type\": \"terms\", \"enabled\": true, \"id\": \"3\"}]}"
            },
            "id": "Number-of-Events-Over-Time-By-Event-Log-ecs",
            "migrationVersion": {
                "visualization": "7.0.0"
            },
            "references": [
                {
                    "id": "winlogbeat-*",
                    "name": "kibanaSavedObjectMeta.searchSourceJSON.index",
                    "type": "index-pattern"
                }
            ],
            "type": "visualization",
            "updated_at": "2019-02-05T19:56:19.932Z",
            "version": 7
        },
        {
            "attributes": {
                "description": "",
                "kibanaSavedObjectMeta": {
                    "searchSourceJSON": "{\"filter\": [], \"query\": {\"query\": \"\", \"language\": \"kuery\"}, \"indexRefName\": \"kibanaSavedObjectMeta.searchSourceJSON.index\"}"
                },
                "title": "Number of Events [Winlogbeat Overview]",
                "uiStateJSON": "{}",
                "version": 1,
                "visState": "{\"params\": {\"fontSize\": 60}, \"type\": \"metric\", \"listeners\": {}, \"aggs\": [{\"type\": \"count\", \"schema\": \"metric\", \"params\": {}, \"id\": \"1\"}]}"
            },
            "id": "Number-of-Events-ecs",
            "migrationVersion": {
                "visualization": "7.0.0"
            },
            "references": [
                {
                    "id": "winlogbeat-*",
                    "name": "kibanaSavedObjectMeta.searchSourceJSON.index",
                    "type": "index-pattern"
                }
            ],
            "type": "visualization",
            "updated_at": "2019-02-05T19:56:19.932Z",
            "version": 7
        },
        {
            "attributes": {
                "description": "",
                "kibanaSavedObjectMeta": {
                    "searchSourceJSON": "{\"filter\": [], \"query\": {\"query\": \"\", \"language\": \"kuery\"}, \"indexRefName\": \"kibanaSavedObjectMeta.searchSourceJSON.index\"}"
                },
                "title": "Top Event IDs [Winlogbeat Overview]",
                "uiStateJSON": "{\"vis\": {\"params\": {\"sort\": {\"direction\": null, \"columnIndex\": null}}}}",
                "version": 1,
                "visState": "{\"title\": \"Top Event IDs [Winlogbeat Overview]\", \"type\": \"table\", \"params\": {\"showMetricsAtAllLevels\": false, \"totalFunc\": \"sum\", \"showTotal\": false, \"sort\": {\"direction\": null, \"columnIndex\": null}, \"showPartialRows\": false, \"dimensions\": {\"buckets\": [{\"format\": {\"params\": {\"otherBucketLabel\": \"Other\", \"missingBucketLabel\": \"Missing\", \"id\": \"string\"}, \"id\": \"terms\"}, \"accessor\": 0, \"params\": {}, \"aggType\": \"terms\"}], \"metrics\": [{\"format\": {\"id\": \"number\"}, \"accessor\": 1, \"params\": {}, \"aggType\": \"count\"}]}, \"perPage\": 10}, \"aggs\": [{\"params\": {}, \"schema\": \"metric\", \"type\": \"count\", \"enabled\": true, \"id\": \"1\"}, {\"params\": {\"field\": \"winlog.event_id\", \"customLabel\": \"Event IDs\", \"otherBucketLabel\": \"Other\", \"missingBucketLabel\": \"Missing\", \"orderBy\": \"1\", \"missingBucket\": false, \"otherBucket\": false, \"order\": \"desc\", \"size\": 5}, \"schema\": \"bucket\", \"type\": \"terms\", \"enabled\": true, \"id\": \"2\"}]}"
            },
            "id": "Top-Event-IDs-ecs",
            "migrationVersion": {
                "visualization": "7.0.0"
            },
            "references": [
                {
                    "id": "winlogbeat-*",
                    "name": "kibanaSavedObjectMeta.searchSourceJSON.index",
                    "type": "index-pattern"
                }
            ],
            "type": "visualization",
            "updated_at": "2019-02-05T19:56:19.932Z",
            "version": 7
        },
        {
            "attributes": {
                "description": "",
                "kibanaSavedObjectMeta": {
                    "searchSourceJSON": "{\"filter\": [], \"query\": {\"query\": \"\", \"language\": \"kuery\"}, \"indexRefName\": \"kibanaSavedObjectMeta.searchSourceJSON.index\"}"
                },
                "title": "Event Levels [Winlogbeat Overview]",
                "uiStateJSON": "{\"vis\": {\"params\": {\"sort\": {\"direction\": null, \"columnIndex\": null}}}}",
                "version": 1,
                "visState": "{\"title\": \"Event Levels [Winlogbeat Overview]\", \"type\": \"table\", \"params\": {\"showMetricsAtAllLevels\": false, \"totalFunc\": \"sum\", \"showTotal\": false, \"sort\": {\"direction\": null, \"columnIndex\": null}, \"showPartialRows\": false, \"dimensions\": {\"buckets\": [{\"format\": {\"params\": {\"otherBucketLabel\": \"Other\", \"missingBucketLabel\": \"Missing\", \"id\": \"string\"}, \"id\": \"terms\"}, \"accessor\": 0, \"params\": {}, \"aggType\": \"terms\"}], \"metrics\": [{\"format\": {\"id\": \"number\"}, \"accessor\": 1, \"params\": {}, \"aggType\": \"count\"}]}, \"perPage\": 10}, \"aggs\": [{\"params\": {}, \"schema\": \"metric\", \"type\": \"count\", \"enabled\": true, \"id\": \"1\"}, {\"params\": {\"field\": \"log.level\", \"customLabel\": \"Log Levels\", \"otherBucketLabel\": \"Other\", \"missingBucketLabel\": \"Missing\", \"orderBy\": \"1\", \"missingBucket\": false, \"otherBucket\": false, \"order\": \"desc\", \"size\": 5}, \"schema\": \"bucket\", \"type\": \"terms\", \"enabled\": true, \"id\": \"2\"}]}"
            },
            "id": "Event-Levels-ecs",
            "migrationVersion": {
                "visualization": "7.0.0"
            },
            "references": [
                {
                    "id": "winlogbeat-*",
                    "name": "kibanaSavedObjectMeta.searchSourceJSON.index",
                    "type": "index-pattern"
                }
            ],
            "type": "visualization",
            "updated_at": "2019-02-05T19:56:19.932Z",
            "version": 7
        },
        {
            "attributes": {
                "description": "",
                "kibanaSavedObjectMeta": {
                    "searchSourceJSON": "{\"filter\": [], \"query\": {\"query\": \"\", \"language\": \"kuery\"}, \"indexRefName\": \"kibanaSavedObjectMeta.searchSourceJSON.index\"}"
                },
                "title": "Sources (Provider Names) [Winlogbeat Overview]",
                "uiStateJSON": "{}",
                "version": 1,
                "visState": "{\"title\": \"Sources (Provider Names) [Winlogbeat Overview]\", \"type\": \"pie\", \"params\": {\"addTooltip\": true, \"labels\": {\"last_level\": true, \"show\": false, \"truncate\": 100, \"values\": true}, \"isDonut\": false, \"type\": \"pie\", \"addLegend\": true, \"shareYAxis\": true, \"legendPosition\": \"right\"}, \"aggs\": [{\"params\": {}, \"schema\": \"metric\", \"type\": \"count\", \"enabled\": true, \"id\": \"1\"}, {\"params\": {\"field\": \"winlog.provider_name\", \"otherBucketLabel\": \"Other\", \"missingBucketLabel\": \"Missing\", \"orderBy\": \"1\", \"missingBucket\": false, \"otherBucket\": false, \"order\": \"desc\", \"size\": 7}, \"schema\": \"segment\", \"type\": \"terms\", \"enabled\": true, \"id\": \"2\"}]}"
            },
            "id": "Sources-ecs",
            "migrationVersion": {
                "visualization": "7.0.0"
            },
            "references": [
                {
                    "id": "winlogbeat-*",
                    "name": "kibanaSavedObjectMeta.searchSourceJSON.index",
                    "type": "index-pattern"
                }
            ],
            "type": "visualization",
            "updated_at": "2019-02-05T19:56:19.932Z",
            "version": 7
        }
    ],
    "version": "7.0.0-SNAPSHOT"
}