{
    "objects": [
        {
            "attributes": {
                "description": "",
                "kibanaSavedObjectMeta": {
                    "searchSourceJSON": "{\"filter\": [], \"query\": {\"query\": \"\", \"language\": \"kuery\"}}"
                },
                "title": "Navigation [Packetbeat] ECS",
                "uiStateJSON": "{}",
                "version": 1,
                "visState": "{\"aggs\": [], \"type\": \"markdown\", \"title\": \"Navigation [Packetbeat] ECS\", \"params\": {\"fontSize\": 10, \"openLinksInNewTab\": false, \"markdown\": \"### Packetbeat:\\n\\n[Overview](#/dashboard/Packetbeat-Dashboard-ecs)\\n\\n[Network Flows](#/dashboard/Packetbeat-Flows-ecs)\\n\\n[DNS Overview](#/dashboard/65120940-1454-11e9-9de0-f98d1808db8e-ecs) | [Tunneling](#/dashboard/DNS-Unique-Domains-ecs)\\n\\n[DHCPv4 Transactions](#/dashboard/a7b35890-8baa-11e8-9676-ef67484126fb-ecs)\\n\\n[TLS Overview](#/dashboard/tls-sessions-ecs)\\n\\n[HTTP transactions](#/dashboard/Packetbeat-HTTP-ecs)\\n\\nDatabases: [MySQL](#/dashboard/Packetbeat-MySQL-performance-ecs) | [PostgreSQL](#/dashboard/Packetbeat-PgSQL-performance-ecs) | [MongoDB](#/dashboard/Packetbeat-MongoDB-performance-ecs) | [Cassandra](#/dashboard/Packetbeat-Cassandra-ecs)\\n\\nRPC: [Thrift](#/dashboard/Packetbeat-Thrift-performance-ecs)\\n\\nStorage: [NFS](#/dashboard/Packetbeat-NFS-ecs)\"}}"
            },
            "id": "Navigation-ecs",
            "type": "visualization",
            "updated_at": "2019-01-19T00:18:59.372Z",
            "version": 11
        },
        {
            "attributes": {
                "description": "",
                "kibanaSavedObjectMeta": {
                    "searchSourceJSON": "{\"filter\": [], \"query\": {\"query\": \"\", \"language\": \"kuery\"}}"
                },
                "savedSearchId": "ffc3c0b0-d2d7-11e7-9914-4982455b3063-ecs",
                "title": "TLS Sessions [Packetbeat] ECS",
                "uiStateJSON": "{\"vis\": {\"legendOpen\": false, \"colors\": {\"true\": \"#7EB26D\", \"false\": \"#E24D42\"}}}",
                "version": 1,
                "visState": "{\"aggs\": [{\"type\": \"count\", \"schema\": \"metric\", \"id\": \"1\", \"params\": {}, \"enabled\": true}, {\"type\": \"date_histogram\", \"schema\": \"segment\", \"id\": \"2\", \"params\": {\"field\": \"@timestamp\", \"customInterval\": \"2h\", \"customLabel\": \"Sessions per minute\", \"min_doc_count\": 1, \"interval\": \"auto\", \"extended_bounds\": {}}, \"enabled\": true}, {\"type\": \"terms\", \"schema\": \"group\", \"id\": \"3\", \"params\": {\"field\": \"tls.established\", \"customLabel\": \"Handshake completed\", \"order\": \"desc\", \"orderBy\": \"1\", \"size\": 5, \"json\": \"\"}, \"enabled\": true}], \"type\": \"histogram\", \"title\": \"TLS Sessions ECS\", \"params\": {\"type\": \"histogram\", \"grid\": {\"style\": {\"color\": \"#eee\"}, \"valueAxis\": \"ValueAxis-1\", \"categoryLines\": false}, \"times\": [], \"legendPosition\": \"right\", \"valueAxes\": [{\"labels\": {\"truncate\": 100, \"filter\": false, \"show\": true, \"rotate\": 0}, \"type\": \"value\", \"name\": \"LeftAxis-1\", \"title\": {\"text\": \"Count\"}, \"position\": \"left\", \"show\": true, \"style\": {}, \"scale\": {\"type\": \"linear\", \"mode\": \"normal\"}, \"id\": \"ValueAxis-1\"}], \"seriesParams\": [{\"type\": \"histogram\", \"show\": \"true\", \"drawLinesBetweenPoints\": true, \"data\": {\"label\": \"Count\", \"id\": \"1\"}, \"valueAxis\": \"ValueAxis-1\", \"showCircles\": true, \"mode\": \"stacked\"}], \"addLegend\": true, \"addTooltip\": true, \"addTimeMarker\": false, \"categoryAxes\": [{\"labels\": {\"truncate\": 100, \"show\": true}, \"type\": \"category\", \"title\": {}, \"show\": true, \"style\": {}, \"id\": \"CategoryAxis-1\", \"scale\": {\"type\": \"linear\"}, \"position\": \"bottom\"}]}}"
            },
            "id": "059fe5e0-d2dd-11e7-9914-4982455b3063-ecs",
            "type": "visualization",
            "updated_at": "2019-01-18T23:49:33.441Z",
            "version": 1
        },
        {
            "attributes": {
                "description": "",
                "kibanaSavedObjectMeta": {
                    "searchSourceJSON": "{\"filter\": [{\"$state\": {\"store\": \"appState\"}, \"query\": {\"exists\": {\"field\": \"tls\"}}, \"meta\": {\"type\": \"custom\", \"value\": \"{\\\"exists\\\":{\\\"field\\\":\\\"tls\\\"}}\", \"alias\": null, \"negate\": false, \"index\": \"packetbeat-*\", \"key\": \"query\", \"disabled\": false}}], \"query\": {\"query\": \"\", \"language\": \"kuery\"}, \"index\": \"packetbeat-*\"}"
                },
                "title": "TLS Alerts [Packetbeat] ECS",
                "uiStateJSON": "{\"vis\": {\"colors\": {\"None\": \"#7EB26D\", \"handshake_failure\": \"#E24D42\"}}}",
                "version": 1,
                "visState": "{\"aggs\": [{\"type\": \"count\", \"schema\": \"metric\", \"id\": \"1\", \"params\": {}, \"enabled\": true}, {\"type\": \"terms\", \"schema\": \"segment\", \"id\": \"2\", \"params\": {\"field\": \"tls.detailed.alert_types\", \"orderBy\": \"1\", \"order\": \"desc\", \"json\": \"{\\\"missing\\\": \\\"None\\\"}\", \"size\": 5, \"include\": \".*\"}, \"enabled\": true}], \"type\": \"pie\", \"title\": \"TLS Alerts ECS\", \"params\": {\"type\": \"pie\", \"addLegend\": true, \"addTooltip\": true, \"legendPosition\": \"right\", \"isDonut\": true}}"
            },
            "id": "c14377a0-d353-11e7-9914-4982455b3063-ecs",
            "type": "visualization",
            "updated_at": "2019-01-18T23:49:33.441Z",
            "version": 1
        },
        {
            "attributes": {
                "description": "",
                "kibanaSavedObjectMeta": {
                    "searchSourceJSON": "{\"filter\": [{\"$state\": {\"store\": \"appState\"}, \"exists\": {\"field\": \"tls.established\"}, \"meta\": {\"type\": \"exists\", \"value\": \"exists\", \"alias\": null, \"negate\": false, \"index\": \"packetbeat-*\", \"key\": \"tls.established\", \"disabled\": false}}], \"query\": {\"query\": \"\", \"language\": \"kuery\"}, \"index\": \"packetbeat-*\"}"
                },
                "title": "Total Number of TLS Sessions [Packetbeat] ECS",
                "uiStateJSON": "{\"P-7\": {\"vis\": {\"params\": {\"sort\": {\"direction\": null, \"columnIndex\": null}}}}, \"P-5\": {\"vis\": {\"defaultColors\": {\"0 - 100\": \"rgb(0,104,55)\"}}}}",
                "version": 1,
                "visState": "{\"aggs\": [{\"type\": \"count\", \"schema\": \"metric\", \"id\": \"1\", \"params\": {}, \"enabled\": true}], \"type\": \"metric\", \"title\": \"Total Number of TLS Sessions ECS\", \"params\": {\"metric\": {\"labels\": {\"show\": true}, \"colorSchema\": \"Green to Red\", \"useRanges\": false, \"invertColors\": false, \"percentageMode\": false, \"metricColorMode\": \"None\", \"colorsRange\": [{\"from\": 0, \"to\": 10000}], \"style\": {\"bgColor\": false, \"bgFill\": \"#000\", \"labelColor\": false, \"subText\": \"\", \"fontSize\": 60}}, \"addLegend\": false, \"addTooltip\": true, \"type\": \"metric\"}}"
            },
            "id": "061de380-d361-11e7-9914-4982455b3063-ecs",
            "type": "visualization",
            "updated_at": "2019-01-18T23:49:33.441Z",
            "version": 1
        },
        {
            "attributes": {
                "description": "",
                "kibanaSavedObjectMeta": {
                    "searchSourceJSON": "{\"filter\": [], \"query\": {\"query\": \"\", \"language\": \"kuery\"}}"
                },
                "savedSearchId": "94908e80-d2d8-11e7-9914-4982455b3063-ecs",
                "title": "TLS Server Name Indication [Packetbeat] ECS",
                "uiStateJSON": "{}",
                "version": 1,
                "visState": "{\"aggs\": [{\"type\": \"count\", \"schema\": \"metric\", \"id\": \"1\", \"params\": {}, \"enabled\": true}, {\"type\": \"terms\", \"schema\": \"segment\", \"id\": \"2\", \"params\": {\"field\": \"tls.client.server_name\", \"customLabel\": \"Server Name Indication\", \"orderBy\": \"1\", \"order\": \"desc\", \"size\": 5}, \"enabled\": true}], \"type\": \"tagcloud\", \"title\": \"TLS Server Name Indication ECS\", \"params\": {\"maxFontSize\": 64, \"hideLabel\": false, \"scale\": \"linear\", \"orientation\": \"single\", \"minFontSize\": 14}}"
            },
            "id": "a28d09d0-d361-11e7-9914-4982455b3063-ecs",
            "type": "visualization",
            "updated_at": "2019-01-18T23:49:33.441Z",
            "version": 1
        },
        {
            "attributes": {
                "description": "",
                "kibanaSavedObjectMeta": {
                    "searchSourceJSON": "{\"filter\": [], \"query\": {\"query\": \"\", \"language\": \"kuery\"}}"
                },
                "savedSearchId": "bf3d23b0-d37c-11e7-9914-4982455b3063-ecs",
                "title": "TLS Versions [Packetbeat] ECS",
                "uiStateJSON": "{}",
                "version": 1,
                "visState": "{\"aggs\": [{\"type\": \"count\", \"schema\": \"metric\", \"id\": \"1\", \"params\": {}, \"enabled\": true}, {\"type\": \"terms\", \"schema\": \"segment\", \"id\": \"2\", \"params\": {\"field\": \"tls.detailed.version\", \"customLabel\": \"TLS version\", \"orderBy\": \"1\", \"order\": \"desc\", \"size\": 5}, \"enabled\": true}], \"type\": \"pie\", \"title\": \"TLS Versions ECS\", \"params\": {\"type\": \"pie\", \"addLegend\": true, \"addTooltip\": true, \"legendPosition\": \"right\", \"isDonut\": true}}"
            },
            "id": "0af0b790-d37d-11e7-9914-4982455b3063-ecs",
            "type": "visualization",
            "updated_at": "2019-01-18T23:49:33.441Z",
            "version": 1
        },
        {
            "attributes": {
                "description": "",
                "kibanaSavedObjectMeta": {
                    "searchSourceJSON": "{\"filter\": [], \"query\": {\"query\": \"\", \"language\": \"kuery\"}}"
                },
                "savedSearchId": "8f0ff590-d37d-11e7-9914-4982455b3063-ecs",
                "title": "TLS Server Public Key Size [Packetbeat] ECS",
                "uiStateJSON": "{}",
                "version": 1,
                "visState": "{\"aggs\": [{\"type\": \"count\", \"schema\": \"metric\", \"id\": \"1\", \"params\": {}, \"enabled\": true}, {\"type\": \"terms\", \"schema\": \"segment\", \"id\": \"2\", \"params\": {\"field\": \"tls.detailed.server_certificate.public_key_size\", \"customLabel\": \"Public Key Size\", \"orderBy\": \"1\", \"order\": \"desc\", \"size\": 5}, \"enabled\": true}], \"type\": \"pie\", \"title\": \"Server Public Key Size ECS\", \"params\": {\"type\": \"pie\", \"addLegend\": true, \"addTooltip\": true, \"legendPosition\": \"right\", \"isDonut\": true}}"
            },
            "id": "ae6e33c0-d37d-11e7-9914-4982455b3063-ecs",
            "type": "visualization",
            "updated_at": "2019-01-18T23:49:33.441Z",
            "version": 1
        },
        {
            "attributes": {
                "description": "",
                "kibanaSavedObjectMeta": {
                    "searchSourceJSON": "{\"filter\": [], \"query\": {\"query\": \"\", \"language\": \"kuery\"}}"
                },
                "savedSearchId": "ffc3c0b0-d2d7-11e7-9914-4982455b3063-ecs",
                "title": "TLS Session Resume [Packetbeat] ECS",
                "uiStateJSON": "{}",
                "version": 1,
                "visState": "{\"aggs\": [{\"type\": \"count\", \"schema\": \"metric\", \"id\": \"1\", \"params\": {}, \"enabled\": true}, {\"type\": \"terms\", \"schema\": \"segment\", \"id\": \"2\", \"params\": {\"field\": \"tls.detailed.resumption_method\", \"size\": 5, \"orderBy\": \"1\", \"order\": \"desc\", \"missingBucketLabel\": \"Missing\", \"exclude\": \"\", \"otherBucketLabel\": \"Other\", \"missingBucket\": false, \"otherBucket\": false, \"json\": \"{\\n\\\"missing\\\": \\\"none\\\"\\n}\"}, \"enabled\": true}], \"type\": \"pie\", \"title\": \"TLS Session Resume [Packetbeat] ECS\", \"params\": {\"labels\": {\"truncate\": 100, \"last_level\": true, \"show\": false, \"values\": true}, \"type\": \"pie\", \"legendPosition\": \"right\", \"isDonut\": true, \"addLegend\": true, \"addTooltip\": true}}"
            },
            "id": "2c467370-d392-11e7-8fa0-232aa9259081-ecs",
            "type": "visualization",
            "updated_at": "2019-01-18T23:49:33.441Z",
            "version": 1
        },
        {
            "attributes": {
                "description": "",
                "kibanaSavedObjectMeta": {
                    "searchSourceJSON": "{\"filter\": [], \"query\": {\"query\": \"\", \"language\": \"kuery\"}}"
                },
                "savedSearchId": "ffc3c0b0-d2d7-11e7-9914-4982455b3063-ecs",
                "title": "TLS Server Certificates [Packetbeat] ECS",
                "uiStateJSON": "{\"vis\": {\"params\": {\"sort\": {\"direction\": null, \"columnIndex\": null}}}}",
                "version": 1,
                "visState": "{\"aggs\": [{\"type\": \"count\", \"schema\": \"metric\", \"id\": \"1\", \"params\": {\"customLabel\": \"\"}, \"enabled\": true}, {\"type\": \"terms\", \"schema\": \"bucket\", \"id\": \"4\", \"params\": {\"field\": \"tls.detailed.server_certificate.subject.common_name\", \"customLabel\": \"Subject Common Name\", \"orderBy\": \"1\", \"order\": \"desc\", \"size\": 10}, \"enabled\": true}, {\"type\": \"terms\", \"schema\": \"bucket\", \"id\": \"3\", \"params\": {\"field\": \"tls.detailed.server_certificate.subject.organization\", \"customLabel\": \"Organization\", \"orderBy\": \"1\", \"order\": \"desc\", \"size\": 5}, \"enabled\": true}], \"type\": \"table\", \"title\": \"TLS Server Certificates ECS\", \"params\": {\"totalFunc\": \"sum\", \"showMeticsAtAllLevels\": false, \"showTotal\": false, \"showPartialRows\": false, \"sort\": {\"direction\": null, \"columnIndex\": null}, \"perPage\": 10}}"
            },
            "id": "0958a910-d396-11e7-8fa0-232aa9259081-ecs",
            "type": "visualization",
            "updated_at": "2019-01-18T23:49:33.441Z",
            "version": 1
        },
        {
            "attributes": {
                "description": "",
                "kibanaSavedObjectMeta": {
                    "searchSourceJSON": "{\"filter\": [], \"query\": {\"query\": \"\", \"language\": \"kuery\"}}"
                },
                "savedSearchId": "ffc3c0b0-d2d7-11e7-9914-4982455b3063-ecs",
                "title": "TLS Client Certificates [Packetbeat] ECS",
                "uiStateJSON": "{\"vis\": {\"params\": {\"sort\": {\"direction\": null, \"columnIndex\": null}}}}",
                "version": 1,
                "visState": "{\"aggs\": [{\"type\": \"count\", \"schema\": \"metric\", \"id\": \"1\", \"params\": {}, \"enabled\": true}, {\"type\": \"terms\", \"schema\": \"bucket\", \"id\": \"2\", \"params\": {\"field\": \"tls.detailed.client_certificate.subject.common_name\", \"customLabel\": \"Subject Common Name\", \"orderBy\": \"1\", \"order\": \"desc\", \"size\": 5}, \"enabled\": true}, {\"type\": \"terms\", \"schema\": \"bucket\", \"id\": \"3\", \"params\": {\"field\": \"tls.detailed.client_certificate.signature_algorithm\", \"customLabel\": \"Signature Algorithm\", \"order\": \"desc\", \"orderBy\": \"1\", \"size\": 5, \"json\": \"{ \\\"missing\\\": \\\"N/A\\\" }\"}, \"enabled\": true}], \"type\": \"table\", \"title\": \"TLS Client Certificates ECS\", \"params\": {\"totalFunc\": \"sum\", \"showMeticsAtAllLevels\": false, \"showTotal\": false, \"showPartialRows\": false, \"sort\": {\"direction\": null, \"columnIndex\": null}, \"perPage\": 10}}"
            },
            "id": "86743f90-d396-11e7-8fa0-232aa9259081-ecs",
            "type": "visualization",
            "updated_at": "2019-01-18T23:49:33.441Z",
            "version": 1
        },
        {
            "attributes": {
                "description": "",
                "kibanaSavedObjectMeta": {
                    "searchSourceJSON": "{\"filter\": [], \"query\": {\"query\": \"\", \"language\": \"kuery\"}}"
                },
                "savedSearchId": "ffc3c0b0-d2d7-11e7-9914-4982455b3063-ecs",
                "title": "TLS Cipher [Packetbeat] ECS",
                "uiStateJSON": "{\"vis\": {\"params\": {\"sort\": {\"direction\": null, \"columnIndex\": null}}}}",
                "version": 1,
                "visState": "{\"aggs\": [{\"type\": \"count\", \"schema\": \"metric\", \"id\": \"1\", \"params\": {}, \"enabled\": true}, {\"type\": \"terms\", \"schema\": \"bucket\", \"id\": \"2\", \"params\": {\"field\": \"tls.cipher\", \"customLabel\": \"Cipher\", \"orderBy\": \"1\", \"order\": \"desc\", \"size\": 5}, \"enabled\": true}], \"type\": \"table\", \"title\": \"TLS Cipher ECS\", \"params\": {\"totalFunc\": \"sum\", \"showMeticsAtAllLevels\": false, \"showTotal\": false, \"showPartialRows\": false, \"sort\": {\"direction\": null, \"columnIndex\": null}, \"perPage\": 10}}"
            },
            "id": "463d2bf0-d3a8-11e7-9081-ab2af08e9961-ecs",
            "type": "visualization",
            "updated_at": "2019-01-18T23:49:33.441Z",
            "version": 1
        },
        {
            "attributes": {
                "description": "",
                "kibanaSavedObjectMeta": {
                    "searchSourceJSON": "{\"filter\": [], \"query\": {\"query\": \"\", \"language\": \"kuery\"}}"
                },
                "savedSearchId": "6b1b1360-d49d-11e7-996f-bd7c1ca4591b-ecs",
                "title": "TLS Fingerprint [Packetbeat] ECS",
                "uiStateJSON": "{\"vis\": {\"params\": {\"sort\": {\"direction\": null, \"columnIndex\": null}}}}",
                "version": 1,
                "visState": "{\"aggs\": [{\"type\": \"count\", \"schema\": \"metric\", \"id\": \"1\", \"params\": {}, \"enabled\": true}, {\"type\": \"terms\", \"schema\": \"bucket\", \"id\": \"2\", \"params\": {\"field\": \"tls.client.ja3\", \"customLabel\": \"JA3 Fingerprint\", \"orderBy\": \"1\", \"order\": \"desc\", \"size\": 5}, \"enabled\": true}], \"type\": \"table\", \"title\": \"TLS Fingerprint ECS\", \"params\": {\"totalFunc\": \"sum\", \"showMeticsAtAllLevels\": false, \"showTotal\": false, \"showPartialRows\": false, \"sort\": {\"direction\": null, \"columnIndex\": null}, \"perPage\": 10}}"
            },
            "id": "ad2a8b50-d49d-11e7-996f-bd7c1ca4591b-ecs",
            "type": "visualization",
            "updated_at": "2019-01-18T23:49:33.441Z",
            "version": 1
        },
        {
            "attributes": {
                "description": "",
                "kibanaSavedObjectMeta": {
                    "searchSourceJSON": "{\"filter\": [{\"$state\": {\"store\": \"appState\"}, \"range\": {\"event.duration\": {\"gte\": 0, \"lt\": 1000000000}}, \"meta\": {\"type\": \"range\", \"value\": \"0 to 1,000,000,000\", \"alias\": null, \"negate\": false, \"params\": {\"gte\": 0, \"lt\": 1000000000}, \"index\": \"packetbeat-*\", \"key\": \"event.duration\", \"disabled\": false}}], \"query\": {\"query\": \"\", \"language\": \"kuery\"}}"
                },
                "savedSearchId": "8e2af860-d520-11e7-9fff-7b1ebf397ba9-ecs",
                "title": "TLS Handshake Latency [Packetbeat] ECS",
                "uiStateJSON": "{\"vis\": {\"legendOpen\": false}}",
                "version": 1,
                "visState": "{\"aggs\": [{\"type\": \"count\", \"schema\": \"metric\", \"id\": \"1\", \"params\": {}, \"enabled\": true}, {\"type\": \"histogram\", \"schema\": \"segment\", \"id\": \"2\", \"params\": {\"field\": \"event.duration\", \"extended_bounds\": {}, \"customLabel\": \"Handshake Latency (ns)\", \"interval\": 2000000}, \"enabled\": true}], \"type\": \"area\", \"title\": \"TLS Handshake Latency ECS\", \"params\": {\"type\": \"area\", \"grid\": {\"style\": {\"color\": \"#eee\"}, \"categoryLines\": false}, \"times\": [], \"legendPosition\": \"right\", \"valueAxes\": [{\"labels\": {\"truncate\": 100, \"filter\": false, \"show\": true, \"rotate\": 0}, \"type\": \"value\", \"name\": \"LeftAxis-1\", \"title\": {\"text\": \"Count\"}, \"position\": \"left\", \"show\": true, \"style\": {}, \"scale\": {\"type\": \"linear\", \"mode\": \"normal\"}, \"id\": \"ValueAxis-1\"}], \"seriesParams\": [{\"type\": \"area\", \"interpolate\": \"linear\", \"show\": \"true\", \"drawLinesBetweenPoints\": true, \"data\": {\"label\": \"Count\", \"id\": \"1\"}, \"valueAxis\": \"ValueAxis-1\", \"showCircles\": true, \"mode\": \"stacked\"}], \"addLegend\": true, \"addTooltip\": true, \"addTimeMarker\": false, \"categoryAxes\": [{\"labels\": {\"truncate\": 100, \"filter\": true, \"show\": true}, \"type\": \"category\", \"title\": {}, \"show\": true, \"style\": {}, \"id\": \"CategoryAxis-1\", \"scale\": {\"type\": \"linear\"}, \"position\": \"bottom\"}]}}"
            },
            "id": "d2e15950-d560-11e7-9fff-7b1ebf397ba9-ecs",
            "type": "visualization",
            "updated_at": "2019-01-18T23:49:33.441Z",
            "version": 1
        },
        {
            "attributes": {
                "columns": [
                    "_source"
                ],
                "description": "",
                "hits": 0,
                "kibanaSavedObjectMeta": {
                    "searchSourceJSON": "{\"index\": \"packetbeat-*\", \"filter\": [{\"$state\": {\"store\": \"appState\"}, \"exists\": {\"field\": \"tls.established\"}, \"meta\": {\"type\": \"exists\", \"value\": \"exists\", \"alias\": \"TLS sessions\", \"negate\": false, \"index\": \"packetbeat-*\", \"key\": \"tls.established\", \"disabled\": false}}], \"query\": {\"query\": \"\", \"language\": \"kuery\"}, \"highlightAll\": true, \"version\": true}"
                },
                "sort": [
                    "@timestamp",
                    "desc"
                ],
                "title": "TLS Sessions [Packetbeat] ECS",
                "version": 1
            },
            "id": "ffc3c0b0-d2d7-11e7-9914-4982455b3063-ecs",
            "type": "search",
            "updated_at": "2019-01-18T23:49:33.441Z",
            "version": 1
        },
        {
            "attributes": {
                "columns": [
                    "_source"
                ],
                "description": "",
                "hits": 0,
                "kibanaSavedObjectMeta": {
                    "searchSourceJSON": "{\"index\": \"packetbeat-*\", \"filter\": [{\"$state\": {\"store\": \"appState\"}, \"exists\": {\"field\": \"tls.client.server_name\"}, \"meta\": {\"type\": \"exists\", \"value\": \"exists\", \"alias\": null, \"negate\": false, \"index\": \"packetbeat-*\", \"key\": \"tls.client.server_name\", \"disabled\": false}}], \"query\": {\"query\": \"\", \"language\": \"kuery\"}, \"highlightAll\": true, \"version\": true}"
                },
                "sort": [
                    "@timestamp",
                    "desc"
                ],
                "title": "TLS Server Name Indication [Packetbeat] ECS",
                "version": 1
            },
            "id": "94908e80-d2d8-11e7-9914-4982455b3063-ecs",
            "type": "search",
            "updated_at": "2019-01-18T23:49:33.441Z",
            "version": 1
        },
        {
            "attributes": {
                "columns": [
                    "_source"
                ],
                "description": "",
                "hits": 0,
                "kibanaSavedObjectMeta": {
                    "searchSourceJSON": "{\"index\": \"packetbeat-*\", \"filter\": [{\"$state\": {\"store\": \"appState\"}, \"exists\": {\"field\": \"tls.detailed.version\"}, \"meta\": {\"type\": \"exists\", \"value\": \"exists\", \"alias\": null, \"negate\": false, \"index\": \"packetbeat-*\", \"key\": \"tls.detailed.version\", \"disabled\": false}}], \"query\": {\"query\": \"\", \"language\": \"kuery\"}, \"highlightAll\": true, \"version\": true}"
                },
                "sort": [
                    "@timestamp",
                    "desc"
                ],
                "title": "TLS Version [Packetbeat] ECS",
                "version": 1
            },
            "id": "bf3d23b0-d37c-11e7-9914-4982455b3063-ecs",
            "type": "search",
            "updated_at": "2019-01-18T23:49:33.441Z",
            "version": 1
        },
        {
            "attributes": {
                "columns": [
                    "_source"
                ],
                "description": "",
                "hits": 0,
                "kibanaSavedObjectMeta": {
                    "searchSourceJSON": "{\"index\": \"packetbeat-*\", \"filter\": [{\"$state\": {\"store\": \"appState\"}, \"exists\": {\"field\": \"tls.detailed.server_certificate.public_key_size\"}, \"meta\": {\"type\": \"exists\", \"value\": \"exists\", \"alias\": null, \"negate\": false, \"index\": \"packetbeat-*\", \"key\": \"tls.detailed.server_certificate.public_key_size\", \"disabled\": false}}], \"query\": {\"query\": \"\", \"language\": \"kuery\"}, \"highlightAll\": true, \"version\": true}"
                },
                "sort": [
                    "@timestamp",
                    "desc"
                ],
                "title": "Server Public Key Size ECS",
                "version": 1
            },
            "id": "8f0ff590-d37d-11e7-9914-4982455b3063-ecs",
            "type": "search",
            "updated_at": "2019-01-18T23:49:33.441Z",
            "version": 1
        },
        {
            "attributes": {
                "columns": [
                    "_source"
                ],
                "description": "",
                "hits": 0,
                "kibanaSavedObjectMeta": {
                    "searchSourceJSON": "{\"index\": \"packetbeat-*\", \"filter\": [{\"$state\": {\"store\": \"appState\"}, \"exists\": {\"field\": \"tls.client.ja3\"}, \"meta\": {\"type\": \"exists\", \"value\": \"exists\", \"alias\": null, \"negate\": false, \"index\": \"packetbeat-*\", \"key\": \"tls.client.ja3\", \"disabled\": false}}], \"query\": {\"query\": \"\", \"language\": \"kuery\"}, \"highlightAll\": true, \"version\": true}"
                },
                "sort": [
                    "@timestamp",
                    "desc"
                ],
                "title": "TLS Fingerprint [Packetbeat] ECS",
                "version": 1
            },
            "id": "6b1b1360-d49d-11e7-996f-bd7c1ca4591b-ecs",
            "type": "search",
            "updated_at": "2019-01-18T23:49:33.441Z",
            "version": 1
        },
        {
            "attributes": {
                "columns": [
                    "_source"
                ],
                "description": "",
                "hits": 0,
                "kibanaSavedObjectMeta": {
                    "searchSourceJSON": "{\"index\": \"packetbeat-*\", \"filter\": [{\"$state\": {\"store\": \"appState\"}, \"exists\": {\"field\": \"tls.established\"}, \"meta\": {\"type\": \"exists\", \"value\": \"exists\", \"alias\": null, \"negate\": false, \"index\": \"packetbeat-*\", \"key\": \"tls.established\", \"disabled\": false}}, {\"$state\": {\"store\": \"appState\"}, \"exists\": {\"field\": \"event.duration\"}, \"meta\": {\"type\": \"exists\", \"value\": \"exists\", \"alias\": null, \"negate\": false, \"index\": \"packetbeat-*\", \"key\": \"event.duration\", \"disabled\": false}}], \"query\": {\"query\": \"\", \"language\": \"kuery\"}, \"highlightAll\": true, \"version\": true}"
                },
                "sort": [
                    "@timestamp",
                    "desc"
                ],
                "title": "TLS Handshake Latency [Packetbeat] ECS",
                "version": 1
            },
            "id": "8e2af860-d520-11e7-9fff-7b1ebf397ba9-ecs",
            "type": "search",
            "updated_at": "2019-01-18T23:49:33.441Z",
            "version": 1
        },
        {
            "attributes": {
                "description": "TLS Sessions ECS",
                "hits": 0,
                "kibanaSavedObjectMeta": {
                    "searchSourceJSON": "{\"filter\": [], \"query\": {\"query\": \"\", \"language\": \"kuery\"}, \"highlightAll\": true, \"version\": true}"
                },
                "optionsJSON": "{\"useMargins\": false, \"darkTheme\": false}",
                "panelsJSON": "[{\"panelIndex\": \"4\", \"type\": \"visualization\", \"id\": \"Navigation-ecs\", \"version\": \"6.2.4\", \"gridData\": {\"w\": 3, \"x\": 0, \"h\": 4, \"y\": 0, \"i\": \"4\"}}, {\"panelIndex\": \"8\", \"type\": \"visualization\", \"id\": \"059fe5e0-d2dd-11e7-9914-4982455b3063-ecs\", \"version\": \"6.2.4\", \"gridData\": {\"w\": 9, \"x\": 3, \"h\": 4, \"y\": 0, \"i\": \"8\"}}, {\"panelIndex\": \"9\", \"type\": \"visualization\", \"id\": \"c14377a0-d353-11e7-9914-4982455b3063-ecs\", \"version\": \"6.2.4\", \"gridData\": {\"w\": 3, \"x\": 3, \"h\": 3, \"y\": 7, \"i\": \"9\"}}, {\"panelIndex\": \"10\", \"type\": \"visualization\", \"id\": \"061de380-d361-11e7-9914-4982455b3063-ecs\", \"version\": \"6.2.4\", \"gridData\": {\"w\": 3, \"x\": 0, \"h\": 3, \"y\": 4, \"i\": \"10\"}}, {\"panelIndex\": \"11\", \"type\": \"visualization\", \"id\": \"a28d09d0-d361-11e7-9914-4982455b3063-ecs\", \"version\": \"6.2.4\", \"gridData\": {\"w\": 12, \"x\": 0, \"h\": 3, \"y\": 10, \"i\": \"11\"}}, {\"panelIndex\": \"12\", \"type\": \"visualization\", \"id\": \"0af0b790-d37d-11e7-9914-4982455b3063-ecs\", \"version\": \"6.2.4\", \"gridData\": {\"w\": 3, \"x\": 6, \"h\": 3, \"y\": 7, \"i\": \"12\"}}, {\"panelIndex\": \"13\", \"type\": \"visualization\", \"id\": \"ae6e33c0-d37d-11e7-9914-4982455b3063-ecs\", \"version\": \"6.2.4\", \"gridData\": {\"w\": 3, \"x\": 9, \"h\": 3, \"y\": 7, \"i\": \"13\"}}, {\"panelIndex\": \"14\", \"type\": \"visualization\", \"id\": \"2c467370-d392-11e7-8fa0-232aa9259081-ecs\", \"version\": \"6.2.4\", \"gridData\": {\"w\": 3, \"x\": 0, \"h\": 3, \"y\": 7, \"i\": \"14\"}}, {\"panelIndex\": \"15\", \"type\": \"visualization\", \"id\": \"0958a910-d396-11e7-8fa0-232aa9259081-ecs\", \"version\": \"6.2.4\", \"gridData\": {\"w\": 6, \"x\": 0, \"h\": 3, \"y\": 13, \"i\": \"15\"}}, {\"panelIndex\": \"16\", \"type\": \"visualization\", \"id\": \"86743f90-d396-11e7-8fa0-232aa9259081-ecs\", \"version\": \"6.2.4\", \"gridData\": {\"w\": 6, \"x\": 0, \"h\": 3, \"y\": 16, \"i\": \"16\"}}, {\"panelIndex\": \"17\", \"type\": \"visualization\", \"id\": \"463d2bf0-d3a8-11e7-9081-ab2af08e9961-ecs\", \"version\": \"6.2.4\", \"gridData\": {\"w\": 6, \"x\": 6, \"h\": 3, \"y\": 13, \"i\": \"17\"}}, {\"panelIndex\": \"18\", \"type\": \"visualization\", \"id\": \"ad2a8b50-d49d-11e7-996f-bd7c1ca4591b-ecs\", \"version\": \"6.2.4\", \"gridData\": {\"w\": 6, \"x\": 6, \"h\": 3, \"y\": 16, \"i\": \"18\"}}, {\"panelIndex\": \"19\", \"type\": \"visualization\", \"id\": \"d2e15950-d560-11e7-9fff-7b1ebf397ba9-ecs\", \"version\": \"6.2.4\", \"gridData\": {\"w\": 9, \"x\": 3, \"h\": 3, \"y\": 4, \"i\": \"19\"}}]",
                "timeRestore": false,
                "title": "[Packetbeat] TLS Sessions ECS",
                "uiStateJSON": "{\"P-16\": {\"vis\": {\"params\": {\"sort\": {\"direction\": null, \"columnIndex\": null}}}}, \"P-7\": {\"vis\": {\"params\": {\"sort\": {\"direction\": null, \"columnIndex\": null}}}}, \"P-5\": {\"vis\": {\"defaultColors\": {\"0 - 100\": \"rgb(0,104,55)\"}}}, \"P-15\": {\"vis\": {\"params\": {\"sort\": {\"direction\": null, \"columnIndex\": null}}}}, \"P-18\": {\"vis\": {\"params\": {\"sort\": {\"direction\": null, \"columnIndex\": null}}}}, \"P-17\": {\"vis\": {\"params\": {\"sort\": {\"direction\": null, \"columnIndex\": null}}}}}",
                "version": 1
            },
            "id": "tls-sessions-ecs",
            "type": "dashboard",
            "updated_at": "2019-01-18T23:49:33.441Z",
            "version": 1
        }
    ],
    "version": "7.0.0-SNAPSHOT"
}