{
    "objects": [
        {
            "attributes": {
                "description": "",
                "kibanaSavedObjectMeta": {
                    "searchSourceJSON": "{\"filter\": [], \"query\": {\"query\": \"\", \"language\": \"kuery\"}}"
                },
                "savedSearchId": "d19e8485-7df5-47ce-8009-9dc3c42bcf17-ecs",
                "title": "DNS Query Summary [Packetbeat] ECS",
                "uiStateJSON": "{}",
                "version": 1,
                "visState": "{\"aggs\": [{\"type\": \"count\", \"schema\": \"metric\", \"id\": \"1\", \"params\": {}, \"enabled\": true}, {\"type\": \"sum\", \"schema\": \"metric\", \"id\": \"2\", \"params\": {\"field\": \"source.bytes\", \"customLabel\": \"Client Bytes\"}, \"enabled\": true}, {\"type\": \"sum\", \"schema\": \"metric\", \"id\": \"3\", \"params\": {\"field\": \"destination.bytes\", \"customLabel\": \"Server Bytes\"}, \"enabled\": true}, {\"type\": \"avg\", \"schema\": \"metric\", \"id\": \"4\", \"params\": {\"field\": \"event.duration\", \"customLabel\": \"Avg Response Time (ns)\"}, \"enabled\": true}], \"type\": \"metric\", \"title\": \"DNS Query Summary [Packetbeat] ECS\", \"params\": {\"type\": \"metric\", \"metric\": {\"labels\": {\"show\": true}, \"colorSchema\": \"Green to Red\", \"useRanges\": false, \"invertColors\": false, \"percentageMode\": false, \"metricColorMode\": \"None\", \"colorsRange\": [{\"from\": 0, \"to\": 10000}], \"style\": {\"bgColor\": false, \"bgFill\": \"#000\", \"labelColor\": false, \"subText\": \"\", \"fontSize\": 28}}, \"handleNoResults\": true, \"fontSize\": \"17\", \"addLegend\": false, \"addTooltip\": true}}"
            },
            "id": "DNS-Query-Summary-ecs",
            "type": "visualization",
            "updated_at": "2019-01-18T23:49:24.089Z",
            "version": 1
        },
        {
            "attributes": {
                "description": "",
                "kibanaSavedObjectMeta": {
                    "searchSourceJSON": "{\"filter\": [], \"query\": {\"query\": \"\", \"language\": \"kuery\"}, \"index\": \"packetbeat-*\"}"
                },
                "savedSearchId": "d19e8485-7df5-47ce-8009-9dc3c42bcf17-ecs",
                "title": "DNS Request Status Over Time [Packetbeat] ECS",
                "uiStateJSON": "{\"vis\": {\"colors\": {\"Error\": \"#890F02\", \"OK\": \"#0A50A1\"}}}",
                "version": 1,
                "visState": "{\"aggs\": [{\"type\": \"count\", \"schema\": \"metric\", \"id\": \"1\", \"params\": {}, \"enabled\": true}, {\"type\": \"date_histogram\", \"schema\": \"segment\", \"id\": \"2\", \"params\": {\"field\": \"@timestamp\", \"customInterval\": \"2h\", \"min_doc_count\": 1, \"useNormalizedEsInterval\": true, \"drop_partials\": false, \"interval\": \"auto\", \"extended_bounds\": {}}, \"enabled\": true}, {\"type\": \"terms\", \"schema\": \"group\", \"id\": \"3\", \"params\": {\"field\": \"status\", \"orderBy\": \"1\", \"order\": \"desc\", \"missingBucketLabel\": \"Missing\", \"otherBucketLabel\": \"Other\", \"missingBucket\": false, \"otherBucket\": false, \"size\": 5}, \"enabled\": true}], \"type\": \"area\", \"title\": \"DNS Request Status Over Time [Packetbeat] ECS\", \"params\": {\"type\": \"area\", \"seriesParams\": [{\"type\": \"area\", \"interpolate\": \"cardinal\", \"show\": \"true\", \"data\": {\"label\": \"Count\", \"id\": \"1\"}, \"valueAxis\": \"ValueAxis-1\", \"mode\": \"stacked\"}], \"interpolate\": \"linear\", \"shareYAxis\": true, \"addLegend\": true, \"addTooltip\": true, \"defaultYExtents\": false, \"categoryAxes\": [{\"labels\": {\"truncate\": 100, \"show\": true}, \"type\": \"category\", \"title\": {}, \"show\": true, \"style\": {}, \"id\": \"CategoryAxis-1\", \"scale\": {\"type\": \"linear\"}, \"position\": \"bottom\"}], \"yAxis\": {}, \"grid\": {\"style\": {\"color\": \"#eee\"}, \"categoryLines\": false}, \"setYExtents\": false, \"scale\": \"linear\", \"valueAxes\": [{\"labels\": {\"truncate\": 100, \"filter\": false, \"show\": true, \"rotate\": 0}, \"type\": \"value\", \"name\": \"LeftAxis-1\", \"title\": {\"text\": \"Count\"}, \"position\": \"left\", \"show\": true, \"style\": {}, \"scale\": {\"type\": \"linear\", \"setYExtents\": false, \"mode\": \"normal\", \"defaultYExtents\": false}, \"id\": \"ValueAxis-1\"}], \"times\": [], \"smoothLines\": false, \"addTimeMarker\": false, \"mode\": \"stacked\", \"legendPosition\": \"right\"}}"
            },
            "id": "DNS-Request-Status-Over-Time-ecs",
            "type": "visualization",
            "updated_at": "2019-01-18T23:49:24.089Z",
            "version": 1
        },
        {
            "attributes": {
                "description": "",
                "kibanaSavedObjectMeta": {
                    "searchSourceJSON": "{\"filter\": [], \"query\": {\"query\": \"\", \"language\": \"kuery\"}, \"index\": \"packetbeat-*\"}"
                },
                "savedSearchId": "d19e8485-7df5-47ce-8009-9dc3c42bcf17-ecs",
                "title": "DNS Question Types [Packetbeat] ECS",
                "uiStateJSON": "{}",
                "version": 1,
                "visState": "{\"aggs\": [{\"type\": \"count\", \"schema\": \"metric\", \"id\": \"1\", \"params\": {}, \"enabled\": true}, {\"type\": \"terms\", \"schema\": \"segment\", \"id\": \"2\", \"params\": {\"field\": \"dns.question.type\", \"orderBy\": \"1\", \"order\": \"desc\", \"missingBucketLabel\": \"Missing\", \"otherBucketLabel\": \"Other\", \"missingBucket\": false, \"otherBucket\": false, \"size\": 5}, \"enabled\": true}], \"type\": \"pie\", \"title\": \"DNS Question Types [Packetbeat] ECS\", \"params\": {\"labels\": {\"truncate\": 100, \"last_level\": true, \"show\": false, \"values\": true}, \"type\": \"pie\", \"shareYAxis\": true, \"legendPosition\": \"right\", \"isDonut\": false, \"addLegend\": true, \"addTooltip\": true}}"
            },
            "id": "DNS-Question-Types-ecs",
            "type": "visualization",
            "updated_at": "2019-01-18T23:49:24.089Z",
            "version": 1
        },
        {
            "attributes": {
                "description": "",
                "kibanaSavedObjectMeta": {
                    "searchSourceJSON": "{\"highlight\": {\"post_tags\": [\"@/kibana-highlighted-field@\"], \"require_field_match\": false, \"fragment_size\": 2147483647, \"pre_tags\": [\"@kibana-highlighted-field@\"], \"fields\": {\"*\": {}}}, \"filter\": [{\"$state\": {\"store\": \"appState\"}, \"query\": {\"match\": {\"status\": {\"type\": \"phrase\", \"query\": \"OK\"}}}, \"meta\": {\"type\": \"phrase\", \"value\": \"OK\", \"alias\": null, \"negate\": false, \"params\": {\"type\": \"phrase\", \"query\": \"OK\"}, \"index\": \"packetbeat-*\", \"key\": \"status\", \"disabled\": false}}], \"query\": {\"query\": \"\", \"language\": \"kuery\"}, \"index\": \"packetbeat-*\"}"
                },
                "savedSearchId": "d19e8485-7df5-47ce-8009-9dc3c42bcf17-ecs",
                "title": "DNS Top 10 Questions [Packetbeat] ECS",
                "uiStateJSON": "{\"vis\": {\"params\": {\"sort\": {\"direction\": null, \"columnIndex\": null}}}}",
                "version": 1,
                "visState": "{\"aggs\": [{\"type\": \"count\", \"schema\": \"metric\", \"id\": \"1\", \"params\": {}, \"enabled\": true}, {\"type\": \"terms\", \"schema\": \"bucket\", \"id\": \"2\", \"params\": {\"field\": \"dns.question.name\", \"customLabel\": \"Question\", \"order\": \"desc\", \"missingBucketLabel\": \"Missing\", \"otherBucketLabel\": \"Other\", \"orderBy\": \"1\", \"missingBucket\": false, \"otherBucket\": false, \"size\": 30}, \"enabled\": true}], \"type\": \"table\", \"title\": \"DNS Top 10 Questions [Packetbeat] ECS\", \"params\": {\"totalFunc\": \"sum\", \"showTotal\": false, \"showPartialRows\": false, \"sort\": {\"direction\": null, \"columnIndex\": null}, \"perPage\": 10, \"showMetricsAtAllLevels\": false}}"
            },
            "id": "DNS-Top-10-Questions-ecs",
            "type": "visualization",
            "updated_at": "2019-01-18T23:49:24.089Z",
            "version": 1
        },
        {
            "attributes": {
                "description": "",
                "kibanaSavedObjectMeta": {
                    "searchSourceJSON": "{\"highlight\": {\"post_tags\": [\"@/kibana-highlighted-field@\"], \"require_field_match\": false, \"fragment_size\": 2147483647, \"pre_tags\": [\"@kibana-highlighted-field@\"], \"fields\": {\"*\": {}}}, \"filter\": [], \"query\": {\"query\": \"\", \"language\": \"kuery\"}, \"index\": \"packetbeat-*\"}"
                },
                "savedSearchId": "d19e8485-7df5-47ce-8009-9dc3c42bcf17-ecs",
                "title": "DNS Response Codes [Packetbeat] ECS",
                "uiStateJSON": "{\"vis\": {\"params\": {\"sort\": {\"direction\": null, \"columnIndex\": null}}}}",
                "version": 1,
                "visState": "{\"aggs\": [{\"type\": \"count\", \"schema\": \"metric\", \"id\": \"1\", \"params\": {}, \"enabled\": true}, {\"type\": \"terms\", \"schema\": \"bucket\", \"id\": \"2\", \"params\": {\"field\": \"dns.response_code\", \"customLabel\": \"Response Code\", \"order\": \"desc\", \"missingBucketLabel\": \"Missing\", \"otherBucketLabel\": \"Other\", \"orderBy\": \"1\", \"missingBucket\": false, \"otherBucket\": false, \"size\": 5}, \"enabled\": true}], \"type\": \"table\", \"title\": \"DNS Response Codes [Packetbeat] ECS\", \"params\": {\"totalFunc\": \"sum\", \"showTotal\": false, \"showPartialRows\": false, \"sort\": {\"direction\": null, \"columnIndex\": null}, \"perPage\": 10, \"showMetricsAtAllLevels\": false}}"
            },
            "id": "DNS-Response-Codes-ecs",
            "type": "visualization",
            "updated_at": "2019-01-18T23:49:24.089Z",
            "version": 1
        },
        {
            "attributes": {
                "description": "",
                "kibanaSavedObjectMeta": {
                    "searchSourceJSON": "{\"filter\": [], \"query\": {\"query\": \"\", \"language\": \"kuery\"}}"
                },
                "savedSearchId": "d19e8485-7df5-47ce-8009-9dc3c42bcf17-ecs",
                "title": "DNS Min/Max/Avg Response Time Histogram [Packetbeat] ECS",
                "uiStateJSON": "{\"vis\": {\"colors\": {\"Avg Response Time (ns)\": \"#629E51\", \"Max Response Time (ns)\": \"#E24D42\", \"Min Response Time (ns)\": \"#70DBED\"}}}",
                "version": 1,
                "visState": "{\"aggs\": [{\"type\": \"date_histogram\", \"schema\": \"segment\", \"id\": \"2\", \"params\": {\"field\": \"@timestamp\", \"customInterval\": \"2h\", \"min_doc_count\": 1, \"useNormalizedEsInterval\": true, \"drop_partials\": false, \"interval\": \"auto\", \"extended_bounds\": {}}, \"enabled\": true}, {\"type\": \"min\", \"schema\": \"metric\", \"id\": \"4\", \"params\": {\"field\": \"event.duration\", \"customLabel\": \"Min Response Time (ns)\"}, \"enabled\": true}, {\"type\": \"avg\", \"schema\": \"metric\", \"id\": \"1\", \"params\": {\"field\": \"event.duration\", \"customLabel\": \"Avg Response Time (ns)\"}, \"enabled\": true}, {\"type\": \"max\", \"schema\": \"metric\", \"id\": \"3\", \"params\": {\"field\": \"event.duration\", \"customLabel\": \"Max Response Time (ns)\"}, \"enabled\": true}], \"type\": \"area\", \"title\": \"DNS Min/Max/Avg Response Time Histogram [Packetbeat] ECS\", \"params\": {\"type\": \"area\", \"grid\": {\"style\": {\"color\": \"#eee\"}, \"categoryLines\": false}, \"times\": [], \"legendPosition\": \"right\", \"valueAxes\": [{\"labels\": {\"truncate\": 100, \"filter\": false, \"show\": true, \"rotate\": 0}, \"type\": \"value\", \"name\": \"LeftAxis-1\", \"title\": {\"text\": \"Average event.duration\"}, \"position\": \"left\", \"show\": true, \"style\": {}, \"scale\": {\"type\": \"linear\", \"mode\": \"normal\"}, \"id\": \"ValueAxis-1\"}], \"seriesParams\": [{\"type\": \"area\", \"interpolate\": \"cardinal\", \"show\": true, \"drawLinesBetweenPoints\": true, \"data\": {\"label\": \"Min Response Time (ns)\", \"id\": \"4\"}, \"valueAxis\": \"ValueAxis-1\", \"showCircles\": true, \"mode\": \"stacked\"}, {\"type\": \"area\", \"interpolate\": \"cardinal\", \"show\": \"true\", \"drawLinesBetweenPoints\": true, \"data\": {\"label\": \"Avg Response Time (ns)\", \"id\": \"1\"}, \"valueAxis\": \"ValueAxis-1\", \"showCircles\": true, \"mode\": \"stacked\"}, {\"type\": \"area\", \"interpolate\": \"cardinal\", \"show\": true, \"drawLinesBetweenPoints\": true, \"data\": {\"label\": \"Max Response Time (ns)\", \"id\": \"3\"}, \"valueAxis\": \"ValueAxis-1\", \"showCircles\": true, \"mode\": \"stacked\"}], \"addLegend\": true, \"addTooltip\": true, \"addTimeMarker\": false, \"categoryAxes\": [{\"labels\": {\"truncate\": 100, \"show\": true}, \"type\": \"category\", \"title\": {}, \"show\": true, \"style\": {}, \"id\": \"CategoryAxis-1\", \"scale\": {\"type\": \"linear\"}, \"position\": \"bottom\"}]}}"
            },
            "id": "735d25c0-1459-11e9-9de0-f98d1808db8e-ecs",
            "type": "visualization",
            "updated_at": "2019-01-18T23:49:24.089Z",
            "version": 1
        },
        {
            "attributes": {
                "description": "",
                "kibanaSavedObjectMeta": {
                    "searchSourceJSON": "{\"filter\": [], \"query\": {\"query\": \"\", \"language\": \"kuery\"}}"
                },
                "savedSearchId": "d19e8485-7df5-47ce-8009-9dc3c42bcf17-ecs",
                "title": "DNS Client and Servers Pie Chart [Packetbeat] ECS",
                "uiStateJSON": "{}",
                "version": 1,
                "visState": "{\"aggs\": [{\"type\": \"count\", \"schema\": \"metric\", \"id\": \"1\", \"params\": {}, \"enabled\": true}, {\"type\": \"terms\", \"schema\": \"segment\", \"id\": \"3\", \"params\": {\"field\": \"destination.ip\", \"customLabel\": \"Server\", \"order\": \"desc\", \"missingBucketLabel\": \"Missing\", \"otherBucketLabel\": \"Other\", \"orderBy\": \"1\", \"missingBucket\": false, \"otherBucket\": false, \"size\": 5}, \"enabled\": true}, {\"type\": \"terms\", \"schema\": \"segment\", \"id\": \"2\", \"params\": {\"field\": \"source.ip\", \"customLabel\": \"Client\", \"order\": \"desc\", \"missingBucketLabel\": \"Missing\", \"otherBucketLabel\": \"Other\", \"orderBy\": \"1\", \"missingBucket\": false, \"otherBucket\": false, \"size\": 5}, \"enabled\": true}], \"type\": \"pie\", \"title\": \"DNS Client and Servers Pie Chart [Packetbeat] ECS\", \"params\": {\"labels\": {\"truncate\": 100, \"last_level\": true, \"show\": false, \"values\": true}, \"type\": \"pie\", \"legendPosition\": \"right\", \"isDonut\": true, \"addLegend\": true, \"addTooltip\": true}}"
            },
            "id": "bacb6ed0-1459-11e9-9de0-f98d1808db8e-ecs",
            "type": "visualization",
            "updated_at": "2019-01-18T23:49:24.089Z",
            "version": 1
        },
        {
            "attributes": {
                "columns": [
                    "server.ip",
                    "destination.ip",
                    "dns.question.name",
                    "status"
                ],
                "description": "",
                "hits": 0,
                "kibanaSavedObjectMeta": {
                    "searchSourceJSON": "{\"query\": {\"query\": \"\", \"language\": \"kuery\"}, \"highlightAll\": true, \"highlight\": {\"post_tags\": [\"@/kibana-highlighted-field@\"], \"require_field_match\": false, \"fragment_size\": 2147483647, \"pre_tags\": [\"@kibana-highlighted-field@\"], \"fields\": {\"*\": {}}}, \"index\": \"packetbeat-*\", \"filter\": [{\"$state\": {\"store\": \"appState\"}, \"query\": {\"match\": {\"network.protocol\": {\"type\": \"phrase\", \"query\": \"dns\"}}}, \"meta\": {\"type\": \"phrase\", \"value\": \"dns\", \"alias\": null, \"negate\": false, \"params\": {\"type\": \"phrase\", \"query\": \"dns\"}, \"index\": \"packetbeat-*\", \"key\": \"network.protocol\", \"disabled\": false}}], \"version\": true}"
                },
                "sort": [
                    "@timestamp",
                    "desc"
                ],
                "title": "DNS Protocol [Packetbeat] ECS",
                "version": 1
            },
            "id": "d19e8485-7df5-47ce-8009-9dc3c42bcf17-ecs",
            "type": "search",
            "updated_at": "2019-01-18T23:49:24.089Z",
            "version": 2
        },
        {
            "attributes": {
                "description": "Overview of DNS request and response metrics.",
                "hits": 0,
                "kibanaSavedObjectMeta": {
                    "searchSourceJSON": "{\"filter\": [], \"query\": {\"query\": \"\", \"language\": \"kuery\"}}"
                },
                "optionsJSON": "{\"useMargins\": true, \"hidePanelTitles\": false, \"darkTheme\": false}",
                "panelsJSON": "[{\"type\": \"visualization\", \"gridData\": {\"w\": 24, \"x\": 0, \"h\": 15, \"y\": 0, \"i\": \"1\"}, \"version\": \"7.0.0-SNAPSHOT\", \"panelIndex\": \"1\", \"embeddableConfig\": {}, \"id\": \"DNS-Query-Summary-ecs\"}, {\"type\": \"visualization\", \"gridData\": {\"w\": 24, \"x\": 24, \"h\": 15, \"y\": 0, \"i\": \"2\"}, \"version\": \"7.0.0-SNAPSHOT\", \"panelIndex\": \"2\", \"embeddableConfig\": {}, \"id\": \"DNS-Request-Status-Over-Time-ecs\"}, {\"type\": \"visualization\", \"gridData\": {\"w\": 13, \"x\": 0, \"h\": 15, \"y\": 15, \"i\": \"3\"}, \"version\": \"7.0.0-SNAPSHOT\", \"panelIndex\": \"3\", \"embeddableConfig\": {}, \"id\": \"DNS-Question-Types-ecs\"}, {\"type\": \"visualization\", \"gridData\": {\"w\": 24, \"x\": 0, \"h\": 15, \"y\": 30, \"i\": \"5\"}, \"version\": \"7.0.0-SNAPSHOT\", \"panelIndex\": \"5\", \"embeddableConfig\": {}, \"id\": \"DNS-Top-10-Questions-ecs\"}, {\"type\": \"visualization\", \"gridData\": {\"w\": 24, \"x\": 24, \"h\": 15, \"y\": 30, \"i\": \"6\"}, \"version\": \"7.0.0-SNAPSHOT\", \"panelIndex\": \"6\", \"embeddableConfig\": {}, \"id\": \"DNS-Response-Codes-ecs\"}, {\"type\": \"visualization\", \"gridData\": {\"w\": 24, \"x\": 24, \"h\": 15, \"y\": 15, \"i\": \"7\"}, \"version\": \"7.0.0-SNAPSHOT\", \"panelIndex\": \"7\", \"embeddableConfig\": {}, \"id\": \"735d25c0-1459-11e9-9de0-f98d1808db8e-ecs\"}, {\"type\": \"visualization\", \"gridData\": {\"w\": 11, \"x\": 13, \"h\": 15, \"y\": 15, \"i\": \"8\"}, \"version\": \"7.0.0-SNAPSHOT\", \"panelIndex\": \"8\", \"embeddableConfig\": {}, \"id\": \"bacb6ed0-1459-11e9-9de0-f98d1808db8e-ecs\"}]",
                "timeRestore": false,
                "title": "[Packetbeat] DNS Overview ECS",
                "version": 1
            },
            "id": "65120940-1454-11e9-9de0-f98d1808db8e-ecs",
            "type": "dashboard",
            "updated_at": "2019-01-18T23:49:24.089Z",
            "version": 1
        }
    ],
    "version": "7.0.0-SNAPSHOT"
}