{
    "objects": [
        {
            "attributes": {
                "description": "",
                "kibanaSavedObjectMeta": {
                    "searchSourceJSON": "{\"filter\": [], \"query\": {\"query\": \"\", \"language\": \"kuery\"}}"
                },
                "title": "Navigation [Packetbeat] ECS",
                "uiStateJSON": "{}",
                "version": 1,
                "visState": "{\"aggs\": [], \"type\": \"markdown\", \"title\": \"Navigation [Packetbeat] ECS\", \"params\": {\"fontSize\": 10, \"openLinksInNewTab\": false, \"markdown\": \"### Packetbeat:\\n\\n[Overview](#/dashboard/Packetbeat-Dashboard-ecs)\\n\\n[Network Flows](#/dashboard/Packetbeat-Flows-ecs)\\n\\n[DNS Overview](#/dashboard/65120940-1454-11e9-9de0-f98d1808db8e-ecs) | [Tunneling](#/dashboard/DNS-Unique-Domains-ecs)\\n\\n[DHCPv4 Transactions](#/dashboard/a7b35890-8baa-11e8-9676-ef67484126fb-ecs)\\n\\n[TLS Overview](#/dashboard/tls-sessions-ecs)\\n\\n[HTTP transactions](#/dashboard/Packetbeat-HTTP-ecs)\\n\\nDatabases: [MySQL](#/dashboard/Packetbeat-MySQL-performance-ecs) | [PostgreSQL](#/dashboard/Packetbeat-PgSQL-performance-ecs) | [MongoDB](#/dashboard/Packetbeat-MongoDB-performance-ecs) | [Cassandra](#/dashboard/Packetbeat-Cassandra-ecs)\\n\\nRPC: [Thrift](#/dashboard/Packetbeat-Thrift-performance-ecs)\\n\\nStorage: [NFS](#/dashboard/Packetbeat-NFS-ecs)\"}}"
            },
            "id": "Navigation-ecs",
            "type": "visualization",
            "updated_at": "2019-01-19T00:18:59.372Z",
            "version": 11
        },
        {
            "attributes": {
                "description": "",
                "kibanaSavedObjectMeta": {
                    "searchSourceJSON": "{\"filter\": []}"
                },
                "savedSearchId": "Thrift-transactions-ecs",
                "title": "Thrift requests per minute [Packetbeat] ECS",
                "uiStateJSON": "{}",
                "version": 1,
                "visState": "{\"aggs\": [{\"type\": \"count\", \"schema\": \"metric\", \"params\": {}, \"id\": \"1\"}, {\"type\": \"date_histogram\", \"schema\": \"segment\", \"params\": {\"field\": \"@timestamp\", \"customInterval\": \"2h\", \"min_doc_count\": 1, \"interval\": \"m\", \"extended_bounds\": {}}, \"id\": \"2\"}], \"type\": \"histogram\", \"title\": \"Thrift requests per minute ECS\", \"listeners\": {}, \"params\": {\"shareYAxis\": true, \"times\": [], \"setYExtents\": false, \"defaultYExtents\": false, \"addLegend\": false, \"scale\": \"linear\", \"addTooltip\": true, \"addTimeMarker\": false, \"mode\": \"stacked\", \"yAxis\": {}}}"
            },
            "id": "Thrift-requests-per-minute-ecs",
            "type": "visualization",
            "updated_at": "2019-01-18T23:49:32.418Z",
            "version": 1
        },
        {
            "attributes": {
                "description": "",
                "kibanaSavedObjectMeta": {
                    "searchSourceJSON": "{\"filter\": []}"
                },
                "savedSearchId": "Thrift-errors-ecs",
                "title": "Thrift RPC Errors [Packetbeat] ECS",
                "uiStateJSON": "{}",
                "version": 1,
                "visState": "{\"aggs\": [{\"type\": \"count\", \"schema\": \"metric\", \"params\": {}, \"id\": \"1\"}, {\"type\": \"date_histogram\", \"schema\": \"segment\", \"params\": {\"field\": \"@timestamp\", \"customInterval\": \"2h\", \"min_doc_count\": 1, \"interval\": \"auto\", \"extended_bounds\": {}}, \"id\": \"2\"}], \"type\": \"area\", \"title\": \"Thrift RPC Errors ECS\", \"listeners\": {}, \"params\": {\"interpolate\": \"linear\", \"shareYAxis\": true, \"addLegend\": false, \"addTooltip\": true, \"yAxis\": {}, \"scale\": \"linear\", \"setYExtents\": false, \"defaultYExtents\": false, \"times\": [], \"smoothLines\": false, \"addTimeMarker\": false, \"mode\": \"stacked\"}}"
            },
            "id": "Thrift-RPC-Errors-ecs",
            "type": "visualization",
            "updated_at": "2019-01-18T23:49:32.418Z",
            "version": 1
        },
        {
            "attributes": {
                "description": "",
                "kibanaSavedObjectMeta": {
                    "searchSourceJSON": "{\"filter\": [], \"query\": {\"query\": \"\", \"language\": \"kuery\"}}"
                },
                "savedSearchId": "Thrift-transactions-ecs",
                "title": "Slowest Thrift RPC methods [Packetbeat] ECS",
                "uiStateJSON": "{\"vis\": {\"params\": {\"sort\": {\"direction\": null, \"columnIndex\": null}}}}",
                "version": 1,
                "visState": "{\"aggs\": [{\"type\": \"avg\", \"schema\": \"metric\", \"id\": \"1\", \"params\": {\"field\": \"event.duration\"}, \"enabled\": true}, {\"type\": \"terms\", \"schema\": \"bucket\", \"id\": \"2\", \"params\": {\"field\": \"method\", \"orderBy\": \"1\", \"order\": \"desc\", \"missingBucketLabel\": \"Missing\", \"otherBucketLabel\": \"Other\", \"missingBucket\": false, \"otherBucket\": false, \"size\": 10}, \"enabled\": true}], \"type\": \"table\", \"title\": \"Slowest Thrift RPC methods [Packetbeat] ECS\", \"params\": {\"totalFunc\": \"sum\", \"showTotal\": false, \"showPartialRows\": false, \"sort\": {\"direction\": null, \"columnIndex\": null}, \"perPage\": 10, \"showMetricsAtAllLevels\": false}}"
            },
            "id": "Slowest-Thrift-RPC-methods-ecs",
            "type": "visualization",
            "updated_at": "2019-01-18T23:49:32.418Z",
            "version": 1
        },
        {
            "attributes": {
                "description": "",
                "kibanaSavedObjectMeta": {
                    "searchSourceJSON": "{\"filter\": [], \"query\": {\"query\": \"\", \"language\": \"kuery\"}}"
                },
                "savedSearchId": "Thrift-transactions-ecs",
                "title": "Thrift response times percentiles [Packetbeat] ECS",
                "uiStateJSON": "{}",
                "version": 1,
                "visState": "{\"aggs\": [{\"type\": \"percentiles\", \"schema\": \"metric\", \"id\": \"1\", \"params\": {\"field\": \"event.duration\", \"percents\": [75, 99, 99.5]}, \"enabled\": true}, {\"type\": \"date_histogram\", \"schema\": \"segment\", \"id\": \"2\", \"params\": {\"field\": \"@timestamp\", \"customInterval\": \"2h\", \"min_doc_count\": 1, \"useNormalizedEsInterval\": true, \"drop_partials\": false, \"interval\": \"auto\", \"extended_bounds\": {}}, \"enabled\": true}], \"type\": \"line\", \"title\": \"Thrift response times percentiles [Packetbeat] ECS\", \"params\": {\"type\": \"line\", \"seriesParams\": [{\"type\": \"line\", \"valueAxis\": \"ValueAxis-1\", \"show\": \"true\", \"mode\": \"normal\", \"data\": {\"label\": \"Percentiles of event.duration\", \"id\": \"1\"}}], \"shareYAxis\": true, \"addLegend\": true, \"addTooltip\": true, \"categoryAxes\": [{\"labels\": {\"truncate\": 100, \"show\": true}, \"type\": \"category\", \"title\": {}, \"show\": true, \"style\": {}, \"id\": \"CategoryAxis-1\", \"scale\": {\"type\": \"linear\"}, \"position\": \"bottom\"}], \"grid\": {\"style\": {\"color\": \"#eee\"}, \"categoryLines\": false}, \"defaultYExtents\": false, \"valueAxes\": [{\"labels\": {\"truncate\": 100, \"filter\": false, \"show\": true, \"rotate\": 0}, \"type\": \"value\", \"name\": \"LeftAxis-1\", \"title\": {\"text\": \"Percentiles of event.duration\"}, \"position\": \"left\", \"show\": true, \"style\": {}, \"scale\": {\"type\": \"linear\", \"setYExtents\": false, \"mode\": \"normal\", \"defaultYExtents\": false}, \"id\": \"ValueAxis-1\"}], \"times\": [], \"addTimeMarker\": false, \"legendPosition\": \"right\"}}"
            },
            "id": "Thrift-response-times-percentiles-ecs",
            "type": "visualization",
            "updated_at": "2019-01-18T23:49:32.418Z",
            "version": 1
        },
        {
            "attributes": {
                "description": "",
                "kibanaSavedObjectMeta": {
                    "searchSourceJSON": "{\"filter\": []}"
                },
                "savedSearchId": "Thrift-transactions-ecs",
                "title": "Top Thrift-RPC methods  [Packetbeat] ECS",
                "uiStateJSON": "{}",
                "version": 1,
                "visState": "{\"aggs\": [{\"type\": \"count\", \"schema\": \"metric\", \"params\": {}, \"id\": \"1\"}, {\"type\": \"terms\", \"schema\": \"segment\", \"params\": {\"field\": \"method\", \"orderBy\": \"1\", \"order\": \"desc\", \"size\": 5}, \"id\": \"2\"}], \"type\": \"histogram\", \"title\": \"Top Thrift-RPC methods ECS\", \"listeners\": {}, \"params\": {\"shareYAxis\": true, \"times\": [], \"setYExtents\": false, \"defaultYExtents\": false, \"addLegend\": false, \"scale\": \"linear\", \"addTooltip\": true, \"addTimeMarker\": false, \"mode\": \"stacked\", \"yAxis\": {}}}"
            },
            "id": "Top-Thrift-RPC-methods-ecs",
            "type": "visualization",
            "updated_at": "2019-01-18T23:49:32.418Z",
            "version": 1
        },
        {
            "attributes": {
                "description": "",
                "kibanaSavedObjectMeta": {
                    "searchSourceJSON": "{\"filter\": []}"
                },
                "savedSearchId": "Thrift-errors-ecs",
                "title": "Top Thrift-RPC calls with errors [Packetbeat] ECS",
                "version": 1,
                "visState": "{\"aggs\": [{\"type\": \"count\", \"schema\": \"metric\", \"params\": {}, \"id\": \"1\"}, {\"type\": \"terms\", \"schema\": \"segment\", \"params\": {\"field\": \"method\", \"orderBy\": \"1\", \"order\": \"desc\", \"size\": 5}, \"id\": \"2\"}], \"type\": \"histogram\", \"listeners\": {}, \"params\": {\"addLegend\": false, \"addTooltip\": true, \"shareYAxis\": true, \"mode\": \"stacked\", \"defaultYExtents\": false}}"
            },
            "id": "Top-Thrift-RPC-calls-with-errors-ecs",
            "type": "visualization",
            "updated_at": "2019-01-18T23:49:32.418Z",
            "version": 1
        },
        {
            "attributes": {
                "columns": [
                    "method",
                    "type",
                    "path",
                    "event.duration",
                    "status"
                ],
                "description": "",
                "hits": 0,
                "kibanaSavedObjectMeta": {
                    "searchSourceJSON": "{\"query\": {\"query\": \"type: thrift\", \"language\": \"kuery\"}, \"highlightAll\": true, \"highlight\": {\"post_tags\": [\"@/kibana-highlighted-field@\"], \"pre_tags\": [\"@kibana-highlighted-field@\"], \"fields\": {\"*\": {}}}, \"index\": \"packetbeat-*\", \"filter\": [{\"$state\": {\"store\": \"appState\"}, \"query\": {\"match\": {\"event.dataset\": {\"type\": \"phrase\", \"query\": \"thrift\"}}}, \"meta\": {\"type\": \"phrase\", \"value\": \"thrift\", \"alias\": null, \"negate\": false, \"params\": {\"type\": \"phrase\", \"query\": \"thrift\"}, \"index\": \"packetbeat-*\", \"key\": \"event.dataset\", \"disabled\": false}}], \"version\": true}"
                },
                "sort": [
                    "@timestamp",
                    "desc"
                ],
                "title": "Thrift Transactions Search [Packetbeat] ECS",
                "version": 1
            },
            "id": "Thrift-transactions-ecs",
            "type": "search",
            "updated_at": "2019-01-18T23:49:32.418Z",
            "version": 1
        },
        {
            "attributes": {
                "columns": [
                    "method",
                    "type",
                    "path",
                    "event.duration",
                    "status"
                ],
                "description": "",
                "hits": 0,
                "kibanaSavedObjectMeta": {
                    "searchSourceJSON": "{\"query\": {\"query\": \"type: thrift\", \"language\": \"kuery\"}, \"highlightAll\": true, \"highlight\": {\"post_tags\": [\"@/kibana-highlighted-field@\"], \"pre_tags\": [\"@kibana-highlighted-field@\"], \"fields\": {\"*\": {}}}, \"index\": \"packetbeat-*\", \"filter\": [{\"$state\": {\"store\": \"appState\"}, \"query\": {\"match\": {\"status\": {\"type\": \"phrase\", \"query\": \"OK\"}}}, \"meta\": {\"type\": \"phrase\", \"value\": \"OK\", \"alias\": null, \"negate\": true, \"params\": {\"type\": \"phrase\", \"query\": \"OK\"}, \"index\": \"packetbeat-*\", \"key\": \"status\", \"disabled\": false}}, {\"$state\": {\"store\": \"appState\"}, \"query\": {\"match\": {\"event.dataset\": {\"type\": \"phrase\", \"query\": \"thrift\"}}}, \"meta\": {\"type\": \"phrase\", \"value\": \"thrift\", \"alias\": null, \"negate\": false, \"params\": {\"type\": \"phrase\", \"query\": \"thrift\"}, \"index\": \"packetbeat-*\", \"key\": \"event.dataset\", \"disabled\": false}}], \"version\": true}"
                },
                "sort": [
                    "@timestamp",
                    "desc"
                ],
                "title": "Thrift Errors [Packetbeat] ECS",
                "version": 1
            },
            "id": "Thrift-errors-ecs",
            "type": "search",
            "updated_at": "2019-01-18T23:49:32.418Z",
            "version": 1
        },
        {
            "attributes": {
                "description": "",
                "hits": 0,
                "kibanaSavedObjectMeta": {
                    "searchSourceJSON": "{\"filter\": [], \"query\": {\"query\": \"\", \"language\": \"kuery\"}, \"highlightAll\": true, \"version\": true}"
                },
                "optionsJSON": "{\"darkTheme\": false}",
                "panelsJSON": "[{\"type\": \"visualization\", \"size_y\": 4, \"col\": 1, \"panelIndex\": 1, \"size_x\": 3, \"row\": 1, \"id\": \"Navigation-ecs\"}, {\"type\": \"visualization\", \"size_y\": 4, \"col\": 4, \"panelIndex\": 2, \"size_x\": 5, \"row\": 1, \"id\": \"Thrift-requests-per-minute-ecs\"}, {\"type\": \"visualization\", \"size_y\": 4, \"col\": 9, \"panelIndex\": 3, \"size_x\": 4, \"row\": 1, \"id\": \"Thrift-RPC-Errors-ecs\"}, {\"type\": \"visualization\", \"size_y\": 3, \"col\": 1, \"panelIndex\": 4, \"size_x\": 6, \"row\": 5, \"id\": \"Slowest-Thrift-RPC-methods-ecs\"}, {\"type\": \"visualization\", \"size_y\": 3, \"col\": 7, \"panelIndex\": 5, \"size_x\": 6, \"row\": 5, \"id\": \"Thrift-response-times-percentiles-ecs\"}, {\"type\": \"visualization\", \"size_y\": 4, \"col\": 1, \"panelIndex\": 6, \"size_x\": 6, \"row\": 8, \"id\": \"Top-Thrift-RPC-methods-ecs\"}, {\"type\": \"visualization\", \"size_y\": 4, \"col\": 7, \"panelIndex\": 7, \"size_x\": 6, \"row\": 8, \"id\": \"Top-Thrift-RPC-calls-with-errors-ecs\"}]",
                "timeRestore": false,
                "title": "[Packetbeat] Thrift performance ECS",
                "uiStateJSON": "{\"P-4\": {\"vis\": {\"params\": {\"sort\": {\"direction\": null, \"columnIndex\": null}}}}}",
                "version": 1
            },
            "id": "Packetbeat-Thrift-performance-ecs",
            "type": "dashboard",
            "updated_at": "2019-01-18T23:49:32.418Z",
            "version": 1
        }
    ],
    "version": "7.0.0-SNAPSHOT"
}