{
    "objects": [
        {
            "attributes": {
                "description": "",
                "kibanaSavedObjectMeta": {
                    "searchSourceJSON": "{\"filter\": [], \"query\": {\"query\": \"\", \"language\": \"kuery\"}}"
                },
                "savedSearchId": "Packetbeat-Flows-Search-ecs",
                "title": "Top Hosts Creating Traffic [Packetbeat Flows] ECS",
                "uiStateJSON": "{}",
                "version": 1,
                "visState": "{\"aggs\": [{\"type\": \"sum\", \"schema\": \"metric\", \"id\": \"1\", \"params\": {\"field\": \"source.bytes\", \"customLabel\": \"Source Bytes\"}, \"enabled\": true}, {\"type\": \"date_histogram\", \"schema\": \"segment\", \"id\": \"2\", \"params\": {\"field\": \"@timestamp\", \"customInterval\": \"2h\", \"min_doc_count\": 1, \"useNormalizedEsInterval\": true, \"drop_partials\": false, \"interval\": \"auto\", \"extended_bounds\": {}}, \"enabled\": true}, {\"type\": \"terms\", \"schema\": \"group\", \"id\": \"3\", \"params\": {\"field\": \"source.ip\", \"customLabel\": \"Source IP\", \"order\": \"desc\", \"missingBucketLabel\": \"Missing\", \"otherBucketLabel\": \"Other\", \"orderBy\": \"1\", \"missingBucket\": false, \"otherBucket\": false, \"size\": 5}, \"enabled\": true}], \"type\": \"area\", \"title\": \"Top Hosts Creating Traffic [Packetbeat Flows] ECS\", \"params\": {\"type\": \"area\", \"seriesParams\": [{\"type\": \"area\", \"interpolate\": \"cardinal\", \"show\": \"true\", \"data\": {\"label\": \"Source Bytes\", \"id\": \"1\"}, \"valueAxis\": \"ValueAxis-1\", \"mode\": \"stacked\"}], \"interpolate\": \"linear\", \"shareYAxis\": true, \"addLegend\": true, \"addTooltip\": true, \"defaultYExtents\": false, \"categoryAxes\": [{\"labels\": {\"truncate\": 100, \"show\": true}, \"type\": \"category\", \"title\": {}, \"show\": true, \"style\": {}, \"id\": \"CategoryAxis-1\", \"scale\": {\"type\": \"linear\"}, \"position\": \"bottom\"}], \"yAxis\": {}, \"grid\": {\"style\": {\"color\": \"#eee\"}, \"categoryLines\": false}, \"setYExtents\": false, \"scale\": \"linear\", \"valueAxes\": [{\"labels\": {\"truncate\": 100, \"filter\": false, \"show\": true, \"rotate\": 0}, \"type\": \"value\", \"name\": \"LeftAxis-1\", \"title\": {\"text\": \"Count\"}, \"position\": \"left\", \"show\": true, \"style\": {}, \"scale\": {\"type\": \"linear\", \"setYExtents\": false, \"mode\": \"normal\", \"defaultYExtents\": false}, \"id\": \"ValueAxis-1\"}], \"times\": [], \"smoothLines\": true, \"addTimeMarker\": false, \"mode\": \"stacked\", \"legendPosition\": \"right\"}}"
            },
            "id": "Top-hosts-creating-traffic-ecs",
            "type": "visualization",
            "updated_at": "2019-01-18T23:49:25.168Z",
            "version": 1
        },
        {
            "attributes": {
                "description": "",
                "kibanaSavedObjectMeta": {
                    "searchSourceJSON": "{\"filter\": [], \"query\": {\"query\": \"\", \"language\": \"kuery\"}}"
                },
                "title": "Navigation [Packetbeat] ECS",
                "uiStateJSON": "{}",
                "version": 1,
                "visState": "{\"aggs\": [], \"type\": \"markdown\", \"title\": \"Navigation [Packetbeat] ECS\", \"params\": {\"fontSize\": 10, \"openLinksInNewTab\": false, \"markdown\": \"### Packetbeat:\\n\\n[Overview](#/dashboard/Packetbeat-Dashboard-ecs)\\n\\n[Network Flows](#/dashboard/Packetbeat-Flows-ecs)\\n\\n[DNS Overview](#/dashboard/65120940-1454-11e9-9de0-f98d1808db8e-ecs) | [Tunneling](#/dashboard/DNS-Unique-Domains-ecs)\\n\\n[DHCPv4 Transactions](#/dashboard/a7b35890-8baa-11e8-9676-ef67484126fb-ecs)\\n\\n[TLS Overview](#/dashboard/tls-sessions-ecs)\\n\\n[HTTP transactions](#/dashboard/Packetbeat-HTTP-ecs)\\n\\nDatabases: [MySQL](#/dashboard/Packetbeat-MySQL-performance-ecs) | [PostgreSQL](#/dashboard/Packetbeat-PgSQL-performance-ecs) | [MongoDB](#/dashboard/Packetbeat-MongoDB-performance-ecs) | [Cassandra](#/dashboard/Packetbeat-Cassandra-ecs)\\n\\nRPC: [Thrift](#/dashboard/Packetbeat-Thrift-performance-ecs)\\n\\nStorage: [NFS](#/dashboard/Packetbeat-NFS-ecs)\"}}"
            },
            "id": "Navigation-ecs",
            "type": "visualization",
            "updated_at": "2019-01-19T00:18:59.372Z",
            "version": 11
        },
        {
            "attributes": {
                "description": "",
                "kibanaSavedObjectMeta": {
                    "searchSourceJSON": "{\"filter\": [], \"query\": {\"query\": \"\", \"language\": \"kuery\"}}"
                },
                "savedSearchId": "Packetbeat-Flows-Search-ecs",
                "title": "Connections over time [Packetbeat Flows] ECS",
                "uiStateJSON": "{}",
                "version": 1,
                "visState": "{\"aggs\": [{\"type\": \"cardinality\", \"schema\": \"metric\", \"id\": \"1\", \"params\": {\"field\": \"flow.id\", \"customLabel\": \"Unique Flows\"}, \"enabled\": true}, {\"type\": \"date_histogram\", \"schema\": \"segment\", \"id\": \"2\", \"params\": {\"field\": \"@timestamp\", \"customInterval\": \"2h\", \"min_doc_count\": 1, \"useNormalizedEsInterval\": true, \"drop_partials\": false, \"interval\": \"auto\", \"extended_bounds\": {}}, \"enabled\": true}], \"type\": \"area\", \"title\": \"Connections over time [Packetbeat Flows] ECS\", \"params\": {\"type\": \"area\", \"seriesParams\": [{\"type\": \"area\", \"interpolate\": \"cardinal\", \"show\": \"true\", \"data\": {\"label\": \"Unique Flows\", \"id\": \"1\"}, \"valueAxis\": \"ValueAxis-1\", \"mode\": \"stacked\"}], \"interpolate\": \"linear\", \"shareYAxis\": true, \"addLegend\": true, \"addTooltip\": true, \"defaultYExtents\": false, \"categoryAxes\": [{\"labels\": {\"truncate\": 100, \"show\": true}, \"type\": \"category\", \"title\": {}, \"show\": true, \"style\": {}, \"id\": \"CategoryAxis-1\", \"scale\": {\"type\": \"linear\"}, \"position\": \"bottom\"}], \"yAxis\": {}, \"grid\": {\"style\": {\"color\": \"#eee\"}, \"categoryLines\": false}, \"setYExtents\": false, \"scale\": \"linear\", \"valueAxes\": [{\"labels\": {\"truncate\": 100, \"filter\": false, \"show\": true, \"rotate\": 0}, \"type\": \"value\", \"name\": \"LeftAxis-1\", \"title\": {\"text\": \"Count\"}, \"position\": \"left\", \"show\": true, \"style\": {}, \"scale\": {\"type\": \"linear\", \"setYExtents\": false, \"mode\": \"normal\", \"defaultYExtents\": false}, \"id\": \"ValueAxis-1\"}], \"times\": [], \"smoothLines\": true, \"addTimeMarker\": false, \"mode\": \"stacked\", \"legendPosition\": \"right\"}}"
            },
            "id": "Connections-over-time-ecs",
            "type": "visualization",
            "updated_at": "2019-01-18T23:49:25.168Z",
            "version": 1
        },
        {
            "attributes": {
                "description": "",
                "kibanaSavedObjectMeta": {
                    "searchSourceJSON": "{\"filter\": [], \"query\": {\"query\": \"\", \"language\": \"kuery\"}}"
                },
                "savedSearchId": "Packetbeat-Flows-Search-ecs",
                "title": "Top Hosts Receiving Traffic [Packetbeat Flows] ECS",
                "uiStateJSON": "{}",
                "version": 1,
                "visState": "{\"aggs\": [{\"type\": \"sum\", \"schema\": \"metric\", \"id\": \"1\", \"params\": {\"field\": \"destination.bytes\", \"customLabel\": \"Destination Bytes\"}, \"enabled\": true}, {\"type\": \"date_histogram\", \"schema\": \"segment\", \"id\": \"2\", \"params\": {\"field\": \"@timestamp\", \"customInterval\": \"2h\", \"min_doc_count\": 1, \"useNormalizedEsInterval\": true, \"drop_partials\": false, \"interval\": \"auto\", \"extended_bounds\": {}}, \"enabled\": true}, {\"type\": \"terms\", \"schema\": \"group\", \"id\": \"3\", \"params\": {\"field\": \"destination.ip\", \"customLabel\": \"Destination IP\", \"order\": \"desc\", \"missingBucketLabel\": \"Missing\", \"otherBucketLabel\": \"Other\", \"orderBy\": \"1\", \"missingBucket\": false, \"otherBucket\": false, \"size\": 5}, \"enabled\": true}], \"type\": \"area\", \"title\": \"Top Hosts Receiving Traffic [Packetbeat Flows] ECS\", \"params\": {\"type\": \"area\", \"seriesParams\": [{\"type\": \"area\", \"interpolate\": \"cardinal\", \"show\": \"true\", \"data\": {\"label\": \"Destination Bytes\", \"id\": \"1\"}, \"valueAxis\": \"ValueAxis-1\", \"mode\": \"stacked\"}], \"interpolate\": \"linear\", \"shareYAxis\": true, \"addLegend\": true, \"addTooltip\": true, \"defaultYExtents\": false, \"categoryAxes\": [{\"labels\": {\"truncate\": 100, \"show\": true}, \"type\": \"category\", \"title\": {}, \"show\": true, \"style\": {}, \"id\": \"CategoryAxis-1\", \"scale\": {\"type\": \"linear\"}, \"position\": \"bottom\"}], \"yAxis\": {}, \"grid\": {\"style\": {\"color\": \"#eee\"}, \"categoryLines\": false}, \"setYExtents\": false, \"scale\": \"linear\", \"valueAxes\": [{\"labels\": {\"truncate\": 100, \"filter\": false, \"show\": true, \"rotate\": 0}, \"type\": \"value\", \"name\": \"LeftAxis-1\", \"title\": {\"text\": \"Count\"}, \"position\": \"left\", \"show\": true, \"style\": {}, \"scale\": {\"type\": \"linear\", \"setYExtents\": false, \"mode\": \"normal\", \"defaultYExtents\": false}, \"id\": \"ValueAxis-1\"}], \"times\": [], \"smoothLines\": true, \"addTimeMarker\": false, \"mode\": \"stacked\", \"legendPosition\": \"right\"}}"
            },
            "id": "Top-hosts-receiving-traffic-ecs",
            "type": "visualization",
            "updated_at": "2019-01-18T23:49:25.168Z",
            "version": 1
        },
        {
            "attributes": {
                "description": "",
                "kibanaSavedObjectMeta": {
                    "searchSourceJSON": "{\"filter\": [], \"query\": {\"query\": \"\", \"language\": \"kuery\"}}"
                },
                "savedSearchId": "Packetbeat-Flows-Search-ecs",
                "title": "Network Traffic Between Hosts [Packetbeat Flows] ECS",
                "uiStateJSON": "{\"vis\": {\"params\": {\"sort\": {\"direction\": null, \"columnIndex\": null}}}}",
                "version": 1,
                "visState": "{\"aggs\": [{\"type\": \"sum\", \"schema\": \"metric\", \"id\": \"1\", \"params\": {\"field\": \"source.bytes\", \"customLabel\": \"Source Bytes\"}, \"enabled\": true}, {\"type\": \"sum\", \"schema\": \"metric\", \"id\": \"2\", \"params\": {\"field\": \"destination.bytes\", \"customLabel\": \"Destination Bytes\"}, \"enabled\": true}, {\"type\": \"terms\", \"schema\": \"bucket\", \"id\": \"3\", \"params\": {\"field\": \"source.ip\", \"customLabel\": \"Source IP\", \"order\": \"desc\", \"missingBucketLabel\": \"Missing\", \"otherBucketLabel\": \"Other\", \"orderBy\": \"1\", \"missingBucket\": false, \"otherBucket\": false, \"size\": 5}, \"enabled\": true}, {\"type\": \"terms\", \"schema\": \"bucket\", \"id\": \"4\", \"params\": {\"field\": \"destination.ip\", \"customLabel\": \"Destination IP\", \"order\": \"desc\", \"missingBucketLabel\": \"Missing\", \"otherBucketLabel\": \"Other\", \"orderBy\": \"1\", \"missingBucket\": false, \"otherBucket\": false, \"size\": 5}, \"enabled\": true}], \"type\": \"table\", \"title\": \"Network Traffic Between Hosts [Packetbeat Flows] ECS\", \"params\": {\"totalFunc\": \"sum\", \"showTotal\": false, \"showPartialRows\": false, \"sort\": {\"direction\": null, \"columnIndex\": null}, \"perPage\": 10, \"showMetricsAtAllLevels\": false}}"
            },
            "id": "Network-traffic-between-your-hosts-ecs",
            "type": "visualization",
            "updated_at": "2019-01-18T23:49:25.168Z",
            "version": 1
        },
        {
            "attributes": {
                "columns": [
                    "type",
                    "event.start",
                    "event.end",
                    "source.ip",
                    "source.port",
                    "destination.ip",
                    "destination.port",
                    "source.bytes",
                    "destination.bytes"
                ],
                "description": "",
                "hits": 0,
                "kibanaSavedObjectMeta": {
                    "searchSourceJSON": "{\"query\": {\"query\": \"type: flow\", \"language\": \"kuery\"}, \"highlightAll\": true, \"highlight\": {\"post_tags\": [\"@/kibana-highlighted-field@\"], \"require_field_match\": false, \"fragment_size\": 2147483647, \"pre_tags\": [\"@kibana-highlighted-field@\"], \"fields\": {\"*\": {}}}, \"index\": \"packetbeat-*\", \"filter\": [], \"version\": true}"
                },
                "sort": [
                    "@timestamp",
                    "desc"
                ],
                "title": "Flows Search [Packetbeat] ECS",
                "version": 1
            },
            "id": "Packetbeat-Flows-Search-ecs",
            "type": "search",
            "updated_at": "2019-01-18T23:49:25.168Z",
            "version": 1
        },
        {
            "attributes": {
                "description": "",
                "hits": 0,
                "kibanaSavedObjectMeta": {
                    "searchSourceJSON": "{\"filter\": [], \"query\": {\"query\": \"\", \"language\": \"kuery\"}, \"highlightAll\": true, \"version\": true}"
                },
                "optionsJSON": "{\"darkTheme\": false}",
                "panelsJSON": "[{\"panelIndex\": \"1\", \"type\": \"visualization\", \"id\": \"Top-hosts-creating-traffic-ecs\", \"version\": \"7.0.0-SNAPSHOT\", \"gridData\": {\"w\": 24, \"x\": 0, \"h\": 35, \"y\": 25, \"i\": \"1\"}}, {\"panelIndex\": \"2\", \"type\": \"visualization\", \"id\": \"Navigation-ecs\", \"version\": \"7.0.0-SNAPSHOT\", \"gridData\": {\"w\": 12, \"x\": 0, \"h\": 20, \"y\": 0, \"i\": \"2\"}}, {\"panelIndex\": \"3\", \"type\": \"visualization\", \"id\": \"Connections-over-time-ecs\", \"version\": \"7.0.0-SNAPSHOT\", \"gridData\": {\"w\": 36, \"x\": 12, \"h\": 25, \"y\": 0, \"i\": \"3\"}}, {\"panelIndex\": \"4\", \"type\": \"visualization\", \"id\": \"Top-hosts-receiving-traffic-ecs\", \"version\": \"7.0.0-SNAPSHOT\", \"gridData\": {\"w\": 24, \"x\": 24, \"h\": 35, \"y\": 25, \"i\": \"4\"}}, {\"type\": \"visualization\", \"gridData\": {\"w\": 48, \"x\": 0, \"h\": 35, \"y\": 60, \"i\": \"5\"}, \"version\": \"7.0.0-SNAPSHOT\", \"panelIndex\": \"5\", \"embeddableConfig\": {\"vis\": {\"params\": {\"sort\": {\"direction\": null, \"columnIndex\": null}}}}, \"id\": \"Network-traffic-between-your-hosts-ecs\"}]",
                "timeRestore": false,
                "title": "[Packetbeat] Flows ECS",
                "version": 1
            },
            "id": "Packetbeat-Flows-ecs",
            "type": "dashboard",
            "updated_at": "2019-01-18T23:49:25.168Z",
            "version": 1
        }
    ],
    "version": "7.0.0-SNAPSHOT"
}