{
    "objects": [
        {
            "attributes": {
                "description": "",
                "kibanaSavedObjectMeta": {
                    "searchSourceJSON": "{\"filter\": [], \"query\": {\"query\": \"\", \"language\": \"kuery\"}}"
                },
                "savedSearchId": "71908f00-88ca-11e7-ad9c-db80de0bf8d3-ecs",
                "title": "HTTP Transactions [Packetbeat] ECS",
                "uiStateJSON": "{}",
                "version": 1,
                "visState": "{\"aggs\": [{\"type\": \"count\", \"schema\": \"metric\", \"id\": \"1\", \"params\": {}, \"enabled\": true}, {\"type\": \"date_histogram\", \"schema\": \"segment\", \"id\": \"2\", \"params\": {\"field\": \"@timestamp\", \"customInterval\": \"2h\", \"min_doc_count\": 1, \"useNormalizedEsInterval\": true, \"drop_partials\": false, \"interval\": \"auto\", \"extended_bounds\": {}}, \"enabled\": true}], \"type\": \"histogram\", \"title\": \"HTTP Transactions [Packetbeat] ECS\", \"params\": {\"type\": \"histogram\", \"seriesParams\": [{\"type\": \"histogram\", \"valueAxis\": \"ValueAxis-1\", \"show\": \"true\", \"mode\": \"stacked\", \"data\": {\"label\": \"Count\", \"id\": \"1\"}}], \"shareYAxis\": true, \"addLegend\": false, \"addTooltip\": true, \"defaultYExtents\": false, \"categoryAxes\": [{\"labels\": {\"truncate\": 100, \"show\": true}, \"type\": \"category\", \"title\": {}, \"show\": true, \"style\": {}, \"id\": \"CategoryAxis-1\", \"scale\": {\"type\": \"linear\"}, \"position\": \"bottom\"}], \"yAxis\": {}, \"grid\": {\"style\": {\"color\": \"#eee\"}, \"categoryLines\": false}, \"setYExtents\": false, \"scale\": \"linear\", \"valueAxes\": [{\"labels\": {\"truncate\": 100, \"filter\": false, \"show\": true, \"rotate\": 0}, \"type\": \"value\", \"name\": \"LeftAxis-1\", \"title\": {\"text\": \"Count\"}, \"position\": \"left\", \"show\": true, \"style\": {}, \"scale\": {\"type\": \"linear\", \"setYExtents\": false, \"mode\": \"normal\", \"defaultYExtents\": false}, \"id\": \"ValueAxis-1\"}], \"times\": [], \"addTimeMarker\": false, \"mode\": \"stacked\", \"legendPosition\": \"right\"}}"
            },
            "id": "Web-transactions-ecs",
            "type": "visualization",
            "updated_at": "2019-01-19T00:21:31.922Z",
            "version": 3
        },
        {
            "attributes": {
                "description": "",
                "kibanaSavedObjectMeta": {
                    "searchSourceJSON": "{\"filter\": [{\"$state\": {\"store\": \"appState\"}, \"query\": {\"match\": {\"event.type\": {\"type\": \"phrase\", \"query\": \"flow\"}}}, \"meta\": {\"type\": \"phrase\", \"value\": \"flow\", \"alias\": null, \"negate\": true, \"params\": {\"type\": \"phrase\", \"query\": \"flow\"}, \"index\": \"packetbeat-*\", \"key\": \"event.type\", \"disabled\": false}}], \"query\": {\"query\": \"\", \"language\": \"kuery\"}, \"index\": \"packetbeat-*\"}"
                },
                "title": "Transaction Types [Packetbeat] ECS",
                "uiStateJSON": "{}",
                "version": 1,
                "visState": "{\"aggs\": [{\"type\": \"count\", \"schema\": \"metric\", \"id\": \"1\", \"params\": {}, \"enabled\": true}, {\"type\": \"date_histogram\", \"schema\": \"segment\", \"id\": \"2\", \"params\": {\"field\": \"@timestamp\", \"customInterval\": \"2h\", \"min_doc_count\": 1, \"useNormalizedEsInterval\": true, \"drop_partials\": false, \"interval\": \"auto\", \"extended_bounds\": {}}, \"enabled\": true}, {\"type\": \"terms\", \"schema\": \"group\", \"id\": \"3\", \"params\": {\"field\": \"event.dataset\", \"orderBy\": \"1\", \"order\": \"desc\", \"missingBucketLabel\": \"Missing\", \"otherBucketLabel\": \"Other\", \"missingBucket\": false, \"otherBucket\": false, \"size\": 5}, \"enabled\": true}], \"type\": \"histogram\", \"title\": \"Transaction Types [Packetbeat] ECS\", \"params\": {\"type\": \"histogram\", \"seriesParams\": [{\"type\": \"histogram\", \"valueAxis\": \"ValueAxis-1\", \"show\": \"true\", \"mode\": \"stacked\", \"data\": {\"label\": \"Count\", \"id\": \"1\"}}], \"shareYAxis\": true, \"addLegend\": true, \"addTooltip\": true, \"defaultYExtents\": false, \"categoryAxes\": [{\"labels\": {\"truncate\": 100, \"show\": true}, \"type\": \"category\", \"title\": {}, \"show\": true, \"style\": {}, \"id\": \"CategoryAxis-1\", \"scale\": {\"type\": \"linear\"}, \"position\": \"bottom\"}], \"yAxis\": {}, \"grid\": {\"style\": {\"color\": \"#eee\"}, \"categoryLines\": false}, \"setYExtents\": false, \"scale\": \"linear\", \"valueAxes\": [{\"labels\": {\"truncate\": 100, \"filter\": false, \"show\": true, \"rotate\": 0}, \"type\": \"value\", \"name\": \"LeftAxis-1\", \"title\": {\"text\": \"Count\"}, \"position\": \"left\", \"show\": true, \"style\": {}, \"scale\": {\"type\": \"linear\", \"setYExtents\": false, \"mode\": \"normal\", \"defaultYExtents\": false}, \"id\": \"ValueAxis-1\"}], \"times\": [], \"addTimeMarker\": false, \"mode\": \"stacked\", \"legendPosition\": \"right\"}}"
            },
            "id": "DB-transactions-ecs",
            "type": "visualization",
            "updated_at": "2019-01-19T00:20:54.634Z",
            "version": 3
        },
        {
            "attributes": {
                "description": "",
                "kibanaSavedObjectMeta": {
                    "searchSourceJSON": "{\"filter\": [], \"query\": {\"query\": \"\", \"language\": \"kuery\"}}"
                },
                "savedSearchId": "Packetbeat-Search-ecs",
                "title": "Response times percentiles [Packetbeat] ECS",
                "uiStateJSON": "{}",
                "version": 1,
                "visState": "{\"aggs\": [{\"type\": \"percentiles\", \"schema\": \"metric\", \"id\": \"1\", \"params\": {\"field\": \"event.duration\", \"percents\": [75, 95, 99]}, \"enabled\": true}, {\"type\": \"date_histogram\", \"schema\": \"segment\", \"id\": \"2\", \"params\": {\"field\": \"@timestamp\", \"customInterval\": \"2h\", \"min_doc_count\": 1, \"useNormalizedEsInterval\": true, \"drop_partials\": false, \"interval\": \"auto\", \"extended_bounds\": {}}, \"enabled\": true}], \"type\": \"line\", \"title\": \"Response times percentiles [Packetbeat] ECS\", \"params\": {\"type\": \"line\", \"defaultYExtents\": false, \"interpolate\": \"linear\", \"shareYAxis\": true, \"drawLinesBetweenPoints\": true, \"addLegend\": true, \"addTooltip\": true, \"seriesParams\": [{\"type\": \"line\", \"radiusRatio\": 9, \"show\": \"true\", \"drawLinesBetweenPoints\": true, \"data\": {\"label\": \"Percentiles of event.duration\", \"id\": \"1\"}, \"valueAxis\": \"ValueAxis-1\", \"interpolate\": \"cardinal\", \"showCircles\": true, \"mode\": \"normal\"}], \"categoryAxes\": [{\"labels\": {\"truncate\": 100, \"show\": true}, \"type\": \"category\", \"title\": {}, \"show\": true, \"style\": {}, \"id\": \"CategoryAxis-1\", \"scale\": {\"type\": \"linear\"}, \"position\": \"bottom\"}], \"yAxis\": {}, \"grid\": {\"style\": {\"color\": \"#eee\"}, \"categoryLines\": false}, \"radiusRatio\": 9, \"setYExtents\": false, \"scale\": \"linear\", \"valueAxes\": [{\"labels\": {\"truncate\": 100, \"filter\": false, \"show\": true, \"rotate\": 0}, \"type\": \"value\", \"name\": \"LeftAxis-1\", \"title\": {\"text\": \"Percentiles of event.duration\"}, \"position\": \"left\", \"show\": true, \"style\": {}, \"scale\": {\"type\": \"linear\", \"setYExtents\": false, \"mode\": \"normal\", \"defaultYExtents\": false}, \"id\": \"ValueAxis-1\"}], \"times\": [], \"smoothLines\": true, \"showCircles\": true, \"addTimeMarker\": false, \"legendPosition\": \"right\"}}"
            },
            "id": "Response-times-percentiles-ecs",
            "type": "visualization",
            "updated_at": "2019-01-19T00:01:49.340Z",
            "version": 2
        },
        {
            "attributes": {
                "description": "",
                "kibanaSavedObjectMeta": {
                    "searchSourceJSON": "{\"filter\": []}"
                },
                "savedSearchId": "Transactions-errors-ecs",
                "title": "Errors count over time ECS",
                "uiStateJSON": "{}",
                "version": 1,
                "visState": "{\"aggs\": [{\"type\": \"count\", \"schema\": \"metric\", \"params\": {}, \"id\": \"1\"}, {\"type\": \"date_histogram\", \"schema\": \"segment\", \"params\": {\"field\": \"@timestamp\", \"customInterval\": \"30s\", \"min_doc_count\": 1, \"interval\": \"custom\", \"extended_bounds\": {}}, \"id\": \"2\"}, {\"type\": \"terms\", \"schema\": \"group\", \"params\": {\"field\": \"type\", \"orderBy\": \"1\", \"order\": \"desc\", \"size\": 5}, \"id\": \"3\"}], \"type\": \"histogram\", \"title\": \"New Visualization ECS\", \"listeners\": {}, \"params\": {\"shareYAxis\": true, \"times\": [], \"setYExtents\": false, \"defaultYExtents\": false, \"addLegend\": true, \"scale\": \"linear\", \"addTooltip\": true, \"addTimeMarker\": false, \"mode\": \"stacked\", \"yAxis\": {}}}"
            },
            "id": "Errors-count-over-time-ecs",
            "type": "visualization",
            "updated_at": "2019-01-18T23:49:30.350Z",
            "version": 1
        },
        {
            "attributes": {
                "description": "",
                "kibanaSavedObjectMeta": {
                    "searchSourceJSON": "{\"filter\": [], \"query\": {\"query\": \"\", \"language\": \"kuery\"}}"
                },
                "savedSearchId": "Packetbeat-Search-ecs",
                "title": "Errors vs successful transactions [Packetbeat] ECS",
                "uiStateJSON": "{}",
                "version": 1,
                "visState": "{\"aggs\": [{\"type\": \"count\", \"schema\": \"metric\", \"id\": \"1\", \"params\": {}, \"enabled\": true}, {\"type\": \"date_histogram\", \"schema\": \"segment\", \"id\": \"2\", \"params\": {\"field\": \"@timestamp\", \"customInterval\": \"2h\", \"min_doc_count\": 1, \"useNormalizedEsInterval\": true, \"drop_partials\": false, \"interval\": \"auto\", \"extended_bounds\": {}}, \"enabled\": true}, {\"type\": \"terms\", \"schema\": \"group\", \"id\": \"3\", \"params\": {\"field\": \"status\", \"orderBy\": \"1\", \"order\": \"desc\", \"missingBucketLabel\": \"Missing\", \"otherBucketLabel\": \"Other\", \"missingBucket\": false, \"otherBucket\": false, \"size\": 5}, \"enabled\": true}], \"type\": \"histogram\", \"title\": \"Errors vs successful transactions [Packetbeat] ECS\", \"params\": {\"type\": \"histogram\", \"seriesParams\": [{\"type\": \"histogram\", \"valueAxis\": \"ValueAxis-1\", \"show\": \"true\", \"mode\": \"stacked\", \"data\": {\"label\": \"Count\", \"id\": \"1\"}}], \"shareYAxis\": true, \"addLegend\": true, \"addTooltip\": true, \"defaultYExtents\": false, \"categoryAxes\": [{\"labels\": {\"truncate\": 100, \"show\": true}, \"type\": \"category\", \"title\": {}, \"show\": true, \"style\": {}, \"id\": \"CategoryAxis-1\", \"scale\": {\"type\": \"linear\"}, \"position\": \"bottom\"}], \"yAxis\": {}, \"grid\": {\"style\": {\"color\": \"#eee\"}, \"categoryLines\": false}, \"setYExtents\": false, \"scale\": \"linear\", \"valueAxes\": [{\"labels\": {\"truncate\": 100, \"filter\": false, \"show\": true, \"rotate\": 0}, \"type\": \"value\", \"name\": \"LeftAxis-1\", \"title\": {\"text\": \"Count\"}, \"position\": \"left\", \"show\": true, \"style\": {}, \"scale\": {\"type\": \"linear\", \"setYExtents\": false, \"mode\": \"percentage\", \"defaultYExtents\": false}, \"id\": \"ValueAxis-1\"}], \"times\": [], \"addTimeMarker\": false, \"mode\": \"percentage\", \"legendPosition\": \"right\"}}"
            },
            "id": "Errors-vs-successful-transactions-ecs",
            "type": "visualization",
            "updated_at": "2019-01-19T00:02:24.071Z",
            "version": 2
        },
        {
            "attributes": {
                "description": "",
                "kibanaSavedObjectMeta": {
                    "searchSourceJSON": "{\"filter\": [], \"query\": {\"query\": \"\", \"language\": \"kuery\"}}"
                },
                "savedSearchId": "Packetbeat-Search-ecs",
                "title": "Latency Histogram [Packetbeat] ECS",
                "uiStateJSON": "{}",
                "version": 1,
                "visState": "{\"aggs\": [{\"type\": \"count\", \"schema\": \"metric\", \"id\": \"1\", \"params\": {}, \"enabled\": true}, {\"type\": \"histogram\", \"schema\": \"segment\", \"id\": \"2\", \"params\": {\"field\": \"event.duration\", \"extended_bounds\": {}, \"interval\": 10000000}, \"enabled\": true}], \"type\": \"area\", \"title\": \"Latency Histogram [Packetbeat] ECS\", \"params\": {\"type\": \"area\", \"seriesParams\": [{\"type\": \"area\", \"interpolate\": \"cardinal\", \"show\": \"true\", \"data\": {\"label\": \"Count\", \"id\": \"1\"}, \"valueAxis\": \"ValueAxis-1\", \"mode\": \"stacked\"}], \"interpolate\": \"linear\", \"shareYAxis\": true, \"addLegend\": true, \"addTooltip\": true, \"defaultYExtents\": false, \"categoryAxes\": [{\"labels\": {\"truncate\": 100, \"show\": true}, \"type\": \"category\", \"title\": {}, \"show\": true, \"style\": {}, \"id\": \"CategoryAxis-1\", \"scale\": {\"type\": \"linear\"}, \"position\": \"bottom\"}], \"yAxis\": {}, \"grid\": {\"style\": {\"color\": \"#eee\"}, \"categoryLines\": false}, \"setYExtents\": false, \"scale\": \"linear\", \"valueAxes\": [{\"labels\": {\"truncate\": 100, \"filter\": false, \"show\": true, \"rotate\": 0}, \"type\": \"value\", \"name\": \"LeftAxis-1\", \"title\": {\"text\": \"Count\"}, \"position\": \"left\", \"show\": true, \"style\": {}, \"scale\": {\"type\": \"linear\", \"setYExtents\": false, \"mode\": \"normal\", \"defaultYExtents\": false}, \"id\": \"ValueAxis-1\"}], \"times\": [], \"smoothLines\": true, \"addTimeMarker\": false, \"mode\": \"stacked\", \"legendPosition\": \"right\"}}"
            },
            "id": "Latency-histogram-ecs",
            "type": "visualization",
            "updated_at": "2019-01-19T00:03:54.084Z",
            "version": 2
        },
        {
            "attributes": {
                "description": "",
                "kibanaSavedObjectMeta": {
                    "searchSourceJSON": "{\"filter\": [], \"query\": {\"query\": \"\", \"language\": \"kuery\"}, \"index\": \"packetbeat-*\"}"
                },
                "title": "Client IP Locations (requires GeoIP enrichment) [Packetbeat] ECS",
                "uiStateJSON": "{\"mapCenter\": [0, -0.17578125]}",
                "version": 1,
                "visState": "{\"aggs\": [{\"type\": \"count\", \"schema\": \"metric\", \"id\": \"1\", \"params\": {}, \"enabled\": true}, {\"type\": \"geohash_grid\", \"schema\": \"segment\", \"id\": \"2\", \"params\": {\"useGeocentroid\": true, \"field\": \"client.geo.location\", \"mapCenter\": {\"lat\": -0.17578097424708533, \"lon\": 0}, \"autoPrecision\": true, \"mapZoom\": 2, \"mapBounds\": {\"bottom_right\": {\"lat\": -84.0160220686566, \"lon\": 259.80468750000006}, \"top_left\": {\"lat\": 83.97925949886205, \"lon\": -259.80468750000006}}, \"isFilteredByCollar\": true, \"precision\": 2}, \"enabled\": true}], \"type\": \"tile_map\", \"title\": \"Client IP Locations (requires GeoIP enrichment) [Packetbeat] ECS\", \"params\": {\"heatClusterSize\": 1.5, \"addTooltip\": true, \"heatMaxZoom\": 16, \"heatRadius\": 25, \"heatMinOpacity\": 0.1, \"mapZoom\": 2, \"mapCenter\": [15, 5], \"wms\": {\"selectedTmsLayer\": {\"maxZoom\": 18, \"attribution\": \"<p>&#169; <a href=\\\"http://www.openstreetmap.org/copyright\\\">OpenStreetMap</a> contributors | <a href=\\\"https://www.elastic.co/elastic-maps-service\\\">Elastic Maps Service</a></p>&#10;\", \"minZoom\": 0, \"origin\": \"elastic_maps_service\", \"id\": \"road_map\"}, \"url\": \"https://basemap.nationalmap.gov/arcgis/services/USGSTopo/MapServer/WMSServer\", \"options\": {\"attribution\": \"Maps provided by USGS\", \"styles\": \"\", \"transparent\": true, \"format\": \"image/png\", \"layers\": \"0\", \"version\": \"1.3.0\"}, \"enabled\": false}, \"heatNormalizeData\": true, \"colorSchema\": \"Yellow to Red\", \"isDesaturated\": true, \"mapType\": \"Scaled Circle Markers\", \"heatBlur\": 15, \"legendPosition\": \"bottomright\"}}"
            },
            "id": "Client-locations-ecs",
            "type": "visualization",
            "updated_at": "2019-01-18T23:52:42.404Z",
            "version": 2
        },
        {
            "attributes": {
                "description": "",
                "kibanaSavedObjectMeta": {
                    "searchSourceJSON": "{\"filter\": [], \"query\": {\"query\": \"\", \"language\": \"kuery\"}}"
                },
                "savedSearchId": "Packetbeat-Search-ecs",
                "title": "Response times repartition [Packetbeat] ECS",
                "uiStateJSON": "{}",
                "version": 1,
                "visState": "{\"aggs\": [{\"type\": \"count\", \"schema\": \"metric\", \"id\": \"1\", \"params\": {}, \"enabled\": true}, {\"type\": \"date_histogram\", \"schema\": \"segment\", \"id\": \"2\", \"params\": {\"field\": \"@timestamp\", \"customInterval\": \"2h\", \"min_doc_count\": 1, \"useNormalizedEsInterval\": true, \"drop_partials\": false, \"interval\": \"auto\", \"extended_bounds\": {}}, \"enabled\": true}, {\"type\": \"histogram\", \"schema\": \"group\", \"id\": \"3\", \"params\": {\"field\": \"event.duration\", \"extended_bounds\": {}, \"interval\": 10000000}, \"enabled\": true}], \"type\": \"histogram\", \"title\": \"Response times repartition [Packetbeat] ECS\", \"params\": {\"type\": \"histogram\", \"seriesParams\": [{\"type\": \"histogram\", \"valueAxis\": \"ValueAxis-1\", \"show\": \"true\", \"mode\": \"stacked\", \"data\": {\"label\": \"Count\", \"id\": \"1\"}}], \"shareYAxis\": true, \"addLegend\": true, \"addTooltip\": true, \"defaultYExtents\": false, \"categoryAxes\": [{\"labels\": {\"truncate\": 100, \"show\": true}, \"type\": \"category\", \"title\": {}, \"show\": true, \"style\": {}, \"id\": \"CategoryAxis-1\", \"scale\": {\"type\": \"linear\"}, \"position\": \"bottom\"}], \"yAxis\": {}, \"grid\": {\"style\": {\"color\": \"#eee\"}, \"categoryLines\": false}, \"setYExtents\": false, \"scale\": \"linear\", \"valueAxes\": [{\"labels\": {\"truncate\": 100, \"filter\": false, \"show\": true, \"rotate\": 0}, \"type\": \"value\", \"name\": \"LeftAxis-1\", \"title\": {\"text\": \"Count\"}, \"position\": \"left\", \"show\": true, \"style\": {}, \"scale\": {\"type\": \"linear\", \"setYExtents\": false, \"mode\": \"normal\", \"defaultYExtents\": false}, \"id\": \"ValueAxis-1\"}], \"times\": [], \"addTimeMarker\": false, \"mode\": \"stacked\", \"legendPosition\": \"right\"}}"
            },
            "id": "Response-times-repartition-ecs",
            "type": "visualization",
            "updated_at": "2019-01-19T00:00:32.530Z",
            "version": 2
        },
        {
            "attributes": {
                "description": "",
                "kibanaSavedObjectMeta": {
                    "searchSourceJSON": "{\"filter\": [], \"query\": {\"query\": \"\", \"language\": \"kuery\"}}"
                },
                "title": "Navigation [Packetbeat] ECS",
                "uiStateJSON": "{}",
                "version": 1,
                "visState": "{\"aggs\": [], \"type\": \"markdown\", \"title\": \"Navigation [Packetbeat] ECS\", \"params\": {\"fontSize\": 10, \"openLinksInNewTab\": false, \"markdown\": \"### Packetbeat:\\n\\n[Overview](#/dashboard/Packetbeat-Dashboard-ecs)\\n\\n[Network Flows](#/dashboard/Packetbeat-Flows-ecs)\\n\\n[DNS Overview](#/dashboard/65120940-1454-11e9-9de0-f98d1808db8e-ecs) | [Tunneling](#/dashboard/DNS-Unique-Domains-ecs)\\n\\n[DHCPv4 Transactions](#/dashboard/a7b35890-8baa-11e8-9676-ef67484126fb-ecs)\\n\\n[TLS Overview](#/dashboard/tls-sessions-ecs)\\n\\n[HTTP transactions](#/dashboard/Packetbeat-HTTP-ecs)\\n\\nDatabases: [MySQL](#/dashboard/Packetbeat-MySQL-performance-ecs) | [PostgreSQL](#/dashboard/Packetbeat-PgSQL-performance-ecs) | [MongoDB](#/dashboard/Packetbeat-MongoDB-performance-ecs) | [Cassandra](#/dashboard/Packetbeat-Cassandra-ecs)\\n\\nRPC: [Thrift](#/dashboard/Packetbeat-Thrift-performance-ecs)\\n\\nStorage: [NFS](#/dashboard/Packetbeat-NFS-ecs)\"}}"
            },
            "id": "Navigation-ecs",
            "type": "visualization",
            "updated_at": "2019-01-19T00:18:59.372Z",
            "version": 11
        },
        {
            "attributes": {
                "description": "",
                "kibanaSavedObjectMeta": {
                    "searchSourceJSON": "{\"filter\": [], \"query\": {\"query\": \"\", \"language\": \"kuery\"}}"
                },
                "savedSearchId": "d19e8485-7df5-47ce-8009-9dc3c42bcf17-ecs",
                "title": "DNS Transactions [Packetbeat] ECS",
                "uiStateJSON": "{}",
                "version": 1,
                "visState": "{\"aggs\": [{\"type\": \"avg\", \"schema\": \"metric\", \"id\": \"1\", \"params\": {\"field\": \"event.duration\", \"customLabel\": \"Avg Response Time\"}, \"enabled\": true}, {\"type\": \"date_histogram\", \"schema\": \"segment\", \"id\": \"2\", \"params\": {\"field\": \"@timestamp\", \"customInterval\": \"2h\", \"min_doc_count\": 1, \"useNormalizedEsInterval\": true, \"drop_partials\": false, \"interval\": \"auto\", \"extended_bounds\": {}}, \"enabled\": true}, {\"type\": \"count\", \"schema\": \"metric\", \"id\": \"3\", \"params\": {}, \"enabled\": true}], \"type\": \"area\", \"title\": \"DNS Transactions [Packetbeat] ECS\", \"params\": {\"type\": \"area\", \"grid\": {\"style\": {\"color\": \"#eee\"}, \"categoryLines\": false}, \"times\": [], \"legendPosition\": \"right\", \"valueAxes\": [{\"labels\": {\"truncate\": 100, \"filter\": false, \"show\": true, \"rotate\": 0}, \"type\": \"value\", \"name\": \"LeftAxis-1\", \"title\": {\"text\": \"Avg Response Time\"}, \"position\": \"left\", \"show\": true, \"style\": {}, \"scale\": {\"type\": \"linear\", \"mode\": \"normal\"}, \"id\": \"ValueAxis-1\"}, {\"labels\": {\"truncate\": 100, \"filter\": false, \"show\": true, \"rotate\": 0}, \"type\": \"value\", \"name\": \"RightAxis-1\", \"title\": {\"text\": \"Count\"}, \"position\": \"right\", \"show\": true, \"style\": {}, \"scale\": {\"type\": \"linear\", \"mode\": \"normal\"}, \"id\": \"ValueAxis-2\"}], \"seriesParams\": [{\"type\": \"area\", \"interpolate\": \"cardinal\", \"show\": \"true\", \"drawLinesBetweenPoints\": true, \"data\": {\"label\": \"Avg Response Time\", \"id\": \"1\"}, \"valueAxis\": \"ValueAxis-1\", \"showCircles\": true, \"mode\": \"stacked\"}, {\"type\": \"line\", \"interpolate\": \"cardinal\", \"show\": true, \"drawLinesBetweenPoints\": true, \"data\": {\"label\": \"Count\", \"id\": \"3\"}, \"valueAxis\": \"ValueAxis-2\", \"showCircles\": true, \"lineWidth\": 3.5, \"mode\": \"stacked\"}], \"addLegend\": true, \"addTooltip\": true, \"addTimeMarker\": false, \"categoryAxes\": [{\"labels\": {\"truncate\": 100, \"show\": true}, \"type\": \"category\", \"title\": {}, \"show\": true, \"style\": {}, \"id\": \"CategoryAxis-1\", \"scale\": {\"type\": \"linear\"}, \"position\": \"bottom\"}]}}"
            },
            "id": "e3f09730-1b80-11e9-83df-75eebb35951e-ecs",
            "type": "visualization",
            "updated_at": "2019-01-19T00:29:49.161Z",
            "version": 3
        },
        {
            "attributes": {
                "description": "",
                "kibanaSavedObjectMeta": {
                    "searchSourceJSON": "{\"filter\": [], \"query\": {\"query\": \"\", \"language\": \"kuery\"}}"
                },
                "savedSearchId": "ffc3c0b0-d2d7-11e7-9914-4982455b3063-ecs",
                "title": "TLS Sessions [Packetbeat] ECS",
                "uiStateJSON": "{\"vis\": {\"legendOpen\": false, \"colors\": {\"true\": \"#7EB26D\", \"false\": \"#E24D42\"}}}",
                "version": 1,
                "visState": "{\"aggs\": [{\"type\": \"count\", \"schema\": \"metric\", \"id\": \"1\", \"params\": {}, \"enabled\": true}, {\"type\": \"date_histogram\", \"schema\": \"segment\", \"id\": \"2\", \"params\": {\"field\": \"@timestamp\", \"customInterval\": \"2h\", \"customLabel\": \"Sessions per minute\", \"min_doc_count\": 1, \"interval\": \"auto\", \"extended_bounds\": {}}, \"enabled\": true}, {\"type\": \"terms\", \"schema\": \"group\", \"id\": \"3\", \"params\": {\"field\": \"tls.established\", \"customLabel\": \"Handshake completed\", \"order\": \"desc\", \"orderBy\": \"1\", \"size\": 5, \"json\": \"\"}, \"enabled\": true}], \"type\": \"histogram\", \"title\": \"TLS Sessions ECS\", \"params\": {\"type\": \"histogram\", \"grid\": {\"style\": {\"color\": \"#eee\"}, \"valueAxis\": \"ValueAxis-1\", \"categoryLines\": false}, \"times\": [], \"legendPosition\": \"right\", \"valueAxes\": [{\"labels\": {\"truncate\": 100, \"filter\": false, \"show\": true, \"rotate\": 0}, \"type\": \"value\", \"name\": \"LeftAxis-1\", \"title\": {\"text\": \"Count\"}, \"position\": \"left\", \"show\": true, \"style\": {}, \"scale\": {\"type\": \"linear\", \"mode\": \"normal\"}, \"id\": \"ValueAxis-1\"}], \"seriesParams\": [{\"type\": \"histogram\", \"show\": \"true\", \"drawLinesBetweenPoints\": true, \"data\": {\"label\": \"Count\", \"id\": \"1\"}, \"valueAxis\": \"ValueAxis-1\", \"showCircles\": true, \"mode\": \"stacked\"}], \"addLegend\": true, \"addTooltip\": true, \"addTimeMarker\": false, \"categoryAxes\": [{\"labels\": {\"truncate\": 100, \"show\": true}, \"type\": \"category\", \"title\": {}, \"show\": true, \"style\": {}, \"id\": \"CategoryAxis-1\", \"scale\": {\"type\": \"linear\"}, \"position\": \"bottom\"}]}}"
            },
            "id": "059fe5e0-d2dd-11e7-9914-4982455b3063-ecs",
            "type": "visualization",
            "updated_at": "2019-01-18T23:49:33.441Z",
            "version": 1
        },
        {
            "attributes": {
                "columns": [
                    "_source"
                ],
                "description": "",
                "hits": 0,
                "kibanaSavedObjectMeta": {
                    "searchSourceJSON": "{\"index\": \"packetbeat-*\", \"filter\": [{\"$state\": {\"store\": \"appState\"}, \"query\": {\"match\": {\"network.protocol\": {\"type\": \"phrase\", \"query\": \"http\"}}}, \"meta\": {\"type\": \"phrase\", \"value\": \"http\", \"alias\": null, \"negate\": false, \"params\": {\"type\": \"phrase\", \"query\": \"http\"}, \"index\": \"packetbeat-*\", \"key\": \"network.protocol\", \"disabled\": false}}], \"query\": {\"query\": \"\", \"language\": \"kuery\"}, \"highlightAll\": true, \"version\": true}"
                },
                "sort": [
                    "@timestamp",
                    "desc"
                ],
                "title": "HTTP Transactions Search [Packetbeat] ECS",
                "version": 1
            },
            "id": "71908f00-88ca-11e7-ad9c-db80de0bf8d3-ecs",
            "type": "search",
            "updated_at": "2019-01-19T00:21:43.886Z",
            "version": 3
        },
        {
            "attributes": {
                "columns": [
                    "client.ip",
                    "client.port",
                    "server.ip",
                    "server.port",
                    "event.dataset",
                    "query",
                    "method",
                    "event.duration",
                    "status"
                ],
                "description": "",
                "hits": 0,
                "kibanaSavedObjectMeta": {
                    "searchSourceJSON": "{\"query\": {\"query\": \"\", \"language\": \"kuery\"}, \"highlightAll\": true, \"highlight\": {\"post_tags\": [\"@/kibana-highlighted-field@\"], \"require_field_match\": false, \"fragment_size\": 2147483647, \"pre_tags\": [\"@kibana-highlighted-field@\"], \"fields\": {\"*\": {}}}, \"index\": \"packetbeat-*\", \"filter\": [{\"$state\": {\"store\": \"appState\"}, \"query\": {\"match\": {\"event.dataset\": {\"type\": \"phrase\", \"query\": \"flow\"}}}, \"meta\": {\"type\": \"phrase\", \"value\": \"flow\", \"alias\": null, \"negate\": true, \"params\": {\"type\": \"phrase\", \"query\": \"flow\"}, \"index\": \"packetbeat-*\", \"key\": \"event.dataset\", \"disabled\": false}}], \"version\": true}"
                },
                "sort": [
                    "@timestamp",
                    "desc"
                ],
                "title": "Packetbeat Search ECS",
                "version": 1
            },
            "id": "Packetbeat-Search-ecs",
            "type": "search",
            "updated_at": "2019-01-19T00:01:10.720Z",
            "version": 2
        },
        {
            "attributes": {
                "columns": [
                    "client.ip",
                    "client.port",
                    "server.ip",
                    "server.port",
                    "event.dataset",
                    "query",
                    "method",
                    "event.duration",
                    "status"
                ],
                "description": "",
                "hits": 0,
                "kibanaSavedObjectMeta": {
                    "searchSourceJSON": "{\"query\": {\"query\": \"\", \"language\": \"kuery\"}, \"highlightAll\": true, \"highlight\": {\"post_tags\": [\"@/kibana-highlighted-field@\"], \"require_field_match\": false, \"fragment_size\": 2147483647, \"pre_tags\": [\"@kibana-highlighted-field@\"], \"fields\": {\"*\": {}}}, \"index\": \"packetbeat-*\", \"filter\": [{\"$state\": {\"store\": \"appState\"}, \"query\": {\"match\": {\"event.dataset\": {\"type\": \"phrase\", \"query\": \"flow\"}}}, \"meta\": {\"type\": \"phrase\", \"value\": \"flow\", \"alias\": null, \"negate\": true, \"params\": {\"type\": \"phrase\", \"query\": \"flow\"}, \"index\": \"packetbeat-*\", \"key\": \"event.dataset\", \"disabled\": false}}, {\"$state\": {\"store\": \"appState\"}, \"query\": {\"match\": {\"status\": {\"type\": \"phrase\", \"query\": \"OK\"}}}, \"meta\": {\"type\": \"phrase\", \"value\": \"OK\", \"alias\": null, \"negate\": true, \"params\": {\"type\": \"phrase\", \"query\": \"OK\"}, \"index\": \"packetbeat-*\", \"key\": \"status\", \"disabled\": false}}], \"version\": true}"
                },
                "sort": [
                    "@timestamp",
                    "desc"
                ],
                "title": "Transactions Errors Search [Packetbeat] ECS",
                "version": 1
            },
            "id": "Transactions-errors-ecs",
            "type": "search",
            "updated_at": "2019-01-19T00:05:18.965Z",
            "version": 3
        },
        {
            "attributes": {
                "columns": [
                    "server.ip",
                    "destination.ip",
                    "dns.question.name",
                    "status"
                ],
                "description": "",
                "hits": 0,
                "kibanaSavedObjectMeta": {
                    "searchSourceJSON": "{\"query\": {\"query\": \"\", \"language\": \"kuery\"}, \"highlightAll\": true, \"highlight\": {\"post_tags\": [\"@/kibana-highlighted-field@\"], \"require_field_match\": false, \"fragment_size\": 2147483647, \"pre_tags\": [\"@kibana-highlighted-field@\"], \"fields\": {\"*\": {}}}, \"index\": \"packetbeat-*\", \"filter\": [{\"$state\": {\"store\": \"appState\"}, \"query\": {\"match\": {\"network.protocol\": {\"type\": \"phrase\", \"query\": \"dns\"}}}, \"meta\": {\"type\": \"phrase\", \"value\": \"dns\", \"alias\": null, \"negate\": false, \"params\": {\"type\": \"phrase\", \"query\": \"dns\"}, \"index\": \"packetbeat-*\", \"key\": \"network.protocol\", \"disabled\": false}}], \"version\": true}"
                },
                "sort": [
                    "@timestamp",
                    "desc"
                ],
                "title": "DNS Protocol [Packetbeat] ECS",
                "version": 1
            },
            "id": "d19e8485-7df5-47ce-8009-9dc3c42bcf17-ecs",
            "type": "search",
            "updated_at": "2019-01-18T23:49:24.089Z",
            "version": 2
        },
        {
            "attributes": {
                "columns": [
                    "_source"
                ],
                "description": "",
                "hits": 0,
                "kibanaSavedObjectMeta": {
                    "searchSourceJSON": "{\"index\": \"packetbeat-*\", \"filter\": [{\"$state\": {\"store\": \"appState\"}, \"exists\": {\"field\": \"tls.established\"}, \"meta\": {\"type\": \"exists\", \"value\": \"exists\", \"alias\": \"TLS sessions\", \"negate\": false, \"index\": \"packetbeat-*\", \"key\": \"tls.established\", \"disabled\": false}}], \"query\": {\"query\": \"\", \"language\": \"kuery\"}, \"highlightAll\": true, \"version\": true}"
                },
                "sort": [
                    "@timestamp",
                    "desc"
                ],
                "title": "TLS Sessions [Packetbeat] ECS",
                "version": 1
            },
            "id": "ffc3c0b0-d2d7-11e7-9914-4982455b3063-ecs",
            "type": "search",
            "updated_at": "2019-01-18T23:49:33.441Z",
            "version": 1
        },
        {
            "attributes": {
                "description": "Packetbeat overview dashboard.",
                "hits": 0,
                "kibanaSavedObjectMeta": {
                    "searchSourceJSON": "{\"filter\": [], \"query\": {\"query\": \"\", \"language\": \"kuery\"}, \"highlightAll\": true, \"version\": true}"
                },
                "optionsJSON": "{\"darkTheme\": false}",
                "panelsJSON": "[{\"panelIndex\": \"1\", \"type\": \"visualization\", \"id\": \"Web-transactions-ecs\", \"version\": \"7.0.0-SNAPSHOT\", \"gridData\": {\"w\": 12, \"x\": 12, \"h\": 10, \"y\": 20, \"i\": \"1\"}}, {\"panelIndex\": \"2\", \"type\": \"visualization\", \"id\": \"DB-transactions-ecs\", \"version\": \"7.0.0-SNAPSHOT\", \"gridData\": {\"w\": 12, \"x\": 36, \"h\": 10, \"y\": 20, \"i\": \"2\"}}, {\"panelIndex\": \"5\", \"type\": \"visualization\", \"id\": \"Response-times-percentiles-ecs\", \"version\": \"7.0.0-SNAPSHOT\", \"gridData\": {\"w\": 24, \"x\": 0, \"h\": 15, \"y\": 45, \"i\": \"5\"}}, {\"panelIndex\": \"6\", \"type\": \"visualization\", \"id\": \"Errors-count-over-time-ecs\", \"version\": \"7.0.0-SNAPSHOT\", \"gridData\": {\"w\": 24, \"x\": 0, \"h\": 15, \"y\": 60, \"i\": \"6\"}}, {\"panelIndex\": \"7\", \"type\": \"visualization\", \"id\": \"Errors-vs-successful-transactions-ecs\", \"version\": \"7.0.0-SNAPSHOT\", \"gridData\": {\"w\": 24, \"x\": 24, \"h\": 15, \"y\": 45, \"i\": \"7\"}}, {\"panelIndex\": \"8\", \"type\": \"visualization\", \"id\": \"Latency-histogram-ecs\", \"version\": \"7.0.0-SNAPSHOT\", \"gridData\": {\"w\": 24, \"x\": 24, \"h\": 15, \"y\": 60, \"i\": \"8\"}}, {\"type\": \"visualization\", \"gridData\": {\"w\": 36, \"x\": 12, \"h\": 20, \"y\": 0, \"i\": \"9\"}, \"version\": \"7.0.0-SNAPSHOT\", \"panelIndex\": \"9\", \"embeddableConfig\": {\"mapCollar\": {\"bottom_right\": {\"lat\": -90, \"lon\": 180}, \"zoom\": 2, \"top_left\": {\"lat\": 90, \"lon\": -180}}, \"mapZoom\": 2, \"mapBounds\": {\"bottom_right\": {\"lat\": -54.97761367069625, \"lon\": 153.984375}, \"top_left\": {\"lat\": 54.97761367069628, \"lon\": -153.984375}}}, \"id\": \"Client-locations-ecs\"}, {\"panelIndex\": \"10\", \"type\": \"visualization\", \"id\": \"Response-times-repartition-ecs\", \"version\": \"7.0.0-SNAPSHOT\", \"gridData\": {\"w\": 48, \"x\": 0, \"h\": 15, \"y\": 30, \"i\": \"10\"}}, {\"panelIndex\": \"11\", \"type\": \"visualization\", \"id\": \"Navigation-ecs\", \"version\": \"7.0.0-SNAPSHOT\", \"gridData\": {\"w\": 12, \"x\": 0, \"h\": 20, \"y\": 0, \"i\": \"11\"}}, {\"type\": \"visualization\", \"gridData\": {\"w\": 12, \"x\": 0, \"h\": 10, \"y\": 20, \"i\": \"12\"}, \"version\": \"7.0.0-SNAPSHOT\", \"panelIndex\": \"12\", \"embeddableConfig\": {}, \"id\": \"e3f09730-1b80-11e9-83df-75eebb35951e-ecs\"}, {\"type\": \"visualization\", \"gridData\": {\"w\": 12, \"x\": 24, \"h\": 10, \"y\": 20, \"i\": \"13\"}, \"version\": \"7.0.0-SNAPSHOT\", \"panelIndex\": \"13\", \"embeddableConfig\": {}, \"id\": \"059fe5e0-d2dd-11e7-9914-4982455b3063-ecs\"}]",
                "timeRestore": false,
                "title": "[Packetbeat] Overview ECS",
                "version": 1
            },
            "id": "Packetbeat-Dashboard-ecs",
            "type": "dashboard",
            "updated_at": "2019-01-19T00:31:53.357Z",
            "version": 5
        }
    ],
    "version": "7.0.0-SNAPSHOT"
}