{
    "objects": [
        {
            "attributes": {
                "description": "This dashboard gives an overview of resource costs and forecast",
                "hits": 0,
                "kibanaSavedObjectMeta": {
                    "searchSourceJSON": "{\"query\": {\"language\": \"kuery\", \"query\": \"\"}, \"filter\": []}"
                },
                "optionsJSON": "{\"useMargins\": true, \"hidePanelTitles\": false}",
                "panelsJSON": "[{\"panelRefName\": \"panel_0\", \"gridData\": {\"w\": 48, \"x\": 0, \"y\": 0, \"i\": \"3202a4c8-ed88-4592-9d39-73846426413b\", \"h\": 5}, \"panelIndex\": \"3202a4c8-ed88-4592-9d39-73846426413b\", \"embeddableConfig\": {\"title\": \"\"}, \"version\": \"8.0.0-SNAPSHOT\"}, {\"gridData\": {\"w\": 15, \"x\": 0, \"y\": 5, \"i\": \"c18f8802-6189-4966-abe5-30bf2c7c6d63\", \"h\": 16}, \"panelIndex\": \"c18f8802-6189-4966-abe5-30bf2c7c6d63\", \"title\": \"Subscriptions\", \"embeddableConfig\": {\"title\": \"Subscriptions\"}, \"panelRefName\": \"panel_1\", \"version\": \"8.0.0-SNAPSHOT\"}, {\"gridData\": {\"w\": 16, \"x\": 15, \"y\": 5, \"i\": \"0a93b125-de04-466e-a1d0-7b56d1b31b52\", \"h\": 16}, \"panelIndex\": \"0a93b125-de04-466e-a1d0-7b56d1b31b52\", \"title\": \"Resource groups\", \"embeddableConfig\": {\"title\": \"Resource groups\"}, \"panelRefName\": \"panel_2\", \"version\": \"8.0.0-SNAPSHOT\"}, {\"gridData\": {\"w\": 17, \"x\": 31, \"y\": 5, \"i\": \"f6b54b8f-b9e5-4c20-9e4c-8f83935ca739\", \"h\": 16}, \"panelIndex\": \"f6b54b8f-b9e5-4c20-9e4c-8f83935ca739\", \"title\": \"Resources\", \"embeddableConfig\": {\"title\": \"Resources\"}, \"panelRefName\": \"panel_3\", \"version\": \"8.0.0-SNAPSHOT\"}, {\"gridData\": {\"w\": 48, \"x\": 0, \"y\": 21, \"i\": \"323f890e-c4d6-4c84-a3d8-f3d4277d3c2f\", \"h\": 17}, \"panelIndex\": \"323f890e-c4d6-4c84-a3d8-f3d4277d3c2f\", \"title\": \"Forecast\", \"embeddableConfig\": {\"title\": \"Forecast\"}, \"panelRefName\": \"panel_4\", \"version\": \"8.0.0-SNAPSHOT\"}, {\"gridData\": {\"w\": 48, \"x\": 0, \"y\": 38, \"i\": \"fb121db4-1343-4e4d-b1a3-e3f3531ae045\", \"h\": 15}, \"panelIndex\": \"fb121db4-1343-4e4d-b1a3-e3f3531ae045\", \"title\": \"Daily usage\", \"embeddableConfig\": {\"title\": \"Daily usage\"}, \"panelRefName\": \"panel_5\", \"version\": \"8.0.0-SNAPSHOT\"}]",
                "timeRestore": false,
                "title": "[Metricbeat Azure] Billing overview",
                "version": 1
            },
            "id": "d3efeb30-c1c7-11ea-b7e7-0f48178cdb3c",
            "migrationVersion": {
                "dashboard": "7.3.0"
            },
            "references": [
                {
                    "id": "82a51dd0-c1d7-11ea-b7e7-0f48178cdb3c",
                    "name": "panel_0",
                    "type": "visualization"
                },
                {
                    "id": "6ffa7e20-c1da-11ea-b7e7-0f48178cdb3c",
                    "name": "panel_1",
                    "type": "visualization"
                },
                {
                    "id": "b18053b0-c1da-11ea-b7e7-0f48178cdb3c",
                    "name": "panel_2",
                    "type": "visualization"
                },
                {
                    "id": "c8016f70-c1da-11ea-b7e7-0f48178cdb3c",
                    "name": "panel_3",
                    "type": "visualization"
                },
                {
                    "id": "9142aca0-c1c7-11ea-b7e7-0f48178cdb3c",
                    "name": "panel_4",
                    "type": "visualization"
                },
                {
                    "id": "05d5b3e0-c1c9-11ea-b7e7-0f48178cdb3c",
                    "name": "panel_5",
                    "type": "visualization"
                }
            ],
            "type": "dashboard",
            "updated_at": "2020-07-09T12:59:36.436Z",
            "version": "WzMyNjMsOF0="
        },
        {
            "attributes": {
                "description": "",
                "kibanaSavedObjectMeta": {
                    "searchSourceJSON": "{\"query\": {\"language\": \"kuery\", \"query\": \"\"}, \"filter\": []}"
                },
                "title": "Billing Filters [Metricbeat Azure]",
                "uiStateJSON": "{}",
                "version": 1,
                "visState": "{\"aggs\": [], \"type\": \"input_control_vis\", \"title\": \"Billing Filters [Metricbeat Azure]\", \"params\": {\"controls\": [{\"indexPatternRefName\": \"control_0_index_pattern\", \"type\": \"list\", \"parent\": \"\", \"options\": {\"dynamicOptions\": true, \"size\": 5, \"multiselect\": true, \"order\": \"desc\", \"type\": \"terms\"}, \"id\": \"1594294278147\", \"fieldName\": \"azure.billing.department_name\", \"label\": \"Department\"}, {\"indexPatternRefName\": \"control_1_index_pattern\", \"type\": \"list\", \"parent\": \"\", \"options\": {\"dynamicOptions\": true, \"size\": 5, \"multiselect\": true, \"order\": \"desc\", \"type\": \"terms\"}, \"id\": \"1594294329560\", \"fieldName\": \"azure.billing.account_name\", \"label\": \"Account\"}, {\"indexPatternRefName\": \"control_2_index_pattern\", \"type\": \"list\", \"parent\": \"\", \"options\": {\"dynamicOptions\": true, \"size\": 5, \"multiselect\": false, \"order\": \"desc\", \"type\": \"terms\"}, \"id\": \"1549397251041\", \"fieldName\": \"azure.subscription_id\", \"label\": \"Subscription\"}, {\"indexPatternRefName\": \"control_3_index_pattern\", \"type\": \"list\", \"parent\": \"\", \"options\": {\"dynamicOptions\": true, \"size\": 5, \"multiselect\": true, \"order\": \"desc\", \"type\": \"terms\"}, \"id\": \"1549512142947\", \"fieldName\": \"azure.resource.group\", \"label\": \"Resource Group\"}, {\"indexPatternRefName\": \"control_4_index_pattern\", \"type\": \"list\", \"parent\": \"\", \"options\": {\"dynamicOptions\": true, \"size\": 5, \"multiselect\": true, \"order\": \"desc\", \"type\": \"terms\"}, \"id\": \"1578578146383\", \"fieldName\": \"azure.resource.name\", \"label\": \"Resource Name\"}], \"updateFiltersOnChange\": true, \"pinFilters\": false, \"useTimeFilter\": false}}"
            },
            "id": "82a51dd0-c1d7-11ea-b7e7-0f48178cdb3c",
            "migrationVersion": {
                "visualization": "7.4.2"
            },
            "references": [
                {
                    "id": "metricbeat-*",
                    "name": "control_0_index_pattern",
                    "type": "index-pattern"
                },
                {
                    "id": "metricbeat-*",
                    "name": "control_1_index_pattern",
                    "type": "index-pattern"
                },
                {
                    "id": "metricbeat-*",
                    "name": "control_2_index_pattern",
                    "type": "index-pattern"
                },
                {
                    "id": "metricbeat-*",
                    "name": "control_3_index_pattern",
                    "type": "index-pattern"
                },
                {
                    "id": "metricbeat-*",
                    "name": "control_4_index_pattern",
                    "type": "index-pattern"
                }
            ],
            "type": "visualization",
            "updated_at": "2020-07-09T11:41:03.757Z",
            "version": "WzMxMzksOF0="
        },
        {
            "attributes": {
                "description": "",
                "kibanaSavedObjectMeta": {
                    "searchSourceJSON": "{\"query\": {\"language\": \"kuery\", \"query\": \"\"}, \"indexRefName\": \"kibanaSavedObjectMeta.searchSourceJSON.index\", \"filter\": []}"
                },
                "title": "Billing subscriptions [Metricbeat Azure]",
                "uiStateJSON": "{}",
                "version": 1,
                "visState": "{\"aggs\": [{\"type\": \"sum\", \"enabled\": true, \"id\": \"1\", \"schema\": \"metric\", \"params\": {\"field\": \"azure.billing.pretax_cost\", \"customLabel\": \"Total costs\"}}, {\"type\": \"terms\", \"enabled\": true, \"id\": \"2\", \"schema\": \"segment\", \"params\": {\"orderBy\": \"1\", \"otherBucketLabel\": \"Other\", \"field\": \"azure.subscription_id\", \"order\": \"desc\", \"size\": 5, \"otherBucket\": false, \"missingBucketLabel\": \"Missing\", \"missingBucket\": false}}], \"type\": \"pie\", \"title\": \"Billing subscriptions [Metricbeat Azure]\", \"params\": {\"labels\": {\"truncate\": 100, \"show\": false, \"values\": true, \"last_level\": true}, \"addLegend\": true, \"addTooltip\": true, \"type\": \"pie\", \"legendPosition\": \"right\", \"isDonut\": true}}"
            },
            "id": "6ffa7e20-c1da-11ea-b7e7-0f48178cdb3c",
            "migrationVersion": {
                "visualization": "7.4.2"
            },
            "references": [
                {
                    "id": "metricbeat-*",
                    "name": "kibanaSavedObjectMeta.searchSourceJSON.index",
                    "type": "index-pattern"
                }
            ],
            "type": "visualization",
            "updated_at": "2020-07-09T11:50:51.393Z",
            "version": "WzMyMjYsOF0="
        },
        {
            "attributes": {
                "description": "",
                "kibanaSavedObjectMeta": {
                    "searchSourceJSON": "{\"query\": {\"language\": \"kuery\", \"query\": \"\"}, \"indexRefName\": \"kibanaSavedObjectMeta.searchSourceJSON.index\", \"filter\": []}"
                },
                "title": "Billing resource groups [Metricbeat Azure]",
                "uiStateJSON": "{}",
                "version": 1,
                "visState": "{\"aggs\": [{\"type\": \"sum\", \"enabled\": true, \"id\": \"1\", \"schema\": \"metric\", \"params\": {\"field\": \"azure.billing.pretax_cost\", \"customLabel\": \"Total costs\"}}, {\"type\": \"terms\", \"enabled\": true, \"id\": \"2\", \"schema\": \"segment\", \"params\": {\"orderBy\": \"1\", \"otherBucketLabel\": \"Other\", \"field\": \"azure.resource.group\", \"order\": \"desc\", \"size\": 5, \"otherBucket\": false, \"missingBucketLabel\": \"Missing\", \"missingBucket\": false}}], \"type\": \"pie\", \"title\": \"Billing resource groups [Metricbeat Azure]\", \"params\": {\"labels\": {\"truncate\": 100, \"show\": false, \"values\": true, \"last_level\": true}, \"addLegend\": true, \"row\": true, \"addTooltip\": true, \"type\": \"pie\", \"legendPosition\": \"right\", \"isDonut\": true}}"
            },
            "id": "b18053b0-c1da-11ea-b7e7-0f48178cdb3c",
            "migrationVersion": {
                "visualization": "7.4.2"
            },
            "references": [
                {
                    "id": "metricbeat-*",
                    "name": "kibanaSavedObjectMeta.searchSourceJSON.index",
                    "type": "index-pattern"
                }
            ],
            "type": "visualization",
            "updated_at": "2020-07-09T11:52:41.323Z",
            "version": "WzMyMjcsOF0="
        },
        {
            "attributes": {
                "description": "",
                "kibanaSavedObjectMeta": {
                    "searchSourceJSON": "{\"query\": {\"language\": \"kuery\", \"query\": \"\"}, \"indexRefName\": \"kibanaSavedObjectMeta.searchSourceJSON.index\", \"filter\": []}"
                },
                "title": "Billing resource names [Metricbeat Azure]",
                "uiStateJSON": "{}",
                "version": 1,
                "visState": "{\"aggs\": [{\"type\": \"sum\", \"enabled\": true, \"id\": \"1\", \"schema\": \"metric\", \"params\": {\"field\": \"azure.billing.pretax_cost\", \"customLabel\": \"Total costs\"}}, {\"type\": \"terms\", \"enabled\": true, \"id\": \"2\", \"schema\": \"segment\", \"params\": {\"orderBy\": \"1\", \"otherBucketLabel\": \"Other\", \"field\": \"azure.resource.name\", \"order\": \"desc\", \"size\": 5, \"otherBucket\": false, \"missingBucketLabel\": \"Missing\", \"missingBucket\": false}}], \"type\": \"pie\", \"title\": \"Billing resource names [Metricbeat Azure]\", \"params\": {\"labels\": {\"truncate\": 100, \"show\": false, \"values\": true, \"last_level\": true}, \"addLegend\": true, \"row\": true, \"addTooltip\": true, \"type\": \"pie\", \"legendPosition\": \"right\", \"isDonut\": true}}"
            },
            "id": "c8016f70-c1da-11ea-b7e7-0f48178cdb3c",
            "migrationVersion": {
                "visualization": "7.4.2"
            },
            "references": [
                {
                    "id": "metricbeat-*",
                    "name": "kibanaSavedObjectMeta.searchSourceJSON.index",
                    "type": "index-pattern"
                }
            ],
            "type": "visualization",
            "updated_at": "2020-07-09T11:53:19.079Z",
            "version": "WzMyMjgsOF0="
        },
        {
            "attributes": {
                "description": "",
                "kibanaSavedObjectMeta": {
                    "searchSourceJSON": "{\"query\": {\"language\": \"kuery\", \"query\": \"\"}, \"filter\": []}"
                },
                "title": "Charges Forecast [Metricbeat Azure]",
                "uiStateJSON": "{}",
                "version": 1,
                "visState": "{\"aggs\": [], \"type\": \"metrics\", \"title\": \"Charges Forecast [Metricbeat Azure]\", \"params\": {\"axis_formatter\": \"number\", \"id\": \"61ca57f0-469d-11e7-af02-69e470af7417\", \"isModelInvalid\": false, \"index_pattern\": \"metricbeat-*\", \"gauge_color_rules\": [{\"id\": \"22692430-c1c7-11ea-879f-d1f118e66220\"}], \"time_field\": \"azure.billing.usage_date\", \"axis_position\": \"left\", \"default_timefield\": \"@timestamp\", \"tooltip_mode\": \"show_all\", \"gauge_style\": \"half\", \"gauge_inner_width\": 10, \"default_index_pattern\": \"metricbeat-*\", \"bar_color_rules\": [{\"id\": \"20dbcd70-c1c7-11ea-879f-d1f118e66220\"}], \"show_legend\": 1, \"background_color_rules\": [{\"id\": \"1f64e4e0-c1c7-11ea-879f-d1f118e66220\"}], \"drop_last_bucket\": 1, \"interval\": \"24h\", \"axis_scale\": \"normal\", \"show_grid\": 1, \"gauge_width\": 10, \"type\": \"timeseries\", \"series\": [{\"steps\": 1, \"split_color_mode\": \"kibana\", \"color\": \"rgba(25,77,51,1)\", \"line_width\": 1, \"axis_position\": \"right\", \"id\": \"61ca57f1-469d-11e7-af02-69e470af7417\", \"hide_in_legend\": 0, \"terms_field\": \"azure.billing.usage_date\", \"stacked\": \"none\", \"override_index_pattern\": 0, \"type\": \"timeseries\", \"split_mode\": \"everything\", \"metrics\": [{\"size\": 1, \"field\": \"azure.billing.actual_cost\", \"order\": \"desc\", \"type\": \"top_hit\", \"agg_with\": \"avg\", \"id\": \"61ca57f2-469d-11e7-af02-69e470af7417\", \"order_by\": \"@timestamp\"}], \"separate_axis\": 0, \"point_size\": 1, \"value_template\": \"{{value}}\", \"chart_type\": \"line\", \"fill\": \"0.7\", \"formatter\": \"number\", \"label\": \"Actual costs\"}, {\"steps\": 0, \"split_color_mode\": \"kibana\", \"separate_axis\": 0, \"color\": \"rgba(104,188,0,1)\", \"line_width\": \"2\", \"axis_position\": \"right\", \"id\": \"d09632c0-c120-11ea-b262-d3ff1f3885f8\", \"stacked\": \"none\", \"type\": \"timeseries\", \"split_mode\": \"everything\", \"metrics\": [{\"size\": 1, \"field\": \"azure.billing.forecast_cost\", \"order\": \"desc\", \"type\": \"top_hit\", \"agg_with\": \"avg\", \"id\": \"d09632c1-c120-11ea-b262-d3ff1f3885f8\", \"order_by\": \"@timestamp\"}], \"offset_time\": \"\", \"point_size\": 1, \"value_template\": \"{{value}}\", \"chart_type\": \"line\", \"fill\": \"0.5\", \"formatter\": \"number\", \"label\": \"Forecast costs\"}]}}"
            },
            "id": "9142aca0-c1c7-11ea-b7e7-0f48178cdb3c",
            "migrationVersion": {
                "visualization": "7.4.2"
            },
            "references": [],
            "type": "visualization",
            "updated_at": "2020-07-09T09:45:25.575Z",
            "version": "WzMwMTEsOF0="
        },
        {
            "attributes": {
                "description": "",
                "kibanaSavedObjectMeta": {
                    "searchSourceJSON": "{\"query\": {\"language\": \"kuery\", \"query\": \"\"}, \"filter\": []}"
                },
                "title": "Usage Details [Metricbeat Azure]",
                "uiStateJSON": "{}",
                "version": 1,
                "visState": "{\"aggs\": [], \"type\": \"metrics\", \"title\": \"Usage Details [Metricbeat Azure]\", \"params\": {\"axis_formatter\": \"number\", \"id\": \"61ca57f0-469d-11e7-af02-69e470af7417\", \"isModelInvalid\": false, \"index_pattern\": \"metricbeat-*\", \"gauge_color_rules\": [{\"id\": \"22692430-c1c7-11ea-879f-d1f118e66220\"}], \"time_field\": \"azure.billing.usage_start\", \"axis_position\": \"left\", \"default_timefield\": \"@timestamp\", \"tooltip_mode\": \"show_all\", \"gauge_style\": \"half\", \"gauge_inner_width\": 10, \"default_index_pattern\": \"metricbeat-*\", \"bar_color_rules\": [{\"id\": \"20dbcd70-c1c7-11ea-879f-d1f118e66220\"}], \"show_legend\": 1, \"background_color_rules\": [{\"id\": \"1f64e4e0-c1c7-11ea-879f-d1f118e66220\"}], \"drop_last_bucket\": 1, \"interval\": \"24h\", \"axis_scale\": \"normal\", \"show_grid\": 1, \"gauge_width\": 10, \"type\": \"timeseries\", \"series\": [{\"steps\": 0, \"split_color_mode\": \"kibana\", \"separate_axis\": 0, \"color\": \"rgba(22,165,165,1)\", \"line_width\": \"2\", \"axis_position\": \"right\", \"id\": \"d09632c0-c120-11ea-b262-d3ff1f3885f8\", \"stacked\": \"none\", \"type\": \"timeseries\", \"split_mode\": \"everything\", \"metrics\": [{\"size\": 1, \"field\": \"azure.billing.pretax_cost\", \"order\": \"desc\", \"type\": \"sum\", \"agg_with\": \"sum\", \"id\": \"d09632c1-c120-11ea-b262-d3ff1f3885f8\", \"order_by\": \"@timestamp\"}], \"offset_time\": \"\", \"point_size\": 1, \"value_template\": \"{{value}}\", \"chart_type\": \"bar\", \"fill\": \"0.5\", \"formatter\": \"number\", \"label\": \"Usage Details\"}]}}"
            },
            "id": "05d5b3e0-c1c9-11ea-b7e7-0f48178cdb3c",
            "migrationVersion": {
                "visualization": "7.4.2"
            },
            "references": [],
            "type": "visualization",
            "updated_at": "2020-07-09T11:36:42.328Z",
            "version": "WzMwOTQsOF0="
        }
    ],
    "version": "8.0.0-SNAPSHOT"
}