{
    "objects": [
        {
            "attributes": {
                "description": "Overview of Googlecloud Compute Metrics",
                "hits": 0,
                "kibanaSavedObjectMeta": {
                    "searchSourceJSON": "{\"query\": {\"language\": \"kuery\", \"query\": \"\"}, \"filter\": []}"
                },
                "optionsJSON": "{\"useMargins\": true, \"hidePanelTitles\": false}",
                "panelsJSON": "[{\"gridData\": {\"w\": 7, \"x\": 0, \"y\": 0, \"i\": \"28706ab2-1142-401d-9143-f4176a034c10\", \"h\": 17}, \"panelIndex\": \"28706ab2-1142-401d-9143-f4176a034c10\", \"title\": \"Filters\", \"embeddableConfig\": {\"title\": \"Filters\"}, \"panelRefName\": \"panel_0\", \"version\": \"7.9.1\"}, {\"gridData\": {\"w\": 10, \"x\": 7, \"y\": 0, \"i\": \"2034fcc8-5cd7-4ee8-8c8f-99054f025b05\", \"h\": 17}, \"panelIndex\": \"2034fcc8-5cd7-4ee8-8c8f-99054f025b05\", \"title\": \"Instance Uptime\", \"embeddableConfig\": {\"title\": \"Instance Uptime\"}, \"panelRefName\": \"panel_1\", \"version\": \"7.9.1\"}, {\"gridData\": {\"w\": 31, \"x\": 17, \"y\": 0, \"i\": \"5f6f2ecd-dcaf-4455-967c-ede6b38f431f\", \"h\": 17}, \"panelIndex\": \"5f6f2ecd-dcaf-4455-967c-ede6b38f431f\", \"title\": \"CPU Utilization\", \"embeddableConfig\": {\"title\": \"CPU Utilization\"}, \"panelRefName\": \"panel_2\", \"version\": \"7.9.1\"}, {\"gridData\": {\"w\": 24, \"x\": 0, \"y\": 17, \"i\": \"9c6f36f5-c2b2-40f5-8ee3-af6131168842\", \"h\": 15}, \"panelIndex\": \"9c6f36f5-c2b2-40f5-8ee3-af6131168842\", \"title\": \"Read I/O\", \"embeddableConfig\": {\"title\": \"Read I/O\"}, \"panelRefName\": \"panel_3\", \"version\": \"7.9.1\"}, {\"gridData\": {\"w\": 24, \"x\": 24, \"y\": 17, \"i\": \"93906f63-42c9-4f30-9b2c-05041a9e1efe\", \"h\": 15}, \"panelIndex\": \"93906f63-42c9-4f30-9b2c-05041a9e1efe\", \"title\": \"Write I/O\", \"embeddableConfig\": {\"title\": \"Write I/O\"}, \"panelRefName\": \"panel_4\", \"version\": \"7.9.1\"}, {\"gridData\": {\"w\": 24, \"x\": 0, \"y\": 32, \"i\": \"e1a4e862-dd00-409f-8746-8a8e4bc82807\", \"h\": 15}, \"panelIndex\": \"e1a4e862-dd00-409f-8746-8a8e4bc82807\", \"title\": \"Network Sent Bytes\", \"embeddableConfig\": {\"title\": \"Network Sent Bytes\"}, \"panelRefName\": \"panel_5\", \"version\": \"7.9.1\"}, {\"gridData\": {\"w\": 24, \"x\": 24, \"y\": 32, \"i\": \"6f47ff85-3ec1-4f6f-a63b-1a56f0cfc9ce\", \"h\": 15}, \"panelIndex\": \"6f47ff85-3ec1-4f6f-a63b-1a56f0cfc9ce\", \"title\": \"Network Received Bytes\", \"embeddableConfig\": {\"title\": \"Network Received Bytes\"}, \"panelRefName\": \"panel_6\", \"version\": \"7.9.1\"}, {\"gridData\": {\"w\": 24, \"x\": 0, \"y\": 47, \"i\": \"00689e12-4cb3-49ad-ac33-dbe4279f446e\", \"h\": 15}, \"panelIndex\": \"00689e12-4cb3-49ad-ac33-dbe4279f446e\", \"title\": \"Firewall Dropped Bytes\", \"embeddableConfig\": {\"title\": \"Firewall Dropped Bytes\"}, \"panelRefName\": \"panel_7\", \"version\": \"7.9.1\"}, {\"gridData\": {\"w\": 24, \"x\": 24, \"y\": 47, \"i\": \"901e7bf5-35f5-4c1a-9627-27f6c20d2514\", \"h\": 15}, \"panelIndex\": \"901e7bf5-35f5-4c1a-9627-27f6c20d2514\", \"title\": \"Firewall Dropped Packets\", \"embeddableConfig\": {\"title\": \"Firewall Dropped Packets\"}, \"panelRefName\": \"panel_8\", \"version\": \"7.9.1\"}]",
                "timeRestore": false,
                "title": "[Metricbeat Googlecloud] Compute Overview",
                "version": 1
            },
            "id": "f40ee870-5e4a-11ea-a4f6-717338406083",
            "migrationVersion": {
                "dashboard": "7.3.0"
            },
            "namespaces": [
                "default"
            ],
            "references": [
                {
                    "id": "3aa96470-5fc4-11ea-a4f6-717338406083",
                    "name": "panel_0",
                    "type": "visualization"
                },
                {
                    "id": "da5bc460-63e1-11ea-b0ac-95d4ecb1fecd",
                    "name": "panel_1",
                    "type": "visualization"
                },
                {
                    "id": "3f472ea0-5e47-11ea-a4f6-717338406083",
                    "name": "panel_2",
                    "type": "visualization"
                },
                {
                    "id": "89513bc0-5e48-11ea-a4f6-717338406083",
                    "name": "panel_3",
                    "type": "visualization"
                },
                {
                    "id": "95e1f050-5e48-11ea-a4f6-717338406083",
                    "name": "panel_4",
                    "type": "visualization"
                },
                {
                    "id": "6f795e70-5e49-11ea-a4f6-717338406083",
                    "name": "panel_5",
                    "type": "visualization"
                },
                {
                    "id": "43f45ba0-5e4a-11ea-a4f6-717338406083",
                    "name": "panel_6",
                    "type": "visualization"
                },
                {
                    "id": "9d919d00-5e4d-11ea-a4f6-717338406083",
                    "name": "panel_7",
                    "type": "visualization"
                },
                {
                    "id": "ef1508c0-5e4c-11ea-a4f6-717338406083",
                    "name": "panel_8",
                    "type": "visualization"
                }
            ],
            "type": "dashboard",
            "updated_at": "2020-09-15T16:22:48.674Z",
            "version": "Wzk1NCwxXQ=="
        },
        {
            "attributes": {
                "description": "",
                "kibanaSavedObjectMeta": {
                    "searchSourceJSON": "{\"query\": {\"language\": \"kuery\", \"query\": \"\"}, \"filter\": []}"
                },
                "title": "az-instance-account Filter [Metricbeat Googlecloud]",
                "uiStateJSON": "{}",
                "version": 1,
                "visState": "{\"aggs\": [], \"type\": \"input_control_vis\", \"title\": \"az-instance-account Filter [Metricbeat Googlecloud]\", \"params\": {\"controls\": [{\"indexPatternRefName\": \"control_0_index_pattern\", \"type\": \"list\", \"parent\": \"\", \"options\": {\"dynamicOptions\": true, \"size\": 5, \"multiselect\": true, \"order\": \"desc\", \"type\": \"terms\"}, \"id\": \"1549397251041\", \"fieldName\": \"cloud.availability_zone\", \"label\": \"availability zone\"}, {\"indexPatternRefName\": \"control_1_index_pattern\", \"type\": \"list\", \"parent\": \"\", \"options\": {\"dynamicOptions\": true, \"size\": 5, \"multiselect\": true, \"order\": \"desc\", \"type\": \"terms\"}, \"id\": \"1583510592540\", \"fieldName\": \"cloud.instance.name\", \"label\": \"instance name\"}, {\"indexPatternRefName\": \"control_2_index_pattern\", \"type\": \"list\", \"parent\": \"\", \"options\": {\"dynamicOptions\": true, \"size\": 5, \"multiselect\": true, \"order\": \"desc\", \"type\": \"terms\"}, \"id\": \"1583510650472\", \"fieldName\": \"cloud.account.id\", \"label\": \"account id\"}], \"updateFiltersOnChange\": true, \"pinFilters\": false, \"useTimeFilter\": false}}"
            },
            "id": "3aa96470-5fc4-11ea-a4f6-717338406083",
            "migrationVersion": {
                "visualization": "7.8.0"
            },
            "namespaces": [
                "default"
            ],
            "references": [
                {
                    "id": "metricbeat-*",
                    "name": "control_0_index_pattern",
                    "type": "index-pattern"
                },
                {
                    "id": "metricbeat-*",
                    "name": "control_1_index_pattern",
                    "type": "index-pattern"
                },
                {
                    "id": "metricbeat-*",
                    "name": "control_2_index_pattern",
                    "type": "index-pattern"
                }
            ],
            "type": "visualization",
            "updated_at": "2020-09-15T16:22:42.806Z",
            "version": "Wzk1MSwxXQ=="
        },
        {
            "attributes": {
                "description": "",
                "kibanaSavedObjectMeta": {
                    "searchSourceJSON": "{\"query\": {\"language\": \"kuery\", \"query\": \"\"}, \"filter\": []}"
                },
                "title": "Compute Instance Uptime Gauge [Metricbeat Googlecloud]",
                "uiStateJSON": "{}",
                "version": 1,
                "visState": "{\"aggs\": [], \"type\": \"metrics\", \"title\": \"Compute Instance Uptime Gauge [Metricbeat Googlecloud]\", \"params\": {\"axis_formatter\": \"number\", \"id\": \"61ca57f0-469d-11e7-af02-69e470af7417\", \"isModelInvalid\": false, \"index_pattern\": \"metricbeat-*\", \"gauge_color_rules\": [{\"id\": \"777371a0-63e0-11ea-9543-55b68a4bcad3\", \"value\": 0}], \"time_range_mode\": \"entire_time_range\", \"time_field\": \"@timestamp\", \"axis_position\": \"left\", \"gauge_max\": \"\", \"default_timefield\": \"@timestamp\", \"tooltip_mode\": \"show_all\", \"gauge_style\": \"circle\", \"gauge_inner_width\": 10, \"default_index_pattern\": \"metricbeat-*\", \"bar_color_rules\": [{\"id\": \"77a54c80-63df-11ea-9543-55b68a4bcad3\"}], \"filter\": {\"language\": \"kuery\", \"query\": \"\"}, \"show_legend\": 1, \"background_color_rules\": [{\"id\": \"74a18260-63df-11ea-9543-55b68a4bcad3\"}], \"drop_last_bucket\": 0, \"interval\": \">=5m\", \"axis_scale\": \"normal\", \"show_grid\": 1, \"gauge_width\": 10, \"type\": \"gauge\", \"series\": [{\"terms_field\": \"cloud.instance.name\", \"split_color_mode\": \"gradient\", \"color\": \"#68BC00\", \"filter\": {\"language\": \"kuery\", \"query\": \"\"}, \"line_width\": 1, \"axis_position\": \"right\", \"id\": \"61ca57f1-469d-11e7-af02-69e470af7417\", \"terms_order_by\": \"61ca57f2-469d-11e7-af02-69e470af7417\", \"stacked\": \"none\", \"override_index_pattern\": 0, \"type\": \"timeseries\", \"split_mode\": \"everything\", \"metrics\": [{\"field\": \"googlecloud.compute.instance.uptime.value\", \"type\": \"avg\", \"denominator\": \"60\", \"id\": \"61ca57f2-469d-11e7-af02-69e470af7417\", \"numerator\": \"googlecloud.compute.instance.uptime.value\", \"values\": [\"60\"]}, {\"script\": \"params.uptime / 60\\n\", \"type\": \"math\", \"id\": \"81dc6000-63e7-11ea-994d-3b2599babc53\", \"variables\": [{\"field\": \"61ca57f2-469d-11e7-af02-69e470af7417\", \"id\": \"85f3bd00-63e7-11ea-994d-3b2599babc53\", \"name\": \"uptime\"}]}], \"separate_axis\": 0, \"point_size\": 1, \"chart_type\": \"bar\", \"fill\": 0.5, \"formatter\": \"percent\", \"label\": \"Average Uptime\"}]}}"
            },
            "id": "da5bc460-63e1-11ea-b0ac-95d4ecb1fecd",
            "migrationVersion": {
                "visualization": "7.8.0"
            },
            "namespaces": [
                "default"
            ],
            "references": [],
            "type": "visualization",
            "updated_at": "2020-09-15T16:01:39.831Z",
            "version": "WzQzNCwxXQ=="
        },
        {
            "attributes": {
                "description": "",
                "kibanaSavedObjectMeta": {
                    "searchSourceJSON": "{}"
                },
                "title": "Compute CPU Utilization [Metricbeat Googlecloud]",
                "uiStateJSON": "{}",
                "version": 1,
                "visState": "{\"aggs\": [], \"type\": \"metrics\", \"title\": \"Compute CPU Utilization [Metricbeat Googlecloud]\", \"params\": {\"default_index_pattern\": \"metricbeat-*\", \"time_field\": \"\", \"axis_formatter\": \"number\", \"show_legend\": 1, \"isModelInvalid\": false, \"id\": \"61ca57f0-469d-11e7-af02-69e470af7417\", \"index_pattern\": \"metricbeat-*\", \"drop_last_bucket\": 0, \"interval\": \"5m\", \"axis_scale\": \"normal\", \"axis_position\": \"left\", \"default_timefield\": \"@timestamp\", \"type\": \"timeseries\", \"series\": [{\"terms_field\": \"cloud.instance.name\", \"split_color_mode\": \"rainbow\", \"color\": \"#68BC00\", \"line_width\": \"2\", \"axis_position\": \"right\", \"id\": \"61ca57f1-469d-11e7-af02-69e470af7417\", \"terms_order_by\": \"61ca57f2-469d-11e7-af02-69e470af7417\", \"stacked\": \"none\", \"type\": \"timeseries\", \"split_mode\": \"terms\", \"metrics\": [{\"type\": \"avg\", \"field\": \"googlecloud.compute.instance.cpu.utilization.value\", \"id\": \"61ca57f2-469d-11e7-af02-69e470af7417\"}], \"separate_axis\": 0, \"point_size\": \"3\", \"chart_type\": \"line\", \"fill\": \"0\", \"formatter\": \"percent\", \"label\": \"\"}], \"show_grid\": 1}}"
            },
            "id": "3f472ea0-5e47-11ea-a4f6-717338406083",
            "migrationVersion": {
                "visualization": "7.8.0"
            },
            "namespaces": [
                "default"
            ],
            "references": [],
            "type": "visualization",
            "updated_at": "2020-09-15T16:01:39.831Z",
            "version": "WzQzNSwxXQ=="
        },
        {
            "attributes": {
                "description": "",
                "kibanaSavedObjectMeta": {
                    "searchSourceJSON": "{}"
                },
                "title": "Compute Read I/O [Metricbeat Googlecloud]",
                "uiStateJSON": "{}",
                "version": 1,
                "visState": "{\"aggs\": [], \"type\": \"metrics\", \"title\": \"Compute Read I/O [Metricbeat Googlecloud]\", \"params\": {\"default_index_pattern\": \"metricbeat-*\", \"time_field\": \"\", \"axis_formatter\": \"number\", \"show_legend\": 1, \"isModelInvalid\": false, \"id\": \"61ca57f0-469d-11e7-af02-69e470af7417\", \"index_pattern\": \"metricbeat-*\", \"drop_last_bucket\": 0, \"interval\": \"5m\", \"axis_scale\": \"normal\", \"axis_position\": \"left\", \"default_timefield\": \"@timestamp\", \"type\": \"timeseries\", \"series\": [{\"terms_field\": \"cloud.instance.name\", \"split_color_mode\": \"rainbow\", \"color\": \"#68BC00\", \"line_width\": \"2\", \"axis_position\": \"right\", \"id\": \"61ca57f1-469d-11e7-af02-69e470af7417\", \"stacked\": \"none\", \"type\": \"timeseries\", \"split_mode\": \"terms\", \"metrics\": [{\"type\": \"avg\", \"field\": \"googlecloud.compute.instance.disk.read_ops_count.value\", \"id\": \"61ca57f2-469d-11e7-af02-69e470af7417\"}], \"separate_axis\": 0, \"point_size\": \"3\", \"chart_type\": \"line\", \"fill\": \"0\", \"formatter\": \"number\", \"label\": \"\"}], \"show_grid\": 1}}"
            },
            "id": "89513bc0-5e48-11ea-a4f6-717338406083",
            "migrationVersion": {
                "visualization": "7.8.0"
            },
            "namespaces": [
                "default"
            ],
            "references": [],
            "type": "visualization",
            "updated_at": "2020-09-15T16:01:39.831Z",
            "version": "WzQzNiwxXQ=="
        },
        {
            "attributes": {
                "description": "",
                "kibanaSavedObjectMeta": {
                    "searchSourceJSON": "{}"
                },
                "title": "Compute Write I/O [Metricbeat Googlecloud]",
                "uiStateJSON": "{}",
                "version": 1,
                "visState": "{\"aggs\": [], \"type\": \"metrics\", \"title\": \"Compute Write I/O [Metricbeat Googlecloud]\", \"params\": {\"default_index_pattern\": \"metricbeat-*\", \"time_field\": \"\", \"axis_formatter\": \"number\", \"show_legend\": 1, \"isModelInvalid\": false, \"id\": \"61ca57f0-469d-11e7-af02-69e470af7417\", \"index_pattern\": \"metricbeat-*\", \"drop_last_bucket\": 0, \"interval\": \"5m\", \"axis_scale\": \"normal\", \"axis_position\": \"left\", \"default_timefield\": \"@timestamp\", \"type\": \"timeseries\", \"series\": [{\"terms_field\": \"cloud.instance.name\", \"split_color_mode\": \"rainbow\", \"color\": \"#68BC00\", \"line_width\": \"2\", \"axis_position\": \"right\", \"id\": \"61ca57f1-469d-11e7-af02-69e470af7417\", \"stacked\": \"none\", \"type\": \"timeseries\", \"split_mode\": \"terms\", \"metrics\": [{\"type\": \"avg\", \"field\": \"googlecloud.compute.instance.disk.write_ops_count.value\", \"id\": \"61ca57f2-469d-11e7-af02-69e470af7417\"}], \"separate_axis\": 0, \"point_size\": \"3\", \"chart_type\": \"line\", \"fill\": \"0\", \"formatter\": \"number\", \"label\": \"\"}], \"show_grid\": 1}}"
            },
            "id": "95e1f050-5e48-11ea-a4f6-717338406083",
            "migrationVersion": {
                "visualization": "7.8.0"
            },
            "namespaces": [
                "default"
            ],
            "references": [],
            "type": "visualization",
            "updated_at": "2020-09-15T16:01:39.831Z",
            "version": "WzQzNywxXQ=="
        },
        {
            "attributes": {
                "description": "",
                "kibanaSavedObjectMeta": {
                    "searchSourceJSON": "{}"
                },
                "title": "Compute Network Sent Bytes [Metricbeat Googlecloud]",
                "uiStateJSON": "{}",
                "version": 1,
                "visState": "{\"aggs\": [], \"type\": \"metrics\", \"title\": \"Compute Network Sent Bytes [Metricbeat Googlecloud]\", \"params\": {\"default_index_pattern\": \"metricbeat-*\", \"time_field\": \"\", \"axis_formatter\": \"number\", \"show_legend\": 1, \"isModelInvalid\": false, \"id\": \"61ca57f0-469d-11e7-af02-69e470af7417\", \"index_pattern\": \"metricbeat-*\", \"drop_last_bucket\": 0, \"interval\": \"5m\", \"axis_scale\": \"normal\", \"axis_position\": \"left\", \"default_timefield\": \"@timestamp\", \"type\": \"timeseries\", \"series\": [{\"terms_field\": \"cloud.instance.name\", \"split_color_mode\": \"rainbow\", \"color\": \"#68BC00\", \"line_width\": \"2\", \"axis_position\": \"right\", \"id\": \"61ca57f1-469d-11e7-af02-69e470af7417\", \"stacked\": \"none\", \"type\": \"timeseries\", \"split_mode\": \"terms\", \"metrics\": [{\"type\": \"avg\", \"field\": \"googlecloud.compute.instance.network.sent_bytes_count.value\", \"id\": \"61ca57f2-469d-11e7-af02-69e470af7417\"}], \"separate_axis\": 0, \"point_size\": \"3\", \"chart_type\": \"line\", \"fill\": \"0\", \"formatter\": \"bytes\", \"label\": \"\"}], \"show_grid\": 1}}"
            },
            "id": "6f795e70-5e49-11ea-a4f6-717338406083",
            "migrationVersion": {
                "visualization": "7.8.0"
            },
            "namespaces": [
                "default"
            ],
            "references": [],
            "type": "visualization",
            "updated_at": "2020-09-15T16:01:39.831Z",
            "version": "WzQzOCwxXQ=="
        },
        {
            "attributes": {
                "description": "",
                "kibanaSavedObjectMeta": {
                    "searchSourceJSON": "{}"
                },
                "title": "Compute Network Received Bytes [Metricbeat Googlecloud]",
                "uiStateJSON": "{}",
                "version": 1,
                "visState": "{\"aggs\": [], \"type\": \"metrics\", \"title\": \"Compute Network Received Bytes [Metricbeat Googlecloud]\", \"params\": {\"default_index_pattern\": \"metricbeat-*\", \"time_field\": \"\", \"axis_formatter\": \"number\", \"show_legend\": 1, \"isModelInvalid\": false, \"id\": \"61ca57f0-469d-11e7-af02-69e470af7417\", \"index_pattern\": \"metricbeat-*\", \"drop_last_bucket\": 0, \"interval\": \"5m\", \"axis_scale\": \"normal\", \"axis_position\": \"left\", \"default_timefield\": \"@timestamp\", \"type\": \"timeseries\", \"series\": [{\"terms_field\": \"cloud.instance.name\", \"split_color_mode\": \"rainbow\", \"color\": \"#68BC00\", \"line_width\": \"2\", \"axis_position\": \"right\", \"id\": \"61ca57f1-469d-11e7-af02-69e470af7417\", \"stacked\": \"none\", \"type\": \"timeseries\", \"split_mode\": \"terms\", \"metrics\": [{\"type\": \"avg\", \"field\": \"googlecloud.compute.instance.network.received_bytes_count.value\", \"id\": \"61ca57f2-469d-11e7-af02-69e470af7417\"}], \"separate_axis\": 0, \"point_size\": \"3\", \"chart_type\": \"line\", \"fill\": \"0\", \"formatter\": \"bytes\", \"label\": \"\"}], \"show_grid\": 1}}"
            },
            "id": "43f45ba0-5e4a-11ea-a4f6-717338406083",
            "migrationVersion": {
                "visualization": "7.8.0"
            },
            "namespaces": [
                "default"
            ],
            "references": [],
            "type": "visualization",
            "updated_at": "2020-09-15T16:01:39.831Z",
            "version": "WzQzOSwxXQ=="
        },
        {
            "attributes": {
                "description": "",
                "kibanaSavedObjectMeta": {
                    "searchSourceJSON": "{}"
                },
                "title": "Compute Firewall Dropped Bytes [Metricbeat Googlecloud]",
                "uiStateJSON": "{}",
                "version": 1,
                "visState": "{\"aggs\": [], \"type\": \"metrics\", \"title\": \"Compute Firewall Dropped Bytes [Metricbeat Googlecloud]\", \"params\": {\"default_index_pattern\": \"metricbeat-*\", \"bar_color_rules\": [{\"id\": \"3b9c35c0-5e4c-11ea-9061-37f24ca5b01f\"}], \"axis_formatter\": \"number\", \"show_legend\": 1, \"series\": [{\"terms_field\": \"cloud.instance.name\", \"split_color_mode\": \"rainbow\", \"color\": \"#68BC00\", \"line_width\": \"2\", \"axis_position\": \"right\", \"id\": \"61ca57f1-469d-11e7-af02-69e470af7417\", \"terms_order_by\": \"61ca57f2-469d-11e7-af02-69e470af7417\", \"stacked\": \"none\", \"type\": \"timeseries\", \"split_mode\": \"terms\", \"metrics\": [{\"type\": \"avg\", \"field\": \"googlecloud.compute.firewall.dropped_bytes_count.value\", \"id\": \"61ca57f2-469d-11e7-af02-69e470af7417\"}], \"separate_axis\": 0, \"point_size\": \"3\", \"chart_type\": \"line\", \"fill\": \"0\", \"formatter\": \"bytes\", \"label\": \"\"}], \"isModelInvalid\": false, \"index_pattern\": \"metricbeat-*\", \"id\": \"61ca57f0-469d-11e7-af02-69e470af7417\", \"background_color_rules\": [{\"id\": \"3ece14c0-5e4c-11ea-9061-37f24ca5b01f\"}], \"gauge_color_rules\": [{\"id\": \"3b27a200-5e4c-11ea-9061-37f24ca5b01f\"}], \"drop_last_bucket\": 0, \"gauge_width\": 10, \"interval\": \"5m\", \"axis_scale\": \"normal\", \"axis_position\": \"left\", \"time_field\": \"\", \"default_timefield\": \"@timestamp\", \"type\": \"timeseries\", \"gauge_style\": \"half\", \"show_grid\": 1, \"gauge_inner_width\": 10}}"
            },
            "id": "9d919d00-5e4d-11ea-a4f6-717338406083",
            "migrationVersion": {
                "visualization": "7.8.0"
            },
            "namespaces": [
                "default"
            ],
            "references": [],
            "type": "visualization",
            "updated_at": "2020-09-15T16:01:39.831Z",
            "version": "WzQ0MCwxXQ=="
        },
        {
            "attributes": {
                "description": "",
                "kibanaSavedObjectMeta": {
                    "searchSourceJSON": "{}"
                },
                "title": "Compute Firewall Dropped Packets [Metricbeat Googlecloud]",
                "uiStateJSON": "{}",
                "version": 1,
                "visState": "{\"aggs\": [], \"type\": \"metrics\", \"title\": \"Compute Firewall Dropped Packets [Metricbeat Googlecloud]\", \"params\": {\"axis_formatter\": \"number\", \"id\": \"61ca57f0-469d-11e7-af02-69e470af7417\", \"isModelInvalid\": false, \"index_pattern\": \"metricbeat-*\", \"gauge_color_rules\": [{\"id\": \"3b27a200-5e4c-11ea-9061-37f24ca5b01f\"}], \"time_range_mode\": \"entire_time_range\", \"time_field\": \"\", \"axis_position\": \"left\", \"default_timefield\": \"@timestamp\", \"gauge_style\": \"half\", \"gauge_inner_width\": 10, \"default_index_pattern\": \"metricbeat-*\", \"bar_color_rules\": [{\"id\": \"3b9c35c0-5e4c-11ea-9061-37f24ca5b01f\"}], \"show_legend\": 1, \"background_color_rules\": [{\"id\": \"3ece14c0-5e4c-11ea-9061-37f24ca5b01f\"}], \"drop_last_bucket\": 0, \"interval\": \"5m\", \"axis_scale\": \"normal\", \"show_grid\": 1, \"gauge_width\": 10, \"type\": \"top_n\", \"series\": [{\"terms_field\": \"cloud.instance.name\", \"split_color_mode\": \"rainbow\", \"color\": \"#68BC00\", \"line_width\": \"3\", \"axis_position\": \"right\", \"id\": \"61ca57f1-469d-11e7-af02-69e470af7417\", \"terms_order_by\": \"61ca57f2-469d-11e7-af02-69e470af7417\", \"stacked\": \"none\", \"type\": \"timeseries\", \"split_mode\": \"terms\", \"metrics\": [{\"type\": \"avg\", \"field\": \"googlecloud.compute.firewall.dropped_packets_count.value\", \"id\": \"61ca57f2-469d-11e7-af02-69e470af7417\"}], \"separate_axis\": 0, \"point_size\": \"2\", \"chart_type\": \"line\", \"fill\": \"0\", \"formatter\": \"number\", \"label\": \"\"}]}}"
            },
            "id": "ef1508c0-5e4c-11ea-a4f6-717338406083",
            "migrationVersion": {
                "visualization": "7.8.0"
            },
            "namespaces": [
                "default"
            ],
            "references": [],
            "type": "visualization",
            "updated_at": "2020-09-15T16:01:39.831Z",
            "version": "WzQ0MSwxXQ=="
        }
    ],
    "version": "7.9.1"
}