{
    "objects": [
        {
            "attributes": {
                "description": "Overview of AWS SNS Metrics",
                "hits": 0,
                "kibanaSavedObjectMeta": {
                    "searchSourceJSON": "{\"query\": {\"language\": \"kuery\", \"query\": \"\"}, \"filter\": [{\"query\": {\"match\": {\"event.dataset\": {\"query\": \"aws.sns\", \"type\": \"phrase\"}}}, \"meta\": {\"alias\": null, \"type\": \"phrase\", \"indexRefName\": \"kibanaSavedObjectMeta.searchSourceJSON.filter[0].meta.index\", \"key\": \"event.dataset\", \"disabled\": false, \"params\": {\"query\": \"aws.sns\"}, \"value\": \"aws.sns\", \"negate\": false}, \"$state\": {\"store\": \"appState\"}}]}"
                },
                "optionsJSON": "{\"useMargins\": true, \"hidePanelTitles\": false}",
                "panelsJSON": "[{\"panelRefName\": \"panel_0\", \"gridData\": {\"w\": 9, \"x\": 0, \"y\": 0, \"i\": \"3b9b0cee-b175-4268-8c5b-4ce869a09caf\", \"h\": 5}, \"panelIndex\": \"3b9b0cee-b175-4268-8c5b-4ce869a09caf\", \"embeddableConfig\": {}, \"version\": \"7.3.0\"}, {\"gridData\": {\"w\": 39, \"x\": 9, \"y\": 0, \"i\": \"5f0d72c5-0f28-449f-9c93-3b4074f068f7\", \"h\": 10}, \"panelIndex\": \"5f0d72c5-0f28-449f-9c93-3b4074f068f7\", \"title\": \"SNS Messages and Notifications\", \"embeddableConfig\": {\"title\": \"SNS Messages and Notifications\"}, \"panelRefName\": \"panel_1\", \"version\": \"7.3.0\"}, {\"panelRefName\": \"panel_2\", \"gridData\": {\"w\": 9, \"x\": 0, \"y\": 5, \"i\": \"5a9d5f2f-b075-4892-8188-c6e808a1163d\", \"h\": 5}, \"panelIndex\": \"5a9d5f2f-b075-4892-8188-c6e808a1163d\", \"embeddableConfig\": {}, \"version\": \"7.3.0\"}, {\"gridData\": {\"w\": 16, \"x\": 0, \"y\": 10, \"i\": \"c6d5a54d-61a4-470b-8769-c5b6d6ab6c0f\", \"h\": 10}, \"panelIndex\": \"c6d5a54d-61a4-470b-8769-c5b6d6ab6c0f\", \"title\": \"SNS Publish Size\", \"embeddableConfig\": {\"title\": \"SNS Publish Size\"}, \"panelRefName\": \"panel_3\", \"version\": \"7.3.0\"}, {\"gridData\": {\"w\": 16, \"x\": 16, \"y\": 10, \"i\": \"0684c25d-34e8-425e-9069-dd8364e6325b\", \"h\": 10}, \"panelIndex\": \"0684c25d-34e8-425e-9069-dd8364e6325b\", \"title\": \"SNS Notifications Filtered Out\", \"embeddableConfig\": {\"title\": \"SNS Notifications Filtered Out\"}, \"panelRefName\": \"panel_4\", \"version\": \"7.3.0\"}, {\"gridData\": {\"w\": 16, \"x\": 32, \"y\": 10, \"i\": \"72e987da-9a49-4dd4-99c4-4acbc49a0e0b\", \"h\": 10}, \"panelIndex\": \"72e987da-9a49-4dd4-99c4-4acbc49a0e0b\", \"title\": \"SNS Notifications Filtered Out Invalid Attributes\", \"embeddableConfig\": {\"title\": \"SNS Notifications Filtered Out Invalid Attributes\"}, \"panelRefName\": \"panel_5\", \"version\": \"7.3.0\"}, {\"gridData\": {\"w\": 16, \"x\": 0, \"y\": 20, \"i\": \"923bd4cd-d8fe-47b5-afcf-577bf2c5987c\", \"h\": 10}, \"panelIndex\": \"923bd4cd-d8fe-47b5-afcf-577bf2c5987c\", \"title\": \"SNS Notifications Filtered Out No Message Attributes\", \"embeddableConfig\": {\"title\": \"SNS Notifications Filtered Out No Message Attributes\"}, \"panelRefName\": \"panel_6\", \"version\": \"7.3.0\"}, {\"gridData\": {\"w\": 16, \"x\": 32, \"y\": 20, \"i\": \"f176153f-4588-42f9-a7bb-3015909d5610\", \"h\": 10}, \"panelIndex\": \"f176153f-4588-42f9-a7bb-3015909d5610\", \"title\": \"SNS Notifications Failed to Redrive to DLQ\", \"embeddableConfig\": {\"title\": \"SNS Notifications Failed to Redrive to DLQ\"}, \"panelRefName\": \"panel_7\", \"version\": \"7.3.0\"}, {\"gridData\": {\"w\": 16, \"x\": 0, \"y\": 30, \"i\": \"f3c5915b-6848-4950-afca-53653d13d6af\", \"h\": 10}, \"panelIndex\": \"f3c5915b-6848-4950-afca-53653d13d6af\", \"title\": \"SNS SMS Success Rate\", \"embeddableConfig\": {\"title\": \"SNS SMS Success Rate\"}, \"panelRefName\": \"panel_8\", \"version\": \"7.3.0\"}, {\"gridData\": {\"w\": 16, \"x\": 16, \"y\": 20, \"i\": \"3b3cc747-b57c-44e0-a18c-77155072bee4\", \"h\": 10}, \"panelIndex\": \"3b3cc747-b57c-44e0-a18c-77155072bee4\", \"title\": \"SNS Notifications Redriven To DLQ\", \"embeddableConfig\": {\"title\": \"SNS Notifications Redriven To DLQ\"}, \"panelRefName\": \"panel_9\", \"version\": \"7.3.0\"}, {\"gridData\": {\"w\": 16, \"x\": 16, \"y\": 30, \"i\": \"ee130150-c1de-465b-8a8e-013f466528bf\", \"h\": 10}, \"panelIndex\": \"ee130150-c1de-465b-8a8e-013f466528bf\", \"title\": \"SNS SMS Month To Date Spent USD\", \"embeddableConfig\": {\"title\": \"SNS SMS Month To Date Spent USD\"}, \"panelRefName\": \"panel_10\", \"version\": \"7.3.0\"}]",
                "timeRestore": false,
                "title": "[Metricbeat AWS] SNS Overview",
                "version": 1
            },
            "id": "d17b1000-17a4-11ea-8e91-03c7047cbb9d",
            "migrationVersion": {
                "dashboard": "7.3.0"
            },
            "references": [
                {
                    "id": "metricbeat-*",
                    "name": "kibanaSavedObjectMeta.searchSourceJSON.filter[0].meta.index",
                    "type": "index-pattern"
                },
                {
                    "id": "b5308940-7347-11e9-816b-07687310a99a",
                    "name": "panel_0",
                    "type": "visualization"
                },
                {
                    "id": "13e624c0-180e-11ea-8e91-03c7047cbb9d",
                    "name": "panel_1",
                    "type": "visualization"
                },
                {
                    "id": "59defc90-17a5-11ea-8e91-03c7047cbb9d",
                    "name": "panel_2",
                    "type": "visualization"
                },
                {
                    "id": "6f7f7680-180c-11ea-8e91-03c7047cbb9d",
                    "name": "panel_3",
                    "type": "visualization"
                },
                {
                    "id": "bf81e030-180e-11ea-8e91-03c7047cbb9d",
                    "name": "panel_4",
                    "type": "visualization"
                },
                {
                    "id": "d19a71b0-180e-11ea-8e91-03c7047cbb9d",
                    "name": "panel_5",
                    "type": "visualization"
                },
                {
                    "id": "dffa19e0-180e-11ea-8e91-03c7047cbb9d",
                    "name": "panel_6",
                    "type": "visualization"
                },
                {
                    "id": "09857a20-180f-11ea-8e91-03c7047cbb9d",
                    "name": "panel_7",
                    "type": "visualization"
                },
                {
                    "id": "abdc7480-180b-11ea-8e91-03c7047cbb9d",
                    "name": "panel_8",
                    "type": "visualization"
                },
                {
                    "id": "fc0869c0-180e-11ea-8e91-03c7047cbb9d",
                    "name": "panel_9",
                    "type": "visualization"
                },
                {
                    "id": "b7f8bf90-180f-11ea-8e91-03c7047cbb9d",
                    "name": "panel_10",
                    "type": "visualization"
                }
            ],
            "type": "dashboard",
            "updated_at": "2019-12-10T18:06:49.469Z",
            "version": "WzU1NywxXQ=="
        },
        {
            "attributes": {
                "description": "",
                "kibanaSavedObjectMeta": {
                    "searchSourceJSON": "{\"query\": {\"language\": \"kuery\", \"query\": \"\"}, \"filter\": []}"
                },
                "title": "Region Filter [Metricbeat AWS]",
                "uiStateJSON": "{}",
                "version": 1,
                "visState": "{\"aggs\": [], \"type\": \"input_control_vis\", \"title\": \"AWS Region Filter\", \"params\": {\"controls\": [{\"indexPatternRefName\": \"control_0_index_pattern\", \"type\": \"list\", \"parent\": \"\", \"options\": {\"dynamicOptions\": true, \"size\": 5, \"multiselect\": true, \"order\": \"desc\", \"type\": \"terms\"}, \"id\": \"1549397251041\", \"fieldName\": \"cloud.region\", \"label\": \"region\"}], \"updateFiltersOnChange\": true, \"pinFilters\": false, \"useTimeFilter\": false}}"
            },
            "id": "b5308940-7347-11e9-816b-07687310a99a",
            "migrationVersion": {
                "visualization": "7.3.1"
            },
            "references": [
                {
                    "id": "metricbeat-*",
                    "name": "control_0_index_pattern",
                    "type": "index-pattern"
                }
            ],
            "type": "visualization",
            "updated_at": "2019-12-05T19:18:14.083Z",
            "version": "WzEwNSwxXQ=="
        },
        {
            "attributes": {
                "description": "",
                "kibanaSavedObjectMeta": {
                    "searchSourceJSON": "{\"query\": {\"language\": \"kuery\", \"query\": \"\"}, \"filter\": []}"
                },
                "title": "SNS Messages and Notifications [Metricbeat AWS]",
                "uiStateJSON": "{}",
                "version": 1,
                "visState": "{\"aggs\": [], \"type\": \"metrics\", \"title\": \"SNS Messages and Notifications [Metricbeat AWS]\", \"params\": {\"default_index_pattern\": \"metricbeat-*\", \"axis_formatter\": \"number\", \"show_legend\": 1, \"isModelInvalid\": false, \"id\": \"61ca57f0-469d-11e7-af02-69e470af7417\", \"index_pattern\": \"metricbeat-*\", \"time_field\": \"\", \"axis_min\": \"0\", \"axis_scale\": \"normal\", \"axis_position\": \"left\", \"default_timefield\": \"@timestamp\", \"type\": \"timeseries\", \"series\": [{\"terms_field\": null, \"split_color_mode\": \"rainbow\", \"color\": \"#68BC00\", \"line_width\": 1, \"axis_position\": \"right\", \"id\": \"61ca57f1-469d-11e7-af02-69e470af7417\", \"terms_order_by\": \"61ca57f2-469d-11e7-af02-69e470af7417\", \"stacked\": \"none\", \"type\": \"timeseries\", \"split_mode\": \"terms\", \"metrics\": [{\"type\": \"avg\", \"field\": \"aws.sns.metrics.NumberOfMessagesPublished.sum\", \"id\": \"61ca57f2-469d-11e7-af02-69e470af7417\"}], \"separate_axis\": 0, \"point_size\": \"5\", \"chart_type\": \"line\", \"fill\": \"0\", \"formatter\": \"s,s,3\", \"label\": \"Messages Published\"}, {\"terms_field\": null, \"split_color_mode\": \"rainbow\", \"color\": \"rgba(115,216,255,1)\", \"line_width\": 1, \"axis_position\": \"right\", \"id\": \"204ff2b0-1b77-11ea-9357-231d0e09a8a9\", \"terms_order_by\": \"204ff2b1-1b77-11ea-9357-231d0e09a8a9\", \"stacked\": \"none\", \"type\": \"timeseries\", \"split_mode\": \"terms\", \"metrics\": [{\"type\": \"avg\", \"field\": \"aws.sns.metrics.NumberOfNotificationsDelivered.sum\", \"id\": \"204ff2b1-1b77-11ea-9357-231d0e09a8a9\"}], \"separate_axis\": 0, \"point_size\": \"5\", \"chart_type\": \"line\", \"fill\": \"0\", \"formatter\": \"s,s,3\", \"label\": \"Notifications Delivered\"}, {\"terms_field\": null, \"split_color_mode\": \"rainbow\", \"color\": \"rgba(244,78,59,1)\", \"line_width\": 1, \"axis_position\": \"right\", \"id\": \"32e925e0-1b77-11ea-9357-231d0e09a8a9\", \"terms_order_by\": \"32e925e1-1b77-11ea-9357-231d0e09a8a9\", \"stacked\": \"none\", \"type\": \"timeseries\", \"split_mode\": \"terms\", \"metrics\": [{\"type\": \"avg\", \"field\": \"aws.sns.metrics.NumberOfNotificationsFailed.sum\", \"id\": \"32e925e1-1b77-11ea-9357-231d0e09a8a9\"}], \"separate_axis\": 0, \"point_size\": \"5\", \"chart_type\": \"line\", \"fill\": \"0\", \"formatter\": \"s,s,3\", \"label\": \"Notifications Failed\"}], \"legend_position\": \"bottom\", \"interval\": \"5m\", \"show_grid\": 1}}"
            },
            "id": "13e624c0-180e-11ea-8e91-03c7047cbb9d",
            "migrationVersion": {
                "visualization": "7.3.1"
            },
            "references": [],
            "type": "visualization",
            "updated_at": "2019-12-10T18:02:45.175Z",
            "version": "WzU1NiwxXQ=="
        },
        {
            "attributes": {
                "description": "",
                "kibanaSavedObjectMeta": {
                    "searchSourceJSON": "{\"query\": {\"language\": \"kuery\", \"query\": \"\"}, \"filter\": []}"
                },
                "title": "SNS Topic Name Filter [Metricbeat AWS]",
                "uiStateJSON": "{}",
                "version": 1,
                "visState": "{\"aggs\": [], \"type\": \"input_control_vis\", \"title\": \"SNS Topic Name Filter [Metricbeat AWS]\", \"params\": {\"controls\": [{\"indexPatternRefName\": \"control_0_index_pattern\", \"type\": \"list\", \"parent\": \"\", \"options\": {\"dynamicOptions\": true, \"size\": 5, \"multiselect\": true, \"order\": \"desc\", \"type\": \"terms\"}, \"id\": \"1565034367477\", \"fieldName\": \"aws.dimensions.TopicName\", \"label\": \"topic name\"}], \"updateFiltersOnChange\": true, \"pinFilters\": false, \"useTimeFilter\": true}}"
            },
            "id": "59defc90-17a5-11ea-8e91-03c7047cbb9d",
            "migrationVersion": {
                "visualization": "7.3.1"
            },
            "references": [
                {
                    "id": "metricbeat-*",
                    "name": "control_0_index_pattern",
                    "type": "index-pattern"
                }
            ],
            "type": "visualization",
            "updated_at": "2019-12-05T21:32:44.559Z",
            "version": "WzUwMSwxXQ=="
        },
        {
            "attributes": {
                "description": "",
                "kibanaSavedObjectMeta": {
                    "searchSourceJSON": "{\"query\": {\"language\": \"kuery\", \"query\": \"\"}, \"filter\": []}"
                },
                "title": "SNS Publish Size [Metricbeat AWS]",
                "uiStateJSON": "{}",
                "version": 1,
                "visState": "{\"aggs\": [], \"type\": \"metrics\", \"title\": \"SNS Publish Size [Metricbeat AWS]\", \"params\": {\"default_index_pattern\": \"metricbeat-*\", \"axis_formatter\": \"number\", \"show_legend\": 1, \"isModelInvalid\": false, \"id\": \"61ca57f0-469d-11e7-af02-69e470af7417\", \"index_pattern\": \"metricbeat-*\", \"time_field\": \"\", \"axis_min\": \"0\", \"axis_scale\": \"normal\", \"axis_position\": \"left\", \"default_timefield\": \"@timestamp\", \"type\": \"timeseries\", \"series\": [{\"terms_field\": null, \"split_color_mode\": \"rainbow\", \"color\": \"#68BC00\", \"line_width\": 1, \"axis_position\": \"right\", \"id\": \"61ca57f1-469d-11e7-af02-69e470af7417\", \"terms_order_by\": \"61ca57f2-469d-11e7-af02-69e470af7417\", \"stacked\": \"none\", \"type\": \"timeseries\", \"split_mode\": \"terms\", \"metrics\": [{\"type\": \"avg\", \"field\": \"aws.sns.metrics.PublishSize.avg\", \"id\": \"61ca57f2-469d-11e7-af02-69e470af7417\"}], \"separate_axis\": 0, \"point_size\": \"5\", \"chart_type\": \"line\", \"fill\": \"0\", \"formatter\": \"number\", \"label\": \"Publish Size\"}], \"legend_position\": \"bottom\", \"interval\": \"5m\", \"show_grid\": 1}}"
            },
            "id": "6f7f7680-180c-11ea-8e91-03c7047cbb9d",
            "migrationVersion": {
                "visualization": "7.3.1"
            },
            "references": [],
            "type": "visualization",
            "updated_at": "2019-12-09T09:06:19.920Z",
            "version": "WzU0MywxXQ=="
        },
        {
            "attributes": {
                "description": "",
                "kibanaSavedObjectMeta": {
                    "searchSourceJSON": "{\"query\": {\"language\": \"kuery\", \"query\": \"\"}, \"filter\": []}"
                },
                "title": "SNS Notifications Filtered Out [Metricbeat AWS]",
                "uiStateJSON": "{}",
                "version": 1,
                "visState": "{\"aggs\": [], \"type\": \"metrics\", \"title\": \"SNS Notifications Filtered Out [Metricbeat AWS]\", \"params\": {\"default_index_pattern\": \"metricbeat-*\", \"axis_formatter\": \"number\", \"show_legend\": 1, \"isModelInvalid\": false, \"id\": \"61ca57f0-469d-11e7-af02-69e470af7417\", \"index_pattern\": \"metricbeat-*\", \"time_field\": \"\", \"axis_min\": \"0\", \"axis_scale\": \"normal\", \"axis_position\": \"left\", \"default_timefield\": \"@timestamp\", \"type\": \"timeseries\", \"series\": [{\"terms_field\": null, \"split_color_mode\": \"rainbow\", \"color\": \"#68BC00\", \"line_width\": 1, \"axis_position\": \"right\", \"id\": \"61ca57f1-469d-11e7-af02-69e470af7417\", \"terms_order_by\": \"61ca57f2-469d-11e7-af02-69e470af7417\", \"stacked\": \"none\", \"type\": \"timeseries\", \"split_mode\": \"terms\", \"metrics\": [{\"type\": \"avg\", \"field\": \"aws.sns.metrics.NumberOfNotificationsFilteredOut.sum\", \"id\": \"61ca57f2-469d-11e7-af02-69e470af7417\"}], \"separate_axis\": 0, \"point_size\": \"5\", \"chart_type\": \"line\", \"fill\": \"0\", \"formatter\": \"s,s,3\", \"label\": \"Notifications Filtered Out\"}], \"legend_position\": \"bottom\", \"interval\": \"5m\", \"show_grid\": 1}}"
            },
            "id": "bf81e030-180e-11ea-8e91-03c7047cbb9d",
            "migrationVersion": {
                "visualization": "7.3.1"
            },
            "references": [],
            "type": "visualization",
            "updated_at": "2019-12-09T09:06:49.279Z",
            "version": "WzU0NiwxXQ=="
        },
        {
            "attributes": {
                "description": "",
                "kibanaSavedObjectMeta": {
                    "searchSourceJSON": "{\"query\": {\"language\": \"kuery\", \"query\": \"\"}, \"filter\": []}"
                },
                "title": "SNS Notifications Filtered Out Invalid Attributes [Metricbeat AWS]",
                "uiStateJSON": "{}",
                "version": 1,
                "visState": "{\"aggs\": [], \"type\": \"metrics\", \"title\": \"SNS Notifications Filtered Out Invalid Attributes [Metricbeat AWS]\", \"params\": {\"default_index_pattern\": \"metricbeat-*\", \"axis_formatter\": \"number\", \"show_legend\": 1, \"isModelInvalid\": false, \"id\": \"61ca57f0-469d-11e7-af02-69e470af7417\", \"index_pattern\": \"metricbeat-*\", \"time_field\": \"\", \"axis_min\": \"0\", \"axis_scale\": \"normal\", \"axis_position\": \"left\", \"default_timefield\": \"@timestamp\", \"type\": \"timeseries\", \"series\": [{\"terms_field\": null, \"split_color_mode\": \"rainbow\", \"color\": \"#68BC00\", \"line_width\": 1, \"axis_position\": \"right\", \"id\": \"61ca57f1-469d-11e7-af02-69e470af7417\", \"terms_order_by\": \"61ca57f2-469d-11e7-af02-69e470af7417\", \"stacked\": \"none\", \"type\": \"timeseries\", \"split_mode\": \"terms\", \"metrics\": [{\"type\": \"avg\", \"field\": \"aws.sns.metrics.NumberOfNotificationsFilteredOut-InvalidAttributes.sum\", \"id\": \"61ca57f2-469d-11e7-af02-69e470af7417\"}], \"separate_axis\": 0, \"point_size\": \"5\", \"chart_type\": \"line\", \"fill\": \"0\", \"formatter\": \"s,s,3\", \"label\": \"Notifications Filtered Out Invalid Attributes\"}], \"legend_position\": \"bottom\", \"interval\": \"5m\", \"show_grid\": 1}}"
            },
            "id": "d19a71b0-180e-11ea-8e91-03c7047cbb9d",
            "migrationVersion": {
                "visualization": "7.3.1"
            },
            "references": [],
            "type": "visualization",
            "updated_at": "2019-12-09T09:08:00.463Z",
            "version": "WzU1MiwxXQ=="
        },
        {
            "attributes": {
                "description": "",
                "kibanaSavedObjectMeta": {
                    "searchSourceJSON": "{\"query\": {\"language\": \"kuery\", \"query\": \"\"}, \"filter\": []}"
                },
                "title": "SNS Notifications Filtered Out No Message Attributes [Metricbeat AWS]",
                "uiStateJSON": "{}",
                "version": 1,
                "visState": "{\"aggs\": [], \"type\": \"metrics\", \"title\": \"SNS Notifications Filtered Out No Message Attributes [Metricbeat AWS]\", \"params\": {\"default_index_pattern\": \"metricbeat-*\", \"axis_formatter\": \"number\", \"show_legend\": 1, \"isModelInvalid\": false, \"id\": \"61ca57f0-469d-11e7-af02-69e470af7417\", \"index_pattern\": \"metricbeat-*\", \"time_field\": \"\", \"axis_min\": \"0\", \"axis_scale\": \"normal\", \"axis_position\": \"left\", \"default_timefield\": \"@timestamp\", \"type\": \"timeseries\", \"series\": [{\"terms_field\": null, \"split_color_mode\": \"rainbow\", \"color\": \"#68BC00\", \"line_width\": 1, \"axis_position\": \"right\", \"id\": \"61ca57f1-469d-11e7-af02-69e470af7417\", \"terms_order_by\": \"61ca57f2-469d-11e7-af02-69e470af7417\", \"stacked\": \"none\", \"type\": \"timeseries\", \"split_mode\": \"terms\", \"metrics\": [{\"type\": \"avg\", \"field\": \"aws.sns.metrics.NumberOfNotificationsFilteredOut-NoMessageAttributes.sum\", \"id\": \"61ca57f2-469d-11e7-af02-69e470af7417\"}], \"separate_axis\": 0, \"point_size\": \"5\", \"chart_type\": \"line\", \"fill\": \"0\", \"formatter\": \"s,s,3\", \"label\": \"Notifications Filtered Out No Message Attributes\"}], \"legend_position\": \"bottom\", \"interval\": \"5m\", \"show_grid\": 1}}"
            },
            "id": "dffa19e0-180e-11ea-8e91-03c7047cbb9d",
            "migrationVersion": {
                "visualization": "7.3.1"
            },
            "references": [],
            "type": "visualization",
            "updated_at": "2019-12-09T09:07:34.947Z",
            "version": "WzU0OSwxXQ=="
        },
        {
            "attributes": {
                "description": "",
                "kibanaSavedObjectMeta": {
                    "searchSourceJSON": "{\"query\": {\"language\": \"kuery\", \"query\": \"\"}, \"filter\": []}"
                },
                "title": "SNS Notifications Failed To Redrive To DLQ [Metricbeat AWS]",
                "uiStateJSON": "{}",
                "version": 1,
                "visState": "{\"aggs\": [], \"type\": \"metrics\", \"title\": \"SNS Notifications Failed To Redrive To DLQ [Metricbeat AWS]\", \"params\": {\"default_index_pattern\": \"metricbeat-*\", \"axis_formatter\": \"number\", \"show_legend\": 1, \"isModelInvalid\": false, \"id\": \"61ca57f0-469d-11e7-af02-69e470af7417\", \"index_pattern\": \"metricbeat-*\", \"time_field\": \"\", \"axis_min\": \"0\", \"axis_scale\": \"normal\", \"axis_position\": \"left\", \"default_timefield\": \"@timestamp\", \"type\": \"timeseries\", \"series\": [{\"terms_field\": null, \"split_color_mode\": \"rainbow\", \"color\": \"#68BC00\", \"line_width\": 1, \"axis_position\": \"right\", \"id\": \"61ca57f1-469d-11e7-af02-69e470af7417\", \"terms_order_by\": \"61ca57f2-469d-11e7-af02-69e470af7417\", \"stacked\": \"none\", \"type\": \"timeseries\", \"split_mode\": \"terms\", \"metrics\": [{\"type\": \"avg\", \"field\": \"aws.sns.metrics.NumberOfNotificationsFailedToRedriveToDlq.sum\", \"id\": \"61ca57f2-469d-11e7-af02-69e470af7417\"}], \"separate_axis\": 0, \"point_size\": \"5\", \"chart_type\": \"line\", \"fill\": \"0\", \"formatter\": \"s,s,3\", \"label\": \"Notifications Failed To Redrive To DLQ\"}], \"legend_position\": \"bottom\", \"interval\": \"5m\", \"show_grid\": 1}}"
            },
            "id": "09857a20-180f-11ea-8e91-03c7047cbb9d",
            "migrationVersion": {
                "visualization": "7.3.1"
            },
            "references": [],
            "type": "visualization",
            "updated_at": "2019-12-09T09:06:57.756Z",
            "version": "WzU0NywxXQ=="
        },
        {
            "attributes": {
                "description": "",
                "kibanaSavedObjectMeta": {
                    "searchSourceJSON": "{\"query\": {\"language\": \"kuery\", \"query\": \"\"}, \"filter\": []}"
                },
                "title": "SNS SMS Success Rate [Metricbeat AWS]",
                "uiStateJSON": "{}",
                "version": 1,
                "visState": "{\"aggs\": [], \"type\": \"metrics\", \"title\": \"SNS SMS Success Rate [Metricbeat AWS]\", \"params\": {\"default_index_pattern\": \"metricbeat-*\", \"axis_formatter\": \"number\", \"show_legend\": 1, \"isModelInvalid\": false, \"id\": \"61ca57f0-469d-11e7-af02-69e470af7417\", \"index_pattern\": \"metricbeat-*\", \"time_field\": \"\", \"axis_min\": \"0\", \"axis_scale\": \"normal\", \"axis_position\": \"left\", \"default_timefield\": \"@timestamp\", \"type\": \"timeseries\", \"series\": [{\"terms_field\": null, \"split_color_mode\": \"rainbow\", \"color\": \"#68BC00\", \"line_width\": 1, \"axis_position\": \"right\", \"id\": \"61ca57f1-469d-11e7-af02-69e470af7417\", \"terms_order_by\": \"61ca57f2-469d-11e7-af02-69e470af7417\", \"stacked\": \"none\", \"type\": \"timeseries\", \"split_mode\": \"terms\", \"metrics\": [{\"type\": \"avg\", \"field\": \"aws.sns.metrics.SMSSuccessRate.avg\", \"id\": \"61ca57f2-469d-11e7-af02-69e470af7417\"}], \"separate_axis\": 0, \"point_size\": \"5\", \"chart_type\": \"line\", \"fill\": \"0\", \"formatter\": \"number\", \"label\": \"SMS Success Rate\"}], \"legend_position\": \"bottom\", \"interval\": \"5m\", \"show_grid\": 1}}"
            },
            "id": "abdc7480-180b-11ea-8e91-03c7047cbb9d",
            "migrationVersion": {
                "visualization": "7.3.1"
            },
            "references": [],
            "type": "visualization",
            "updated_at": "2019-12-09T09:06:28.900Z",
            "version": "WzU0NCwxXQ=="
        },
        {
            "attributes": {
                "description": "",
                "kibanaSavedObjectMeta": {
                    "searchSourceJSON": "{\"query\": {\"language\": \"kuery\", \"query\": \"\"}, \"filter\": []}"
                },
                "title": "SNS Notifications Redriven To DLQ [Metricbeat AWS]",
                "uiStateJSON": "{}",
                "version": 1,
                "visState": "{\"aggs\": [], \"type\": \"metrics\", \"title\": \"SNS Notifications Redriven To DLQ [Metricbeat AWS]\", \"params\": {\"default_index_pattern\": \"metricbeat-*\", \"axis_formatter\": \"number\", \"show_legend\": 1, \"isModelInvalid\": false, \"id\": \"61ca57f0-469d-11e7-af02-69e470af7417\", \"index_pattern\": \"metricbeat-*\", \"time_field\": \"\", \"axis_min\": \"0\", \"axis_scale\": \"normal\", \"axis_position\": \"left\", \"default_timefield\": \"@timestamp\", \"type\": \"timeseries\", \"series\": [{\"terms_field\": null, \"split_color_mode\": \"rainbow\", \"color\": \"#68BC00\", \"line_width\": 1, \"axis_position\": \"right\", \"id\": \"61ca57f1-469d-11e7-af02-69e470af7417\", \"terms_order_by\": \"61ca57f2-469d-11e7-af02-69e470af7417\", \"stacked\": \"none\", \"type\": \"timeseries\", \"split_mode\": \"terms\", \"metrics\": [{\"type\": \"avg\", \"field\": \"aws.sns.metrics.NumberOfNotificationsRedrivenToDlq.sum\", \"id\": \"61ca57f2-469d-11e7-af02-69e470af7417\"}], \"separate_axis\": 0, \"point_size\": \"5\", \"chart_type\": \"line\", \"fill\": \"0\", \"formatter\": \"s,s,3\", \"label\": \"Notifications Redriven To DLQ\"}], \"legend_position\": \"bottom\", \"interval\": \"5m\", \"show_grid\": 1}}"
            },
            "id": "fc0869c0-180e-11ea-8e91-03c7047cbb9d",
            "migrationVersion": {
                "visualization": "7.3.1"
            },
            "references": [],
            "type": "visualization",
            "updated_at": "2019-12-09T09:07:41.740Z",
            "version": "WzU1MCwxXQ=="
        },
        {
            "attributes": {
                "description": "",
                "kibanaSavedObjectMeta": {
                    "searchSourceJSON": "{\"query\": {\"language\": \"kuery\", \"query\": \"\"}, \"filter\": []}"
                },
                "title": "SNS SMS Month To Date Spent USD [Metricbeat AWS]",
                "uiStateJSON": "{}",
                "version": 1,
                "visState": "{\"aggs\": [], \"type\": \"metrics\", \"title\": \"SNS SMS Month To Date Spent USD [Metricbeat AWS]\", \"params\": {\"default_index_pattern\": \"metricbeat-*\", \"axis_formatter\": \"number\", \"show_legend\": 1, \"isModelInvalid\": false, \"id\": \"61ca57f0-469d-11e7-af02-69e470af7417\", \"index_pattern\": \"metricbeat-*\", \"time_field\": \"\", \"axis_min\": \"0\", \"axis_scale\": \"normal\", \"axis_position\": \"left\", \"default_timefield\": \"@timestamp\", \"type\": \"timeseries\", \"series\": [{\"terms_field\": null, \"split_color_mode\": \"rainbow\", \"color\": \"#68BC00\", \"line_width\": 1, \"axis_position\": \"right\", \"id\": \"61ca57f1-469d-11e7-af02-69e470af7417\", \"terms_order_by\": \"61ca57f2-469d-11e7-af02-69e470af7417\", \"stacked\": \"none\", \"type\": \"timeseries\", \"split_mode\": \"terms\", \"metrics\": [{\"type\": \"avg\", \"field\": \"aws.sns.metrics.SMSMonthToDateSpentUSD.sum\", \"id\": \"61ca57f2-469d-11e7-af02-69e470af7417\"}], \"separate_axis\": 0, \"point_size\": \"5\", \"chart_type\": \"line\", \"fill\": \"0\", \"formatter\": \"s,s,3\", \"label\": \"SMS Month To Date Spent USD\"}], \"legend_position\": \"bottom\", \"interval\": \"5m\", \"show_grid\": 1}}"
            },
            "id": "b7f8bf90-180f-11ea-8e91-03c7047cbb9d",
            "migrationVersion": {
                "visualization": "7.3.1"
            },
            "references": [],
            "type": "visualization",
            "updated_at": "2019-12-09T09:08:06.137Z",
            "version": "WzU1MywxXQ=="
        }
    ],
    "version": "7.3.0"
}