{
    "objects": [
        {
            "attributes": {
                "description": "Overview of Googlecloud Load Balancing L3 Metrics",
                "hits": 0,
                "kibanaSavedObjectMeta": {
                    "searchSourceJSON": "{\"query\": {\"language\": \"kuery\", \"query\": \"\"}, \"filter\": []}"
                },
                "optionsJSON": "{\"useMargins\": true, \"hidePanelTitles\": false}",
                "panelsJSON": "[{\"gridData\": {\"w\": 48, \"x\": 0, \"y\": 0, \"i\": \"8b86e712-4709-458a-b8e9-40e79305b1aa\", \"h\": 6}, \"panelIndex\": \"8b86e712-4709-458a-b8e9-40e79305b1aa\", \"title\": \"Filters\", \"embeddableConfig\": {\"title\": \"Filters\"}, \"panelRefName\": \"panel_0\", \"version\": \"7.6.2\"}, {\"gridData\": {\"w\": 24, \"x\": 24, \"y\": 6, \"i\": \"44d18a84-d060-4149-825d-eacc61f946f3\", \"h\": 15}, \"panelIndex\": \"44d18a84-d060-4149-825d-eacc61f946f3\", \"title\": \"Egress Packets\", \"embeddableConfig\": {\"title\": \"Egress Packets\"}, \"panelRefName\": \"panel_1\", \"version\": \"7.6.2\"}, {\"gridData\": {\"w\": 24, \"x\": 0, \"y\": 6, \"i\": \"c38aeaae-69a7-4a6c-a35a-4bf5c8f70e86\", \"h\": 15}, \"panelIndex\": \"c38aeaae-69a7-4a6c-a35a-4bf5c8f70e86\", \"title\": \"Egress Bytes\", \"embeddableConfig\": {\"title\": \"Egress Bytes\"}, \"panelRefName\": \"panel_2\", \"version\": \"7.6.2\"}, {\"gridData\": {\"w\": 24, \"x\": 24, \"y\": 21, \"i\": \"c5782327-dc55-466d-97d8-b79618f0b47a\", \"h\": 15}, \"panelIndex\": \"c5782327-dc55-466d-97d8-b79618f0b47a\", \"title\": \"Ingress Packets\", \"embeddableConfig\": {\"title\": \"Ingress Packets\"}, \"panelRefName\": \"panel_3\", \"version\": \"7.6.2\"}, {\"gridData\": {\"w\": 24, \"x\": 0, \"y\": 21, \"i\": \"beaf5f45-5217-4aed-b663-69e5e9ca35c3\", \"h\": 15}, \"panelIndex\": \"beaf5f45-5217-4aed-b663-69e5e9ca35c3\", \"title\": \"Ingress Bytes\", \"embeddableConfig\": {\"title\": \"Ingress Bytes\"}, \"panelRefName\": \"panel_4\", \"version\": \"7.6.2\"}]",
                "timeRestore": false,
                "title": "[Metricbeat Googlecloud] Load Balancing L3 Overview",
                "version": 1
            },
            "id": "8f9c6cc0-909d-11ea-8180-7b0dacd9df87",
            "migrationVersion": {
                "dashboard": "7.3.0"
            },
            "references": [
                {
                    "id": "3f4e9040-909d-11ea-8180-7b0dacd9df87",
                    "name": "panel_0",
                    "type": "visualization"
                },
                {
                    "id": "2f6b6740-909b-11ea-8180-7b0dacd9df87",
                    "name": "panel_1",
                    "type": "visualization"
                },
                {
                    "id": "e562eb50-909a-11ea-8180-7b0dacd9df87",
                    "name": "panel_2",
                    "type": "visualization"
                },
                {
                    "id": "543dac40-909b-11ea-8180-7b0dacd9df87",
                    "name": "panel_3",
                    "type": "visualization"
                },
                {
                    "id": "434f69f0-909b-11ea-8180-7b0dacd9df87",
                    "name": "panel_4",
                    "type": "visualization"
                }
            ],
            "type": "dashboard",
            "updated_at": "2020-05-07T20:21:35.954Z",
            "version": "WzQ2OTUsNV0="
        },
        {
            "attributes": {
                "description": "",
                "kibanaSavedObjectMeta": {
                    "searchSourceJSON": "{}"
                },
                "title": "Load Balancing L3 Filters [Metricbeat Googlecloud]",
                "uiStateJSON": "{}",
                "version": 1,
                "visState": "{\"aggs\": [], \"type\": \"input_control_vis\", \"title\": \"Load Balancing L3 Filters [Metricbeat Googlecloud]\", \"params\": {\"controls\": [{\"indexPatternRefName\": \"control_0_index_pattern\", \"type\": \"list\", \"parent\": \"\", \"options\": {\"dynamicOptions\": true, \"size\": 5, \"multiselect\": true, \"order\": \"desc\", \"type\": \"terms\"}, \"id\": \"1588881306802\", \"fieldName\": \"googlecloud.labels.resource.backend_name\", \"label\": \"Backend Name\"}, {\"indexPatternRefName\": \"control_1_index_pattern\", \"type\": \"list\", \"parent\": \"\", \"options\": {\"dynamicOptions\": true, \"size\": 5, \"multiselect\": true, \"order\": \"desc\", \"type\": \"terms\"}, \"id\": \"1588881320708\", \"fieldName\": \"googlecloud.labels.metrics.client_zone\", \"label\": \"Client Zone\"}, {\"indexPatternRefName\": \"control_2_index_pattern\", \"type\": \"list\", \"parent\": \"\", \"options\": {\"dynamicOptions\": true, \"size\": 5, \"multiselect\": true, \"order\": \"desc\", \"type\": \"terms\"}, \"id\": \"1588881383318\", \"fieldName\": \"googlecloud.labels.metrics.client_network\", \"label\": \"Client Network\"}, {\"indexPatternRefName\": \"control_3_index_pattern\", \"type\": \"list\", \"parent\": \"\", \"options\": {\"dynamicOptions\": true, \"size\": 5, \"multiselect\": true, \"order\": \"desc\", \"type\": \"terms\"}, \"id\": \"1588881498842\", \"fieldName\": \"googlecloud.labels.metrics.client_subnetwork\", \"label\": \"Client Sub-network\"}], \"updateFiltersOnChange\": false, \"pinFilters\": false, \"useTimeFilter\": false}}"
            },
            "id": "3f4e9040-909d-11ea-8180-7b0dacd9df87",
            "migrationVersion": {
                "visualization": "7.4.2"
            },
            "references": [
                {
                    "id": "metricbeat-*",
                    "name": "control_0_index_pattern",
                    "type": "index-pattern"
                },
                {
                    "id": "metricbeat-*",
                    "name": "control_1_index_pattern",
                    "type": "index-pattern"
                },
                {
                    "id": "metricbeat-*",
                    "name": "control_2_index_pattern",
                    "type": "index-pattern"
                },
                {
                    "id": "metricbeat-*",
                    "name": "control_3_index_pattern",
                    "type": "index-pattern"
                }
            ],
            "type": "visualization",
            "updated_at": "2020-05-07T20:01:49.530Z",
            "version": "WzQ2ODcsNV0="
        },
        {
            "attributes": {
                "description": "",
                "kibanaSavedObjectMeta": {
                    "searchSourceJSON": "{}"
                },
                "title": "Load Balancing L3 Egress Packets [Metricbeat Googlecloud]",
                "uiStateJSON": "{}",
                "version": 1,
                "visState": "{\"aggs\": [], \"type\": \"metrics\", \"title\": \"Load Balancing L3 Egress Packets [Metricbeat Googlecloud]\", \"params\": {\"default_index_pattern\": \"metricbeat-*\", \"time_field\": \"\", \"axis_formatter\": \"number\", \"show_legend\": 1, \"filter\": {\"language\": \"kuery\", \"query\": \"googlecloud.loadbalancing.l3.internal.egress_packets_count.value : * \"}, \"isModelInvalid\": false, \"id\": \"61ca57f0-469d-11e7-af02-69e470af7417\", \"index_pattern\": \"metricbeat-*\", \"drop_last_bucket\": 1, \"interval\": \"1m\", \"axis_scale\": \"normal\", \"axis_position\": \"left\", \"default_timefield\": \"@timestamp\", \"type\": \"timeseries\", \"series\": [{\"terms_field\": \"googlecloud.labels.resource.backend_name\", \"split_color_mode\": \"rainbow\", \"color\": \"#68BC00\", \"line_width\": \"2\", \"axis_position\": \"right\", \"id\": \"61ca57f1-469d-11e7-af02-69e470af7417\", \"terms_order_by\": \"61ca57f2-469d-11e7-af02-69e470af7417\", \"stacked\": \"none\", \"type\": \"timeseries\", \"split_mode\": \"terms\", \"metrics\": [{\"type\": \"avg\", \"field\": \"googlecloud.loadbalancing.l3.internal.egress_packets_count.value\", \"id\": \"61ca57f2-469d-11e7-af02-69e470af7417\"}], \"separate_axis\": 0, \"point_size\": \"3\", \"chart_type\": \"line\", \"fill\": \"0\", \"formatter\": \"bytes\", \"label\": \"\"}], \"show_grid\": 1}}"
            },
            "id": "2f6b6740-909b-11ea-8180-7b0dacd9df87",
            "migrationVersion": {
                "visualization": "7.4.2"
            },
            "references": [],
            "type": "visualization",
            "updated_at": "2020-05-07T20:04:34.525Z",
            "version": "WzQ2OTIsNV0="
        },
        {
            "attributes": {
                "description": "",
                "kibanaSavedObjectMeta": {
                    "searchSourceJSON": "{}"
                },
                "title": "Load Balancing L3 Egress Bytes [Metricbeat Googlecloud]",
                "uiStateJSON": "{}",
                "version": 1,
                "visState": "{\"aggs\": [], \"type\": \"metrics\", \"title\": \"Load Balancing L3 Egress Bytes [Metricbeat Googlecloud]\", \"params\": {\"default_index_pattern\": \"metricbeat-*\", \"time_field\": \"\", \"axis_formatter\": \"number\", \"show_legend\": 1, \"filter\": {\"language\": \"kuery\", \"query\": \"googlecloud.loadbalancing.l3.internal.egress_bytes_count.value : * \"}, \"isModelInvalid\": false, \"id\": \"61ca57f0-469d-11e7-af02-69e470af7417\", \"index_pattern\": \"metricbeat-*\", \"drop_last_bucket\": 1, \"interval\": \"1m\", \"axis_scale\": \"normal\", \"axis_position\": \"left\", \"default_timefield\": \"@timestamp\", \"type\": \"timeseries\", \"series\": [{\"terms_field\": \"googlecloud.labels.resource.backend_name\", \"split_color_mode\": \"rainbow\", \"color\": \"#68BC00\", \"line_width\": \"2\", \"axis_position\": \"right\", \"id\": \"61ca57f1-469d-11e7-af02-69e470af7417\", \"terms_order_by\": \"61ca57f2-469d-11e7-af02-69e470af7417\", \"stacked\": \"none\", \"type\": \"timeseries\", \"split_mode\": \"terms\", \"metrics\": [{\"type\": \"avg\", \"field\": \"googlecloud.loadbalancing.l3.internal.egress_bytes_count.value\", \"id\": \"61ca57f2-469d-11e7-af02-69e470af7417\"}], \"separate_axis\": 0, \"point_size\": \"3\", \"chart_type\": \"line\", \"fill\": \"0\", \"formatter\": \"bytes\", \"label\": \"\"}], \"show_grid\": 1}}"
            },
            "id": "e562eb50-909a-11ea-8180-7b0dacd9df87",
            "migrationVersion": {
                "visualization": "7.4.2"
            },
            "references": [],
            "type": "visualization",
            "updated_at": "2020-05-07T20:04:29.165Z",
            "version": "WzQ2OTEsNV0="
        },
        {
            "attributes": {
                "description": "",
                "kibanaSavedObjectMeta": {
                    "searchSourceJSON": "{}"
                },
                "title": "Load Balancing L3 Ingress Packets [Metricbeat Googlecloud]",
                "uiStateJSON": "{}",
                "version": 1,
                "visState": "{\"aggs\": [], \"type\": \"metrics\", \"title\": \"Load Balancing L3 Ingress Packets [Metricbeat Googlecloud]\", \"params\": {\"default_index_pattern\": \"metricbeat-*\", \"time_field\": \"\", \"axis_formatter\": \"number\", \"show_legend\": 1, \"filter\": {\"language\": \"kuery\", \"query\": \"googlecloud.loadbalancing.l3.internal.ingress_packets_count.value : * \"}, \"isModelInvalid\": false, \"id\": \"61ca57f0-469d-11e7-af02-69e470af7417\", \"index_pattern\": \"metricbeat-*\", \"drop_last_bucket\": 1, \"interval\": \"1m\", \"axis_scale\": \"normal\", \"axis_position\": \"left\", \"default_timefield\": \"@timestamp\", \"type\": \"timeseries\", \"series\": [{\"terms_field\": \"googlecloud.labels.resource.backend_name\", \"split_color_mode\": \"rainbow\", \"color\": \"#68BC00\", \"line_width\": \"2\", \"axis_position\": \"right\", \"id\": \"61ca57f1-469d-11e7-af02-69e470af7417\", \"terms_order_by\": \"61ca57f2-469d-11e7-af02-69e470af7417\", \"stacked\": \"none\", \"type\": \"timeseries\", \"split_mode\": \"terms\", \"metrics\": [{\"type\": \"avg\", \"field\": \"googlecloud.loadbalancing.l3.internal.ingress_packets_count.value\", \"id\": \"61ca57f2-469d-11e7-af02-69e470af7417\"}], \"separate_axis\": 0, \"point_size\": \"3\", \"chart_type\": \"line\", \"fill\": \"0\", \"formatter\": \"bytes\", \"label\": \"\"}], \"show_grid\": 1}}"
            },
            "id": "543dac40-909b-11ea-8180-7b0dacd9df87",
            "migrationVersion": {
                "visualization": "7.4.2"
            },
            "references": [],
            "type": "visualization",
            "updated_at": "2020-05-07T20:02:40.535Z",
            "version": "WzQ2ODksNV0="
        },
        {
            "attributes": {
                "description": "",
                "kibanaSavedObjectMeta": {
                    "searchSourceJSON": "{}"
                },
                "title": "Load Balancing L3 Ingress Bytes [Metricbeat Googlecloud]",
                "uiStateJSON": "{}",
                "version": 1,
                "visState": "{\"aggs\": [], \"type\": \"metrics\", \"title\": \"Load Balancing L3 Ingress Bytes [Metricbeat Googlecloud]\", \"params\": {\"default_index_pattern\": \"metricbeat-*\", \"time_field\": \"\", \"axis_formatter\": \"number\", \"show_legend\": 1, \"filter\": {\"language\": \"kuery\", \"query\": \"googlecloud.loadbalancing.l3.internal.ingress_bytes_count.value : * \"}, \"isModelInvalid\": false, \"id\": \"61ca57f0-469d-11e7-af02-69e470af7417\", \"index_pattern\": \"metricbeat-*\", \"drop_last_bucket\": 1, \"interval\": \"1m\", \"axis_scale\": \"normal\", \"axis_position\": \"left\", \"default_timefield\": \"@timestamp\", \"type\": \"timeseries\", \"series\": [{\"terms_field\": \"googlecloud.labels.resource.backend_name\", \"split_color_mode\": \"rainbow\", \"color\": \"#68BC00\", \"line_width\": \"2\", \"axis_position\": \"right\", \"id\": \"61ca57f1-469d-11e7-af02-69e470af7417\", \"terms_order_by\": \"61ca57f2-469d-11e7-af02-69e470af7417\", \"stacked\": \"none\", \"type\": \"timeseries\", \"split_mode\": \"terms\", \"metrics\": [{\"type\": \"avg\", \"field\": \"googlecloud.loadbalancing.l3.internal.ingress_bytes_count.value\", \"id\": \"61ca57f2-469d-11e7-af02-69e470af7417\"}], \"separate_axis\": 0, \"point_size\": \"3\", \"chart_type\": \"line\", \"fill\": \"0\", \"formatter\": \"bytes\", \"label\": \"\"}], \"show_grid\": 1}}"
            },
            "id": "434f69f0-909b-11ea-8180-7b0dacd9df87",
            "migrationVersion": {
                "visualization": "7.4.2"
            },
            "references": [],
            "type": "visualization",
            "updated_at": "2020-05-07T20:02:58.735Z",
            "version": "WzQ2OTAsNV0="
        }
    ],
    "version": "7.6.2"
}