{
    "objects": [
        {
            "attributes": {
                "description": "This dashboard shows process and cache metrics for the IIS server.",
                "hits": 0,
                "kibanaSavedObjectMeta": {
                    "searchSourceJSON": "{\"query\": {\"language\": \"kuery\", \"query\": \"\"}, \"filter\": []}"
                },
                "optionsJSON": "{\"useMargins\": true, \"hidePanelTitles\": false}",
                "panelsJSON": "[{\"panelRefName\": \"panel_0\", \"gridData\": {\"w\": 10, \"x\": 0, \"y\": 0, \"i\": \"8c503a52-2cfb-4922-97db-b91bf343285d\", \"h\": 5}, \"panelIndex\": \"8c503a52-2cfb-4922-97db-b91bf343285d\", \"embeddableConfig\": {\"title\": \"\"}, \"version\": \"7.6.2\"}, {\"panelRefName\": \"panel_1\", \"gridData\": {\"w\": 8, \"x\": 10, \"y\": 0, \"i\": \"1bfd458d-84ff-4b0c-b091-9bfd7ac15de1\", \"h\": 11}, \"panelIndex\": \"1bfd458d-84ff-4b0c-b091-9bfd7ac15de1\", \"embeddableConfig\": {\"title\": \"\"}, \"version\": \"7.6.2\"}, {\"panelRefName\": \"panel_2\", \"gridData\": {\"w\": 10, \"x\": 18, \"y\": 0, \"i\": \"c0111c35-69be-41b9-a6be-b83f83721aeb\", \"h\": 11}, \"panelIndex\": \"c0111c35-69be-41b9-a6be-b83f83721aeb\", \"embeddableConfig\": {\"title\": \"\"}, \"version\": \"7.6.2\"}, {\"panelRefName\": \"panel_3\", \"gridData\": {\"w\": 10, \"x\": 28, \"y\": 0, \"i\": \"b857a52c-865a-4f99-9acb-cc6b64b4508b\", \"h\": 11}, \"panelIndex\": \"b857a52c-865a-4f99-9acb-cc6b64b4508b\", \"embeddableConfig\": {\"title\": \"\"}, \"version\": \"7.6.2\"}, {\"panelRefName\": \"panel_4\", \"gridData\": {\"w\": 10, \"x\": 38, \"y\": 0, \"i\": \"dfbef78c-4636-4c5f-ad52-45f931b6a101\", \"h\": 11}, \"panelIndex\": \"dfbef78c-4636-4c5f-ad52-45f931b6a101\", \"embeddableConfig\": {\"title\": \"\"}, \"version\": \"7.6.2\"}, {\"panelRefName\": \"panel_5\", \"gridData\": {\"w\": 5, \"x\": 0, \"y\": 5, \"i\": \"552a8182-6705-4faa-95e5-2cde2a3e77c0\", \"h\": 9}, \"panelIndex\": \"552a8182-6705-4faa-95e5-2cde2a3e77c0\", \"embeddableConfig\": {\"title\": \"\"}, \"version\": \"7.6.2\"}, {\"panelRefName\": \"panel_6\", \"gridData\": {\"w\": 5, \"x\": 5, \"y\": 5, \"i\": \"1f8299eb-beef-4851-ac58-4416891629c2\", \"h\": 9}, \"panelIndex\": \"1f8299eb-beef-4851-ac58-4416891629c2\", \"embeddableConfig\": {\"title\": \"\"}, \"version\": \"7.6.2\"}, {\"gridData\": {\"w\": 38, \"x\": 10, \"y\": 11, \"i\": \"5b29dd93-bdc2-4539-a08f-023638a8ccdb\", \"h\": 12}, \"panelIndex\": \"5b29dd93-bdc2-4539-a08f-023638a8ccdb\", \"title\": \"IO Operations\", \"embeddableConfig\": {\"title\": \"IO Operations\"}, \"panelRefName\": \"panel_7\", \"version\": \"7.6.2\"}, {\"panelRefName\": \"panel_8\", \"gridData\": {\"w\": 5, \"x\": 0, \"y\": 14, \"i\": \"c0d58d03-1af7-46d0-a01d-6d9c2d05d703\", \"h\": 9}, \"panelIndex\": \"c0d58d03-1af7-46d0-a01d-6d9c2d05d703\", \"embeddableConfig\": {\"title\": \"\"}, \"version\": \"7.6.2\"}, {\"panelRefName\": \"panel_9\", \"gridData\": {\"w\": 5, \"x\": 5, \"y\": 14, \"i\": \"ddc9edcc-d8ee-4953-9f8e-0c24328a90e3\", \"h\": 9}, \"panelIndex\": \"ddc9edcc-d8ee-4953-9f8e-0c24328a90e3\", \"embeddableConfig\": {\"title\": \"\"}, \"version\": \"7.6.2\"}, {\"gridData\": {\"w\": 24, \"x\": 24, \"y\": 23, \"i\": \"12a8098a-9dfa-464b-b4b7-c08a02829aa1\", \"h\": 15}, \"panelIndex\": \"12a8098a-9dfa-464b-b4b7-c08a02829aa1\", \"title\": \"Memory Usage\", \"embeddableConfig\": {\"title\": \"Memory Usage\"}, \"panelRefName\": \"panel_10\", \"version\": \"7.6.2\"}, {\"gridData\": {\"w\": 24, \"x\": 0, \"y\": 23, \"i\": \"4b54bddb-c2e7-47a1-ab7c-71c51e91a931\", \"h\": 15}, \"panelIndex\": \"4b54bddb-c2e7-47a1-ab7c-71c51e91a931\", \"title\": \"CPU Usage\", \"embeddableConfig\": {\"title\": \"CPU Usage\"}, \"panelRefName\": \"panel_11\", \"version\": \"7.6.2\"}]",
                "timeRestore": false,
                "title": "[Metricbeat IIS] Webserver Process Overview",
                "version": 1
            },
            "id": "2c171500-858b-11ea-91bc-ab084c7ec0e7",
            "migrationVersion": {
                "dashboard": "7.3.0"
            },
            "references": [
                {
                    "id": "e6fab5c0-858b-11ea-91bc-ab084c7ec0e7",
                    "name": "panel_0",
                    "type": "visualization"
                },
                {
                    "id": "1084a0e0-8d57-11ea-817c-a9b6d42fd8a0",
                    "name": "panel_1",
                    "type": "visualization"
                },
                {
                    "id": "55755550-858c-11ea-91bc-ab084c7ec0e7",
                    "name": "panel_2",
                    "type": "visualization"
                },
                {
                    "id": "6c1272a0-858e-11ea-91bc-ab084c7ec0e7",
                    "name": "panel_3",
                    "type": "visualization"
                },
                {
                    "id": "92dcde20-858e-11ea-91bc-ab084c7ec0e7",
                    "name": "panel_4",
                    "type": "visualization"
                },
                {
                    "id": "d9dc78b0-8d56-11ea-817c-a9b6d42fd8a0",
                    "name": "panel_5",
                    "type": "visualization"
                },
                {
                    "id": "b5c6f400-8d56-11ea-817c-a9b6d42fd8a0",
                    "name": "panel_6",
                    "type": "visualization"
                },
                {
                    "id": "e26479e0-858d-11ea-91bc-ab084c7ec0e7",
                    "name": "panel_7",
                    "type": "visualization"
                },
                {
                    "id": "7d9e1f40-8d56-11ea-817c-a9b6d42fd8a0",
                    "name": "panel_8",
                    "type": "visualization"
                },
                {
                    "id": "945f7850-8d56-11ea-817c-a9b6d42fd8a0",
                    "name": "panel_9",
                    "type": "visualization"
                },
                {
                    "id": "e4d91170-858f-11ea-91bc-ab084c7ec0e7",
                    "name": "panel_10",
                    "type": "visualization"
                },
                {
                    "id": "2dd099f0-858d-11ea-91bc-ab084c7ec0e7",
                    "name": "panel_11",
                    "type": "visualization"
                }
            ],
            "type": "dashboard",
            "updated_at": "2020-05-03T16:16:09.608Z",
            "version": "WzEyMTcsMV0="
        },
        {
            "attributes": {
                "description": "",
                "kibanaSavedObjectMeta": {
                    "searchSourceJSON": "{\"query\": {\"language\": \"kuery\", \"query\": \"\"}, \"filter\": []}"
                },
                "title": "Navigation Webserver Process Overview [Metricbeat IIS]",
                "uiStateJSON": "{}",
                "version": 1,
                "visState": "{\"aggs\": [], \"type\": \"markdown\", \"title\": \"Navigation Webserver Process Overview [Metricbeat IIS]\", \"params\": {\"markdown\": \"### IIS\\n\\n[Webserver](#/dashboard/ebc23240-8572-11ea-91bc-ab084c7ec0e7)| [**Webserver processes**](#/dashboard/2c171500-858b-11ea-91bc-ab084c7ec0e7) | [Websites](#/dashboard/4b975820-85a1-11ea-91bc-ab084c7ec0e7) | [Application Pools](#/dashboard/b4108810-861c-11ea-91bc-ab084c7ec0e7) \", \"openLinksInNewTab\": false, \"fontSize\": 10}}"
            },
            "id": "e6fab5c0-858b-11ea-91bc-ab084c7ec0e7",
            "migrationVersion": {
                "visualization": "7.4.2"
            },
            "references": [],
            "type": "visualization",
            "updated_at": "2020-04-24T13:07:25.601Z",
            "version": "WzUxOSwxXQ=="
        },
        {
            "attributes": {
                "description": "",
                "kibanaSavedObjectMeta": {
                    "searchSourceJSON": "{\"query\": {\"language\": \"kuery\", \"query\": \"\"}, \"filter\": []}"
                },
                "title": "Webserver Process Output Cache Current Memory Usage [Metricbeat IIS]",
                "uiStateJSON": "{}",
                "version": 1,
                "visState": "{\"aggs\": [], \"type\": \"metrics\", \"title\": \"Webserver Process Output Cache Current Memory Usage [Metricbeat IIS]\", \"params\": {\"pivot_id\": \"cloud.instance.name\", \"axis_formatter\": \"number\", \"background_color\": null, \"isModelInvalid\": false, \"show_legend\": 1, \"index_pattern\": \"metricbeat-*\", \"gauge_color_rules\": [{\"id\": \"9c09ed50-32e4-11ea-af9e-d70582a45bda\"}], \"time_range_mode\": \"entire_time_range\", \"gauge_inner_color\": null, \"axis_min\": 0, \"axis_position\": \"left\", \"default_timefield\": \"@timestamp\", \"gauge_style\": \"circle\", \"pivot_type\": \"string\", \"time_field\": \"@timestamp\", \"default_index_pattern\": \"metricbeat-*\", \"bar_color_rules\": [{\"id\": \"f11cfd90-32e5-11ea-af9e-d70582a45bda\"}], \"filter\": {\"language\": \"kuery\", \"query\": \"\"}, \"pivot_rows\": \"30\", \"id\": \"61fb4190-32e4-11ea-b9f8-4d0b340ad993\", \"background_color_rules\": [{\"id\": \"71978870-32e4-11ea-af9e-d70582a45bda\"}], \"gauge_inner_width\": \"6\", \"type\": \"gauge\", \"interval\": \"60m\", \"axis_scale\": \"normal\", \"show_grid\": 1, \"gauge_width\": \"10\", \"drilldown_url\": \"\", \"pivot_label\": \"Resource Name\", \"series\": [{\"terms_field\": \"cloud.instance.name\", \"split_color_mode\": \"gradient\", \"color\": \"rgba(211,181,21,1)\", \"filter\": {\"language\": \"kuery\", \"query\": \"\"}, \"line_width\": 2, \"axis_position\": \"right\", \"id\": \"61fb4191-32e4-11ea-b9f8-4d0b340ad993\", \"terms_order_by\": \"61fb4192-32e4-11ea-b9f8-4d0b340ad993\", \"stacked\": \"none\", \"type\": \"timeseries\", \"split_mode\": \"everything\", \"metrics\": [{\"size\": 1, \"field\": \"iis.webserver.cache.output_cache_current_memory_usage\", \"order\": \"desc\", \"type\": \"top_hit\", \"agg_with\": \"avg\", \"id\": \"61fb4192-32e4-11ea-b9f8-4d0b340ad993\", \"order_by\": \"@timestamp\"}], \"separate_axis\": 0, \"point_size\": 0, \"value_template\": \"{{value}} \", \"chart_type\": \"line\", \"fill\": \"1.2\", \"formatter\": \"bytes\", \"label\": \"Output Cache Current Memory Usage\"}]}}"
            },
            "id": "1084a0e0-8d57-11ea-817c-a9b6d42fd8a0",
            "migrationVersion": {
                "visualization": "7.4.2"
            },
            "references": [],
            "type": "visualization",
            "updated_at": "2020-05-03T16:10:45.498Z",
            "version": "WzExOTEsMV0="
        },
        {
            "attributes": {
                "description": "",
                "kibanaSavedObjectMeta": {
                    "searchSourceJSON": "{\"query\": {\"language\": \"kuery\", \"query\": \"\"}, \"filter\": []}"
                },
                "title": "Webserver Process Worker Process Count [Metricbeat IIS]",
                "uiStateJSON": "{}",
                "version": 1,
                "visState": "{\"aggs\": [], \"type\": \"metrics\", \"title\": \"Webserver Process Worker Process Count [Metricbeat IIS]\", \"params\": {\"pivot_id\": \"cloud.instance.name\", \"axis_formatter\": \"number\", \"background_color\": null, \"isModelInvalid\": false, \"show_legend\": 1, \"index_pattern\": \"metricbeat-*\", \"gauge_color_rules\": [{\"id\": \"9c09ed50-32e4-11ea-af9e-d70582a45bda\"}], \"time_range_mode\": \"entire_time_range\", \"gauge_inner_color\": null, \"axis_min\": 0, \"axis_position\": \"left\", \"default_timefield\": \"@timestamp\", \"gauge_style\": \"circle\", \"pivot_type\": \"string\", \"time_field\": \"@timestamp\", \"default_index_pattern\": \"metricbeat-*\", \"bar_color_rules\": [{\"id\": \"f11cfd90-32e5-11ea-af9e-d70582a45bda\"}], \"filter\": {\"language\": \"kuery\", \"query\": \"\"}, \"pivot_rows\": \"30\", \"id\": \"61fb4190-32e4-11ea-b9f8-4d0b340ad993\", \"background_color_rules\": [{\"id\": \"71978870-32e4-11ea-af9e-d70582a45bda\"}], \"gauge_inner_width\": \"6\", \"type\": \"gauge\", \"interval\": \"60m\", \"axis_scale\": \"normal\", \"show_grid\": 1, \"gauge_width\": \"10\", \"drilldown_url\": \"\", \"pivot_label\": \"Resource Name\", \"series\": [{\"terms_field\": \"cloud.instance.name\", \"split_color_mode\": \"gradient\", \"color\": \"rgba(211,49,21,1)\", \"filter\": {\"language\": \"kuery\", \"query\": \"\"}, \"line_width\": 2, \"axis_position\": \"right\", \"id\": \"61fb4191-32e4-11ea-b9f8-4d0b340ad993\", \"terms_order_by\": \"61fb4192-32e4-11ea-b9f8-4d0b340ad993\", \"stacked\": \"none\", \"type\": \"timeseries\", \"split_mode\": \"everything\", \"metrics\": [{\"size\": 1, \"field\": \"iis.webserver.process.worker_process_count\", \"order\": \"desc\", \"type\": \"top_hit\", \"agg_with\": \"avg\", \"id\": \"61fb4192-32e4-11ea-b9f8-4d0b340ad993\", \"order_by\": \"@timestamp\"}], \"separate_axis\": 0, \"point_size\": 0, \"value_template\": \"{{value}} \", \"chart_type\": \"line\", \"fill\": \"1.2\", \"formatter\": \"number\", \"label\": \"Worker Processes\"}]}}"
            },
            "id": "55755550-858c-11ea-91bc-ab084c7ec0e7",
            "migrationVersion": {
                "visualization": "7.4.2"
            },
            "references": [],
            "type": "visualization",
            "updated_at": "2020-04-24T13:07:25.601Z",
            "version": "WzUyMCwxXQ=="
        },
        {
            "attributes": {
                "description": "",
                "kibanaSavedObjectMeta": {
                    "searchSourceJSON": "{\"query\": {\"language\": \"kuery\", \"query\": \"\"}, \"filter\": []}"
                },
                "title": "Webserver Process Thread Count [Metricbeat IIS]",
                "uiStateJSON": "{}",
                "version": 1,
                "visState": "{\"aggs\": [], \"type\": \"metrics\", \"title\": \"Webserver Process Thread Count [Metricbeat IIS]\", \"params\": {\"pivot_id\": \"cloud.instance.name\", \"axis_formatter\": \"number\", \"background_color\": null, \"isModelInvalid\": false, \"show_legend\": 1, \"index_pattern\": \"metricbeat-*\", \"gauge_color_rules\": [{\"id\": \"9c09ed50-32e4-11ea-af9e-d70582a45bda\"}], \"time_range_mode\": \"entire_time_range\", \"gauge_inner_color\": null, \"axis_min\": 0, \"axis_position\": \"left\", \"default_timefield\": \"@timestamp\", \"gauge_style\": \"circle\", \"pivot_type\": \"string\", \"time_field\": \"@timestamp\", \"default_index_pattern\": \"metricbeat-*\", \"bar_color_rules\": [{\"id\": \"f11cfd90-32e5-11ea-af9e-d70582a45bda\"}], \"filter\": {\"language\": \"kuery\", \"query\": \"\"}, \"pivot_rows\": \"30\", \"id\": \"61fb4190-32e4-11ea-b9f8-4d0b340ad993\", \"background_color_rules\": [{\"id\": \"71978870-32e4-11ea-af9e-d70582a45bda\"}], \"gauge_inner_width\": \"6\", \"type\": \"gauge\", \"interval\": \"60m\", \"axis_scale\": \"normal\", \"show_grid\": 1, \"gauge_width\": \"10\", \"drilldown_url\": \"\", \"pivot_label\": \"Resource Name\", \"series\": [{\"terms_field\": \"cloud.instance.name\", \"split_color_mode\": \"gradient\", \"color\": \"rgba(22,165,165,1)\", \"filter\": {\"language\": \"kuery\", \"query\": \"\"}, \"line_width\": 2, \"axis_position\": \"right\", \"id\": \"61fb4191-32e4-11ea-b9f8-4d0b340ad993\", \"terms_order_by\": \"61fb4192-32e4-11ea-b9f8-4d0b340ad993\", \"stacked\": \"none\", \"type\": \"timeseries\", \"split_mode\": \"everything\", \"metrics\": [{\"size\": 1, \"field\": \"iis.webserver.process.thread_count\", \"order\": \"desc\", \"type\": \"top_hit\", \"agg_with\": \"avg\", \"id\": \"61fb4192-32e4-11ea-b9f8-4d0b340ad993\", \"order_by\": \"@timestamp\"}], \"separate_axis\": 0, \"point_size\": 0, \"value_template\": \"{{value}} \", \"chart_type\": \"line\", \"fill\": \"1.2\", \"formatter\": \"number\", \"label\": \"Thread Count\"}]}}"
            },
            "id": "6c1272a0-858e-11ea-91bc-ab084c7ec0e7",
            "migrationVersion": {
                "visualization": "7.4.2"
            },
            "references": [],
            "type": "visualization",
            "updated_at": "2020-04-24T13:07:25.601Z",
            "version": "WzUyMSwxXQ=="
        },
        {
            "attributes": {
                "description": "",
                "kibanaSavedObjectMeta": {
                    "searchSourceJSON": "{\"query\": {\"language\": \"kuery\", \"query\": \"\"}, \"filter\": []}"
                },
                "title": "Webserver Process Handle Count [Metricbeat IIS]",
                "uiStateJSON": "{}",
                "version": 1,
                "visState": "{\"aggs\": [], \"type\": \"metrics\", \"title\": \"Webserver Process Handle Count [Metricbeat IIS]\", \"params\": {\"pivot_id\": \"cloud.instance.name\", \"axis_formatter\": \"number\", \"background_color\": null, \"isModelInvalid\": false, \"show_legend\": 1, \"index_pattern\": \"metricbeat-*\", \"gauge_color_rules\": [{\"id\": \"9c09ed50-32e4-11ea-af9e-d70582a45bda\"}], \"time_range_mode\": \"entire_time_range\", \"gauge_inner_color\": null, \"axis_min\": 0, \"axis_position\": \"left\", \"default_timefield\": \"@timestamp\", \"gauge_style\": \"circle\", \"pivot_type\": \"string\", \"time_field\": \"@timestamp\", \"default_index_pattern\": \"metricbeat-*\", \"bar_color_rules\": [{\"id\": \"f11cfd90-32e5-11ea-af9e-d70582a45bda\"}], \"filter\": {\"language\": \"kuery\", \"query\": \"\"}, \"pivot_rows\": \"30\", \"id\": \"61fb4190-32e4-11ea-b9f8-4d0b340ad993\", \"background_color_rules\": [{\"id\": \"71978870-32e4-11ea-af9e-d70582a45bda\"}], \"gauge_inner_width\": \"6\", \"type\": \"gauge\", \"interval\": \"60m\", \"axis_scale\": \"normal\", \"show_grid\": 1, \"gauge_width\": \"10\", \"drilldown_url\": \"\", \"pivot_label\": \"Resource Name\", \"series\": [{\"terms_field\": \"cloud.instance.name\", \"split_color_mode\": \"gradient\", \"color\": \"rgba(101,50,148,1)\", \"filter\": {\"language\": \"kuery\", \"query\": \"\"}, \"line_width\": 2, \"axis_position\": \"right\", \"id\": \"61fb4191-32e4-11ea-b9f8-4d0b340ad993\", \"terms_order_by\": \"61fb4192-32e4-11ea-b9f8-4d0b340ad993\", \"stacked\": \"none\", \"type\": \"timeseries\", \"split_mode\": \"everything\", \"metrics\": [{\"size\": 1, \"field\": \"iis.webserver.process.handle_count\", \"order\": \"desc\", \"type\": \"top_hit\", \"agg_with\": \"avg\", \"id\": \"61fb4192-32e4-11ea-b9f8-4d0b340ad993\", \"order_by\": \"@timestamp\"}], \"separate_axis\": 0, \"point_size\": 0, \"value_template\": \"{{value}} \", \"chart_type\": \"line\", \"fill\": \"1.2\", \"formatter\": \"number\", \"label\": \"Handle Count\"}]}}"
            },
            "id": "92dcde20-858e-11ea-91bc-ab084c7ec0e7",
            "migrationVersion": {
                "visualization": "7.4.2"
            },
            "references": [],
            "type": "visualization",
            "updated_at": "2020-04-24T13:07:25.601Z",
            "version": "WzUyMiwxXQ=="
        },
        {
            "attributes": {
                "description": "",
                "kibanaSavedObjectMeta": {
                    "searchSourceJSON": "{\"query\": {\"language\": \"kuery\", \"query\": \"\"}, \"filter\": []}"
                },
                "title": "Webserver Process Current Files Cached [Metricbeat IIS]",
                "uiStateJSON": "{}",
                "version": 1,
                "visState": "{\"aggs\": [], \"type\": \"metrics\", \"title\": \"Webserver Process Current Files Cached [Metricbeat IIS]\", \"params\": {\"pivot_id\": \"cloud.instance.name\", \"axis_formatter\": \"number\", \"background_color\": null, \"isModelInvalid\": false, \"show_legend\": 1, \"index_pattern\": \"metricbeat-*\", \"gauge_color_rules\": [{\"id\": \"9c09ed50-32e4-11ea-af9e-d70582a45bda\"}], \"time_range_mode\": \"entire_time_range\", \"gauge_inner_color\": null, \"axis_min\": 0, \"axis_position\": \"left\", \"default_timefield\": \"@timestamp\", \"gauge_style\": \"circle\", \"pivot_type\": \"string\", \"time_field\": \"@timestamp\", \"default_index_pattern\": \"metricbeat-*\", \"bar_color_rules\": [{\"id\": \"f11cfd90-32e5-11ea-af9e-d70582a45bda\"}], \"filter\": {\"language\": \"kuery\", \"query\": \"\"}, \"pivot_rows\": \"30\", \"id\": \"61fb4190-32e4-11ea-b9f8-4d0b340ad993\", \"background_color_rules\": [{\"id\": \"71978870-32e4-11ea-af9e-d70582a45bda\"}], \"gauge_inner_width\": \"6\", \"type\": \"gauge\", \"interval\": \"60m\", \"axis_scale\": \"normal\", \"show_grid\": 1, \"gauge_width\": \"10\", \"drilldown_url\": \"\", \"pivot_label\": \"Resource Name\", \"series\": [{\"terms_field\": \"cloud.instance.name\", \"split_color_mode\": \"gradient\", \"color\": \"rgba(21,211,162,1)\", \"filter\": {\"language\": \"kuery\", \"query\": \"\"}, \"line_width\": 2, \"axis_position\": \"right\", \"id\": \"61fb4191-32e4-11ea-b9f8-4d0b340ad993\", \"terms_order_by\": \"61fb4192-32e4-11ea-b9f8-4d0b340ad993\", \"stacked\": \"none\", \"type\": \"timeseries\", \"split_mode\": \"everything\", \"metrics\": [{\"size\": 1, \"field\": \"iis.webserver.cache.current_files_cached\", \"order\": \"desc\", \"type\": \"top_hit\", \"agg_with\": \"avg\", \"id\": \"61fb4192-32e4-11ea-b9f8-4d0b340ad993\", \"order_by\": \"@timestamp\"}], \"separate_axis\": 0, \"point_size\": 0, \"value_template\": \"{{value}} \", \"chart_type\": \"line\", \"fill\": \"1.2\", \"formatter\": \"number\", \"label\": \"Current Files Cached\"}]}}"
            },
            "id": "d9dc78b0-8d56-11ea-817c-a9b6d42fd8a0",
            "migrationVersion": {
                "visualization": "7.4.2"
            },
            "references": [],
            "type": "visualization",
            "updated_at": "2020-05-03T15:57:55.003Z",
            "version": "WzExMzMsMV0="
        },
        {
            "attributes": {
                "description": "",
                "kibanaSavedObjectMeta": {
                    "searchSourceJSON": "{\"query\": {\"language\": \"kuery\", \"query\": \"\"}, \"filter\": []}"
                },
                "title": "Webserver Process Total Files Cached [Metricbeat IIS]",
                "uiStateJSON": "{}",
                "version": 1,
                "visState": "{\"aggs\": [], \"type\": \"metrics\", \"title\": \"Webserver Process Total Files Cached [Metricbeat IIS]\", \"params\": {\"pivot_id\": \"cloud.instance.name\", \"axis_formatter\": \"number\", \"background_color\": null, \"isModelInvalid\": false, \"show_legend\": 1, \"index_pattern\": \"metricbeat-*\", \"gauge_color_rules\": [{\"id\": \"9c09ed50-32e4-11ea-af9e-d70582a45bda\"}], \"time_range_mode\": \"entire_time_range\", \"gauge_inner_color\": null, \"axis_min\": 0, \"axis_position\": \"left\", \"default_timefield\": \"@timestamp\", \"gauge_style\": \"circle\", \"pivot_type\": \"string\", \"time_field\": \"@timestamp\", \"default_index_pattern\": \"metricbeat-*\", \"bar_color_rules\": [{\"id\": \"f11cfd90-32e5-11ea-af9e-d70582a45bda\"}], \"filter\": {\"language\": \"kuery\", \"query\": \"\"}, \"pivot_rows\": \"30\", \"id\": \"61fb4190-32e4-11ea-b9f8-4d0b340ad993\", \"background_color_rules\": [{\"id\": \"71978870-32e4-11ea-af9e-d70582a45bda\"}], \"gauge_inner_width\": \"6\", \"type\": \"gauge\", \"interval\": \"60m\", \"axis_scale\": \"normal\", \"show_grid\": 1, \"gauge_width\": \"10\", \"drilldown_url\": \"\", \"pivot_label\": \"Resource Name\", \"series\": [{\"terms_field\": \"cloud.instance.name\", \"split_color_mode\": \"gradient\", \"color\": \"rgba(21,162,211,1)\", \"filter\": {\"language\": \"kuery\", \"query\": \"\"}, \"line_width\": 2, \"axis_position\": \"right\", \"id\": \"61fb4191-32e4-11ea-b9f8-4d0b340ad993\", \"terms_order_by\": \"61fb4192-32e4-11ea-b9f8-4d0b340ad993\", \"stacked\": \"none\", \"type\": \"timeseries\", \"split_mode\": \"everything\", \"metrics\": [{\"size\": 1, \"field\": \"iis.webserver.cache.total_files_cached\", \"order\": \"desc\", \"type\": \"top_hit\", \"agg_with\": \"avg\", \"id\": \"61fb4192-32e4-11ea-b9f8-4d0b340ad993\", \"order_by\": \"@timestamp\"}], \"separate_axis\": 0, \"point_size\": 0, \"value_template\": \"{{value}} \", \"chart_type\": \"line\", \"fill\": \"1.2\", \"formatter\": \"number\", \"label\": \"Total Files Cached\"}]}}"
            },
            "id": "b5c6f400-8d56-11ea-817c-a9b6d42fd8a0",
            "migrationVersion": {
                "visualization": "7.4.2"
            },
            "references": [],
            "type": "visualization",
            "updated_at": "2020-05-03T15:57:12.722Z",
            "version": "WzExMjgsMV0="
        },
        {
            "attributes": {
                "description": "",
                "kibanaSavedObjectMeta": {
                    "searchSourceJSON": "{\"query\": {\"language\": \"kuery\", \"query\": \"\"}, \"filter\": []}"
                },
                "title": "Webserver Process IO Operations [Metricbeat IIS]",
                "uiStateJSON": "{}",
                "version": 1,
                "visState": "{\"aggs\": [], \"type\": \"metrics\", \"title\": \"Webserver Process IO Operations [Metricbeat IIS]\", \"params\": {\"default_index_pattern\": \"metricbeat-*\", \"axis_formatter\": \"number\", \"show_legend\": 1, \"filter\": {\"language\": \"kuery\", \"query\": \"\"}, \"isModelInvalid\": false, \"id\": \"c9fd65d0-32e8-11ea-84f4-e9593f8ba8f6\", \"index_pattern\": \"metricbeat-*\", \"time_field\": \"@timestamp\", \"axis_min\": 0, \"axis_scale\": \"normal\", \"axis_position\": \"left\", \"default_timefield\": \"@timestamp\", \"type\": \"timeseries\", \"series\": [{\"terms_field\": null, \"split_color_mode\": \"rainbow\", \"color\": \"rgba(252,196,0,1)\", \"line_width\": \"2\", \"axis_position\": \"right\", \"id\": \"c9fd8ce0-32e8-11ea-84f4-e9593f8ba8f6\", \"stacked\": \"none\", \"type\": \"timeseries\", \"split_mode\": \"everything\", \"metrics\": [{\"type\": \"avg\", \"field\": \"iis.webserver.process.io_read_operations_per_sec\", \"id\": \"c9fd8ce1-32e8-11ea-84f4-e9593f8ba8f6\"}], \"separate_axis\": 0, \"point_size\": 0, \"value_template\": \"{{value}}/s\", \"chart_type\": \"line\", \"fill\": \"0\", \"formatter\": \"number\", \"label\": \"IO Read Operations/s\"}, {\"color\": \"#68BC00\", \"line_width\": \"2\", \"axis_position\": \"right\", \"id\": \"55ef6fb0-857e-11ea-87b6-db4d36ae5839\", \"stacked\": \"none\", \"type\": \"timeseries\", \"split_mode\": \"everything\", \"metrics\": [{\"type\": \"avg\", \"field\": \"iis.webserver.process.io_write_operations_per_sec\", \"id\": \"55ef6fb1-857e-11ea-87b6-db4d36ae5839\"}], \"separate_axis\": 0, \"point_size\": \"0\", \"value_template\": \"{{value}}/s\", \"chart_type\": \"line\", \"fill\": \"0\", \"formatter\": \"number\", \"label\": \"IO Write Operations/s\"}], \"interval\": \"\", \"show_grid\": 1}}"
            },
            "id": "e26479e0-858d-11ea-91bc-ab084c7ec0e7",
            "migrationVersion": {
                "visualization": "7.4.2"
            },
            "references": [],
            "type": "visualization",
            "updated_at": "2020-04-24T13:07:25.601Z",
            "version": "WzUyNCwxXQ=="
        },
        {
            "attributes": {
                "description": "",
                "kibanaSavedObjectMeta": {
                    "searchSourceJSON": "{\"query\": {\"language\": \"kuery\", \"query\": \"\"}, \"filter\": []}"
                },
                "title": "Webserver Current Uris Cached [Metricbeat IIS]",
                "uiStateJSON": "{}",
                "version": 1,
                "visState": "{\"aggs\": [], \"type\": \"metrics\", \"title\": \"Webserver Current Uris Cached [Metricbeat IIS]\", \"params\": {\"pivot_id\": \"cloud.instance.name\", \"axis_formatter\": \"number\", \"background_color\": null, \"isModelInvalid\": false, \"show_legend\": 1, \"index_pattern\": \"metricbeat-*\", \"gauge_color_rules\": [{\"id\": \"9c09ed50-32e4-11ea-af9e-d70582a45bda\"}], \"time_range_mode\": \"entire_time_range\", \"gauge_inner_color\": null, \"axis_min\": 0, \"axis_position\": \"left\", \"default_timefield\": \"@timestamp\", \"gauge_style\": \"circle\", \"pivot_type\": \"string\", \"time_field\": \"@timestamp\", \"default_index_pattern\": \"metricbeat-*\", \"bar_color_rules\": [{\"id\": \"f11cfd90-32e5-11ea-af9e-d70582a45bda\"}], \"filter\": {\"language\": \"kuery\", \"query\": \"\"}, \"pivot_rows\": \"30\", \"id\": \"61fb4190-32e4-11ea-b9f8-4d0b340ad993\", \"background_color_rules\": [{\"id\": \"71978870-32e4-11ea-af9e-d70582a45bda\"}], \"gauge_inner_width\": \"6\", \"type\": \"gauge\", \"interval\": \"60m\", \"axis_scale\": \"normal\", \"show_grid\": 1, \"gauge_width\": \"10\", \"drilldown_url\": \"\", \"pivot_label\": \"Resource Name\", \"series\": [{\"terms_field\": \"cloud.instance.name\", \"split_color_mode\": \"gradient\", \"color\": \"rgba(211,21,105,1)\", \"filter\": {\"language\": \"kuery\", \"query\": \"\"}, \"line_width\": 2, \"axis_position\": \"right\", \"id\": \"61fb4191-32e4-11ea-b9f8-4d0b340ad993\", \"terms_order_by\": \"61fb4192-32e4-11ea-b9f8-4d0b340ad993\", \"stacked\": \"none\", \"type\": \"timeseries\", \"split_mode\": \"everything\", \"metrics\": [{\"size\": 1, \"field\": \"iis.webserver.cache.current_uris_cached\", \"order\": \"desc\", \"type\": \"top_hit\", \"agg_with\": \"avg\", \"id\": \"61fb4192-32e4-11ea-b9f8-4d0b340ad993\", \"order_by\": \"@timestamp\"}], \"separate_axis\": 0, \"point_size\": 0, \"value_template\": \"{{value}} \", \"chart_type\": \"line\", \"fill\": \"1.2\", \"formatter\": \"number\", \"label\": \"Current Uris Cached\"}]}}"
            },
            "id": "7d9e1f40-8d56-11ea-817c-a9b6d42fd8a0",
            "migrationVersion": {
                "visualization": "7.4.2"
            },
            "references": [],
            "type": "visualization",
            "updated_at": "2020-05-03T15:55:20.244Z",
            "version": "WzExMTQsMV0="
        },
        {
            "attributes": {
                "description": "",
                "kibanaSavedObjectMeta": {
                    "searchSourceJSON": "{\"query\": {\"language\": \"kuery\", \"query\": \"\"}, \"filter\": []}"
                },
                "title": "Webserver Total Uris Cached [Metricbeat IIS]",
                "uiStateJSON": "{}",
                "version": 1,
                "visState": "{\"aggs\": [], \"type\": \"metrics\", \"title\": \"Webserver Total Uris Cached [Metricbeat IIS]\", \"params\": {\"pivot_id\": \"cloud.instance.name\", \"axis_formatter\": \"number\", \"background_color\": null, \"isModelInvalid\": false, \"show_legend\": 1, \"index_pattern\": \"metricbeat-*\", \"gauge_color_rules\": [{\"id\": \"9c09ed50-32e4-11ea-af9e-d70582a45bda\"}], \"time_range_mode\": \"entire_time_range\", \"gauge_inner_color\": null, \"axis_min\": 0, \"axis_position\": \"left\", \"default_timefield\": \"@timestamp\", \"gauge_style\": \"circle\", \"pivot_type\": \"string\", \"time_field\": \"@timestamp\", \"default_index_pattern\": \"metricbeat-*\", \"bar_color_rules\": [{\"id\": \"f11cfd90-32e5-11ea-af9e-d70582a45bda\"}], \"filter\": {\"language\": \"kuery\", \"query\": \"\"}, \"pivot_rows\": \"30\", \"id\": \"61fb4190-32e4-11ea-b9f8-4d0b340ad993\", \"background_color_rules\": [{\"id\": \"71978870-32e4-11ea-af9e-d70582a45bda\"}], \"gauge_inner_width\": \"6\", \"type\": \"gauge\", \"interval\": \"60m\", \"axis_scale\": \"normal\", \"show_grid\": 1, \"gauge_width\": \"10\", \"drilldown_url\": \"\", \"pivot_label\": \"Resource Name\", \"series\": [{\"terms_field\": \"cloud.instance.name\", \"split_color_mode\": \"gradient\", \"color\": \"rgba(92,21,211,1)\", \"filter\": {\"language\": \"kuery\", \"query\": \"\"}, \"line_width\": 2, \"axis_position\": \"right\", \"id\": \"61fb4191-32e4-11ea-b9f8-4d0b340ad993\", \"terms_order_by\": \"61fb4192-32e4-11ea-b9f8-4d0b340ad993\", \"stacked\": \"none\", \"type\": \"timeseries\", \"split_mode\": \"everything\", \"metrics\": [{\"size\": 1, \"field\": \"iis.webserver.cache.total_uris_cached\", \"order\": \"desc\", \"type\": \"top_hit\", \"agg_with\": \"avg\", \"id\": \"61fb4192-32e4-11ea-b9f8-4d0b340ad993\", \"order_by\": \"@timestamp\"}], \"separate_axis\": 0, \"point_size\": 0, \"value_template\": \"{{value}} \", \"chart_type\": \"line\", \"fill\": \"1.2\", \"formatter\": \"number\", \"label\": \"Total Uris Cached\"}]}}"
            },
            "id": "945f7850-8d56-11ea-817c-a9b6d42fd8a0",
            "migrationVersion": {
                "visualization": "7.4.2"
            },
            "references": [],
            "type": "visualization",
            "updated_at": "2020-05-03T15:55:58.421Z",
            "version": "WzExMjAsMV0="
        },
        {
            "attributes": {
                "description": "",
                "kibanaSavedObjectMeta": {
                    "searchSourceJSON": "{\"query\": {\"language\": \"kuery\", \"query\": \"\"}, \"filter\": []}"
                },
                "title": "Webserver Process Memory Usage [Metricbeat IIS]",
                "uiStateJSON": "{}",
                "version": 1,
                "visState": "{\"aggs\": [], \"type\": \"metrics\", \"title\": \"Webserver Process Memory Usage [Metricbeat IIS]\", \"params\": {\"default_index_pattern\": \"metricbeat-*\", \"axis_formatter\": \"number\", \"show_legend\": 1, \"filter\": {\"language\": \"kuery\", \"query\": \"\"}, \"isModelInvalid\": false, \"id\": \"c9fd65d0-32e8-11ea-84f4-e9593f8ba8f6\", \"index_pattern\": \"metricbeat-*\", \"time_field\": \"@timestamp\", \"axis_min\": 0, \"axis_scale\": \"normal\", \"axis_position\": \"left\", \"default_timefield\": \"@timestamp\", \"type\": \"timeseries\", \"series\": [{\"terms_field\": null, \"split_color_mode\": \"rainbow\", \"color\": \"#3185FC\", \"line_width\": \"2\", \"axis_position\": \"right\", \"id\": \"c9fd8ce0-32e8-11ea-84f4-e9593f8ba8f6\", \"stacked\": \"none\", \"type\": \"timeseries\", \"split_mode\": \"everything\", \"metrics\": [{\"type\": \"avg\", \"field\": \"iis.webserver.process.private_bytes\", \"id\": \"c9fd8ce1-32e8-11ea-84f4-e9593f8ba8f6\"}], \"separate_axis\": 0, \"point_size\": 0, \"value_template\": \"{{value}}\", \"chart_type\": \"line\", \"fill\": \"0\", \"formatter\": \"bytes\", \"label\": \"Private Bytes\"}, {\"color\": \"#68BC00\", \"line_width\": \"2\", \"axis_position\": \"right\", \"id\": \"55ef6fb0-857e-11ea-87b6-db4d36ae5839\", \"stacked\": \"none\", \"type\": \"timeseries\", \"split_mode\": \"everything\", \"metrics\": [{\"type\": \"avg\", \"field\": \"iis.webserver.process.virtual_bytes\", \"id\": \"55ef6fb1-857e-11ea-87b6-db4d36ae5839\"}], \"separate_axis\": 0, \"point_size\": \"0\", \"chart_type\": \"line\", \"fill\": \"0\", \"formatter\": \"bytes\", \"label\": \"Virtual Bytes\"}, {\"color\": \"rgba(149,0,188,1)\", \"line_width\": \"2\", \"axis_position\": \"right\", \"id\": \"7501b0c0-857e-11ea-87b6-db4d36ae5839\", \"stacked\": \"none\", \"type\": \"timeseries\", \"split_mode\": \"everything\", \"metrics\": [{\"type\": \"avg\", \"field\": \"iis.webserver.process.working_set\", \"id\": \"7501b0c1-857e-11ea-87b6-db4d36ae5839\"}], \"separate_axis\": 0, \"point_size\": \"\", \"chart_type\": \"line\", \"fill\": \"0\", \"formatter\": \"bytes\", \"label\": \"Working Set\"}], \"interval\": \"\", \"show_grid\": 1}}"
            },
            "id": "e4d91170-858f-11ea-91bc-ab084c7ec0e7",
            "migrationVersion": {
                "visualization": "7.4.2"
            },
            "references": [],
            "type": "visualization",
            "updated_at": "2020-04-24T13:07:25.601Z",
            "version": "WzUyNiwxXQ=="
        },
        {
            "attributes": {
                "description": "",
                "kibanaSavedObjectMeta": {
                    "searchSourceJSON": "{\"query\": {\"language\": \"kuery\", \"query\": \"\"}, \"filter\": []}"
                },
                "title": "Webserver Process CPU Usage [Metricbeat IIS]",
                "uiStateJSON": "{}",
                "version": 1,
                "visState": "{\"aggs\": [], \"type\": \"metrics\", \"title\": \"Webserver Process CPU Usage [Metricbeat IIS]\", \"params\": {\"default_index_pattern\": \"metricbeat-*\", \"axis_formatter\": \"number\", \"show_legend\": 1, \"filter\": {\"language\": \"kuery\", \"query\": \"\"}, \"isModelInvalid\": false, \"id\": \"c9fd65d0-32e8-11ea-84f4-e9593f8ba8f6\", \"index_pattern\": \"metricbeat-*\", \"time_field\": \"@timestamp\", \"axis_min\": 0, \"axis_scale\": \"normal\", \"axis_position\": \"left\", \"default_timefield\": \"@timestamp\", \"type\": \"timeseries\", \"series\": [{\"terms_field\": null, \"split_color_mode\": \"rainbow\", \"color\": \"#3185FC\", \"line_width\": \"2\", \"axis_position\": \"right\", \"id\": \"c9fd8ce0-32e8-11ea-84f4-e9593f8ba8f6\", \"stacked\": \"none\", \"type\": \"timeseries\", \"split_mode\": \"everything\", \"metrics\": [{\"type\": \"avg\", \"field\": \"iis.webserver.process.cpu_usage_perc\", \"id\": \"c9fd8ce1-32e8-11ea-84f4-e9593f8ba8f6\"}], \"separate_axis\": 0, \"point_size\": 0, \"value_template\": \"{{value}}\", \"chart_type\": \"line\", \"fill\": \"0\", \"formatter\": \"percent\", \"label\": \"CPU Usage\"}], \"interval\": \"\", \"show_grid\": 1}}"
            },
            "id": "2dd099f0-858d-11ea-91bc-ab084c7ec0e7",
            "migrationVersion": {
                "visualization": "7.4.2"
            },
            "references": [],
            "type": "visualization",
            "updated_at": "2020-04-24T13:07:25.601Z",
            "version": "WzUyNSwxXQ=="
        }
    ],
    "version": "7.6.2"
}