{
    "objects": [
        {
            "attributes": {
                "description": "[Metricbeat AWS] Overview of EBS Metrics",
                "hits": 0,
                "kibanaSavedObjectMeta": {
                    "searchSourceJSON": "{\"query\": {\"language\": \"kuery\", \"query\": \"\"}, \"filter\": []}"
                },
                "optionsJSON": "{\"useMargins\": true, \"hidePanelTitles\": false}",
                "panelsJSON": "[{\"gridData\": {\"w\": 24, \"x\": 24, \"y\": 10, \"i\": \"1\", \"h\": 10}, \"panelIndex\": \"1\", \"title\": \"Volume Write Ops\", \"embeddableConfig\": {}, \"panelRefName\": \"panel_0\", \"version\": \"7.3.0\"}, {\"gridData\": {\"w\": 24, \"x\": 0, \"y\": 10, \"i\": \"2\", \"h\": 10}, \"panelIndex\": \"2\", \"title\": \"Volume Read Ops\", \"embeddableConfig\": {}, \"panelRefName\": \"panel_1\", \"version\": \"7.3.0\"}, {\"gridData\": {\"w\": 24, \"x\": 24, \"y\": 20, \"i\": \"3\", \"h\": 10}, \"panelIndex\": \"3\", \"title\": \"Volume Write Bytes\", \"embeddableConfig\": {}, \"panelRefName\": \"panel_2\", \"version\": \"7.3.0\"}, {\"gridData\": {\"w\": 24, \"x\": 0, \"y\": 20, \"i\": \"4\", \"h\": 10}, \"panelIndex\": \"4\", \"title\": \"Volume Read Bytes\", \"embeddableConfig\": {}, \"panelRefName\": \"panel_3\", \"version\": \"7.3.0\"}, {\"gridData\": {\"w\": 19, \"x\": 8, \"y\": 0, \"i\": \"5\", \"h\": 10}, \"panelIndex\": \"5\", \"title\": \"Volume Queue Length\", \"embeddableConfig\": {}, \"panelRefName\": \"panel_4\", \"version\": \"7.3.0\"}, {\"gridData\": {\"w\": 24, \"x\": 24, \"y\": 30, \"i\": \"6\", \"h\": 10}, \"panelIndex\": \"6\", \"title\": \"Volume Total Write Time\", \"embeddableConfig\": {}, \"panelRefName\": \"panel_5\", \"version\": \"7.3.0\"}, {\"gridData\": {\"w\": 24, \"x\": 0, \"y\": 30, \"i\": \"7\", \"h\": 10}, \"panelIndex\": \"7\", \"title\": \"Volume Total Read Time\", \"embeddableConfig\": {}, \"panelRefName\": \"panel_6\", \"version\": \"7.3.0\"}, {\"gridData\": {\"w\": 21, \"x\": 27, \"y\": 0, \"i\": \"8\", \"h\": 10}, \"panelIndex\": \"8\", \"title\": \"Volume Idle Time\", \"embeddableConfig\": {}, \"panelRefName\": \"panel_7\", \"version\": \"7.3.0\"}, {\"gridData\": {\"w\": 8, \"x\": 0, \"y\": 5, \"i\": \"9\", \"h\": 5}, \"panelIndex\": \"9\", \"title\": \"EBS Volume ID Filter\", \"embeddableConfig\": {}, \"panelRefName\": \"panel_8\", \"version\": \"7.3.0\"}, {\"panelRefName\": \"panel_9\", \"gridData\": {\"w\": 8, \"x\": 0, \"y\": 0, \"i\": \"10\", \"h\": 5}, \"panelIndex\": \"10\", \"embeddableConfig\": {}, \"version\": \"7.3.0\"}]",
                "timeRestore": false,
                "title": "[Metricbeat AWS] EBS Overview",
                "version": 1
            },
            "id": "44ce4680-b7ba-11e9-8349-f15f850c5cd0",
            "migrationVersion": {
                "dashboard": "7.3.0"
            },
            "references": [
                {
                    "id": "f6831f30-b7b6-11e9-8349-f15f850c5cd0",
                    "name": "panel_0",
                    "type": "visualization"
                },
                {
                    "id": "bb3a6cd0-b7b6-11e9-8349-f15f850c5cd0",
                    "name": "panel_1",
                    "type": "visualization"
                },
                {
                    "id": "c0e32d50-b7b8-11e9-8349-f15f850c5cd0",
                    "name": "panel_2",
                    "type": "visualization"
                },
                {
                    "id": "b00c4390-b7b8-11e9-8349-f15f850c5cd0",
                    "name": "panel_3",
                    "type": "visualization"
                },
                {
                    "id": "fe0581b0-b7b8-11e9-8349-f15f850c5cd0",
                    "name": "panel_4",
                    "type": "visualization"
                },
                {
                    "id": "25384bf0-b7b9-11e9-8349-f15f850c5cd0",
                    "name": "panel_5",
                    "type": "visualization"
                },
                {
                    "id": "12eff7e0-b7b9-11e9-8349-f15f850c5cd0",
                    "name": "panel_6",
                    "type": "visualization"
                },
                {
                    "id": "67f43080-b7b9-11e9-8349-f15f850c5cd0",
                    "name": "panel_7",
                    "type": "visualization"
                },
                {
                    "id": "d045d120-b7b9-11e9-8349-f15f850c5cd0",
                    "name": "panel_8",
                    "type": "visualization"
                },
                {
                    "id": "b5308940-7347-11e9-816b-07687310a99a",
                    "name": "panel_9",
                    "type": "visualization"
                }
            ],
            "type": "dashboard",
            "updated_at": "2019-09-12T16:35:04.005Z",
            "version": "WzYwMDMsN10="
        },
        {
            "attributes": {
                "description": "",
                "kibanaSavedObjectMeta": {
                    "searchSourceJSON": "{\"query\": {\"language\": \"kuery\", \"query\": \"\"}, \"filter\": []}"
                },
                "title": "EBS Volume Write Ops [Metricbeat AWS]",
                "uiStateJSON": "{}",
                "version": 1,
                "visState": "{\"aggs\": [], \"type\": \"metrics\", \"title\": \"EBS Volume Write Ops [Metricbeat AWS]\", \"params\": {\"default_index_pattern\": \"metricbeat-*\", \"axis_formatter\": \"number\", \"show_legend\": 1, \"isModelInvalid\": false, \"id\": \"61ca57f0-469d-11e7-af02-69e470af7417\", \"index_pattern\": \"metricbeat-*\", \"time_field\": \"\", \"axis_min\": \"0\", \"axis_scale\": \"normal\", \"axis_position\": \"left\", \"default_timefield\": \"@timestamp\", \"type\": \"timeseries\", \"series\": [{\"terms_field\": \"aws.dimensions.VolumeId\", \"split_color_mode\": \"rainbow\", \"color\": \"#68BC00\", \"line_width\": 1, \"axis_position\": \"right\", \"id\": \"61ca57f1-469d-11e7-af02-69e470af7417\", \"terms_order_by\": \"61ca57f2-469d-11e7-af02-69e470af7417\", \"stacked\": \"none\", \"split_mode\": \"terms\", \"metrics\": [{\"type\": \"avg\", \"field\": \"aws.ebs.metrics.VolumeWriteOps.avg\", \"id\": \"61ca57f2-469d-11e7-af02-69e470af7417\"}], \"separate_axis\": 0, \"point_size\": \"5\", \"chart_type\": \"line\", \"fill\": \"0\", \"formatter\": \"number\", \"label\": \"Number of Write Operation\"}], \"interval\": \"5m\", \"show_grid\": 1}}"
            },
            "id": "f6831f30-b7b6-11e9-8349-f15f850c5cd0",
            "migrationVersion": {
                "visualization": "7.3.0"
            },
            "references": [],
            "type": "visualization",
            "updated_at": "2019-09-12T16:31:45.681Z",
            "version": "WzU5ODMsN10="
        },
        {
            "attributes": {
                "description": "",
                "kibanaSavedObjectMeta": {
                    "searchSourceJSON": "{\"query\": {\"language\": \"kuery\", \"query\": \"\"}, \"filter\": []}"
                },
                "title": "EBS Volume Read Ops [Metricbeat AWS]",
                "uiStateJSON": "{}",
                "version": 1,
                "visState": "{\"aggs\": [], \"type\": \"metrics\", \"title\": \"EBS Volume Read Ops [Metricbeat AWS]\", \"params\": {\"default_index_pattern\": \"metricbeat-*\", \"axis_formatter\": \"number\", \"show_legend\": 1, \"isModelInvalid\": false, \"id\": \"61ca57f0-469d-11e7-af02-69e470af7417\", \"index_pattern\": \"metricbeat-*\", \"time_field\": \"\", \"axis_min\": \"0\", \"axis_scale\": \"normal\", \"axis_position\": \"left\", \"default_timefield\": \"@timestamp\", \"type\": \"timeseries\", \"series\": [{\"terms_field\": \"aws.dimensions.VolumeId\", \"split_color_mode\": \"rainbow\", \"color\": \"#68BC00\", \"line_width\": 1, \"axis_position\": \"right\", \"id\": \"61ca57f1-469d-11e7-af02-69e470af7417\", \"terms_order_by\": \"61ca57f2-469d-11e7-af02-69e470af7417\", \"stacked\": \"none\", \"split_mode\": \"terms\", \"metrics\": [{\"type\": \"avg\", \"field\": \"aws.ebs.metrics.VolumeReadOps.avg\", \"id\": \"61ca57f2-469d-11e7-af02-69e470af7417\"}], \"separate_axis\": 0, \"point_size\": \"5\", \"chart_type\": \"line\", \"fill\": \"0\", \"formatter\": \"number\", \"label\": \"Number of Read Operation\"}], \"interval\": \"5m\", \"show_grid\": 1}}"
            },
            "id": "bb3a6cd0-b7b6-11e9-8349-f15f850c5cd0",
            "migrationVersion": {
                "visualization": "7.3.0"
            },
            "references": [],
            "type": "visualization",
            "updated_at": "2019-09-12T16:31:31.261Z",
            "version": "WzU5ODEsN10="
        },
        {
            "attributes": {
                "description": "",
                "kibanaSavedObjectMeta": {
                    "searchSourceJSON": "{\"query\": {\"language\": \"kuery\", \"query\": \"\"}, \"filter\": []}"
                },
                "title": "EBS Volume Write Bytes [Metricbeat AWS]",
                "uiStateJSON": "{}",
                "version": 1,
                "visState": "{\"aggs\": [], \"type\": \"metrics\", \"title\": \"EBS Volume Write Bytes [Metricbeat AWS]\", \"params\": {\"default_index_pattern\": \"metricbeat-*\", \"axis_formatter\": \"number\", \"show_legend\": 1, \"isModelInvalid\": false, \"id\": \"61ca57f0-469d-11e7-af02-69e470af7417\", \"index_pattern\": \"metricbeat-*\", \"time_field\": \"\", \"axis_min\": \"0\", \"axis_scale\": \"normal\", \"axis_position\": \"left\", \"default_timefield\": \"@timestamp\", \"type\": \"timeseries\", \"series\": [{\"terms_field\": \"aws.dimensions.VolumeId\", \"split_color_mode\": \"rainbow\", \"color\": \"#68BC00\", \"line_width\": 1, \"axis_position\": \"right\", \"id\": \"61ca57f1-469d-11e7-af02-69e470af7417\", \"terms_order_by\": \"61ca57f2-469d-11e7-af02-69e470af7417\", \"stacked\": \"none\", \"split_mode\": \"terms\", \"metrics\": [{\"type\": \"avg\", \"field\": \"aws.ebs.metrics.VolumeWriteBytes.avg\", \"id\": \"61ca57f2-469d-11e7-af02-69e470af7417\"}], \"separate_axis\": 0, \"point_size\": \"5\", \"chart_type\": \"line\", \"fill\": \"0\", \"formatter\": \"number\", \"label\": \"Volume Write Bytes\"}], \"interval\": \"5m\", \"show_grid\": 1}}"
            },
            "id": "c0e32d50-b7b8-11e9-8349-f15f850c5cd0",
            "migrationVersion": {
                "visualization": "7.3.0"
            },
            "references": [],
            "type": "visualization",
            "updated_at": "2019-09-12T16:32:46.176Z",
            "version": "WzU5OTAsN10="
        },
        {
            "attributes": {
                "description": "",
                "kibanaSavedObjectMeta": {
                    "searchSourceJSON": "{\"query\": {\"language\": \"kuery\", \"query\": \"\"}, \"filter\": []}"
                },
                "title": "EBS Volume Read Bytes [Metricbeat AWS]",
                "uiStateJSON": "{}",
                "version": 1,
                "visState": "{\"aggs\": [], \"type\": \"metrics\", \"title\": \"EBS Volume Read Bytes [Metricbeat AWS]\", \"params\": {\"default_index_pattern\": \"metricbeat-*\", \"axis_formatter\": \"number\", \"show_legend\": 1, \"isModelInvalid\": false, \"id\": \"61ca57f0-469d-11e7-af02-69e470af7417\", \"index_pattern\": \"metricbeat-*\", \"time_field\": \"\", \"axis_min\": \"0\", \"axis_scale\": \"normal\", \"axis_position\": \"left\", \"default_timefield\": \"@timestamp\", \"type\": \"timeseries\", \"series\": [{\"terms_field\": \"aws.dimensions.VolumeId\", \"split_color_mode\": \"rainbow\", \"color\": \"#68BC00\", \"line_width\": 1, \"axis_position\": \"right\", \"id\": \"61ca57f1-469d-11e7-af02-69e470af7417\", \"terms_order_by\": \"61ca57f2-469d-11e7-af02-69e470af7417\", \"stacked\": \"none\", \"split_mode\": \"terms\", \"metrics\": [{\"type\": \"avg\", \"field\": \"aws.ebs.metrics.VolumeReadBytes.avg\", \"id\": \"61ca57f2-469d-11e7-af02-69e470af7417\"}], \"separate_axis\": 0, \"point_size\": \"5\", \"chart_type\": \"line\", \"fill\": \"0\", \"formatter\": \"number\", \"label\": \"Volume Read Bytes\"}], \"interval\": \"5m\", \"show_grid\": 1}}"
            },
            "id": "b00c4390-b7b8-11e9-8349-f15f850c5cd0",
            "migrationVersion": {
                "visualization": "7.3.0"
            },
            "references": [],
            "type": "visualization",
            "updated_at": "2019-09-12T16:32:02.907Z",
            "version": "WzU5ODUsN10="
        },
        {
            "attributes": {
                "description": "",
                "kibanaSavedObjectMeta": {
                    "searchSourceJSON": "{\"query\": {\"language\": \"kuery\", \"query\": \"\"}, \"filter\": []}"
                },
                "title": "EBS Volume Queue Length [Metricbeat AWS]",
                "uiStateJSON": "{}",
                "version": 1,
                "visState": "{\"aggs\": [], \"type\": \"metrics\", \"title\": \"EBS Volume Queue Length [Metricbeat AWS]\", \"params\": {\"default_index_pattern\": \"metricbeat-*\", \"axis_formatter\": \"number\", \"show_legend\": 1, \"isModelInvalid\": false, \"id\": \"61ca57f0-469d-11e7-af02-69e470af7417\", \"index_pattern\": \"metricbeat-*\", \"time_field\": \"\", \"axis_min\": \"0\", \"axis_scale\": \"normal\", \"axis_position\": \"left\", \"default_timefield\": \"@timestamp\", \"type\": \"timeseries\", \"series\": [{\"terms_field\": \"aws.dimensions.VolumeId\", \"split_color_mode\": \"rainbow\", \"color\": \"#68BC00\", \"line_width\": 1, \"axis_position\": \"right\", \"id\": \"61ca57f1-469d-11e7-af02-69e470af7417\", \"terms_order_by\": \"61ca57f2-469d-11e7-af02-69e470af7417\", \"stacked\": \"none\", \"split_mode\": \"terms\", \"metrics\": [{\"type\": \"avg\", \"field\": \"aws.ebs.metrics.VolumeQueueLength.avg\", \"id\": \"61ca57f2-469d-11e7-af02-69e470af7417\"}], \"separate_axis\": 0, \"point_size\": \"5\", \"chart_type\": \"line\", \"fill\": \"0\", \"formatter\": \"number\", \"label\": \"Volume Queue Length\"}], \"interval\": \"5m\", \"show_grid\": 1}}"
            },
            "id": "fe0581b0-b7b8-11e9-8349-f15f850c5cd0",
            "migrationVersion": {
                "visualization": "7.3.0"
            },
            "references": [],
            "type": "visualization",
            "updated_at": "2019-09-12T16:30:59.507Z",
            "version": "WzU5NzgsN10="
        },
        {
            "attributes": {
                "description": "",
                "kibanaSavedObjectMeta": {
                    "searchSourceJSON": "{\"query\": {\"language\": \"kuery\", \"query\": \"\"}, \"filter\": []}"
                },
                "title": "EBS Volume Total Write Time [Metricbeat AWS]",
                "uiStateJSON": "{}",
                "version": 1,
                "visState": "{\"aggs\": [], \"type\": \"metrics\", \"title\": \"EBS Volume Total Write Time [Metricbeat AWS]\", \"params\": {\"default_index_pattern\": \"metricbeat-*\", \"axis_formatter\": \"number\", \"show_legend\": 1, \"isModelInvalid\": false, \"id\": \"61ca57f0-469d-11e7-af02-69e470af7417\", \"index_pattern\": \"metricbeat-*\", \"time_field\": \"\", \"axis_min\": \"0\", \"axis_scale\": \"normal\", \"axis_position\": \"left\", \"default_timefield\": \"@timestamp\", \"type\": \"timeseries\", \"series\": [{\"terms_field\": \"aws.dimensions.VolumeId\", \"split_color_mode\": \"rainbow\", \"color\": \"#68BC00\", \"line_width\": 1, \"axis_position\": \"right\", \"id\": \"61ca57f1-469d-11e7-af02-69e470af7417\", \"terms_order_by\": \"61ca57f2-469d-11e7-af02-69e470af7417\", \"stacked\": \"none\", \"split_mode\": \"terms\", \"metrics\": [{\"type\": \"avg\", \"field\": \"aws.ebs.metrics.VolumeTotalWriteTime.sum\", \"id\": \"61ca57f2-469d-11e7-af02-69e470af7417\"}], \"separate_axis\": 0, \"point_size\": \"5\", \"chart_type\": \"line\", \"fill\": \"0\", \"formatter\": \"s,s,3\", \"label\": \"Volume Total Write Time\"}], \"interval\": \"5m\", \"show_grid\": 1}}"
            },
            "id": "25384bf0-b7b9-11e9-8349-f15f850c5cd0",
            "migrationVersion": {
                "visualization": "7.3.0"
            },
            "references": [],
            "type": "visualization",
            "updated_at": "2019-09-12T16:32:19.881Z",
            "version": "WzU5ODcsN10="
        },
        {
            "attributes": {
                "description": "",
                "kibanaSavedObjectMeta": {
                    "searchSourceJSON": "{\"query\": {\"language\": \"kuery\", \"query\": \"\"}, \"filter\": []}"
                },
                "title": "EBS Volume Total Read Time [Metricbeat AWS]",
                "uiStateJSON": "{}",
                "version": 1,
                "visState": "{\"aggs\": [], \"type\": \"metrics\", \"title\": \"EBS Volume Total Read Time [Metricbeat AWS]\", \"params\": {\"default_index_pattern\": \"metricbeat-*\", \"axis_formatter\": \"number\", \"show_legend\": 1, \"isModelInvalid\": false, \"id\": \"61ca57f0-469d-11e7-af02-69e470af7417\", \"index_pattern\": \"metricbeat-*\", \"time_field\": \"\", \"axis_min\": \"0\", \"axis_scale\": \"normal\", \"axis_position\": \"left\", \"default_timefield\": \"@timestamp\", \"type\": \"timeseries\", \"series\": [{\"terms_field\": \"aws.dimensions.VolumeId\", \"split_color_mode\": \"rainbow\", \"color\": \"#68BC00\", \"line_width\": 1, \"axis_position\": \"right\", \"id\": \"61ca57f1-469d-11e7-af02-69e470af7417\", \"terms_order_by\": \"61ca57f2-469d-11e7-af02-69e470af7417\", \"stacked\": \"none\", \"split_mode\": \"terms\", \"metrics\": [{\"type\": \"avg\", \"field\": \"aws.ebs.metrics.VolumeTotalReadTime.sum\", \"id\": \"61ca57f2-469d-11e7-af02-69e470af7417\"}], \"separate_axis\": 0, \"point_size\": \"5\", \"chart_type\": \"line\", \"fill\": \"0\", \"formatter\": \"s,s,3\", \"label\": \"Volume Total Read Time\"}], \"interval\": \"5m\", \"show_grid\": 1}}"
            },
            "id": "12eff7e0-b7b9-11e9-8349-f15f850c5cd0",
            "migrationVersion": {
                "visualization": "7.3.0"
            },
            "references": [],
            "type": "visualization",
            "updated_at": "2019-09-12T16:33:13.538Z",
            "version": "WzU5OTMsN10="
        },
        {
            "attributes": {
                "description": "",
                "kibanaSavedObjectMeta": {
                    "searchSourceJSON": "{\"query\": {\"language\": \"kuery\", \"query\": \"\"}, \"filter\": []}"
                },
                "title": "EBS Volume Idle Time [Metricbeat AWS]",
                "uiStateJSON": "{}",
                "version": 1,
                "visState": "{\"aggs\": [], \"type\": \"metrics\", \"title\": \"EBS Volume Idle Time [Metricbeat AWS]\", \"params\": {\"default_index_pattern\": \"metricbeat-*\", \"axis_formatter\": \"number\", \"show_legend\": 1, \"id\": \"61ca57f0-469d-11e7-af02-69e470af7417\", \"index_pattern\": \"metricbeat-*\", \"time_field\": \"\", \"axis_min\": \"0\", \"axis_scale\": \"normal\", \"axis_position\": \"left\", \"default_timefield\": \"@timestamp\", \"type\": \"timeseries\", \"series\": [{\"terms_field\": \"aws.dimensions.VolumeId\", \"split_color_mode\": \"rainbow\", \"color\": \"#68BC00\", \"line_width\": 1, \"axis_position\": \"right\", \"id\": \"61ca57f1-469d-11e7-af02-69e470af7417\", \"hide_in_legend\": 0, \"terms_order_by\": \"61ca57f2-469d-11e7-af02-69e470af7417\", \"stacked\": \"none\", \"axis_min\": \"0\", \"split_mode\": \"terms\", \"metrics\": [{\"type\": \"avg\", \"field\": \"aws.ebs.metrics.VolumeIdleTime.sum\", \"id\": \"61ca57f2-469d-11e7-af02-69e470af7417\"}], \"separate_axis\": 0, \"point_size\": \"5\", \"chart_type\": \"line\", \"fill\": \"0\", \"formatter\": \"s,s,1\", \"label\": \"Volume Idle Time\"}], \"interval\": \"5m\", \"show_grid\": 1}}"
            },
            "id": "67f43080-b7b9-11e9-8349-f15f850c5cd0",
            "migrationVersion": {
                "visualization": "7.3.0"
            },
            "references": [],
            "type": "visualization",
            "updated_at": "2019-09-12T16:31:19.709Z",
            "version": "WzU5ODAsN10="
        },
        {
            "attributes": {
                "description": "",
                "kibanaSavedObjectMeta": {
                    "searchSourceJSON": "{\"query\": {\"language\": \"kuery\", \"query\": \"\"}, \"filter\": []}"
                },
                "title": "EBS Volume ID Filter [Metricbeat AWS]",
                "uiStateJSON": "{}",
                "version": 1,
                "visState": "{\"aggs\": [], \"type\": \"input_control_vis\", \"title\": \"EBS Volume ID Filter [Metricbeat AWS]\", \"params\": {\"controls\": [{\"indexPatternRefName\": \"control_0_index_pattern\", \"type\": \"list\", \"parent\": \"\", \"options\": {\"dynamicOptions\": true, \"size\": 5, \"multiselect\": true, \"order\": \"desc\", \"type\": \"terms\"}, \"id\": \"1565034367477\", \"fieldName\": \"aws.dimensions.VolumeId\", \"label\": \"volume id\"}], \"updateFiltersOnChange\": true, \"pinFilters\": false, \"useTimeFilter\": true}}"
            },
            "id": "d045d120-b7b9-11e9-8349-f15f850c5cd0",
            "migrationVersion": {
                "visualization": "7.3.0"
            },
            "references": [
                {
                    "id": "metricbeat-*",
                    "name": "control_0_index_pattern",
                    "type": "index-pattern"
                }
            ],
            "type": "visualization",
            "updated_at": "2019-09-12T16:29:31.115Z",
            "version": "WzU2MTIsN10="
        },
        {
            "attributes": {
                "description": "",
                "kibanaSavedObjectMeta": {
                    "searchSourceJSON": "{\"query\": {\"language\": \"kuery\", \"query\": \"\"}, \"filter\": []}"
                },
                "title": "Region Filter [Metricbeat AWS]",
                "uiStateJSON": "{}",
                "version": 1,
                "visState": "{\"aggs\": [], \"type\": \"input_control_vis\", \"title\": \"AWS Region Filter\", \"params\": {\"controls\": [{\"indexPatternRefName\": \"control_0_index_pattern\", \"type\": \"list\", \"parent\": \"\", \"options\": {\"dynamicOptions\": true, \"size\": 5, \"multiselect\": true, \"order\": \"desc\", \"type\": \"terms\"}, \"id\": \"1549397251041\", \"fieldName\": \"cloud.region\", \"label\": \"region\"}], \"updateFiltersOnChange\": true, \"pinFilters\": false, \"useTimeFilter\": false}}"
            },
            "id": "b5308940-7347-11e9-816b-07687310a99a",
            "migrationVersion": {
                "visualization": "7.3.0"
            },
            "references": [
                {
                    "id": "metricbeat-*",
                    "name": "control_0_index_pattern",
                    "type": "index-pattern"
                }
            ],
            "type": "visualization",
            "updated_at": "2019-09-12T16:29:35.238Z",
            "version": "WzU2NTQsN10="
        }
    ],
    "version": "7.3.0"
}