{
    "objects": [
        {
            "attributes": {
                "description": "This Couchbase dashboard visualizes the most relevant metrics for cluster, nodes and buckets. ",
                "hits": 0,
                "kibanaSavedObjectMeta": {
                    "searchSourceJSON": "{\"query\": {\"language\": \"kuery\", \"query\": \"\"}, \"filter\": []}"
                },
                "optionsJSON": "{\"useMargins\": true, \"hidePanelTitles\": false}",
                "panelsJSON": "[{\"gridData\": {\"w\": 12, \"x\": 0, \"y\": 11, \"i\": \"1\", \"h\": 11}, \"panelIndex\": \"1\", \"title\": \"Buckets RAM Used\", \"embeddableConfig\": {}, \"panelRefName\": \"panel_0\", \"version\": \"7.3.0\"}, {\"gridData\": {\"w\": 12, \"x\": 12, \"y\": 11, \"i\": \"2\", \"h\": 11}, \"panelIndex\": \"2\", \"title\": \"Buckets Disk Used\", \"embeddableConfig\": {}, \"panelRefName\": \"panel_1\", \"version\": \"7.3.0\"}, {\"gridData\": {\"w\": 24, \"x\": 24, \"y\": 11, \"i\": \"3\", \"h\": 11}, \"panelIndex\": \"3\", \"title\": \"Node CPU Utilization\", \"embeddableConfig\": {}, \"panelRefName\": \"panel_2\", \"version\": \"7.3.0\"}, {\"gridData\": {\"w\": 12, \"x\": 0, \"y\": 22, \"i\": \"4\", \"h\": 11}, \"panelIndex\": \"4\", \"title\": \"Buckets Operations Per Second\", \"embeddableConfig\": {}, \"panelRefName\": \"panel_3\", \"version\": \"7.3.0\"}, {\"gridData\": {\"w\": 24, \"x\": 24, \"y\": 0, \"i\": \"5\", \"h\": 11}, \"panelIndex\": \"5\", \"title\": \"Operations per Node\", \"embeddableConfig\": {}, \"panelRefName\": \"panel_4\", \"version\": \"7.3.0\"}, {\"gridData\": {\"w\": 12, \"x\": 0, \"y\": 0, \"i\": \"6\", \"h\": 11}, \"panelIndex\": \"6\", \"title\": \"Cluster HDD Usage\", \"embeddableConfig\": {}, \"panelRefName\": \"panel_5\", \"version\": \"7.3.0\"}, {\"gridData\": {\"w\": 12, \"x\": 12, \"y\": 0, \"i\": \"7\", \"h\": 11}, \"panelIndex\": \"7\", \"title\": \"Cluster RAM\", \"embeddableConfig\": {}, \"panelRefName\": \"panel_6\", \"version\": \"7.3.0\"}, {\"gridData\": {\"w\": 12, \"x\": 12, \"y\": 22, \"i\": \"8\", \"h\": 11}, \"panelIndex\": \"8\", \"title\": \"Bucket Item Count\", \"embeddableConfig\": {}, \"panelRefName\": \"panel_7\", \"version\": \"7.3.0\"}, {\"gridData\": {\"w\": 24, \"x\": 24, \"y\": 33, \"i\": \"9\", \"h\": 11}, \"panelIndex\": \"9\", \"title\": \"Document Replicas\", \"embeddableConfig\": {}, \"panelRefName\": \"panel_8\", \"version\": \"7.3.0\"}, {\"gridData\": {\"w\": 24, \"x\": 24, \"y\": 22, \"i\": \"10\", \"h\": 11}, \"panelIndex\": \"10\", \"title\": \"Disk space used by docs\", \"embeddableConfig\": {}, \"panelRefName\": \"panel_9\", \"version\": \"7.3.0\"}, {\"gridData\": {\"w\": 24, \"x\": 0, \"y\": 33, \"i\": \"11\", \"h\": 11}, \"panelIndex\": \"11\", \"title\": \"Disk Fetches\", \"embeddableConfig\": {}, \"panelRefName\": \"panel_10\", \"version\": \"7.3.0\"}]",
                "timeRestore": false,
                "title": "[Metricbeat Couchbase] Cluster Overview",
                "version": 1
            },
            "id": "46d21220-b9f1-11e9-a579-f5c0a5d81340",
            "migrationVersion": {
                "dashboard": "7.3.0"
            },
            "references": [
                {
                    "id": "e781add0-b9dc-11e9-a579-f5c0a5d81340",
                    "name": "panel_0",
                    "type": "visualization"
                },
                {
                    "id": "c4c81a30-b9dd-11e9-a579-f5c0a5d81340",
                    "name": "panel_1",
                    "type": "visualization"
                },
                {
                    "id": "467c99c0-b9de-11e9-a579-f5c0a5d81340",
                    "name": "panel_2",
                    "type": "visualization"
                },
                {
                    "id": "e23a9fe0-b9db-11e9-a579-f5c0a5d81340",
                    "name": "panel_3",
                    "type": "visualization"
                },
                {
                    "id": "17a01210-b9e0-11e9-a579-f5c0a5d81340",
                    "name": "panel_4",
                    "type": "visualization"
                },
                {
                    "id": "f515f2e0-b9e0-11e9-a579-f5c0a5d81340",
                    "name": "panel_5",
                    "type": "visualization"
                },
                {
                    "id": "7cc8def0-b9e1-11e9-a579-f5c0a5d81340",
                    "name": "panel_6",
                    "type": "visualization"
                },
                {
                    "id": "97ee1ea0-b9f2-11e9-a579-f5c0a5d81340",
                    "name": "panel_7",
                    "type": "visualization"
                },
                {
                    "id": "63efced0-b9f4-11e9-a579-f5c0a5d81340",
                    "name": "panel_8",
                    "type": "visualization"
                },
                {
                    "id": "99980c90-ba8b-11e9-a579-f5c0a5d81340",
                    "name": "panel_9",
                    "type": "visualization"
                },
                {
                    "id": "19eed0e0-ba8c-11e9-a579-f5c0a5d81340",
                    "name": "panel_10",
                    "type": "visualization"
                }
            ],
            "type": "dashboard",
            "updated_at": "2019-08-19T14:28:56.796Z",
            "version": "WzE1NDYsMV0="
        },
        {
            "attributes": {
                "description": "",
                "kibanaSavedObjectMeta": {
                    "searchSourceJSON": "{\"query\": {\"language\": \"kuery\", \"query\": \"\"}, \"filter\": []}"
                },
                "title": "Buckets RAM Used [Metricbeat Couchbase] ECS",
                "uiStateJSON": "{}",
                "version": 1,
                "visState": "{\"aggs\": [], \"type\": \"metrics\", \"title\": \"Buckets RAM Used [Metricbeat Couchbase] ECS\", \"params\": {\"default_index_pattern\": \"metricbeat-*\", \"axis_formatter\": \"number\", \"show_legend\": 1, \"filter\": {\"language\": \"kuery\", \"query\": \"\"}, \"id\": \"1ad80860-b9dc-11e9-a74b-270ba78f4926\", \"index_pattern\": \"metricbeat-*\", \"time_field\": \"@timestamp\", \"interval\": \"auto\", \"axis_scale\": \"normal\", \"axis_position\": \"left\", \"default_timefield\": \"@timestamp\", \"type\": \"timeseries\", \"series\": [{\"terms_field\": \"couchbase.bucket.name\", \"split_color_mode\": \"rainbow\", \"color\": \"rgba(164,221,0,1)\", \"filter\": {\"language\": \"kuery\", \"query\": \"\"}, \"line_width\": \"1\", \"axis_position\": \"right\", \"id\": \"1ad80861-b9dc-11e9-a74b-270ba78f4926\", \"terms_order_by\": \"1ad80862-b9dc-11e9-a74b-270ba78f4926\", \"stacked\": \"none\", \"split_mode\": \"terms\", \"metrics\": [{\"type\": \"max\", \"field\": \"couchbase.bucket.memory.used.bytes\", \"id\": \"1ad80862-b9dc-11e9-a74b-270ba78f4926\"}], \"separate_axis\": 0, \"point_size\": 0, \"value_template\": \"{{value}}\", \"chart_type\": \"line\", \"fill\": \"0.1\", \"formatter\": \"bytes\", \"label\": \" RAM used\"}], \"show_grid\": 1}}"
            },
            "id": "e781add0-b9dc-11e9-a579-f5c0a5d81340",
            "migrationVersion": {
                "visualization": "7.3.0"
            },
            "references": [],
            "type": "visualization",
            "updated_at": "2019-08-19T14:26:15.240Z",
            "version": "WzE0NzgsMV0="
        },
        {
            "attributes": {
                "description": "",
                "kibanaSavedObjectMeta": {
                    "searchSourceJSON": "{\"query\": {\"language\": \"kuery\", \"query\": \"\"}, \"filter\": []}"
                },
                "title": "Buckets Disk Used [Metricbeat Couchbase] ECS",
                "uiStateJSON": "{}",
                "version": 1,
                "visState": "{\"aggs\": [], \"type\": \"metrics\", \"title\": \"Buckets Disk Used [Metricbeat Couchbase] ECS\", \"params\": {\"default_index_pattern\": \"metricbeat-*\", \"bar_color_rules\": [{\"id\": \"9bcf0ee0-b9dd-11e9-aa9d-55aa18f46863\"}], \"axis_formatter\": \"number\", \"show_legend\": 1, \"series\": [{\"terms_field\": \"couchbase.bucket.name\", \"color\": \"rgba(0,98,177,1)\", \"line_width\": \"1\", \"axis_position\": \"right\", \"id\": \"04f7a401-b9dd-11e9-b988-d77f6106a7f0\", \"stacked\": \"none\", \"split_mode\": \"terms\", \"metrics\": [{\"type\": \"max\", \"field\": \"couchbase.bucket.disk.used.bytes\", \"id\": \"04f7a402-b9dd-11e9-b988-d77f6106a7f0\"}], \"separate_axis\": 0, \"point_size\": 0, \"value_template\": \"{{value}}\", \"chart_type\": \"line\", \"fill\": \"0.1\", \"formatter\": \"bytes\", \"label\": \"Disk Used\"}], \"filter\": {\"language\": \"kuery\", \"query\": \"\"}, \"index_pattern\": \"metricbeat-*\", \"id\": \"04f7a400-b9dd-11e9-b988-d77f6106a7f0\", \"background_color_rules\": [{\"id\": \"a126b410-b9dd-11e9-aa9d-55aa18f46863\"}], \"gauge_color_rules\": [{\"id\": \"97d88050-b9dd-11e9-aa9d-55aa18f46863\"}], \"gauge_inner_width\": 10, \"gauge_width\": 10, \"interval\": \"auto\", \"axis_scale\": \"normal\", \"axis_position\": \"left\", \"time_field\": \"@timestamp\", \"default_timefield\": \"@timestamp\", \"type\": \"timeseries\", \"gauge_style\": \"half\", \"show_grid\": 1}}"
            },
            "id": "c4c81a30-b9dd-11e9-a579-f5c0a5d81340",
            "migrationVersion": {
                "visualization": "7.3.0"
            },
            "references": [],
            "type": "visualization",
            "updated_at": "2019-08-09T09:59:37.672Z",
            "version": "Wzk5NiwxXQ=="
        },
        {
            "attributes": {
                "description": "",
                "kibanaSavedObjectMeta": {
                    "searchSourceJSON": "{\"query\": {\"language\": \"kuery\", \"query\": \"\"}, \"filter\": []}"
                },
                "title": "Node CPU Utilization [Metricbeat Couchbase] ECS",
                "uiStateJSON": "{}",
                "version": 1,
                "visState": "{\"aggs\": [], \"type\": \"metrics\", \"title\": \"Node CPU Utilization [Metricbeat Couchbase] ECS\", \"params\": {\"default_index_pattern\": \"metricbeat-*\", \"axis_formatter\": \"number\", \"show_legend\": 1, \"filter\": {\"language\": \"kuery\", \"query\": \"\"}, \"id\": \"f6ae4d80-b9dd-11e9-a864-6f6fa2fda75a\", \"index_pattern\": \"metricbeat-*\", \"time_field\": \"@timestamp\", \"interval\": \"auto\", \"axis_scale\": \"normal\", \"axis_position\": \"left\", \"default_timefield\": \"@timestamp\", \"type\": \"timeseries\", \"series\": [{\"terms_field\": \"couchbase.node.hostname\", \"split_color_mode\": \"rainbow\", \"color\": \"#3185FC\", \"line_width\": 2, \"axis_position\": \"right\", \"id\": \"f6ae7490-b9dd-11e9-a864-6f6fa2fda75a\", \"stacked\": \"none\", \"split_mode\": \"terms\", \"metrics\": [{\"type\": \"max\", \"field\": \"couchbase.node.cpu_utilization_rate.pct\", \"id\": \"f6ae7491-b9dd-11e9-a864-6f6fa2fda75a\"}], \"separate_axis\": 0, \"point_size\": 0, \"value_template\": \"{{value}}%\", \"chart_type\": \"line\", \"fill\": 0, \"formatter\": \"'0.'\", \"label\": \"CPU Utilization\"}], \"show_grid\": 1}}"
            },
            "id": "467c99c0-b9de-11e9-a579-f5c0a5d81340",
            "migrationVersion": {
                "visualization": "7.3.0"
            },
            "references": [],
            "type": "visualization",
            "updated_at": "2019-08-09T10:01:08.255Z",
            "version": "WzEwMzEsMV0="
        },
        {
            "attributes": {
                "description": "",
                "kibanaSavedObjectMeta": {
                    "searchSourceJSON": "{\"query\": {\"language\": \"kuery\", \"query\": \"\"}, \"filter\": []}"
                },
                "title": "Buckets Operations Per Second [Metricbeat Couchbase] ECS",
                "uiStateJSON": "{}",
                "version": 1,
                "visState": "{\"aggs\": [], \"type\": \"metrics\", \"title\": \"Buckets Operations Per Second [Metricbeat Couchbase] ECS\", \"params\": {\"default_index_pattern\": \"metricbeat-*\", \"axis_formatter\": \"number\", \"show_legend\": 1, \"filter\": {\"language\": \"kuery\", \"query\": \"\"}, \"id\": \"b8a49140-b9db-11e9-bc93-69919d73c9bb\", \"index_pattern\": \"metricbeat-*\", \"time_field\": \"@timestamp\", \"interval\": \"auto\", \"axis_scale\": \"normal\", \"axis_position\": \"left\", \"default_timefield\": \"@timestamp\", \"type\": \"timeseries\", \"series\": [{\"terms_field\": \"couchbase.bucket.name\", \"color\": \"#3185FC\", \"line_width\": 2, \"axis_position\": \"right\", \"id\": \"b8a49141-b9db-11e9-bc93-69919d73c9bb\", \"stacked\": \"none\", \"split_mode\": \"terms\", \"metrics\": [{\"type\": \"max\", \"field\": \"couchbase.bucket.ops_per_sec\", \"id\": \"b8a49142-b9db-11e9-bc93-69919d73c9bb\"}], \"separate_axis\": 0, \"point_size\": 0, \"value_template\": \"{{value}}\", \"chart_type\": \"line\", \"fill\": 0, \"formatter\": \"number\", \"label\": \"ops_per_sec\"}], \"show_grid\": 1}}"
            },
            "id": "e23a9fe0-b9db-11e9-a579-f5c0a5d81340",
            "migrationVersion": {
                "visualization": "7.3.0"
            },
            "references": [],
            "type": "visualization",
            "updated_at": "2019-08-09T09:58:23.524Z",
            "version": "Wzk3MiwxXQ=="
        },
        {
            "attributes": {
                "description": "",
                "kibanaSavedObjectMeta": {
                    "searchSourceJSON": "{\"query\": {\"language\": \"kuery\", \"query\": \"\"}, \"filter\": []}"
                },
                "title": "Operations per Node [Metricbeat Couchbase] ECS",
                "uiStateJSON": "{}",
                "version": 1,
                "visState": "{\"aggs\": [], \"type\": \"metrics\", \"title\": \"Operations per Node [Metricbeat Couchbase] ECS\", \"params\": {\"default_index_pattern\": \"metricbeat-*\", \"axis_formatter\": \"number\", \"show_legend\": 1, \"filter\": {\"language\": \"kuery\", \"query\": \"\"}, \"id\": \"ec9c42a0-b9df-11e9-8634-0fd532c4482a\", \"index_pattern\": \"metricbeat-*\", \"time_field\": \"@timestamp\", \"interval\": \"auto\", \"axis_scale\": \"normal\", \"axis_position\": \"left\", \"default_timefield\": \"@timestamp\", \"type\": \"timeseries\", \"series\": [{\"terms_field\": \"couchbase.node.hostname\", \"color\": \"rgba(84,141,162,1)\", \"line_width\": \"1\", \"axis_position\": \"right\", \"id\": \"ec9c42a1-b9df-11e9-8634-0fd532c4482a\", \"stacked\": \"none\", \"split_mode\": \"terms\", \"metrics\": [{\"type\": \"max\", \"field\": \"couchbase.node.ops\", \"id\": \"ec9c42a2-b9df-11e9-8634-0fd532c4482a\"}], \"separate_axis\": 0, \"point_size\": 0, \"value_template\": \"{{value}}\", \"chart_type\": \"line\", \"fill\": \"0.1\", \"formatter\": \"number\", \"label\": \"max(couchbase.node.ops)\"}], \"show_grid\": 1}}"
            },
            "id": "17a01210-b9e0-11e9-a579-f5c0a5d81340",
            "migrationVersion": {
                "visualization": "7.3.0"
            },
            "references": [],
            "type": "visualization",
            "updated_at": "2019-08-09T10:00:47.340Z",
            "version": "WzEwMjQsMV0="
        },
        {
            "attributes": {
                "description": "",
                "kibanaSavedObjectMeta": {
                    "searchSourceJSON": "{\"query\": {\"language\": \"kuery\", \"query\": \"\"}, \"filter\": []}"
                },
                "title": "Cluster HDD Usage [Metricbeat Couchbase] ECS",
                "uiStateJSON": "{}",
                "version": 1,
                "visState": "{\"aggs\": [], \"type\": \"metrics\", \"title\": \"Cluster HDD Usage [Metricbeat Couchbase] ECS\", \"params\": {\"default_index_pattern\": \"metricbeat-*\", \"time_field\": \"@timestamp\", \"axis_formatter\": \"number\", \"show_legend\": 1, \"series\": [{\"split_color_mode\": \"gradient\", \"color\": \"rgba(67,191,147,1)\", \"line_width\": \"1\", \"axis_position\": \"right\", \"id\": \"c34f7c91-b9e0-11e9-ab08-bf43409c5a0d\", \"stacked\": \"none\", \"split_mode\": \"everything\", \"metrics\": [{\"type\": \"max\", \"field\": \"couchbase.cluster.hdd.free.bytes\", \"id\": \"c34f7c92-b9e0-11e9-ab08-bf43409c5a0d\"}], \"separate_axis\": 0, \"point_size\": 0, \"value_template\": \"{{value}}\", \"chart_type\": \"line\", \"fill\": \"0.2\", \"formatter\": \"bytes\", \"label\": \"Free\"}, {\"color\": \"#68BC00\", \"line_width\": 1, \"axis_position\": \"right\", \"id\": \"8949ecc0-ba89-11e9-8d4d-f510918c2882\", \"stacked\": \"none\", \"split_mode\": \"everything\", \"metrics\": [{\"type\": \"max\", \"field\": \"couchbase.cluster.hdd.used.by_data.bytes\", \"id\": \"8949ecc1-ba89-11e9-8d4d-f510918c2882\"}], \"separate_axis\": 0, \"point_size\": \"0\", \"chart_type\": \"line\", \"fill\": 0.5, \"formatter\": \"bytes\", \"label\": \"Data\"}, {\"color\": \"rgba(0,156,224,1)\", \"line_width\": 1, \"axis_position\": \"right\", \"id\": \"ce3d98e0-ba89-11e9-8d4d-f510918c2882\", \"stacked\": \"none\", \"split_mode\": \"everything\", \"metrics\": [{\"type\": \"max\", \"field\": \"couchbase.cluster.hdd.used.value.bytes\", \"id\": \"ce3d98e1-ba89-11e9-8d4d-f510918c2882\"}], \"separate_axis\": 0, \"point_size\": \"0\", \"chart_type\": \"line\", \"fill\": 0.5, \"formatter\": \"bytes\", \"label\": \"Cluster\"}, {\"color\": \"rgba(159,5,0,1)\", \"line_width\": 1, \"axis_position\": \"right\", \"id\": \"2f4dbb20-ba89-11e9-8d4d-f510918c2882\", \"stacked\": \"none\", \"split_mode\": \"everything\", \"metrics\": [{\"type\": \"max\", \"field\": \"couchbase.cluster.hdd.total.bytes\", \"id\": \"2f4dbb21-ba89-11e9-8d4d-f510918c2882\"}], \"separate_axis\": 0, \"point_size\": \"0\", \"chart_type\": \"line\", \"fill\": \"0\", \"formatter\": \"bytes\", \"label\": \"Total\"}], \"filter\": {\"language\": \"kuery\", \"query\": \"\"}, \"index_pattern\": \"metricbeat-*\", \"id\": \"c34f7c90-b9e0-11e9-ab08-bf43409c5a0d\", \"background_color_rules\": [{\"id\": \"c7abd1d0-b9e0-11e9-8604-efdef550e653\"}], \"gauge_color_rules\": [{\"id\": \"c82f80c0-b9e0-11e9-8604-efdef550e653\"}], \"gauge_inner_width\": 10, \"gauge_width\": 10, \"interval\": \"auto\", \"axis_scale\": \"normal\", \"axis_position\": \"left\", \"default_timefield\": \"@timestamp\", \"type\": \"timeseries\", \"gauge_style\": \"half\", \"show_grid\": 1}}"
            },
            "id": "f515f2e0-b9e0-11e9-a579-f5c0a5d81340",
            "migrationVersion": {
                "visualization": "7.3.0"
            },
            "references": [],
            "type": "visualization",
            "updated_at": "2019-08-09T10:00:12.389Z",
            "version": "WzEwMTUsMV0="
        },
        {
            "attributes": {
                "description": "",
                "kibanaSavedObjectMeta": {
                    "searchSourceJSON": "{\"query\": {\"language\": \"kuery\", \"query\": \"\"}, \"filter\": []}"
                },
                "title": "Cluster RAM [Metricbeat Couchbase] ECS",
                "uiStateJSON": "{}",
                "version": 1,
                "visState": "{\"aggs\": [], \"type\": \"metrics\", \"title\": \"Cluster RAM [Metricbeat Couchbase] ECS\", \"params\": {\"default_index_pattern\": \"metricbeat-*\", \"bar_color_rules\": [{\"id\": \"3afe8650-b9e1-11e9-861c-7f7211bffe38\"}], \"axis_formatter\": \"number\", \"show_legend\": 1, \"filter\": {\"language\": \"kuery\", \"query\": \"\"}, \"id\": \"24242700-b9e1-11e9-ab98-51a45917a19d\", \"index_pattern\": \"metricbeat-*\", \"time_field\": \"@timestamp\", \"interval\": \"auto\", \"axis_scale\": \"normal\", \"axis_position\": \"left\", \"default_timefield\": \"@timestamp\", \"type\": \"timeseries\", \"series\": [{\"color\": \"rgba(159,5,0,1)\", \"line_width\": 2, \"axis_position\": \"right\", \"id\": \"24242701-b9e1-11e9-ab98-51a45917a19d\", \"stacked\": \"none\", \"split_mode\": \"everything\", \"metrics\": [{\"type\": \"max\", \"field\": \"couchbase.cluster.ram.total.bytes\", \"id\": \"24242702-b9e1-11e9-ab98-51a45917a19d\"}], \"separate_axis\": 0, \"point_size\": 0, \"value_template\": \"{{value}}\", \"chart_type\": \"line\", \"fill\": 0, \"formatter\": \"bytes\", \"label\": \"Total\"}, {\"color\": \"rgba(226,115,0,1)\", \"line_width\": \"1\", \"axis_position\": \"right\", \"id\": \"24242703-b9e1-11e9-ab98-51a45917a19d\", \"stacked\": \"none\", \"split_mode\": \"everything\", \"metrics\": [{\"type\": \"max\", \"field\": \"couchbase.cluster.ram.used.value.bytes\", \"id\": \"24242704-b9e1-11e9-ab98-51a45917a19d\"}], \"separate_axis\": 0, \"point_size\": 0, \"value_template\": \"{{value}}\", \"chart_type\": \"line\", \"fill\": \"0.2\", \"formatter\": \"bytes\", \"label\": \"Used\"}], \"show_grid\": 1}}"
            },
            "id": "7cc8def0-b9e1-11e9-a579-f5c0a5d81340",
            "migrationVersion": {
                "visualization": "7.3.0"
            },
            "references": [],
            "type": "visualization",
            "updated_at": "2019-08-09T09:59:56.912Z",
            "version": "WzEwMDUsMV0="
        },
        {
            "attributes": {
                "description": "",
                "kibanaSavedObjectMeta": {
                    "searchSourceJSON": "{\"query\": {\"language\": \"kuery\", \"query\": \"\"}, \"filter\": []}"
                },
                "title": "Bucket Item Count [Metricbeat Couchbase] ECS",
                "uiStateJSON": "{}",
                "version": 1,
                "visState": "{\"aggs\": [], \"type\": \"metrics\", \"title\": \"Bucket Item Count [Metricbeat Couchbase] ECS\", \"params\": {\"default_index_pattern\": \"metricbeat-*\", \"axis_formatter\": \"number\", \"show_legend\": 1, \"filter\": {\"language\": \"kuery\", \"query\": \"\"}, \"id\": \"5b94e6a0-b9f2-11e9-9c08-535482acfc9e\", \"index_pattern\": \"metricbeat-*\", \"time_field\": \"@timestamp\", \"interval\": \"auto\", \"axis_scale\": \"normal\", \"axis_position\": \"left\", \"default_timefield\": \"@timestamp\", \"type\": \"timeseries\", \"series\": [{\"terms_field\": \"couchbase.bucket.name\", \"color\": \"rgba(252,196,0,1)\", \"line_width\": \"1\", \"axis_position\": \"right\", \"id\": \"5b94e6a1-b9f2-11e9-9c08-535482acfc9e\", \"terms_order_by\": \"5b94e6a2-b9f2-11e9-9c08-535482acfc9e\", \"stacked\": \"none\", \"split_mode\": \"terms\", \"metrics\": [{\"type\": \"max\", \"field\": \"couchbase.bucket.item_count\", \"id\": \"5b94e6a2-b9f2-11e9-9c08-535482acfc9e\"}], \"separate_axis\": 0, \"point_size\": 0, \"value_template\": \"{{value}}\", \"chart_type\": \"line\", \"fill\": \"0.1\", \"formatter\": \"number\", \"label\": \"items\"}], \"show_grid\": 1}}"
            },
            "id": "97ee1ea0-b9f2-11e9-a579-f5c0a5d81340",
            "migrationVersion": {
                "visualization": "7.3.0"
            },
            "references": [],
            "type": "visualization",
            "updated_at": "2019-08-09T09:58:47.462Z",
            "version": "Wzk4MCwxXQ=="
        },
        {
            "attributes": {
                "description": "",
                "kibanaSavedObjectMeta": {
                    "searchSourceJSON": "{\"query\": {\"language\": \"kuery\", \"query\": \"\"}, \"filter\": []}"
                },
                "title": "Document Replicas [Metricbeat Couchbase] ECS",
                "uiStateJSON": "{}",
                "version": 1,
                "visState": "{\"aggs\": [], \"type\": \"metrics\", \"title\": \"Document Replicas [Metricbeat Couchbase] ECS\", \"params\": {\"default_index_pattern\": \"metricbeat-*\", \"axis_formatter\": \"number\", \"show_legend\": 1, \"filter\": {\"language\": \"kuery\", \"query\": \"\"}, \"id\": \"2658bfa0-b9f4-11e9-ac89-cd269ee83e5f\", \"index_pattern\": \"metricbeat-*\", \"time_field\": \"@timestamp\", \"interval\": \"auto\", \"axis_scale\": \"normal\", \"axis_position\": \"left\", \"default_timefield\": \"@timestamp\", \"type\": \"timeseries\", \"series\": [{\"terms_field\": \"couchbase.node.hostname\", \"color\": \"#3185FC\", \"line_width\": \"1\", \"axis_position\": \"right\", \"id\": \"2658bfa1-b9f4-11e9-ac89-cd269ee83e5f\", \"stacked\": \"none\", \"split_mode\": \"terms\", \"metrics\": [{\"type\": \"max\", \"field\": \"couchbase.node.vb_replica_curr_items\", \"id\": \"2658bfa2-b9f4-11e9-ac89-cd269ee83e5f\"}], \"separate_axis\": 0, \"point_size\": 0, \"value_template\": \"{{value}}\", \"chart_type\": \"line\", \"fill\": \"0.2\", \"formatter\": \"number\", \"label\": \"replicas\"}], \"show_grid\": 1}}"
            },
            "id": "63efced0-b9f4-11e9-a579-f5c0a5d81340",
            "migrationVersion": {
                "visualization": "7.3.0"
            },
            "references": [],
            "type": "visualization",
            "updated_at": "2019-08-09T10:01:57.445Z",
            "version": "WzEwNDgsMV0="
        },
        {
            "attributes": {
                "description": "",
                "kibanaSavedObjectMeta": {
                    "searchSourceJSON": "{\"query\": {\"language\": \"kuery\", \"query\": \"\"}, \"filter\": []}"
                },
                "title": "Disk space used by docs [Metricbeat Couchbase] ECS",
                "uiStateJSON": "{}",
                "version": 1,
                "visState": "{\"aggs\": [], \"type\": \"metrics\", \"title\": \"Disk space used by docs [Metricbeat Couchbase] ECS\", \"params\": {\"default_index_pattern\": \"metricbeat-*\", \"axis_formatter\": \"number\", \"show_legend\": 1, \"filter\": {\"language\": \"kuery\", \"query\": \"\"}, \"id\": \"46d25240-ba8b-11e9-a06c-c5fca4bfd53b\", \"index_pattern\": \"metricbeat-*\", \"time_field\": \"@timestamp\", \"interval\": \"auto\", \"axis_scale\": \"normal\", \"axis_position\": \"left\", \"default_timefield\": \"@timestamp\", \"type\": \"timeseries\", \"series\": [{\"terms_field\": \"couchbase.node.hostname\", \"split_color_mode\": \"gradient\", \"color\": \"rgba(83,167,131,1)\", \"line_width\": \"1\", \"axis_position\": \"right\", \"id\": \"46d25241-ba8b-11e9-a06c-c5fca4bfd53b\", \"stacked\": \"none\", \"split_mode\": \"terms\", \"metrics\": [{\"type\": \"max\", \"field\": \"couchbase.node.couch.docs.disk_size.bytes\", \"id\": \"46d25242-ba8b-11e9-a06c-c5fca4bfd53b\"}], \"separate_axis\": 0, \"point_size\": 0, \"value_template\": \"{{value}}\", \"chart_type\": \"line\", \"fill\": \"0.1\", \"formatter\": \"bytes\", \"label\": \"Docs \"}], \"show_grid\": 1}}"
            },
            "id": "99980c90-ba8b-11e9-a579-f5c0a5d81340",
            "migrationVersion": {
                "visualization": "7.3.0"
            },
            "references": [],
            "type": "visualization",
            "updated_at": "2019-08-09T10:15:08.388Z",
            "version": "WzEwNzMsMV0="
        },
        {
            "attributes": {
                "description": "",
                "kibanaSavedObjectMeta": {
                    "searchSourceJSON": "{\"query\": {\"language\": \"kuery\", \"query\": \"\"}, \"filter\": []}"
                },
                "title": "Disk Fetches [Metricbeat Couchbase] ECS",
                "uiStateJSON": "{}",
                "version": 1,
                "visState": "{\"aggs\": [], \"type\": \"metrics\", \"title\": \"Disk Fetches [Metricbeat Couchbase] ECS\", \"params\": {\"default_index_pattern\": \"metricbeat-*\", \"axis_formatter\": \"number\", \"show_legend\": 1, \"filter\": {\"language\": \"kuery\", \"query\": \"\"}, \"id\": \"ead970d0-ba8b-11e9-8d1e-992a5619d7be\", \"index_pattern\": \"metricbeat-*\", \"time_field\": \"@timestamp\", \"interval\": \"auto\", \"axis_scale\": \"normal\", \"axis_position\": \"left\", \"default_timefield\": \"@timestamp\", \"type\": \"timeseries\", \"series\": [{\"terms_field\": \"couchbase.bucket.name\", \"color\": \"rgba(176,188,0,1)\", \"line_width\": 2, \"axis_position\": \"right\", \"id\": \"ead970d1-ba8b-11e9-8d1e-992a5619d7be\", \"stacked\": \"none\", \"split_mode\": \"terms\", \"metrics\": [{\"type\": \"max\", \"field\": \"couchbase.bucket.disk.fetches\", \"id\": \"ead970d2-ba8b-11e9-8d1e-992a5619d7be\"}], \"separate_axis\": 0, \"point_size\": 0, \"value_template\": \"{{value}}\", \"chart_type\": \"line\", \"fill\": 0, \"formatter\": \"number\", \"label\": \"Disk Fetches\"}], \"show_grid\": 1}}"
            },
            "id": "19eed0e0-ba8c-11e9-a579-f5c0a5d81340",
            "migrationVersion": {
                "visualization": "7.3.0"
            },
            "references": [],
            "type": "visualization",
            "updated_at": "2019-08-09T09:57:30.478Z",
            "version": "Wzk2NSwxXQ=="
        }
    ],
    "version": "7.3.0"
}