{
    "objects": [
        {
            "attributes": {
                "description": "Kafka analysis of topics and consumer groups",
                "hits": 0,
                "kibanaSavedObjectMeta": {
                    "searchSourceJSON": "{\"version\": true, \"query\": {\"language\": \"kuery\", \"query\": \"\"}, \"highlightAll\": true, \"filter\": []}"
                },
                "optionsJSON": "{\"useMargins\": true, \"darkTheme\": false, \"hidePanelTitles\": false}",
                "panelsJSON": "[{\"gridData\": {\"w\": 24, \"x\": 0, \"y\": 20, \"i\": \"1\", \"h\": 13}, \"panelIndex\": \"1\", \"title\": \"Kafka Topic & Consumer Offsets\", \"embeddableConfig\": {}, \"panelRefName\": \"panel_0\", \"version\": \"7.3.0\"}, {\"gridData\": {\"w\": 16, \"x\": 0, \"y\": 0, \"i\": \"3\", \"h\": 6}, \"panelIndex\": \"3\", \"title\": \"Kafka Controls\", \"embeddableConfig\": {}, \"panelRefName\": \"panel_1\", \"version\": \"7.3.0\"}, {\"gridData\": {\"w\": 24, \"x\": 0, \"y\": 6, \"i\": \"6\", \"h\": 14}, \"panelIndex\": \"6\", \"title\": \"Consumer Group Lag by Topic\", \"embeddableConfig\": {}, \"panelRefName\": \"panel_2\", \"version\": \"7.3.0\"}, {\"gridData\": {\"w\": 25, \"x\": 16, \"y\": 0, \"i\": \"10\", \"h\": 6}, \"panelIndex\": \"10\", \"title\": \"Kafka Metrics\", \"embeddableConfig\": {\"spy\": null}, \"panelRefName\": \"panel_3\", \"version\": \"7.3.0\"}, {\"gridData\": {\"w\": 24, \"x\": 0, \"y\": 33, \"i\": \"12\", \"h\": 7}, \"panelIndex\": \"12\", \"title\": \"Consumer Partition Reassignments\", \"embeddableConfig\": {}, \"panelRefName\": \"panel_4\", \"version\": \"7.3.0\"}, {\"gridData\": {\"w\": 7, \"x\": 41, \"y\": 0, \"i\": \"13\", \"h\": 6}, \"panelIndex\": \"13\", \"title\": \"Consumer Metrics\", \"embeddableConfig\": {}, \"panelRefName\": \"panel_5\", \"version\": \"7.3.0\"}, {\"gridData\": {\"w\": 24, \"x\": 24, \"y\": 27, \"i\": \"14\", \"h\": 13}, \"panelIndex\": \"14\", \"title\": \"Kafka Consumer Group Clients\", \"embeddableConfig\": {\"spy\": null, \"vis\": {\"params\": {\"sort\": {\"direction\": null, \"columnIndex\": null}}}}, \"panelRefName\": \"panel_6\", \"version\": \"7.3.0\"}, {\"gridData\": {\"w\": 24, \"x\": 24, \"y\": 6, \"i\": \"15\", \"h\": 10}, \"panelIndex\": \"15\", \"title\": \"Kafka Brokers\", \"embeddableConfig\": {}, \"panelRefName\": \"panel_7\", \"version\": \"7.3.0\"}, {\"gridData\": {\"w\": 24, \"x\": 24, \"y\": 16, \"i\": \"16\", \"h\": 11}, \"panelIndex\": \"16\", \"title\": \"Kafka Topic Details\", \"embeddableConfig\": {\"table\": {\"sort\": {\"column\": \"26d2cd90-d2f5-11e8-9dd4-c5f03280d7b0\", \"order\": \"desc\"}}}, \"panelRefName\": \"panel_8\", \"version\": \"7.3.0\"}]",
                "timeRestore": false,
                "title": "[Metricbeat Kafka] Overview ECS",
                "version": 1
            },
            "id": "ea488d90-8e63-11e8-8fa2-3d5f811fbd0f-ecs",
            "migrationVersion": {
                "dashboard": "7.3.0"
            },
            "references": [
                {
                    "id": "b9d12c80-8e63-11e8-8fa2-3d5f811fbd0f-ecs",
                    "name": "panel_0",
                    "type": "visualization"
                },
                {
                    "id": "8d2f79a0-8e65-11e8-8fa2-3d5f811fbd0f-ecs",
                    "name": "panel_1",
                    "type": "visualization"
                },
                {
                    "id": "944188f0-8e79-11e8-8fa2-3d5f811fbd0f-ecs",
                    "name": "panel_2",
                    "type": "visualization"
                },
                {
                    "id": "dc89f8d0-8e8e-11e8-8fa2-3d5f811fbd0f-ecs",
                    "name": "panel_3",
                    "type": "visualization"
                },
                {
                    "id": "587f2360-8f21-11e8-8fa2-3d5f811fbd0f-ecs",
                    "name": "panel_4",
                    "type": "visualization"
                },
                {
                    "id": "1681f1a0-90e7-11e8-8fa2-3d5f811fbd0f-ecs",
                    "name": "panel_5",
                    "type": "visualization"
                },
                {
                    "id": "9a7576e0-d231-11e8-8766-dbbdc39e7ba9-ecs",
                    "name": "panel_6",
                    "type": "visualization"
                },
                {
                    "id": "27dd5960-d2ed-11e8-8766-dbbdc39e7ba9-ecs",
                    "name": "panel_7",
                    "type": "visualization"
                },
                {
                    "id": "491fee50-d2f5-11e8-8766-dbbdc39e7ba9-ecs",
                    "name": "panel_8",
                    "type": "visualization"
                }
            ],
            "type": "dashboard",
            "updated_at": "2019-11-29T09:36:17.646Z",
            "version": "WzI2NDgsMV0="
        },
        {
            "attributes": {
                "description": "",
                "kibanaSavedObjectMeta": {
                    "searchSourceJSON": "{}"
                },
                "title": "Kafka Topic & Consumer Offsets [Metricbeat Kafka] ECS",
                "uiStateJSON": "{}",
                "version": 1,
                "visState": "{\"aggs\": [], \"type\": \"metrics\", \"title\": \"Kafka Topic & Consumer Offsets [Metricbeat Kafka] ECS\", \"params\": {\"axis_formatter\": \"number\", \"id\": \"61ca57f0-469d-11e7-af02-69e470af7417\", \"filter\": {\"language\": \"lucene\", \"query\": \"NOT kafka.topic.name:__consumer_offsets\"}, \"background_color_rules\": [{\"id\": \"8b27e6a0-8e61-11e8-b741-c3e458b74a68\"}], \"show_legend\": 1, \"index_pattern\": \"metricbeat-*\", \"time_field\": \"@timestamp\", \"interval\": \"auto\", \"axis_position\": \"left\", \"type\": \"timeseries\", \"series\": [{\"terms_field\": \"kafka.topic.name\", \"seperate_axis\": 0, \"color\": \"rgba(244,78,59,1)\", \"filter\": {\"language\": \"lucene\", \"query\": \"metricset.name: partition AND kafka.partition.partition.is_leader: true\"}, \"line_width\": \"0.5\", \"axis_position\": \"right\", \"id\": \"61ca57f1-469d-11e7-af02-69e470af7417\", \"terms_order_by\": \"_term\", \"stacked\": \"none\", \"split_mode\": \"terms\", \"metrics\": [{\"type\": \"sum\", \"field\": \"kafka.partition.offset.newest\", \"id\": \"61ca57f2-469d-11e7-af02-69e470af7417\"}], \"point_size\": \"0\", \"value_template\": \"{{value}}\", \"chart_type\": \"bar\", \"fill\": \"0.1\", \"split_color_mode\": \"rainbow\", \"formatter\": \"number\", \"label\": \"Topic Offsets\"}, {\"terms_field\": \"kafka.consumergroup.id\", \"seperate_axis\": 0, \"split_filters\": [{\"id\": \"dd41ada0-8f1e-11e8-8784-cd0acd161a28\", \"color\": \"#68BC00\"}], \"color\": \"rgba(244,78,59,0.52)\", \"filter\": {\"language\": \"lucene\", \"query\": \"metricset.name: consumergroup\"}, \"line_width\": \"1\", \"axis_position\": \"right\", \"id\": \"d43034c0-8f1e-11e8-8784-cd0acd161a28\", \"terms_order_by\": \"_term\", \"stacked\": \"none\", \"split_mode\": \"terms\", \"metrics\": [{\"type\": \"sum\", \"field\": \"kafka.consumergroup.offset\", \"id\": \"d43034c1-8f1e-11e8-8784-cd0acd161a28\"}], \"point_size\": \"1.5\", \"value_template\": \"{{value}}\", \"chart_type\": \"line\", \"fill\": \"0\", \"split_color_mode\": \"rainbow\", \"formatter\": \"number\", \"label\": \"Consumer Offsets\"}], \"show_grid\": 1}}"
            },
            "id": "b9d12c80-8e63-11e8-8fa2-3d5f811fbd0f-ecs",
            "migrationVersion": {
                "visualization": "7.3.1"
            },
            "references": [],
            "type": "visualization",
            "updated_at": "2019-11-29T09:36:17.646Z",
            "version": "WzI2MzksMV0="
        },
        {
            "attributes": {
                "description": "",
                "kibanaSavedObjectMeta": {
                    "searchSourceJSON": "{}"
                },
                "title": "Kafka Controls [Metricbeat Kafka] ECS",
                "uiStateJSON": "{}",
                "version": 1,
                "visState": "{\"aggs\": [], \"type\": \"input_control_vis\", \"title\": \"Kafka Controls [Metricbeat Kafka] ECS\", \"params\": {\"controls\": [{\"indexPatternRefName\": \"control_0_index_pattern\", \"type\": \"list\", \"parent\": \"\", \"options\": {\"size\": 10, \"multiselect\": true, \"order\": \"desc\", \"type\": \"terms\"}, \"id\": \"1532342651170\", \"fieldName\": \"kafka.topic.name\", \"label\": \"Topic Name\"}, {\"indexPatternRefName\": \"control_1_index_pattern\", \"type\": \"list\", \"parent\": \"1532342651170\", \"options\": {\"size\": 5, \"multiselect\": true, \"order\": \"desc\", \"type\": \"terms\"}, \"id\": \"1539799686678\", \"fieldName\": \"kafka.partition.id\", \"label\": \"Partition\"}], \"updateFiltersOnChange\": true, \"pinFilters\": false, \"useTimeFilter\": false}}"
            },
            "id": "8d2f79a0-8e65-11e8-8fa2-3d5f811fbd0f-ecs",
            "migrationVersion": {
                "visualization": "7.3.1"
            },
            "references": [
                {
                    "id": "metricbeat-*",
                    "name": "control_0_index_pattern",
                    "type": "index-pattern"
                },
                {
                    "id": "metricbeat-*",
                    "name": "control_1_index_pattern",
                    "type": "index-pattern"
                }
            ],
            "type": "visualization",
            "updated_at": "2019-11-29T09:36:17.646Z",
            "version": "WzI2NDAsMV0="
        },
        {
            "attributes": {
                "description": "",
                "kibanaSavedObjectMeta": {
                    "searchSourceJSON": "{\"query\": {\"language\": \"kuery\", \"query\": \"\"}, \"filter\": []}"
                },
                "title": "Kafka Consumer Group Lag vs Time [Metricbeat Kafka] ECS",
                "uiStateJSON": "{}",
                "version": 1,
                "visState": "{\"aggs\": [], \"type\": \"metrics\", \"title\": \"Kafka Consumer Group Lag vs Time [Metricbeat Kafka] ECS\", \"params\": {\"default_index_pattern\": \"metricbeat-*\", \"bar_color_rules\": [{\"id\": \"1dbe6f50-1298-11ea-abd7-b5bb8e05b5d6\"}], \"axis_formatter\": \"number\", \"show_legend\": 1, \"series\": [{\"terms_field\": \"kafka.consumergroup.topic\", \"seperate_axis\": 0, \"color\": \"rgba(0,156,224,1)\", \"line_width\": 1, \"axis_position\": \"right\", \"id\": \"0dcb8020-8e6d-11e8-bfab-6f29bad3a6f2\", \"stacked\": \"none\", \"type\": \"timeseries\", \"split_mode\": \"terms\", \"metrics\": [{\"type\": \"max\", \"field\": \"kafka.consumergroup.consumer_lag\", \"id\": \"0dcb8021-8e6d-11e8-bfab-6f29bad3a6f2\"}], \"point_size\": \"0\", \"chart_type\": \"line\", \"fill\": \"0.2\", \"split_color_mode\": \"rainbow\", \"formatter\": \"number\", \"label\": \"Consumer Groups\"}], \"filter\": {\"language\": \"lucene\", \"query\": \"(metricset.name: consumergroup) AND NOT kafka.consumergroup.topic.name:__consumer_offsets\"}, \"isModelInvalid\": false, \"index_pattern\": \"metricbeat-*\", \"id\": \"61ca57f0-469d-11e7-af02-69e470af7417\", \"background_color_rules\": [{\"id\": \"1966adf0-1298-11ea-abd7-b5bb8e05b5d6\"}], \"gauge_color_rules\": [{\"id\": \"1eee15b0-1298-11ea-abd7-b5bb8e05b5d6\"}], \"gauge_inner_width\": 10, \"gauge_width\": 10, \"interval\": \"auto\", \"axis_scale\": \"normal\", \"axis_position\": \"left\", \"time_field\": \"@timestamp\", \"default_timefield\": \"@timestamp\", \"type\": \"timeseries\", \"gauge_style\": \"half\", \"show_grid\": 1}}"
            },
            "id": "944188f0-8e79-11e8-8fa2-3d5f811fbd0f-ecs",
            "migrationVersion": {
                "visualization": "7.3.1"
            },
            "references": [],
            "type": "visualization",
            "updated_at": "2019-11-29T11:07:58.021Z",
            "version": "WzI4MjMsMV0="
        },
        {
            "attributes": {
                "description": "",
                "kibanaSavedObjectMeta": {
                    "searchSourceJSON": "{\"query\": {\"language\": \"kuery\", \"query\": \"\"}, \"indexRefName\": \"kibanaSavedObjectMeta.searchSourceJSON.index\", \"filter\": [{\"query\": {\"match\": {\"metricset.name\": {\"query\": \"partition\", \"type\": \"phrase\"}}}, \"meta\": {\"alias\": \"Partition Metricset\", \"type\": \"phrase\", \"indexRefName\": \"kibanaSavedObjectMeta.searchSourceJSON.filter[0].meta.index\", \"key\": \"metricset.name\", \"disabled\": false, \"params\": {\"query\": \"partition\", \"type\": \"phrase\"}, \"value\": \"partition\", \"negate\": false}, \"$state\": {\"store\": \"appState\"}}, {\"query\": {\"match\": {\"kafka.topic.name\": {\"query\": \"__consumer_offsets\", \"type\": \"phrase\"}}}, \"meta\": {\"alias\": null, \"type\": \"phrase\", \"indexRefName\": \"kibanaSavedObjectMeta.searchSourceJSON.filter[1].meta.index\", \"key\": \"kafka.topic.name\", \"disabled\": false, \"params\": {\"query\": \"__consumer_offsets\", \"type\": \"phrase\"}, \"value\": \"__consumer_offsets\", \"negate\": true}, \"$state\": {\"store\": \"appState\"}}]}"
                },
                "title": "Kafka Metrics [Metricbeat Kafka] ECS",
                "uiStateJSON": "{}",
                "version": 1,
                "visState": "{\"aggs\": [{\"type\": \"cardinality\", \"enabled\": true, \"id\": \"1\", \"schema\": \"metric\", \"params\": {\"field\": \"kafka.topic.name\", \"customLabel\": \"Topics\"}}, {\"type\": \"cardinality\", \"enabled\": true, \"id\": \"3\", \"schema\": \"metric\", \"params\": {\"field\": \"kafka.partition.broker.id\", \"customLabel\": \"Brokers\"}}, {\"type\": \"cardinality\", \"enabled\": true, \"id\": \"5\", \"schema\": \"metric\", \"params\": {\"field\": \"kafka.partition.topic_id\", \"customLabel\": \"Partitions\"}}, {\"type\": \"cardinality\", \"enabled\": true, \"id\": \"6\", \"schema\": \"metric\", \"params\": {\"field\": \"kafka.partition.topic_broker_id\", \"customLabel\": \"Replicas\"}}], \"type\": \"metric\", \"title\": \"Kafka Metrics [Metricbeat Kafka] ECS\", \"params\": {\"metric\": {\"labels\": {\"show\": true}, \"style\": {\"subText\": \"\", \"labelColor\": false, \"bgColor\": false, \"bgFill\": \"#000\", \"fontSize\": 32}, \"metricColorMode\": \"None\", \"invertColors\": false, \"percentageMode\": false, \"useRanges\": false, \"colorSchema\": \"Green to Red\", \"colorsRange\": [{\"from\": 0, \"to\": 10000}]}, \"type\": \"metric\", \"addLegend\": false, \"addTooltip\": true}}"
            },
            "id": "dc89f8d0-8e8e-11e8-8fa2-3d5f811fbd0f-ecs",
            "migrationVersion": {
                "visualization": "7.3.1"
            },
            "references": [
                {
                    "id": "metricbeat-*",
                    "name": "kibanaSavedObjectMeta.searchSourceJSON.index",
                    "type": "index-pattern"
                },
                {
                    "id": "metricbeat-*",
                    "name": "kibanaSavedObjectMeta.searchSourceJSON.filter[0].meta.index",
                    "type": "index-pattern"
                },
                {
                    "id": "metricbeat-*",
                    "name": "kibanaSavedObjectMeta.searchSourceJSON.filter[1].meta.index",
                    "type": "index-pattern"
                }
            ],
            "type": "visualization",
            "updated_at": "2019-11-29T09:36:17.646Z",
            "version": "WzI2NDIsMV0="
        },
        {
            "attributes": {
                "description": "",
                "kibanaSavedObjectMeta": {
                    "searchSourceJSON": "{}"
                },
                "title": "Consumer Partition Reassignments [Metricbeat Kafka] ECS",
                "uiStateJSON": "{}",
                "version": 1,
                "visState": "{\"aggs\": [], \"type\": \"metrics\", \"title\": \"Consumer Partition Reassignments [Metricbeat Kafka] ECS\", \"params\": {\"axis_formatter\": \"number\", \"id\": \"61ca57f0-469d-11e7-af02-69e470af7417\", \"filter\": {\"language\": \"lucene\", \"query\": \"NOT kafka.topic.name:__consumer_offsets\"}, \"show_legend\": 1, \"index_pattern\": \"metricbeat-*\", \"axis_max\": \"1\", \"time_field\": \"@timestamp\", \"axis_min\": \"-1\", \"axis_position\": \"right\", \"type\": \"timeseries\", \"series\": [{\"terms_field\": \"kafka.consumergroup.id\", \"seperate_axis\": 0, \"color\": \"#68BC00\", \"line_width\": \"1\", \"axis_position\": \"right\", \"id\": \"61ca57f1-469d-11e7-af02-69e470af7417\", \"hide_in_legend\": 0, \"stacked\": \"none\", \"split_mode\": \"terms\", \"metrics\": [{\"type\": \"sum\", \"field\": \"kafka.consumergroup.partition\", \"id\": \"61ca57f2-469d-11e7-af02-69e470af7417\"}, {\"unit\": \"\", \"type\": \"derivative\", \"field\": \"61ca57f2-469d-11e7-af02-69e470af7417\", \"id\": \"6b69c760-8f20-11e8-8927-d7e991b5b6ab\"}, {\"script\": \"if (params.sum_partition < 0) { return -1 } else if (params.sum_partition > 0) { return 1 }\", \"type\": \"calculation\", \"id\": \"976f9d80-8f20-11e8-8927-d7e991b5b6ab\", \"variables\": [{\"field\": \"6b69c760-8f20-11e8-8927-d7e991b5b6ab\", \"id\": \"99cc2b20-8f20-11e8-8927-d7e991b5b6ab\", \"name\": \"sum_partition\"}]}], \"point_size\": \"20\", \"value_template\": \"\", \"chart_type\": \"line\", \"fill\": \"0\", \"split_color_mode\": \"rainbow\", \"formatter\": \"number\", \"label\": \"Consumer -> Partition Reassignment\"}], \"interval\": \"auto\", \"show_grid\": 1}}"
            },
            "id": "587f2360-8f21-11e8-8fa2-3d5f811fbd0f-ecs",
            "migrationVersion": {
                "visualization": "7.3.1"
            },
            "references": [],
            "type": "visualization",
            "updated_at": "2019-11-29T09:36:17.646Z",
            "version": "WzI2NDMsMV0="
        },
        {
            "attributes": {
                "description": "",
                "kibanaSavedObjectMeta": {
                    "searchSourceJSON": "{\"query\": {\"language\": \"kuery\", \"query\": \"\"}, \"indexRefName\": \"kibanaSavedObjectMeta.searchSourceJSON.index\", \"filter\": [{\"query\": {\"match\": {\"kafka.topic.name\": {\"query\": \"__consumer_offsets\", \"type\": \"phrase\"}}}, \"meta\": {\"alias\": null, \"type\": \"phrase\", \"indexRefName\": \"kibanaSavedObjectMeta.searchSourceJSON.filter[0].meta.index\", \"key\": \"kafka.topic.name\", \"disabled\": false, \"params\": {\"query\": \"__consumer_offsets\", \"type\": \"phrase\"}, \"value\": \"__consumer_offsets\", \"negate\": true}, \"$state\": {\"store\": \"appState\"}}]}"
                },
                "title": "Consumer Metrics [Metricbeat Kafka] ECS",
                "uiStateJSON": "{}",
                "version": 1,
                "visState": "{\"aggs\": [{\"type\": \"cardinality\", \"enabled\": true, \"id\": \"1\", \"schema\": \"metric\", \"params\": {\"field\": \"kafka.consumergroup.id\", \"customLabel\": \"Consumer Groups\"}}], \"type\": \"metric\", \"title\": \"Consumer Metrics [Metricbeat Kafka] ECS\", \"params\": {\"metric\": {\"labels\": {\"show\": true}, \"style\": {\"subText\": \"\", \"labelColor\": false, \"bgColor\": false, \"bgFill\": \"#000\", \"fontSize\": 32}, \"metricColorMode\": \"None\", \"invertColors\": false, \"percentageMode\": false, \"useRanges\": false, \"colorSchema\": \"Green to Red\", \"colorsRange\": [{\"from\": 0, \"to\": 10000}]}, \"type\": \"metric\", \"addLegend\": false, \"addTooltip\": true}}"
            },
            "id": "1681f1a0-90e7-11e8-8fa2-3d5f811fbd0f-ecs",
            "migrationVersion": {
                "visualization": "7.3.1"
            },
            "references": [
                {
                    "id": "metricbeat-*",
                    "name": "kibanaSavedObjectMeta.searchSourceJSON.index",
                    "type": "index-pattern"
                },
                {
                    "id": "metricbeat-*",
                    "name": "kibanaSavedObjectMeta.searchSourceJSON.filter[0].meta.index",
                    "type": "index-pattern"
                }
            ],
            "type": "visualization",
            "updated_at": "2019-11-29T09:36:17.646Z",
            "version": "WzI2NDQsMV0="
        },
        {
            "attributes": {
                "description": "",
                "kibanaSavedObjectMeta": {
                    "searchSourceJSON": "{\"query\": {\"language\": \"kuery\", \"query\": \"\"}, \"indexRefName\": \"kibanaSavedObjectMeta.searchSourceJSON.index\", \"filter\": []}"
                },
                "title": "Kafka Consumer Group Clients [Metricbeat Kafka] ECS",
                "uiStateJSON": "{\"vis\": {\"params\": {\"sort\": {\"direction\": null, \"columnIndex\": null}}}}",
                "version": 1,
                "visState": "{\"aggs\": [{\"type\": \"max\", \"enabled\": true, \"id\": \"1\", \"schema\": \"metric\", \"params\": {\"field\": \"kafka.consumergroup.offset\", \"customLabel\": \"Newest Offset\"}}, {\"type\": \"terms\", \"enabled\": true, \"id\": \"2\", \"schema\": \"bucket\", \"params\": {\"orderBy\": \"_term\", \"otherBucketLabel\": \"Other\", \"field\": \"kafka.consumergroup.client.id\", \"order\": \"desc\", \"size\": 64, \"customLabel\": \"Consumer group client\", \"otherBucket\": false, \"missingBucketLabel\": \"Missing\", \"missingBucket\": false}}, {\"type\": \"terms\", \"enabled\": true, \"id\": \"3\", \"schema\": \"bucket\", \"params\": {\"orderBy\": \"1\", \"otherBucketLabel\": \"Other\", \"field\": \"kafka.topic.name\", \"order\": \"desc\", \"size\": 64, \"customLabel\": \"Topic\", \"otherBucket\": false, \"missingBucketLabel\": \"Missing\", \"missingBucket\": false}}, {\"type\": \"terms\", \"enabled\": true, \"id\": \"4\", \"schema\": \"bucket\", \"params\": {\"orderBy\": \"1\", \"otherBucketLabel\": \"Other\", \"field\": \"kafka.partition.id\", \"order\": \"desc\", \"size\": 256, \"customLabel\": \"Partition\", \"otherBucket\": false, \"missingBucketLabel\": \"Missing\", \"missingBucket\": false}}], \"type\": \"table\", \"title\": \"Kafka Consumer Group Clients [Metricbeat Kafka] ECS\", \"params\": {\"showMeticsAtAllLevels\": false, \"showTotal\": false, \"totalFunc\": \"sum\", \"perPage\": 10, \"showPartialRows\": false, \"sort\": {\"direction\": null, \"columnIndex\": null}}}"
            },
            "id": "9a7576e0-d231-11e8-8766-dbbdc39e7ba9-ecs",
            "migrationVersion": {
                "visualization": "7.3.1"
            },
            "references": [
                {
                    "id": "metricbeat-*",
                    "name": "kibanaSavedObjectMeta.searchSourceJSON.index",
                    "type": "index-pattern"
                }
            ],
            "type": "visualization",
            "updated_at": "2019-11-29T09:36:17.646Z",
            "version": "WzI2NDUsMV0="
        },
        {
            "attributes": {
                "description": "",
                "kibanaSavedObjectMeta": {
                    "searchSourceJSON": "{}"
                },
                "title": "Kafka Broker Details [Metricbeat Kafka] ECS",
                "uiStateJSON": "{\"table\": {\"sort\": {\"column\": \"cf09c940-d2ec-11e8-88c8-af5b2a9ee6b2\", \"order\": \"asc\"}}}",
                "version": 1,
                "visState": "{\"aggs\": [], \"type\": \"metrics\", \"title\": \"Kafka Broker Details [Metricbeat Kafka] ECS\", \"params\": {\"pivot_id\": \"kafka.partition.partition.replica\", \"bar_color_rules\": [{\"id\": \"7fb31e00-d2ec-11e8-88c8-af5b2a9ee6b2\"}], \"axis_formatter\": \"number\", \"show_legend\": 1, \"filter\": \"\", \"pivot_rows\": \"256\", \"id\": \"61ca57f0-469d-11e7-af02-69e470af7417\", \"index_pattern\": \"metricbeat-*\", \"time_field\": \"@timestamp\", \"interval\": \"auto\", \"axis_position\": \"left\", \"type\": \"table\", \"pivot_label\": \"Broker ID\", \"series\": [{\"terms_field\": \"kafka.broker.id\", \"seperate_axis\": 0, \"color\": \"#68BC00\", \"line_width\": 1, \"axis_position\": \"right\", \"id\": \"61ca57f1-469d-11e7-af02-69e470af7417\", \"stacked\": \"none\", \"terms_size\": \"100\", \"split_mode\": \"terms\", \"metrics\": [{\"type\": \"cardinality\", \"field\": \"kafka.topic.name\", \"id\": \"61ca57f2-469d-11e7-af02-69e470af7417\"}], \"point_size\": 1, \"chart_type\": \"line\", \"fill\": 0.5, \"formatter\": \"number\", \"label\": \"Topics\"}, {\"seperate_axis\": 0, \"color\": \"#68BC00\", \"filter\": {\"language\": \"lucene\", \"query\": \"kafka.partition.partition.is_leader: true\"}, \"line_width\": 1, \"axis_position\": \"right\", \"id\": \"b38e91a0-d2ec-11e8-88c8-af5b2a9ee6b2\", \"color_rules\": [{\"id\": \"7e9ee780-d2ef-11e8-9dd4-c5f03280d7b0\"}], \"stacked\": \"none\", \"split_mode\": \"everything\", \"metrics\": [{\"type\": \"cardinality\", \"field\": \"kafka.partition.topic_id\", \"id\": \"b38eb8b0-d2ec-11e8-88c8-af5b2a9ee6b2\"}], \"point_size\": 1, \"chart_type\": \"line\", \"fill\": 0.5, \"formatter\": \"number\", \"label\": \"Leader Partitions\"}, {\"seperate_axis\": 0, \"color\": \"#68BC00\", \"filter\": \"\", \"line_width\": 1, \"axis_position\": \"right\", \"id\": \"cf09c940-d2ec-11e8-88c8-af5b2a9ee6b2\", \"color_rules\": [{\"id\": \"d4d9d2c0-d2ec-11e8-88c8-af5b2a9ee6b2\"}], \"stacked\": \"none\", \"split_mode\": \"everything\", \"metrics\": [{\"type\": \"cardinality\", \"field\": \"kafka.partition.topic_broker_id\", \"id\": \"cf09f050-d2ec-11e8-88c8-af5b2a9ee6b2\"}], \"point_size\": 1, \"chart_type\": \"line\", \"fill\": 0.5, \"formatter\": \"number\", \"label\": \"Replicas\"}], \"show_grid\": 1}}"
            },
            "id": "27dd5960-d2ed-11e8-8766-dbbdc39e7ba9-ecs",
            "migrationVersion": {
                "visualization": "7.3.1"
            },
            "references": [],
            "type": "visualization",
            "updated_at": "2019-11-29T09:36:17.646Z",
            "version": "WzI2NDYsMV0="
        },
        {
            "attributes": {
                "description": "",
                "kibanaSavedObjectMeta": {
                    "searchSourceJSON": "{}"
                },
                "title": "Kafka Topic Details [Metricbeat Kafka] ECS",
                "uiStateJSON": "{\"table\": {\"sort\": {\"column\": \"_default_\", \"order\": \"asc\"}}}",
                "version": 1,
                "visState": "{\"aggs\": [], \"type\": \"metrics\", \"title\": \"Kafka Topic Details [Metricbeat Kafka] ECS\", \"params\": {\"pivot_id\": \"kafka.topic.name\", \"bar_color_rules\": [{\"id\": \"f81e47a0-d2f3-11e8-9dd4-c5f03280d7b0\"}], \"axis_formatter\": \"number\", \"show_legend\": 1, \"filter\": {\"language\": \"lucene\", \"query\": \"NOT kafka.topic.name: __consumer_offsets\"}, \"id\": \"61ca57f0-469d-11e7-af02-69e470af7417\", \"index_pattern\": \"metricbeat-*\", \"time_field\": \"@timestamp\", \"interval\": \"auto\", \"axis_position\": \"left\", \"type\": \"table\", \"pivot_label\": \"Topic Name\", \"series\": [{\"seperate_axis\": 0, \"color\": \"#68BC00\", \"filter\": {\"language\": \"lucene\", \"query\": \" metricset.name: partition\"}, \"line_width\": 1, \"axis_position\": \"right\", \"id\": \"61ca57f1-469d-11e7-af02-69e470af7417\", \"color_rules\": [{\"id\": \"f07881d0-d2f5-11e8-95b9-eb9260148efc\"}], \"stacked\": \"none\", \"split_mode\": \"everything\", \"metrics\": [{\"type\": \"cardinality\", \"field\": \"kafka.broker.id\", \"id\": \"61ca57f2-469d-11e7-af02-69e470af7417\"}], \"point_size\": 1, \"chart_type\": \"line\", \"fill\": 0.5, \"formatter\": \"number\", \"label\": \"Brokers\"}, {\"seperate_axis\": 0, \"color\": \"#68BC00\", \"filter\": {\"language\": \"lucene\", \"query\": \" metricset.name: partition\"}, \"line_width\": 1, \"axis_position\": \"right\", \"id\": \"7d640440-d2f4-11e8-9dd4-c5f03280d7b0\", \"color_rules\": [{\"id\": \"fb759e10-d2f5-11e8-95b9-eb9260148efc\"}], \"stacked\": \"none\", \"split_mode\": \"everything\", \"metrics\": [{\"type\": \"cardinality\", \"field\": \"kafka.partition.id\", \"id\": \"7d640441-d2f4-11e8-9dd4-c5f03280d7b0\"}], \"point_size\": 1, \"chart_type\": \"line\", \"fill\": 0.5, \"formatter\": \"number\", \"label\": \"Partitions\"}, {\"seperate_axis\": 0, \"color\": \"#68BC00\", \"filter\": {\"language\": \"lucene\", \"query\": \" metricset.name: partition\"}, \"line_width\": 1, \"axis_position\": \"right\", \"id\": \"ad26e260-d2f4-11e8-9dd4-c5f03280d7b0\", \"color_rules\": [{\"id\": \"fdb1ab60-d2f5-11e8-95b9-eb9260148efc\"}], \"stacked\": \"none\", \"split_mode\": \"everything\", \"metrics\": [{\"type\": \"cardinality\", \"field\": \"kafka.partition.topic_broker_id\", \"id\": \"ad26e261-d2f4-11e8-9dd4-c5f03280d7b0\"}], \"point_size\": 1, \"chart_type\": \"line\", \"fill\": 0.5, \"formatter\": \"number\", \"label\": \"Replicas\"}, {\"seperate_axis\": 0, \"color\": \"#68BC00\", \"filter\": {\"language\": \"lucene\", \"query\": \" metricset.name: consumergroup\"}, \"line_width\": 1, \"axis_position\": \"right\", \"id\": \"26d2cd90-d2f5-11e8-9dd4-c5f03280d7b0\", \"color_rules\": [{\"id\": \"ff90f2b0-d2f5-11e8-95b9-eb9260148efc\"}], \"stacked\": \"none\", \"split_mode\": \"everything\", \"metrics\": [{\"type\": \"cardinality\", \"field\": \"kafka.consumergroup.client.id\", \"id\": \"26d2cd91-d2f5-11e8-9dd4-c5f03280d7b0\"}], \"point_size\": 1, \"chart_type\": \"line\", \"fill\": 0.5, \"formatter\": \"number\", \"label\": \"Consumers\"}, {\"seperate_axis\": 0, \"color\": \"#68BC00\", \"filter\": {\"language\": \"lucene\", \"query\": \" metricset.name: partition\"}, \"line_width\": 1, \"axis_position\": \"right\", \"id\": \"dc390e20-d2f4-11e8-9dd4-c5f03280d7b0\", \"color_rules\": [{\"id\": \"ea4984e0-d2f4-11e8-9dd4-c5f03280d7b0\"}], \"stacked\": \"none\", \"split_mode\": \"everything\", \"metrics\": [{\"type\": \"max\", \"field\": \"kafka.partition.offset.newest\", \"id\": \"dc393530-d2f4-11e8-9dd4-c5f03280d7b0\"}], \"point_size\": 1, \"chart_type\": \"line\", \"fill\": 0.5, \"formatter\": \"number\", \"label\": \"Newest Offset\"}, {\"seperate_axis\": 0, \"color\": \"#68BC00\", \"filter\": {\"language\": \"lucene\", \"query\": \" metricset.name: partition\"}, \"line_width\": 1, \"axis_position\": \"right\", \"id\": \"11366c80-d2f5-11e8-9dd4-c5f03280d7b0\", \"color_rules\": [{\"id\": \"043b67f0-d2f6-11e8-95b9-eb9260148efc\"}], \"stacked\": \"none\", \"split_mode\": \"everything\", \"metrics\": [{\"type\": \"min\", \"field\": \"kafka.partition.offset.oldest\", \"id\": \"11366c81-d2f5-11e8-9dd4-c5f03280d7b0\"}], \"point_size\": 1, \"chart_type\": \"line\", \"fill\": 0.5, \"formatter\": \"number\", \"label\": \"Oldest Offset\"}], \"show_grid\": 1}}"
            },
            "id": "491fee50-d2f5-11e8-8766-dbbdc39e7ba9-ecs",
            "migrationVersion": {
                "visualization": "7.3.1"
            },
            "references": [],
            "type": "visualization",
            "updated_at": "2019-11-29T09:36:17.646Z",
            "version": "WzI2NDcsMV0="
        }
    ],
    "version": "7.4.0"
}