{
    "objects": [
        {
            "attributes": {
                "description": "Overview of AWS Lambda Metrics",
                "hits": 0,
                "kibanaSavedObjectMeta": {
                    "searchSourceJSON": "{\"query\": {\"language\": \"kuery\", \"query\": \"\"}, \"filter\": []}"
                },
                "optionsJSON": "{\"useMargins\": true, \"hidePanelTitles\": false}",
                "panelsJSON": "[{\"gridData\": {\"w\": 14, \"x\": 0, \"y\": 0, \"i\": \"8f2d1b8f-fef3-4a9a-9cc8-7f0e2c65e35a\", \"h\": 5}, \"panelIndex\": \"8f2d1b8f-fef3-4a9a-9cc8-7f0e2c65e35a\", \"title\": \"AWS Account Filter\", \"embeddableConfig\": {\"title\": \"AWS Account Filter\"}, \"panelRefName\": \"panel_0\", \"version\": \"7.3.0\"}, {\"gridData\": {\"w\": 34, \"x\": 14, \"y\": 0, \"i\": \"443a9699-3451-44f7-8415-99a16c3f45b3\", \"h\": 10}, \"panelIndex\": \"443a9699-3451-44f7-8415-99a16c3f45b3\", \"title\": \"Top Errors\", \"embeddableConfig\": {\"title\": \"Top Errors\"}, \"panelRefName\": \"panel_1\", \"version\": \"7.3.0\"}, {\"gridData\": {\"w\": 14, \"x\": 0, \"y\": 5, \"i\": \"60a16bf0-2979-467a-b30e-05ea29547b41\", \"h\": 5}, \"panelIndex\": \"60a16bf0-2979-467a-b30e-05ea29547b41\", \"title\": \"AWS Region Filter\", \"embeddableConfig\": {\"title\": \"AWS Region Filter\"}, \"panelRefName\": \"panel_2\", \"version\": \"7.3.0\"}, {\"gridData\": {\"w\": 48, \"x\": 0, \"y\": 10, \"i\": \"349ef0d1-fea1-4b91-b95d-7a668914e10b\", \"h\": 14}, \"panelIndex\": \"349ef0d1-fea1-4b91-b95d-7a668914e10b\", \"title\": \"Lambda Function Duration in Milliseconds\", \"embeddableConfig\": {\"title\": \"Lambda Function Duration in Milliseconds\"}, \"panelRefName\": \"panel_3\", \"version\": \"7.3.0\"}, {\"gridData\": {\"w\": 24, \"x\": 0, \"y\": 24, \"i\": \"048b1577-5aed-48e5-8f90-147aa3d56c1a\", \"h\": 9}, \"panelIndex\": \"048b1577-5aed-48e5-8f90-147aa3d56c1a\", \"title\": \"Top Invoked Lambda Functions\", \"embeddableConfig\": {\"title\": \"Top Invoked Lambda Functions\"}, \"panelRefName\": \"panel_4\", \"version\": \"7.3.0\"}, {\"gridData\": {\"w\": 24, \"x\": 24, \"y\": 24, \"i\": \"4c8e471c-45da-47be-a866-c5bfc6d28a05\", \"h\": 9}, \"panelIndex\": \"4c8e471c-45da-47be-a866-c5bfc6d28a05\", \"title\": \"Top Throttled Lambda Functions\", \"embeddableConfig\": {\"title\": \"Top Throttled Lambda Functions\"}, \"panelRefName\": \"panel_5\", \"version\": \"7.3.0\"}]",
                "timeRestore": false,
                "title": "[Metricbeat AWS] Lambda Overview",
                "version": 1
            },
            "id": "7ac8e1d0-28d2-11ea-ba6c-49a884eb104f",
            "migrationVersion": {
                "dashboard": "7.3.0"
            },
            "references": [
                {
                    "id": "deab0260-2981-11e9-86eb-a3a07a77f530",
                    "name": "panel_0",
                    "type": "visualization"
                },
                {
                    "id": "4bf0a740-28d1-11ea-ba6c-49a884eb104f",
                    "name": "panel_1",
                    "type": "visualization"
                },
                {
                    "id": "b5308940-7347-11e9-816b-07687310a99a",
                    "name": "panel_2",
                    "type": "visualization"
                },
                {
                    "id": "39dfc8d0-28cf-11ea-ba6c-49a884eb104f",
                    "name": "panel_3",
                    "type": "visualization"
                },
                {
                    "id": "1f3f00c0-28d1-11ea-ba6c-49a884eb104f",
                    "name": "panel_4",
                    "type": "visualization"
                },
                {
                    "id": "915bcd50-28d1-11ea-ba6c-49a884eb104f",
                    "name": "panel_5",
                    "type": "visualization"
                }
            ],
            "type": "dashboard",
            "updated_at": "2020-01-09T23:14:56.640Z",
            "version": "WzI3MDAsM10="
        },
        {
            "attributes": {
                "description": "",
                "kibanaSavedObjectMeta": {
                    "searchSourceJSON": "{\"query\": {\"language\": \"kuery\", \"query\": \"\"}, \"filter\": []}"
                },
                "title": "AWS Account Filter [Metricbeat AWS]",
                "uiStateJSON": "{}",
                "version": 1,
                "visState": "{\"aggs\": [], \"type\": \"input_control_vis\", \"title\": \"AWS Account Filter [Metricbeat AWS]\", \"params\": {\"controls\": [{\"indexPatternRefName\": \"control_0_index_pattern\", \"type\": \"list\", \"parent\": \"\", \"options\": {\"dynamicOptions\": true, \"size\": 5, \"multiselect\": true, \"order\": \"desc\", \"type\": \"terms\"}, \"id\": \"1549397251041\", \"fieldName\": \"cloud.account.name\", \"label\": \"account name\"}], \"updateFiltersOnChange\": true, \"pinFilters\": false, \"useTimeFilter\": false}}"
            },
            "id": "deab0260-2981-11e9-86eb-a3a07a77f530",
            "migrationVersion": {
                "visualization": "7.3.0"
            },
            "references": [
                {
                    "id": "metricbeat-*",
                    "name": "control_0_index_pattern",
                    "type": "index-pattern"
                }
            ],
            "type": "visualization",
            "updated_at": "2020-01-09T22:47:51.746Z",
            "version": "WzIzMTUsM10="
        },
        {
            "attributes": {
                "description": "",
                "kibanaSavedObjectMeta": {
                    "searchSourceJSON": "{\"query\": {\"language\": \"kuery\", \"query\": \"\"}, \"filter\": []}"
                },
                "title": "Lambda Top Errors [Metricbeat AWS]",
                "uiStateJSON": "{}",
                "version": 1,
                "visState": "{\"aggs\": [], \"type\": \"metrics\", \"title\": \"Lambda Top Errors [Metricbeat AWS]\", \"params\": {\"axis_formatter\": \"number\", \"id\": \"ca2e4c60-28cd-11ea-822d-3ba2c0089081\", \"isModelInvalid\": false, \"index_pattern\": \"metricbeat-*\", \"gauge_color_rules\": [{\"id\": \"3eabbde0-28d1-11ea-8789-f72e3366fb25\"}], \"time_field\": \"@timestamp\", \"axis_min\": 0, \"axis_position\": \"left\", \"default_timefield\": \"@timestamp\", \"gauge_style\": \"half\", \"default_index_pattern\": \"filebeat-*\", \"bar_color_rules\": [{\"id\": \"f679afa0-28d0-11ea-8789-f72e3366fb25\"}], \"filter\": {\"language\": \"kuery\", \"query\": \"\"}, \"show_legend\": 1, \"background_color_rules\": [{\"id\": \"fbf0eac0-28d0-11ea-8789-f72e3366fb25\"}], \"gauge_inner_width\": 10, \"interval\": \"5m\", \"axis_scale\": \"normal\", \"show_grid\": 1, \"gauge_width\": 10, \"type\": \"timeseries\", \"series\": [{\"terms_field\": \"aws.dimensions.FunctionName\", \"split_color_mode\": \"rainbow\", \"color\": \"#3185FC\", \"filter\": {\"language\": \"kuery\", \"query\": \"\"}, \"line_width\": 2, \"axis_position\": \"right\", \"id\": \"ca2e4c61-28cd-11ea-822d-3ba2c0089081\", \"terms_order_by\": \"ca2e4c62-28cd-11ea-822d-3ba2c0089081\", \"stacked\": \"none\", \"type\": \"timeseries\", \"split_mode\": \"terms\", \"metrics\": [{\"type\": \"max\", \"field\": \"aws.lambda.metrics.Errors.avg\", \"id\": \"ca2e4c62-28cd-11ea-822d-3ba2c0089081\"}], \"separate_axis\": 0, \"point_size\": \"4\", \"value_template\": \"{{value}}\", \"chart_type\": \"line\", \"fill\": 0, \"formatter\": \"number\", \"label\": \"avg(aws.metrics.Duration.avg)\"}]}}"
            },
            "id": "4bf0a740-28d1-11ea-ba6c-49a884eb104f",
            "migrationVersion": {
                "visualization": "7.3.0"
            },
            "references": [],
            "type": "visualization",
            "updated_at": "2020-01-09T22:58:19.013Z",
            "version": "WzI2OTAsM10="
        },
        {
            "attributes": {
                "description": "",
                "kibanaSavedObjectMeta": {
                    "searchSourceJSON": "{\"query\": {\"language\": \"kuery\", \"query\": \"\"}, \"filter\": []}"
                },
                "title": "AWS Region Filter [Metricbeat AWS]",
                "uiStateJSON": "{}",
                "version": 1,
                "visState": "{\"aggs\": [], \"type\": \"input_control_vis\", \"title\": \"AWS Region Filter\", \"params\": {\"controls\": [{\"indexPatternRefName\": \"control_0_index_pattern\", \"type\": \"list\", \"parent\": \"\", \"options\": {\"dynamicOptions\": true, \"size\": 5, \"multiselect\": true, \"order\": \"desc\", \"type\": \"terms\"}, \"id\": \"1549397251041\", \"fieldName\": \"cloud.region\", \"label\": \"region name\"}], \"updateFiltersOnChange\": true, \"pinFilters\": false, \"useTimeFilter\": false}}"
            },
            "id": "b5308940-7347-11e9-816b-07687310a99a",
            "migrationVersion": {
                "visualization": "7.3.0"
            },
            "references": [
                {
                    "id": "metricbeat-*",
                    "name": "control_0_index_pattern",
                    "type": "index-pattern"
                }
            ],
            "type": "visualization",
            "updated_at": "2020-01-09T22:47:51.746Z",
            "version": "WzIzMTIsM10="
        },
        {
            "attributes": {
                "description": "",
                "kibanaSavedObjectMeta": {
                    "searchSourceJSON": "{\"query\": {\"language\": \"kuery\", \"query\": \"\"}, \"filter\": []}"
                },
                "title": "Lambda Duration in Milliseconds [Metricbeat AWS]",
                "uiStateJSON": "{}",
                "version": 1,
                "visState": "{\"aggs\": [], \"type\": \"metrics\", \"title\": \"Lambda Duration in Milliseconds [Metricbeat AWS]\", \"params\": {\"default_index_pattern\": \"filebeat-*\", \"axis_formatter\": \"number\", \"show_legend\": 1, \"filter\": {\"language\": \"kuery\", \"query\": \"\"}, \"isModelInvalid\": false, \"id\": \"ca2e4c60-28cd-11ea-822d-3ba2c0089081\", \"index_pattern\": \"metricbeat-*\", \"time_field\": \"@timestamp\", \"axis_min\": 0, \"axis_scale\": \"normal\", \"axis_position\": \"left\", \"default_timefield\": \"@timestamp\", \"type\": \"timeseries\", \"series\": [{\"terms_field\": \"aws.dimensions.FunctionName\", \"split_color_mode\": \"rainbow\", \"color\": \"#3185FC\", \"filter\": {\"language\": \"kuery\", \"query\": \"\"}, \"line_width\": 2, \"axis_position\": \"right\", \"id\": \"ca2e4c61-28cd-11ea-822d-3ba2c0089081\", \"terms_order_by\": \"ca2e4c62-28cd-11ea-822d-3ba2c0089081\", \"stacked\": \"none\", \"type\": \"timeseries\", \"split_mode\": \"terms\", \"metrics\": [{\"type\": \"avg\", \"field\": \"aws.lambda.metrics.Duration.avg\", \"id\": \"ca2e4c62-28cd-11ea-822d-3ba2c0089081\"}], \"separate_axis\": 0, \"point_size\": \"4\", \"value_template\": \"{{value}}\", \"chart_type\": \"line\", \"fill\": 0, \"formatter\": \"number\", \"label\": \"avg(aws.metrics.Duration.avg)\"}], \"interval\": \"5m\", \"show_grid\": 1}}"
            },
            "id": "39dfc8d0-28cf-11ea-ba6c-49a884eb104f",
            "migrationVersion": {
                "visualization": "7.3.0"
            },
            "references": [],
            "type": "visualization",
            "updated_at": "2020-01-09T23:09:15.122Z",
            "version": "WzI2OTgsM10="
        },
        {
            "attributes": {
                "description": "",
                "kibanaSavedObjectMeta": {
                    "searchSourceJSON": "{\"query\": {\"language\": \"kuery\", \"query\": \"\"}, \"filter\": []}"
                },
                "title": "Lambda Top Invoked Functions [Metricbeat AWS]",
                "uiStateJSON": "{}",
                "version": 1,
                "visState": "{\"aggs\": [], \"type\": \"metrics\", \"title\": \"Lambda Top Invoked Functions [Metricbeat AWS]\", \"params\": {\"default_index_pattern\": \"filebeat-*\", \"bar_color_rules\": [{\"id\": \"f679afa0-28d0-11ea-8789-f72e3366fb25\"}], \"axis_formatter\": \"number\", \"show_legend\": 1, \"filter\": {\"language\": \"kuery\", \"query\": \"\"}, \"isModelInvalid\": false, \"background_color_rules\": [{\"id\": \"fbf0eac0-28d0-11ea-8789-f72e3366fb25\"}], \"id\": \"ca2e4c60-28cd-11ea-822d-3ba2c0089081\", \"index_pattern\": \"metricbeat-*\", \"time_field\": \"@timestamp\", \"axis_min\": 0, \"axis_scale\": \"normal\", \"axis_position\": \"left\", \"default_timefield\": \"@timestamp\", \"type\": \"top_n\", \"series\": [{\"terms_field\": \"aws.dimensions.FunctionName\", \"split_color_mode\": \"rainbow\", \"color\": \"#3185FC\", \"filter\": {\"language\": \"kuery\", \"query\": \"\"}, \"line_width\": 2, \"axis_position\": \"right\", \"id\": \"ca2e4c61-28cd-11ea-822d-3ba2c0089081\", \"terms_order_by\": \"ca2e4c62-28cd-11ea-822d-3ba2c0089081\", \"stacked\": \"none\", \"type\": \"timeseries\", \"split_mode\": \"terms\", \"metrics\": [{\"type\": \"max\", \"field\": \"aws.lambda.metrics.Invocations.avg\", \"id\": \"ca2e4c62-28cd-11ea-822d-3ba2c0089081\"}], \"separate_axis\": 0, \"point_size\": \"4\", \"value_template\": \"{{value}}\", \"chart_type\": \"line\", \"fill\": 0, \"formatter\": \"number\", \"label\": \"avg(aws.metrics.Duration.avg)\"}], \"interval\": \"5m\", \"show_grid\": 1}}"
            },
            "id": "1f3f00c0-28d1-11ea-ba6c-49a884eb104f",
            "migrationVersion": {
                "visualization": "7.3.0"
            },
            "references": [],
            "type": "visualization",
            "updated_at": "2020-01-09T22:59:29.714Z",
            "version": "WzI2OTEsM10="
        },
        {
            "attributes": {
                "description": "",
                "kibanaSavedObjectMeta": {
                    "searchSourceJSON": "{\"query\": {\"language\": \"kuery\", \"query\": \"\"}, \"filter\": []}"
                },
                "title": "Lambda Top Throttles [Metricbeat AWS]",
                "uiStateJSON": "{}",
                "version": 1,
                "visState": "{\"aggs\": [], \"type\": \"metrics\", \"title\": \"Lambda Top Throttles [Metricbeat AWS]\", \"params\": {\"axis_formatter\": \"number\", \"id\": \"ca2e4c60-28cd-11ea-822d-3ba2c0089081\", \"isModelInvalid\": false, \"index_pattern\": \"metricbeat-*\", \"gauge_color_rules\": [{\"id\": \"3eabbde0-28d1-11ea-8789-f72e3366fb25\"}], \"time_field\": \"@timestamp\", \"axis_min\": 0, \"axis_position\": \"left\", \"default_timefield\": \"@timestamp\", \"gauge_style\": \"half\", \"default_index_pattern\": \"filebeat-*\", \"bar_color_rules\": [{\"id\": \"f679afa0-28d0-11ea-8789-f72e3366fb25\"}], \"filter\": {\"language\": \"kuery\", \"query\": \"\"}, \"show_legend\": 1, \"background_color_rules\": [{\"id\": \"fbf0eac0-28d0-11ea-8789-f72e3366fb25\"}], \"gauge_inner_width\": 10, \"interval\": \"5m\", \"axis_scale\": \"normal\", \"show_grid\": 1, \"gauge_width\": 10, \"type\": \"top_n\", \"series\": [{\"terms_field\": \"aws.dimensions.FunctionName\", \"split_color_mode\": \"rainbow\", \"color\": \"#3185FC\", \"filter\": {\"language\": \"kuery\", \"query\": \"\"}, \"line_width\": 2, \"axis_position\": \"right\", \"id\": \"ca2e4c61-28cd-11ea-822d-3ba2c0089081\", \"terms_order_by\": \"ca2e4c62-28cd-11ea-822d-3ba2c0089081\", \"stacked\": \"none\", \"type\": \"timeseries\", \"split_mode\": \"terms\", \"metrics\": [{\"type\": \"max\", \"field\": \"aws.lambda.metrics.Duration.avg\", \"id\": \"ca2e4c62-28cd-11ea-822d-3ba2c0089081\"}], \"separate_axis\": 0, \"point_size\": \"4\", \"value_template\": \"{{value}}\", \"chart_type\": \"line\", \"fill\": 0, \"formatter\": \"number\", \"label\": \"avg(aws.metrics.Duration.avg)\"}]}}"
            },
            "id": "915bcd50-28d1-11ea-ba6c-49a884eb104f",
            "migrationVersion": {
                "visualization": "7.3.0"
            },
            "references": [],
            "type": "visualization",
            "updated_at": "2020-01-09T22:59:58.449Z",
            "version": "WzI2OTIsM10="
        }
    ],
    "version": "7.3.0"
}