{
    "objects": [
        {
            "attributes": {
                "description": "This dashboard shows metrics for the container registry in Azure.",
                "hits": 0,
                "kibanaSavedObjectMeta": {
                    "searchSourceJSON": "{\"query\": {\"language\": \"kuery\", \"query\": \"\"}, \"filter\": []}"
                },
                "optionsJSON": "{\"useMargins\": true, \"hidePanelTitles\": false}",
                "panelsJSON": "[{\"panelRefName\": \"panel_0\", \"gridData\": {\"w\": 9, \"x\": 0, \"y\": 0, \"i\": \"51fee31f-97e1-4f8e-aeb2-daeca1ccf9be\", \"h\": 5}, \"panelIndex\": \"51fee31f-97e1-4f8e-aeb2-daeca1ccf9be\", \"embeddableConfig\": {\"title\": \"\"}, \"version\": \"7.6.0\"}, {\"gridData\": {\"w\": 18, \"x\": 9, \"y\": 0, \"i\": \"dde974c7-6d81-4580-9b7f-c7a999ecc19e\", \"h\": 16}, \"panelIndex\": \"dde974c7-6d81-4580-9b7f-c7a999ecc19e\", \"title\": \"Container Registry Successful Pull Count\", \"embeddableConfig\": {\"title\": \"Container Registry Successful Pull Count\"}, \"panelRefName\": \"panel_1\", \"version\": \"7.6.0\"}, {\"gridData\": {\"w\": 21, \"x\": 27, \"y\": 0, \"i\": \"25a02616-f735-494a-97f7-4a56531e9e5e\", \"h\": 16}, \"panelIndex\": \"25a02616-f735-494a-97f7-4a56531e9e5e\", \"title\": \"Container Registry Successful Push Count\", \"embeddableConfig\": {\"title\": \"Container Registry Successful Push Count\"}, \"panelRefName\": \"panel_2\", \"version\": \"7.6.0\"}, {\"gridData\": {\"w\": 9, \"x\": 0, \"y\": 5, \"i\": \"ec183a66-545b-4a67-bfb4-568def660612\", \"h\": 11}, \"panelIndex\": \"ec183a66-545b-4a67-bfb4-568def660612\", \"title\": \"Containers Filters\", \"embeddableConfig\": {\"title\": \"Containers Filters\"}, \"panelRefName\": \"panel_3\", \"version\": \"7.6.0\"}, {\"gridData\": {\"w\": 24, \"x\": 0, \"y\": 16, \"i\": \"7f508c43-afd7-4874-86ef-c6976700759b\", \"h\": 15}, \"panelIndex\": \"7f508c43-afd7-4874-86ef-c6976700759b\", \"title\": \"Container Registry Total Pull Count\", \"embeddableConfig\": {\"title\": \"Container Registry Total Pull Count\"}, \"panelRefName\": \"panel_4\", \"version\": \"7.6.0\"}, {\"gridData\": {\"w\": 24, \"x\": 24, \"y\": 16, \"i\": \"97a048da-9b56-420b-af8c-1f0d568f0f94\", \"h\": 15}, \"panelIndex\": \"97a048da-9b56-420b-af8c-1f0d568f0f94\", \"title\": \"Container Registry Total Push Count\", \"embeddableConfig\": {\"title\": \"Container Registry Total Push Count\"}, \"panelRefName\": \"panel_5\", \"version\": \"7.6.0\"}]",
                "timeRestore": false,
                "title": "[Metricbeat Azure] Container Registry Overview",
                "version": 1
            },
            "id": "6f2393f0-6d08-11ea-8fe8-71add5fd7c38",
            "migrationVersion": {
                "dashboard": "7.3.0"
            },
            "references": [
                {
                    "id": "1e70dc50-6d22-11ea-8fe8-71add5fd7c38",
                    "name": "panel_0",
                    "type": "visualization"
                },
                {
                    "id": "7972b260-6d07-11ea-8fe8-71add5fd7c38",
                    "name": "panel_1",
                    "type": "visualization"
                },
                {
                    "id": "b88b7f90-6d07-11ea-8fe8-71add5fd7c38",
                    "name": "panel_2",
                    "type": "visualization"
                },
                {
                    "id": "0fa31060-6aae-11ea-af5c-73e8f396b3e9",
                    "name": "panel_3",
                    "type": "visualization"
                },
                {
                    "id": "ff303710-6d07-11ea-8fe8-71add5fd7c38",
                    "name": "panel_4",
                    "type": "visualization"
                },
                {
                    "id": "ddea7430-6d07-11ea-8fe8-71add5fd7c38",
                    "name": "panel_5",
                    "type": "visualization"
                }
            ],
            "type": "dashboard",
            "updated_at": "2020-03-24T13:49:52.134Z",
            "version": "WzY1NDUsN10="
        },
        {
            "attributes": {
                "description": "",
                "kibanaSavedObjectMeta": {
                    "searchSourceJSON": "{}"
                },
                "title": "Navigation Container Registry Overview [Metricbeat Azure]",
                "uiStateJSON": "{}",
                "version": 1,
                "visState": "{\"aggs\": [], \"type\": \"markdown\", \"title\": \"Navigation Container Registry Overview [Metricbeat Azure]\", \"params\": {\"markdown\": \"### Azure Containers\\n\\n[Instances](#/dashboard/9c11ac60-6cf6-11ea-8fe8-71add5fd7c38) |\\n[**Registries**](#/dashboard/6f2393f0-6d08-11ea-8fe8-71add5fd7c38) |\\n[Services](#/dashboard/dae20ed0-6d0a-11ea-8fe8-71add5fd7c38) \", \"openLinksInNewTab\": false, \"fontSize\": 12}}"
            },
            "id": "1e70dc50-6d22-11ea-8fe8-71add5fd7c38",
            "migrationVersion": {
                "visualization": "7.4.2"
            },
            "references": [],
            "type": "visualization",
            "updated_at": "2020-03-23T18:59:05.580Z",
            "version": "WzY0MjksNV0="
        },
        {
            "attributes": {
                "description": "",
                "kibanaSavedObjectMeta": {
                    "searchSourceJSON": "{}"
                },
                "title": "Container Registry Successful Pull Count [Metricbeat Azure]",
                "uiStateJSON": "{}",
                "version": 1,
                "visState": "{\"aggs\": [], \"type\": \"metrics\", \"title\": \"Container Registry Successful Pull Count [Metricbeat Azure]\", \"params\": {\"default_index_pattern\": \"filebeat-*\", \"axis_formatter\": \"number\", \"show_legend\": 1, \"filter\": {\"language\": \"kuery\", \"query\": \"azure.resource.type : \\\"Microsoft.ContainerRegistry/registries\\\" \"}, \"isModelInvalid\": false, \"id\": \"61ca57f0-469d-11e7-af02-69e470af7417\", \"index_pattern\": \"metricbeat-*\", \"time_field\": \"@timestamp\", \"interval\": \">=5m\", \"axis_scale\": \"normal\", \"axis_position\": \"left\", \"default_timefield\": \"@timestamp\", \"type\": \"timeseries\", \"series\": [{\"terms_field\": \"azure.resource.name\", \"color\": \"rgba(188,74,0,1)\", \"line_width\": \"02\", \"axis_position\": \"right\", \"id\": \"61ca57f1-469d-11e7-af02-69e470af7417\", \"stacked\": \"none\", \"type\": \"timeseries\", \"split_mode\": \"terms\", \"metrics\": [{\"type\": \"avg\", \"field\": \"azure.container_registry.successful_pull_count.avg\", \"id\": \"61ca57f2-469d-11e7-af02-69e470af7417\"}], \"separate_axis\": 0, \"point_size\": \"\", \"chart_type\": \"line\", \"fill\": \"0\", \"formatter\": \"number\", \"label\": \"Container Registry Successful Pull Count\"}], \"show_grid\": 1}}"
            },
            "id": "7972b260-6d07-11ea-8fe8-71add5fd7c38",
            "migrationVersion": {
                "visualization": "7.4.2"
            },
            "references": [],
            "type": "visualization",
            "updated_at": "2020-03-23T16:26:30.797Z",
            "version": "WzYzMTEsNV0="
        },
        {
            "attributes": {
                "description": "",
                "kibanaSavedObjectMeta": {
                    "searchSourceJSON": "{}"
                },
                "title": "Container Registry Successful Push Count [Metricbeat Azure]",
                "uiStateJSON": "{}",
                "version": 1,
                "visState": "{\"aggs\": [], \"type\": \"metrics\", \"title\": \"Container Registry Successful Push Count [Metricbeat Azure]\", \"params\": {\"default_index_pattern\": \"filebeat-*\", \"axis_formatter\": \"number\", \"show_legend\": 1, \"filter\": {\"language\": \"kuery\", \"query\": \"azure.resource.type : \\\"Microsoft.ContainerRegistry/registries\\\" \"}, \"isModelInvalid\": false, \"id\": \"61ca57f0-469d-11e7-af02-69e470af7417\", \"index_pattern\": \"metricbeat-*\", \"time_field\": \"@timestamp\", \"interval\": \">=5m\", \"axis_scale\": \"normal\", \"axis_position\": \"left\", \"default_timefield\": \"@timestamp\", \"type\": \"timeseries\", \"series\": [{\"terms_field\": \"azure.resource.name\", \"color\": \"rgba(128,137,0,1)\", \"line_width\": \"02\", \"axis_position\": \"right\", \"id\": \"61ca57f1-469d-11e7-af02-69e470af7417\", \"stacked\": \"none\", \"type\": \"timeseries\", \"split_mode\": \"terms\", \"metrics\": [{\"type\": \"avg\", \"field\": \"azure.container_registry.successful_push_count.avg\", \"id\": \"61ca57f2-469d-11e7-af02-69e470af7417\"}], \"separate_axis\": 0, \"point_size\": \"\", \"chart_type\": \"line\", \"fill\": \"0\", \"formatter\": \"number\", \"label\": \"Container Registry Successful Push Count\"}], \"show_grid\": 1}}"
            },
            "id": "b88b7f90-6d07-11ea-8fe8-71add5fd7c38",
            "migrationVersion": {
                "visualization": "7.4.2"
            },
            "references": [],
            "type": "visualization",
            "updated_at": "2020-03-23T16:27:11.947Z",
            "version": "WzYzMTgsNV0="
        },
        {
            "attributes": {
                "description": "",
                "kibanaSavedObjectMeta": {
                    "searchSourceJSON": "{}"
                },
                "title": "Containers Filters [Metricbeat Azure]",
                "uiStateJSON": "{}",
                "version": 1,
                "visState": "{\"aggs\": [], \"type\": \"input_control_vis\", \"title\": \"Containers Filters [Metricbeat Azure]\", \"params\": {\"controls\": [{\"indexPatternRefName\": \"control_0_index_pattern\", \"type\": \"list\", \"parent\": \"\", \"options\": {\"dynamicOptions\": true, \"size\": 5, \"multiselect\": false, \"order\": \"desc\", \"type\": \"terms\"}, \"id\": \"1584710440054\", \"fieldName\": \"azure.subscription_id\", \"label\": \"Subscription\"}, {\"indexPatternRefName\": \"control_1_index_pattern\", \"type\": \"list\", \"parent\": \"\", \"options\": {\"dynamicOptions\": true, \"size\": 5, \"multiselect\": false, \"order\": \"desc\", \"type\": \"terms\"}, \"id\": \"1584710497045\", \"fieldName\": \"azure.resource.group\", \"label\": \"Resource Group\"}, {\"indexPatternRefName\": \"control_2_index_pattern\", \"type\": \"list\", \"parent\": \"\", \"options\": {\"dynamicOptions\": true, \"size\": 5, \"multiselect\": false, \"order\": \"desc\", \"type\": \"terms\"}, \"id\": \"1584710535722\", \"fieldName\": \"azure.resource.name\", \"label\": \"Resource\"}], \"updateFiltersOnChange\": true, \"pinFilters\": false, \"useTimeFilter\": false}}"
            },
            "id": "0fa31060-6aae-11ea-af5c-73e8f396b3e9",
            "migrationVersion": {
                "visualization": "7.4.2"
            },
            "references": [
                {
                    "id": "metricbeat-*",
                    "name": "control_0_index_pattern",
                    "type": "index-pattern"
                },
                {
                    "id": "metricbeat-*",
                    "name": "control_1_index_pattern",
                    "type": "index-pattern"
                },
                {
                    "id": "metricbeat-*",
                    "name": "control_2_index_pattern",
                    "type": "index-pattern"
                }
            ],
            "type": "visualization",
            "updated_at": "2020-03-23T18:32:43.461Z",
            "version": "WzY0MDAsNV0="
        },
        {
            "attributes": {
                "description": "",
                "kibanaSavedObjectMeta": {
                    "searchSourceJSON": "{}"
                },
                "title": "Container Registry Total Pull Count [Metricbeat Azure]",
                "uiStateJSON": "{}",
                "version": 1,
                "visState": "{\"aggs\": [], \"type\": \"metrics\", \"title\": \"Container Registry Total Pull Count [Metricbeat Azure]\", \"params\": {\"default_index_pattern\": \"filebeat-*\", \"axis_formatter\": \"number\", \"show_legend\": 1, \"filter\": {\"language\": \"kuery\", \"query\": \"azure.resource.type : \\\"Microsoft.ContainerRegistry/registries\\\" \"}, \"isModelInvalid\": false, \"id\": \"61ca57f0-469d-11e7-af02-69e470af7417\", \"index_pattern\": \"metricbeat-*\", \"time_field\": \"@timestamp\", \"interval\": \">=5m\", \"axis_scale\": \"normal\", \"axis_position\": \"left\", \"default_timefield\": \"@timestamp\", \"type\": \"timeseries\", \"series\": [{\"terms_field\": \"azure.resource.name\", \"color\": \"rgba(254,146,0,1)\", \"line_width\": \"02\", \"axis_position\": \"right\", \"id\": \"61ca57f1-469d-11e7-af02-69e470af7417\", \"stacked\": \"none\", \"type\": \"timeseries\", \"split_mode\": \"terms\", \"metrics\": [{\"type\": \"avg\", \"field\": \"azure.container_registry.total_pull_count.avg\", \"id\": \"61ca57f2-469d-11e7-af02-69e470af7417\"}], \"separate_axis\": 0, \"point_size\": \"\", \"chart_type\": \"line\", \"fill\": \"0\", \"formatter\": \"number\", \"label\": \"Container Registry Total Pull Count\"}], \"show_grid\": 1}}"
            },
            "id": "ff303710-6d07-11ea-8fe8-71add5fd7c38",
            "migrationVersion": {
                "visualization": "7.4.2"
            },
            "references": [],
            "type": "visualization",
            "updated_at": "2020-03-23T13:13:17.642Z",
            "version": "WzYwNDQsNV0="
        },
        {
            "attributes": {
                "description": "",
                "kibanaSavedObjectMeta": {
                    "searchSourceJSON": "{}"
                },
                "title": "Container Registry Total Push Count [Metricbeat Azure]",
                "uiStateJSON": "{}",
                "version": 1,
                "visState": "{\"aggs\": [], \"type\": \"metrics\", \"title\": \"Container Registry Total Push Count [Metricbeat Azure]\", \"params\": {\"default_index_pattern\": \"filebeat-*\", \"axis_formatter\": \"number\", \"show_legend\": 1, \"filter\": {\"language\": \"kuery\", \"query\": \"azure.resource.type : \\\"Microsoft.ContainerRegistry/registries\\\" \"}, \"isModelInvalid\": false, \"id\": \"61ca57f0-469d-11e7-af02-69e470af7417\", \"index_pattern\": \"metricbeat-*\", \"time_field\": \"@timestamp\", \"interval\": \">=5m\", \"axis_scale\": \"normal\", \"axis_position\": \"left\", \"default_timefield\": \"@timestamp\", \"type\": \"timeseries\", \"series\": [{\"terms_field\": \"azure.resource.name\", \"color\": \"rgba(252,196,0,1)\", \"line_width\": \"02\", \"axis_position\": \"right\", \"id\": \"61ca57f1-469d-11e7-af02-69e470af7417\", \"stacked\": \"none\", \"type\": \"timeseries\", \"split_mode\": \"terms\", \"metrics\": [{\"type\": \"avg\", \"field\": \"azure.container_registry.total_push_count.avg\", \"id\": \"61ca57f2-469d-11e7-af02-69e470af7417\"}], \"separate_axis\": 0, \"point_size\": \"\", \"chart_type\": \"line\", \"fill\": \"0\", \"formatter\": \"number\", \"label\": \"Container Registry Total Push Count\"}], \"show_grid\": 1}}"
            },
            "id": "ddea7430-6d07-11ea-8fe8-71add5fd7c38",
            "migrationVersion": {
                "visualization": "7.4.2"
            },
            "references": [],
            "type": "visualization",
            "updated_at": "2020-03-23T13:12:37.912Z",
            "version": "WzYwMzYsNV0="
        }
    ],
    "version": "7.6.0"
}