{
    "objects": [
        {
            "attributes": {
                "description": "This PostgreSQL dashboard shows the most important database related metrics.\n\n",
                "hits": 0,
                "kibanaSavedObjectMeta": {
                    "searchSourceJSON": "{\"query\": {\"language\": \"kuery\", \"query\": \"\"}, \"filter\": []}"
                },
                "optionsJSON": "{\"useMargins\": true, \"hidePanelTitles\": false}",
                "panelsJSON": "[{\"gridData\": {\"w\": 24, \"x\": 0, \"y\": 6, \"i\": \"1\", \"h\": 13}, \"panelIndex\": \"1\", \"title\": \"Query Latency\", \"embeddableConfig\": {\"title\": \"Query Latency\"}, \"panelRefName\": \"panel_0\", \"version\": \"7.3.1\"}, {\"gridData\": {\"w\": 24, \"x\": 24, \"y\": 0, \"i\": \"2\", \"h\": 12}, \"panelIndex\": \"2\", \"title\": \"Database Transactions\", \"embeddableConfig\": {\"title\": \"Database Transactions\"}, \"panelRefName\": \"panel_1\", \"version\": \"7.3.1\"}, {\"gridData\": {\"w\": 24, \"x\": 0, \"y\": 19, \"i\": \"3\", \"h\": 10}, \"panelIndex\": \"3\", \"title\": \"Fileblock IO\", \"embeddableConfig\": {\"title\": \"Fileblock IO\"}, \"panelRefName\": \"panel_2\", \"version\": \"7.3.1\"}, {\"gridData\": {\"w\": 14, \"x\": 10, \"y\": 0, \"i\": \"4\", \"h\": 6}, \"panelIndex\": \"4\", \"title\": \"Rows Fetched/Returned\", \"embeddableConfig\": {\"title\": \"Rows Fetched/Returned\"}, \"panelRefName\": \"panel_3\", \"version\": \"7.3.1\"}, {\"gridData\": {\"w\": 24, \"x\": 24, \"y\": 22, \"i\": \"5\", \"h\": 9}, \"panelIndex\": \"5\", \"title\": \"Rows Inserted/Deleted/Updated\", \"embeddableConfig\": {\"title\": \"Rows Inserted/Deleted/Updated\"}, \"panelRefName\": \"panel_4\", \"version\": \"7.3.1\"}, {\"gridData\": {\"w\": 24, \"x\": 0, \"y\": 29, \"i\": \"6\", \"h\": 11}, \"panelIndex\": \"6\", \"title\": \"Conflict/Deadlock Rates\", \"embeddableConfig\": {\"title\": \"Conflict/Deadlock Rates\"}, \"panelRefName\": \"panel_5\", \"version\": \"7.3.1\"}, {\"gridData\": {\"w\": 10, \"x\": 0, \"y\": 0, \"i\": \"7\", \"h\": 6}, \"panelIndex\": \"7\", \"title\": \"Database Filter\", \"embeddableConfig\": {\"title\": \"Database Filter\"}, \"panelRefName\": \"panel_6\", \"version\": \"7.3.1\"}, {\"gridData\": {\"w\": 24, \"x\": 24, \"y\": 12, \"i\": \"8\", \"h\": 10}, \"panelIndex\": \"8\", \"title\": \"Top Queries\", \"embeddableConfig\": {\"title\": \"Top Queries\"}, \"panelRefName\": \"panel_7\", \"version\": \"7.3.1\"}, {\"gridData\": {\"w\": 12, \"x\": 24, \"y\": 31, \"i\": \"9\", \"h\": 9}, \"panelIndex\": \"9\", \"title\": \"Local block cache stats\", \"embeddableConfig\": {\"title\": \"Local block cache stats\"}, \"panelRefName\": \"panel_8\", \"version\": \"7.3.1\"}, {\"gridData\": {\"w\": 12, \"x\": 36, \"y\": 31, \"i\": \"10\", \"h\": 9}, \"panelIndex\": \"10\", \"title\": \"Shared block cache stats\", \"embeddableConfig\": {\"title\": \"Shared block cache stats\"}, \"panelRefName\": \"panel_9\", \"version\": \"7.3.1\"}]",
                "timeRestore": false,
                "title": "[Metricbeat PostgreSQL] Database Overview",
                "version": 1
            },
            "id": "4288b790-b79f-11e9-a579-f5c0a5d81340",
            "migrationVersion": {
                "dashboard": "7.3.0"
            },
            "references": [
                {
                    "id": "fbfa67e0-b796-11e9-a579-f5c0a5d81340",
                    "name": "panel_0",
                    "type": "visualization"
                },
                {
                    "id": "d733c630-b797-11e9-a579-f5c0a5d81340",
                    "name": "panel_1",
                    "type": "visualization"
                },
                {
                    "id": "570973a0-b798-11e9-a579-f5c0a5d81340",
                    "name": "panel_2",
                    "type": "visualization"
                },
                {
                    "id": "66d67200-b799-11e9-a579-f5c0a5d81340",
                    "name": "panel_3",
                    "type": "visualization"
                },
                {
                    "id": "20931ef0-b79a-11e9-a579-f5c0a5d81340",
                    "name": "panel_4",
                    "type": "visualization"
                },
                {
                    "id": "960ecdf0-b79a-11e9-a579-f5c0a5d81340",
                    "name": "panel_5",
                    "type": "visualization"
                },
                {
                    "id": "98e6b0a0-b79b-11e9-a579-f5c0a5d81340",
                    "name": "panel_6",
                    "type": "visualization"
                },
                {
                    "id": "147875b0-b903-11e9-a579-f5c0a5d81340",
                    "name": "panel_7",
                    "type": "visualization"
                },
                {
                    "id": "0cb65170-b909-11e9-a579-f5c0a5d81340",
                    "name": "panel_8",
                    "type": "visualization"
                },
                {
                    "id": "e2b28ce0-b908-11e9-a579-f5c0a5d81340",
                    "name": "panel_9",
                    "type": "visualization"
                }
            ],
            "type": "dashboard",
            "updated_at": "2020-02-06T12:05:20.696Z",
            "version": "WzQzNTYsMV0="
        },
        {
            "attributes": {
                "description": "",
                "kibanaSavedObjectMeta": {
                    "searchSourceJSON": "{\"query\": {\"language\": \"kuery\", \"query\": \"\"}, \"filter\": []}"
                },
                "title": "Query Latency [Metricbeat PostgreSQL] ECS",
                "uiStateJSON": "{}",
                "version": 1,
                "visState": "{\"aggs\": [], \"type\": \"metrics\", \"title\": \"Query Latency [Metricbeat PostgreSQL] ECS\", \"params\": {\"default_index_pattern\": \"metricbeat-*\", \"axis_formatter\": \"number\", \"show_legend\": 1, \"filter\": {\"language\": \"kuery\", \"query\": \"\"}, \"isModelInvalid\": false, \"id\": \"919c5570-b796-11e9-8ed3-ef1959e6b366\", \"index_pattern\": \"metricbeat-*\", \"time_field\": \"@timestamp\", \"interval\": \"auto\", \"axis_scale\": \"normal\", \"axis_position\": \"left\", \"default_timefield\": \"@timestamp\", \"type\": \"timeseries\", \"series\": [{\"terms_field\": \"postgresql.statement.query.text\", \"split_color_mode\": \"rainbow\", \"color\": \"rgba(0,156,224,1)\", \"filter\": {\"language\": \"kuery\", \"query\": \"not postgresql.statement.query.text : (\\\"BEGIN;\\\" or \\\"begin\\\" or \\\"commit\\\" or \\\"end\\\" or \\\"END;\\\" or \\\"SELECT * FROM pg_stat_statements\\\" or \\\"SELECT * FROM pg_stat_database\\\" or \\\"SELECT * FROM pg_stat_bgwriter\\\" or \\\"SELECT * FROM pg_stat_activity\\\")\"}, \"line_width\": 2, \"axis_position\": \"right\", \"id\": \"919c5571-b796-11e9-8ed3-ef1959e6b366\", \"terms_order_by\": \"919c7c80-b796-11e9-8ed3-ef1959e6b366\", \"stacked\": \"none\", \"terms_size\": \"10\", \"type\": \"timeseries\", \"split_mode\": \"terms\", \"metrics\": [{\"type\": \"max\", \"field\": \"postgresql.statement.query.time.total.ms\", \"id\": \"919c7c80-b796-11e9-8ed3-ef1959e6b366\"}, {\"unit\": \"1s\", \"type\": \"derivative\", \"field\": \"919c7c80-b796-11e9-8ed3-ef1959e6b366\", \"id\": \"9e553c60-b79f-11e9-9029-a9d302b79ec2\"}, {\"unit\": \"\", \"type\": \"positive_only\", \"field\": \"9e553c60-b79f-11e9-9029-a9d302b79ec2\", \"id\": \"a58b6590-b79f-11e9-9029-a9d302b79ec2\"}], \"separate_axis\": 0, \"point_size\": 0, \"value_template\": \"{{value}}\", \"chart_type\": \"line\", \"fill\": \"0.1\", \"formatter\": \"number\", \"label\": \"Query Latency\"}], \"show_grid\": 1}}"
            },
            "id": "fbfa67e0-b796-11e9-a579-f5c0a5d81340",
            "migrationVersion": {
                "visualization": "7.4.2"
            },
            "references": [],
            "type": "visualization",
            "updated_at": "2020-02-06T11:59:01.903Z",
            "version": "WzQzNTAsMV0="
        },
        {
            "attributes": {
                "description": "",
                "kibanaSavedObjectMeta": {
                    "searchSourceJSON": "{\"query\": {\"language\": \"kuery\", \"query\": \"\"}, \"filter\": []}"
                },
                "title": "Database Transactions [Metricbeat PostgreSQL] ECS",
                "uiStateJSON": "{}",
                "version": 1,
                "visState": "{\"aggs\": [], \"type\": \"metrics\", \"title\": \"Database Transactions [Metricbeat PostgreSQL] ECS\", \"params\": {\"default_index_pattern\": \"metricbeat-*\", \"axis_formatter\": \"number\", \"show_legend\": 1, \"filter\": {\"language\": \"kuery\", \"query\": \"\"}, \"isModelInvalid\": false, \"id\": \"7af01590-b797-11e9-8816-2992f1df7a62\", \"index_pattern\": \"metricbeat-*\", \"time_field\": \"@timestamp\", \"interval\": \"auto\", \"axis_scale\": \"normal\", \"axis_position\": \"left\", \"default_timefield\": \"@timestamp\", \"type\": \"timeseries\", \"series\": [{\"color\": \"rgba(104,188,0,1)\", \"line_width\": 2, \"axis_position\": \"right\", \"id\": \"7af01591-b797-11e9-8816-2992f1df7a62\", \"stacked\": \"none\", \"type\": \"timeseries\", \"split_mode\": \"everything\", \"metrics\": [{\"type\": \"max\", \"field\": \"postgresql.database.transactions.commit\", \"id\": \"7af01592-b797-11e9-8816-2992f1df7a62\"}, {\"unit\": \"1s\", \"type\": \"derivative\", \"field\": \"7af01592-b797-11e9-8816-2992f1df7a62\", \"id\": \"7af01594-b797-11e9-8816-2992f1df7a62\"}, {\"type\": \"positive_only\", \"field\": \"7af01594-b797-11e9-8816-2992f1df7a62\", \"id\": \"7af01593-b797-11e9-8816-2992f1df7a62\"}], \"separate_axis\": 0, \"point_size\": 0, \"value_template\": \"{{value}}\", \"chart_type\": \"line\", \"fill\": 0, \"formatter\": \"number\", \"label\": \"committed\"}, {\"color\": \"rgba(254,146,0,1)\", \"line_width\": 2, \"axis_position\": \"right\", \"id\": \"7af01595-b797-11e9-8816-2992f1df7a62\", \"stacked\": \"none\", \"type\": \"timeseries\", \"split_mode\": \"everything\", \"metrics\": [{\"type\": \"max\", \"field\": \"postgresql.database.transactions.rollback\", \"id\": \"7af01596-b797-11e9-8816-2992f1df7a62\"}, {\"unit\": \"1s\", \"type\": \"derivative\", \"field\": \"7af01596-b797-11e9-8816-2992f1df7a62\", \"id\": \"7af01598-b797-11e9-8816-2992f1df7a62\"}, {\"type\": \"positive_only\", \"field\": \"7af01598-b797-11e9-8816-2992f1df7a62\", \"id\": \"7af01597-b797-11e9-8816-2992f1df7a62\"}], \"separate_axis\": 0, \"point_size\": 0, \"value_template\": \"{{value}}\", \"chart_type\": \"line\", \"fill\": 0, \"formatter\": \"number\", \"label\": \"rolled back\"}], \"show_grid\": 1}}"
            },
            "id": "d733c630-b797-11e9-a579-f5c0a5d81340",
            "migrationVersion": {
                "visualization": "7.4.2"
            },
            "references": [],
            "type": "visualization",
            "updated_at": "2020-02-05T15:49:18.236Z",
            "version": "WzQzMTIsMV0="
        },
        {
            "attributes": {
                "description": "",
                "kibanaSavedObjectMeta": {
                    "searchSourceJSON": "{\"query\": {\"language\": \"kuery\", \"query\": \"\"}, \"filter\": []}"
                },
                "title": "Fileblock IO Rate [Metricbeat PostgreSQL] ECS",
                "uiStateJSON": "{}",
                "version": 1,
                "visState": "{\"aggs\": [], \"type\": \"metrics\", \"title\": \"Fileblock IO Rate [Metricbeat PostgreSQL] ECS\", \"params\": {\"default_index_pattern\": \"metricbeat-*\", \"axis_formatter\": \"number\", \"show_legend\": 1, \"filter\": {\"language\": \"kuery\", \"query\": \"\"}, \"isModelInvalid\": false, \"id\": \"fbc27280-b797-11e9-b46b-4f80f005c4a5\", \"index_pattern\": \"metricbeat-*\", \"time_field\": \"@timestamp\", \"interval\": \"auto\", \"axis_scale\": \"normal\", \"axis_position\": \"left\", \"default_timefield\": \"@timestamp\", \"type\": \"timeseries\", \"series\": [{\"color\": \"rgba(252,196,0,1)\", \"line_width\": 2, \"axis_position\": \"right\", \"id\": \"fbc27281-b797-11e9-b46b-4f80f005c4a5\", \"stacked\": \"none\", \"type\": \"timeseries\", \"split_mode\": \"everything\", \"metrics\": [{\"type\": \"max\", \"field\": \"postgresql.database.blocks.time.read.ms\", \"id\": \"fbc27282-b797-11e9-b46b-4f80f005c4a5\"}, {\"unit\": \"1s\", \"type\": \"derivative\", \"field\": \"fbc27282-b797-11e9-b46b-4f80f005c4a5\", \"id\": \"fbc27284-b797-11e9-b46b-4f80f005c4a5\"}, {\"type\": \"positive_only\", \"field\": \"fbc27284-b797-11e9-b46b-4f80f005c4a5\", \"id\": \"fbc27283-b797-11e9-b46b-4f80f005c4a5\"}], \"separate_axis\": 0, \"point_size\": 0, \"value_template\": \"{{value}} ms\", \"chart_type\": \"line\", \"fill\": 0, \"formatter\": \"number\", \"label\": \"read\"}, {\"color\": \"rgba(123,100,255,1)\", \"line_width\": 2, \"axis_position\": \"right\", \"id\": \"fbc27285-b797-11e9-b46b-4f80f005c4a5\", \"stacked\": \"none\", \"type\": \"timeseries\", \"split_mode\": \"everything\", \"metrics\": [{\"type\": \"max\", \"field\": \"postgresql.database.blocks.time.write.ms\", \"id\": \"fbc27286-b797-11e9-b46b-4f80f005c4a5\"}, {\"unit\": \"1s\", \"type\": \"derivative\", \"field\": \"fbc27286-b797-11e9-b46b-4f80f005c4a5\", \"id\": \"fbc27288-b797-11e9-b46b-4f80f005c4a5\"}, {\"type\": \"positive_only\", \"field\": \"fbc27288-b797-11e9-b46b-4f80f005c4a5\", \"id\": \"fbc27287-b797-11e9-b46b-4f80f005c4a5\"}], \"separate_axis\": 0, \"point_size\": 0, \"value_template\": \"{{value}} ms\", \"chart_type\": \"line\", \"fill\": 0, \"formatter\": \"number\", \"label\": \"write\"}], \"show_grid\": 1}}"
            },
            "id": "570973a0-b798-11e9-a579-f5c0a5d81340",
            "migrationVersion": {
                "visualization": "7.4.2"
            },
            "references": [],
            "type": "visualization",
            "updated_at": "2020-02-05T19:01:54.390Z",
            "version": "WzQzMjQsMV0="
        },
        {
            "attributes": {
                "description": "",
                "kibanaSavedObjectMeta": {
                    "searchSourceJSON": "{\"query\": {\"language\": \"kuery\", \"query\": \"\"}, \"filter\": []}"
                },
                "title": "Rows Fetched/Returned [Metricbeat PostgreSQL] ECS",
                "uiStateJSON": "{}",
                "version": 1,
                "visState": "{\"aggs\": [], \"type\": \"metrics\", \"title\": \"Rows Fetched/Returned [Metricbeat PostgreSQL] ECS\", \"params\": {\"default_index_pattern\": \"metricbeat-*\", \"bar_color_rules\": [{\"id\": \"cc80b5d0-b798-11e9-af2f-3be5a91b64a6\"}], \"axis_formatter\": \"number\", \"show_legend\": 1, \"series\": [{\"color\": \"rgba(164,221,0,1)\", \"filter\": {\"language\": \"kuery\", \"query\": \"\"}, \"line_width\": 2, \"axis_position\": \"right\", \"id\": \"a6981ed1-b798-11e9-a598-8baa89257193\", \"stacked\": \"none\", \"type\": \"timeseries\", \"split_mode\": \"everything\", \"metrics\": [{\"type\": \"max\", \"field\": \"postgresql.database.rows.returned\", \"id\": \"a6981ed2-b798-11e9-a598-8baa89257193\", \"percentiles\": [{\"shade\": 0.2, \"id\": \"b507cc90-b798-11e9-af2f-3be5a91b64a6\", \"value\": 50, \"mode\": \"line\"}]}, {\"unit\": \"1\", \"type\": \"derivative\", \"field\": \"a6981ed2-b798-11e9-a598-8baa89257193\", \"id\": \"ed6f33d0-b8ff-11e9-8645-31d6a6d28728\"}, {\"unit\": \"\", \"type\": \"positive_only\", \"field\": \"ed6f33d0-b8ff-11e9-8645-31d6a6d28728\", \"id\": \"f58b9e50-b8ff-11e9-8645-31d6a6d28728\"}], \"separate_axis\": 0, \"point_size\": 0, \"value_template\": \"{{value}}\", \"chart_type\": \"line\", \"fill\": 0, \"formatter\": \"'0.0 a'\", \"label\": \"Rows Returned\"}, {\"color\": \"rgba(0,156,224,1)\", \"line_width\": 2, \"axis_position\": \"right\", \"id\": \"a6981ed3-b798-11e9-a598-8baa89257193\", \"stacked\": \"none\", \"type\": \"timeseries\", \"split_mode\": \"everything\", \"metrics\": [{\"type\": \"max\", \"field\": \"postgresql.database.rows.fetched\", \"id\": \"a6981ed4-b798-11e9-a598-8baa89257193\"}, {\"unit\": \"1s\", \"type\": \"derivative\", \"field\": \"a6981ed4-b798-11e9-a598-8baa89257193\", \"id\": \"064737e0-b900-11e9-8645-31d6a6d28728\"}, {\"unit\": \"\", \"type\": \"positive_only\", \"field\": \"064737e0-b900-11e9-8645-31d6a6d28728\", \"id\": \"0fea1b50-b900-11e9-8645-31d6a6d28728\"}], \"separate_axis\": 0, \"point_size\": 0, \"value_template\": \"{{value}}\", \"chart_type\": \"line\", \"fill\": 0, \"formatter\": \"number\", \"label\": \"Rows Fetched\"}], \"filter\": {\"language\": \"kuery\", \"query\": \"\"}, \"isModelInvalid\": false, \"index_pattern\": \"metricbeat-*\", \"id\": \"a6981ed0-b798-11e9-a598-8baa89257193\", \"background_color_rules\": [{\"id\": \"bec42b70-b798-11e9-af2f-3be5a91b64a6\"}], \"gauge_color_rules\": [{\"id\": \"ada89790-b798-11e9-af2f-3be5a91b64a6\"}], \"gauge_inner_width\": 10, \"gauge_width\": 10, \"interval\": \"auto\", \"axis_scale\": \"normal\", \"axis_position\": \"left\", \"time_field\": \"@timestamp\", \"default_timefield\": \"@timestamp\", \"type\": \"timeseries\", \"gauge_style\": \"half\", \"show_grid\": 1}}"
            },
            "id": "66d67200-b799-11e9-a579-f5c0a5d81340",
            "migrationVersion": {
                "visualization": "7.4.2"
            },
            "references": [],
            "type": "visualization",
            "updated_at": "2020-02-06T11:56:03.315Z",
            "version": "WzQzNDYsMV0="
        },
        {
            "attributes": {
                "description": "",
                "kibanaSavedObjectMeta": {
                    "searchSourceJSON": "{\"query\": {\"language\": \"kuery\", \"query\": \"\"}, \"filter\": []}"
                },
                "title": "Rows Inserted/Deleted/Updated [Metricbeat PostgreSQL] ECS",
                "uiStateJSON": "{}",
                "version": 1,
                "visState": "{\"aggs\": [], \"type\": \"metrics\", \"title\": \"Rows Inserted/Deleted/Updated [Metricbeat PostgreSQL] ECS\", \"params\": {\"default_index_pattern\": \"metricbeat-*\", \"axis_formatter\": \"number\", \"show_legend\": 1, \"filter\": {\"language\": \"kuery\", \"query\": \"\"}, \"isModelInvalid\": false, \"id\": \"fc474800-b799-11e9-bfa6-bd2fe13c0445\", \"index_pattern\": \"metricbeat-*\", \"time_field\": \"@timestamp\", \"interval\": \"auto\", \"axis_scale\": \"normal\", \"axis_position\": \"left\", \"default_timefield\": \"@timestamp\", \"type\": \"timeseries\", \"series\": [{\"color\": \"#3185FC\", \"line_width\": 2, \"axis_position\": \"right\", \"id\": \"fc474801-b799-11e9-bfa6-bd2fe13c0445\", \"stacked\": \"none\", \"split_mode\": \"everything\", \"metrics\": [{\"type\": \"max\", \"field\": \"postgresql.database.rows.inserted\", \"id\": \"fc474802-b799-11e9-bfa6-bd2fe13c0445\"}, {\"unit\": \"1s\", \"type\": \"derivative\", \"field\": \"fc474802-b799-11e9-bfa6-bd2fe13c0445\", \"id\": \"fc474804-b799-11e9-bfa6-bd2fe13c0445\"}, {\"type\": \"positive_only\", \"field\": \"fc474804-b799-11e9-bfa6-bd2fe13c0445\", \"id\": \"fc474803-b799-11e9-bfa6-bd2fe13c0445\"}], \"separate_axis\": 0, \"point_size\": 0, \"value_template\": \"{{value}}/s\", \"chart_type\": \"line\", \"fill\": 0, \"formatter\": \"number\", \"label\": \"inserted\"}, {\"color\": \"#DB1374\", \"line_width\": 2, \"axis_position\": \"right\", \"id\": \"fc474805-b799-11e9-bfa6-bd2fe13c0445\", \"stacked\": \"none\", \"split_mode\": \"everything\", \"metrics\": [{\"type\": \"max\", \"field\": \"postgresql.database.rows.deleted\", \"id\": \"fc474806-b799-11e9-bfa6-bd2fe13c0445\"}, {\"unit\": \"1s\", \"type\": \"derivative\", \"field\": \"fc474806-b799-11e9-bfa6-bd2fe13c0445\", \"id\": \"fc474808-b799-11e9-bfa6-bd2fe13c0445\"}, {\"type\": \"positive_only\", \"field\": \"fc474808-b799-11e9-bfa6-bd2fe13c0445\", \"id\": \"fc474807-b799-11e9-bfa6-bd2fe13c0445\"}], \"separate_axis\": 0, \"point_size\": 0, \"value_template\": \"{{value}}/s\", \"chart_type\": \"line\", \"fill\": 0, \"formatter\": \"number\", \"label\": \"deleted\"}, {\"color\": \"#00B3A4\", \"line_width\": 2, \"axis_position\": \"right\", \"id\": \"fc476f10-b799-11e9-bfa6-bd2fe13c0445\", \"stacked\": \"none\", \"split_mode\": \"everything\", \"metrics\": [{\"type\": \"max\", \"field\": \"postgresql.database.rows.updated\", \"id\": \"fc476f11-b799-11e9-bfa6-bd2fe13c0445\"}, {\"unit\": \"1s\", \"type\": \"derivative\", \"field\": \"fc476f11-b799-11e9-bfa6-bd2fe13c0445\", \"id\": \"fc476f13-b799-11e9-bfa6-bd2fe13c0445\"}, {\"type\": \"positive_only\", \"field\": \"fc476f13-b799-11e9-bfa6-bd2fe13c0445\", \"id\": \"fc476f12-b799-11e9-bfa6-bd2fe13c0445\"}], \"separate_axis\": 0, \"point_size\": 0, \"value_template\": \"{{value}}/s\", \"chart_type\": \"line\", \"fill\": 0, \"formatter\": \"number\", \"label\": \"updated\"}], \"show_grid\": 1}}"
            },
            "id": "20931ef0-b79a-11e9-a579-f5c0a5d81340",
            "migrationVersion": {
                "visualization": "7.4.2"
            },
            "references": [],
            "type": "visualization",
            "updated_at": "2020-02-06T12:01:45.205Z",
            "version": "WzQzNTMsMV0="
        },
        {
            "attributes": {
                "description": "",
                "kibanaSavedObjectMeta": {
                    "searchSourceJSON": "{\"query\": {\"language\": \"kuery\", \"query\": \"\"}, \"filter\": []}"
                },
                "title": "Conflict/Deadlock Rates [Metricbeat PostgreSQL] ECS",
                "uiStateJSON": "{}",
                "version": 1,
                "visState": "{\"aggs\": [], \"type\": \"metrics\", \"title\": \"Conflict/Deadlock Rates [Metricbeat PostgreSQL] ECS\", \"params\": {\"default_index_pattern\": \"metricbeat-*\", \"axis_formatter\": \"number\", \"show_legend\": 1, \"filter\": {\"language\": \"kuery\", \"query\": \"\"}, \"isModelInvalid\": false, \"id\": \"6c90db30-b79a-11e9-a8f0-d7983cd3d871\", \"index_pattern\": \"metricbeat-*\", \"time_field\": \"@timestamp\", \"interval\": \"auto\", \"axis_scale\": \"normal\", \"axis_position\": \"left\", \"default_timefield\": \"@timestamp\", \"type\": \"timeseries\", \"series\": [{\"color\": \"rgba(12,121,125,1)\", \"line_width\": 2, \"axis_position\": \"right\", \"id\": \"6c90db31-b79a-11e9-a8f0-d7983cd3d871\", \"stacked\": \"none\", \"type\": \"timeseries\", \"split_mode\": \"everything\", \"metrics\": [{\"type\": \"avg\", \"field\": \"postgresql.database.conflicts\", \"id\": \"6c90db32-b79a-11e9-a8f0-d7983cd3d871\"}, {\"unit\": \"1s\", \"type\": \"derivative\", \"field\": \"6c90db32-b79a-11e9-a8f0-d7983cd3d871\", \"id\": \"6c90db34-b79a-11e9-a8f0-d7983cd3d871\"}, {\"type\": \"positive_only\", \"field\": \"6c90db34-b79a-11e9-a8f0-d7983cd3d871\", \"id\": \"6c90db33-b79a-11e9-a8f0-d7983cd3d871\"}], \"separate_axis\": 0, \"point_size\": 0, \"value_template\": \"{{value}}\", \"chart_type\": \"line\", \"fill\": 0, \"formatter\": \"number\", \"label\": \"conflicts\"}, {\"color\": \"rgba(244,78,59,1)\", \"line_width\": 2, \"axis_position\": \"right\", \"id\": \"6c90db35-b79a-11e9-a8f0-d7983cd3d871\", \"stacked\": \"none\", \"type\": \"timeseries\", \"split_mode\": \"everything\", \"metrics\": [{\"type\": \"avg\", \"field\": \"postgresql.database.deadlocks\", \"id\": \"6c90db36-b79a-11e9-a8f0-d7983cd3d871\"}, {\"unit\": \"1s\", \"type\": \"derivative\", \"field\": \"6c90db36-b79a-11e9-a8f0-d7983cd3d871\", \"id\": \"6c90db38-b79a-11e9-a8f0-d7983cd3d871\"}, {\"type\": \"positive_only\", \"field\": \"6c90db38-b79a-11e9-a8f0-d7983cd3d871\", \"id\": \"6c90db37-b79a-11e9-a8f0-d7983cd3d871\"}], \"separate_axis\": 0, \"point_size\": 0, \"value_template\": \"{{value}}\", \"chart_type\": \"line\", \"fill\": 0, \"formatter\": \"number\", \"label\": \"deadlocks\"}], \"show_grid\": 1}}"
            },
            "id": "960ecdf0-b79a-11e9-a579-f5c0a5d81340",
            "migrationVersion": {
                "visualization": "7.4.2"
            },
            "references": [],
            "type": "visualization",
            "updated_at": "2020-02-05T15:46:52.411Z",
            "version": "WzQzMDgsMV0="
        },
        {
            "attributes": {
                "description": "",
                "kibanaSavedObjectMeta": {
                    "searchSourceJSON": "{\"query\": {\"language\": \"kuery\", \"query\": \"\"}, \"filter\": []}"
                },
                "title": "Database Filter [Metricbeat PostgreSQL] ECS",
                "uiStateJSON": "{}",
                "version": 1,
                "visState": "{\"aggs\": [], \"type\": \"input_control_vis\", \"title\": \"Database Filter [Metricbeat PostgreSQL] ECS\", \"params\": {\"controls\": [{\"indexPatternRefName\": \"control_0_index_pattern\", \"type\": \"list\", \"parent\": \"\", \"options\": {\"dynamicOptions\": true, \"size\": 5, \"multiselect\": false, \"order\": \"desc\", \"type\": \"terms\"}, \"id\": \"1549397251041\", \"fieldName\": \"postgresql.database.name\", \"label\": \"database\"}], \"updateFiltersOnChange\": true, \"pinFilters\": false, \"useTimeFilter\": true}}"
            },
            "id": "98e6b0a0-b79b-11e9-a579-f5c0a5d81340",
            "migrationVersion": {
                "visualization": "7.4.2"
            },
            "references": [
                {
                    "id": "metricbeat-*",
                    "name": "control_0_index_pattern",
                    "type": "index-pattern"
                }
            ],
            "type": "visualization",
            "updated_at": "2020-01-22T13:56:51.268Z",
            "version": "WzQwMjgsMV0="
        },
        {
            "attributes": {
                "description": "",
                "kibanaSavedObjectMeta": {
                    "searchSourceJSON": "{\"query\": {\"language\": \"kuery\", \"query\": \"\"}, \"filter\": []}"
                },
                "title": "Query Calls Count [Metricbeat PostgreSQL] ECS",
                "uiStateJSON": "{}",
                "version": 1,
                "visState": "{\"aggs\": [], \"type\": \"metrics\", \"title\": \"Query Calls Count [Metricbeat PostgreSQL] ECS\", \"params\": {\"pivot_id\": \"postgresql.statement.query.text\", \"axis_formatter\": \"number\", \"id\": \"2bc5fea0-b902-11e9-8b8c-f99be54b4271\", \"isModelInvalid\": false, \"index_pattern\": \"metricbeat-*\", \"gauge_color_rules\": [{\"id\": \"d22727f0-484b-11ea-a805-d7a3b4bc3300\"}], \"time_range_mode\": \"entire_time_range\", \"pivot_type\": \"string\", \"axis_position\": \"left\", \"default_timefield\": \"@timestamp\", \"gauge_style\": \"half\", \"time_field\": \"@timestamp\", \"default_index_pattern\": \"metricbeat-*\", \"bar_color_rules\": [{\"id\": \"6da7d6e0-b902-11e9-9f00-7b1f283b2282\"}], \"filter\": {\"language\": \"kuery\", \"query\": \"\"}, \"show_legend\": 1, \"background_color_rules\": [{\"id\": \"d3cc2560-484b-11ea-a805-d7a3b4bc3300\"}], \"gauge_inner_width\": 10, \"interval\": \"auto\", \"axis_scale\": \"normal\", \"show_grid\": 1, \"gauge_width\": 10, \"type\": \"top_n\", \"series\": [{\"terms_field\": \"postgresql.statement.query.text\", \"color\": \"rgba(22,165,165,1)\", \"filter\": {\"language\": \"kuery\", \"query\": \"not postgresql.statement.query.text : (\\\"BEGIN;\\\" or \\\"begin\\\" or \\\"commit\\\" or \\\"end\\\" or \\\"END;\\\" or \\\"SELECT * FROM pg_stat_statements\\\" or \\\"SELECT * FROM pg_stat_database\\\" or \\\"SELECT * FROM pg_stat_bgwriter\\\" or \\\"SELECT * FROM pg_stat_activity\\\")\"}, \"line_width\": 2, \"axis_position\": \"right\", \"id\": \"2bc5fea1-b902-11e9-8b8c-f99be54b4271\", \"terms_order_by\": \"2bc5fea2-b902-11e9-8b8c-f99be54b4271\", \"stacked\": \"none\", \"terms_size\": \"20\", \"type\": \"timeseries\", \"split_mode\": \"terms\", \"metrics\": [{\"type\": \"avg\", \"field\": \"postgresql.statement.query.calls\", \"id\": \"2bc5fea2-b902-11e9-8b8c-f99be54b4271\"}], \"separate_axis\": 0, \"point_size\": 0, \"value_template\": \"{{value}}\", \"chart_type\": \"line\", \"fill\": 0, \"formatter\": \"'0a'\", \"label\": \"Number of times the query has been run\"}]}}"
            },
            "id": "147875b0-b903-11e9-a579-f5c0a5d81340",
            "migrationVersion": {
                "visualization": "7.4.2"
            },
            "references": [],
            "type": "visualization",
            "updated_at": "2020-02-06T12:04:42.628Z",
            "version": "WzQzNTUsMV0="
        },
        {
            "attributes": {
                "description": "",
                "kibanaSavedObjectMeta": {
                    "searchSourceJSON": "{\"query\": {\"language\": \"kuery\", \"query\": \"\"}, \"filter\": []}"
                },
                "title": "Local block cache stats [Metricbeat PostgreSQL] ECS",
                "uiStateJSON": "{}",
                "version": 1,
                "visState": "{\"aggs\": [], \"type\": \"metrics\", \"title\": \"Local block cache stats [Metricbeat PostgreSQL] ECS\", \"params\": {\"default_index_pattern\": \"metricbeat-*\", \"axis_formatter\": \"number\", \"show_legend\": 1, \"filter\": {\"language\": \"kuery\", \"query\": \"\"}, \"id\": \"8f49dbd0-b908-11e9-a256-6d0ec934f3f9\", \"index_pattern\": \"metricbeat-*\", \"time_field\": \"@timestamp\", \"interval\": \"auto\", \"axis_scale\": \"normal\", \"axis_position\": \"left\", \"default_timefield\": \"@timestamp\", \"type\": \"timeseries\", \"series\": [{\"color\": \"#3185FC\", \"line_width\": 2, \"axis_position\": \"right\", \"id\": \"8f49dbd1-b908-11e9-a256-6d0ec934f3f9\", \"stacked\": \"none\", \"split_mode\": \"everything\", \"metrics\": [{\"type\": \"max\", \"field\": \"postgresql.statement.query.memory.local.hit\", \"id\": \"8f49dbd2-b908-11e9-a256-6d0ec934f3f9\"}, {\"unit\": \"1s\", \"type\": \"derivative\", \"field\": \"8f49dbd2-b908-11e9-a256-6d0ec934f3f9\", \"id\": \"8f49dbd4-b908-11e9-a256-6d0ec934f3f9\"}, {\"unit\": \"\", \"type\": \"positive_only\", \"field\": \"8f49dbd2-b908-11e9-a256-6d0ec934f3f9\", \"id\": \"8f49dbd3-b908-11e9-a256-6d0ec934f3f9\"}], \"separate_axis\": 0, \"point_size\": 0, \"value_template\": \"{{value}}\", \"chart_type\": \"line\", \"fill\": 0, \"formatter\": \"number\", \"label\": \"cache hits\"}, {\"color\": \"#DB1374\", \"line_width\": 2, \"axis_position\": \"right\", \"id\": \"8f49dbd5-b908-11e9-a256-6d0ec934f3f9\", \"stacked\": \"none\", \"split_mode\": \"everything\", \"metrics\": [{\"type\": \"max\", \"field\": \"postgresql.statement.query.memory.local.read\", \"id\": \"8f49dbd6-b908-11e9-a256-6d0ec934f3f9\"}, {\"unit\": \"1s\", \"type\": \"derivative\", \"field\": \"8f49dbd6-b908-11e9-a256-6d0ec934f3f9\", \"id\": \"8f49dbd8-b908-11e9-a256-6d0ec934f3f9\"}, {\"unit\": \"\", \"type\": \"positive_only\", \"field\": \"8f49dbd6-b908-11e9-a256-6d0ec934f3f9\", \"id\": \"8f49dbd7-b908-11e9-a256-6d0ec934f3f9\"}], \"separate_axis\": 0, \"point_size\": 0, \"value_template\": \"{{value}}\", \"chart_type\": \"line\", \"fill\": 0, \"formatter\": \"number\", \"label\": \"cache read\"}], \"show_grid\": 1}}"
            },
            "id": "0cb65170-b909-11e9-a579-f5c0a5d81340",
            "migrationVersion": {
                "visualization": "7.4.2"
            },
            "references": [],
            "type": "visualization",
            "updated_at": "2020-01-22T13:56:51.268Z",
            "version": "WzQwMzAsMV0="
        },
        {
            "attributes": {
                "description": "",
                "kibanaSavedObjectMeta": {
                    "searchSourceJSON": "{\"query\": {\"language\": \"kuery\", \"query\": \"\"}, \"filter\": []}"
                },
                "title": "Shared block cache stats [Metricbeat PostgreSQL] ECS",
                "uiStateJSON": "{}",
                "version": 1,
                "visState": "{\"aggs\": [], \"type\": \"metrics\", \"title\": \"Shared block cache stats [Metricbeat PostgreSQL] ECS\", \"params\": {\"default_index_pattern\": \"metricbeat-*\", \"axis_formatter\": \"number\", \"show_legend\": 1, \"filter\": {\"language\": \"kuery\", \"query\": \"\"}, \"id\": \"8f49dbd0-b908-11e9-a256-6d0ec934f3f9\", \"index_pattern\": \"metricbeat-*\", \"time_field\": \"@timestamp\", \"interval\": \"auto\", \"axis_scale\": \"normal\", \"axis_position\": \"left\", \"default_timefield\": \"@timestamp\", \"type\": \"timeseries\", \"series\": [{\"color\": \"#3185FC\", \"line_width\": 2, \"axis_position\": \"right\", \"id\": \"8f49dbd1-b908-11e9-a256-6d0ec934f3f9\", \"stacked\": \"none\", \"split_mode\": \"everything\", \"metrics\": [{\"type\": \"max\", \"field\": \"postgresql.statement.query.memory.shared.hit\", \"id\": \"8f49dbd2-b908-11e9-a256-6d0ec934f3f9\"}, {\"unit\": \"1s\", \"type\": \"derivative\", \"field\": \"8f49dbd2-b908-11e9-a256-6d0ec934f3f9\", \"id\": \"8f49dbd4-b908-11e9-a256-6d0ec934f3f9\"}, {\"type\": \"positive_only\", \"field\": \"8f49dbd4-b908-11e9-a256-6d0ec934f3f9\", \"id\": \"8f49dbd3-b908-11e9-a256-6d0ec934f3f9\"}], \"separate_axis\": 0, \"point_size\": 0, \"value_template\": \"{{value}}\", \"chart_type\": \"line\", \"fill\": 0, \"formatter\": \"number\", \"label\": \"cache hits\"}, {\"color\": \"#DB1374\", \"line_width\": 2, \"axis_position\": \"right\", \"id\": \"8f49dbd5-b908-11e9-a256-6d0ec934f3f9\", \"stacked\": \"none\", \"split_mode\": \"everything\", \"metrics\": [{\"type\": \"max\", \"field\": \"postgresql.statement.query.memory.shared.read\", \"id\": \"8f49dbd6-b908-11e9-a256-6d0ec934f3f9\"}, {\"unit\": \"1s\", \"type\": \"derivative\", \"field\": \"8f49dbd6-b908-11e9-a256-6d0ec934f3f9\", \"id\": \"8f49dbd8-b908-11e9-a256-6d0ec934f3f9\"}, {\"type\": \"positive_only\", \"field\": \"8f49dbd8-b908-11e9-a256-6d0ec934f3f9\", \"id\": \"8f49dbd7-b908-11e9-a256-6d0ec934f3f9\"}], \"separate_axis\": 0, \"point_size\": 0, \"value_template\": \"{{value}}\", \"chart_type\": \"line\", \"fill\": 0, \"formatter\": \"number\", \"label\": \"cache read\"}], \"show_grid\": 1}}"
            },
            "id": "e2b28ce0-b908-11e9-a579-f5c0a5d81340",
            "migrationVersion": {
                "visualization": "7.4.2"
            },
            "references": [],
            "type": "visualization",
            "updated_at": "2020-01-22T13:56:51.268Z",
            "version": "WzQwMzEsMV0="
        }
    ],
    "version": "7.3.1"
}