{
    "objects": [
        {
            "attributes": {
                "description": "",
                "kibanaSavedObjectMeta": {
                    "searchSourceJSON": "{\"query\": {\"language\": \"kuery\", \"query\": \"\"}, \"filter\": [], \"index\": \"metricbeat-*\"}"
                },
                "title": "User Connections [Metricbeat MSSQL] ECS",
                "uiStateJSON": "{\"vis\": {\"legendOpen\": false}}",
                "version": 1,
                "visState": "{\"aggs\": [{\"type\": \"avg\", \"enabled\": true, \"id\": \"1\", \"schema\": \"metric\", \"params\": {\"field\": \"mssql.performance.user_connections\", \"customLabel\": \"\"}}, {\"type\": \"date_histogram\", \"enabled\": true, \"id\": \"2\", \"schema\": \"segment\", \"params\": {\"useNormalizedEsInterval\": true, \"extended_bounds\": {}, \"customInterval\": \"2h\", \"interval\": \"auto\", \"min_doc_count\": 1, \"time_zone\": \"Europe/Madrid\", \"drop_partials\": false, \"field\": \"@timestamp\"}}], \"type\": \"line\", \"title\": \"User Connections [Metricbeat MSSQL] ECS\", \"params\": {\"times\": [], \"seriesParams\": [{\"valueAxis\": \"ValueAxis-1\", \"drawLinesBetweenPoints\": true, \"type\": \"line\", \"interpolate\": \"linear\", \"mode\": \"normal\", \"data\": {\"id\": \"1\", \"label\": \"Average mssql.performance.user_connections\"}, \"show\": \"true\", \"showCircles\": true}], \"grid\": {\"valueAxis\": \"ValueAxis-1\", \"style\": {\"color\": \"#eee\"}, \"categoryLines\": true}, \"valueAxes\": [{\"show\": true, \"labels\": {\"truncate\": 100, \"show\": true, \"rotate\": 0, \"filter\": false}, \"title\": {\"text\": \"\"}, \"style\": {}, \"position\": \"left\", \"scale\": {\"type\": \"linear\", \"mode\": \"normal\"}, \"id\": \"ValueAxis-1\", \"name\": \"LeftAxis-1\", \"type\": \"value\"}], \"addTooltip\": true, \"addLegend\": true, \"legendPosition\": \"right\", \"categoryAxes\": [{\"show\": true, \"labels\": {\"truncate\": 100, \"show\": true}, \"title\": {}, \"style\": {}, \"scale\": {\"type\": \"linear\"}, \"id\": \"CategoryAxis-1\", \"position\": \"bottom\", \"type\": \"category\"}], \"addTimeMarker\": false, \"type\": \"line\"}}"
            },
            "id": "7784db10-18ba-11e9-9836-f37dedd3b411-ecs",
            "type": "visualization",
            "updated_at": "2019-01-22T13:04:43.827Z",
            "version": 8
        },
        {
            "attributes": {
                "description": "",
                "kibanaSavedObjectMeta": {
                    "searchSourceJSON": "{\"query\": {\"language\": \"kuery\", \"query\": \"\"}, \"filter\": [], \"index\": \"metricbeat-*\"}"
                },
                "title": "Transactions [Metricbeat MSSQL] ECS",
                "uiStateJSON": "{\"vis\": {\"legendOpen\": false}}",
                "version": 1,
                "visState": "{\"aggs\": [{\"type\": \"avg\", \"enabled\": true, \"id\": \"1\", \"schema\": \"metric\", \"params\": {\"field\": \"mssql.performance.transactions\", \"customLabel\": \"\"}}, {\"type\": \"date_histogram\", \"enabled\": true, \"id\": \"2\", \"schema\": \"segment\", \"params\": {\"useNormalizedEsInterval\": true, \"extended_bounds\": {}, \"customInterval\": \"2h\", \"interval\": \"auto\", \"min_doc_count\": 1, \"time_zone\": \"Europe/Madrid\", \"drop_partials\": false, \"field\": \"@timestamp\"}}], \"type\": \"line\", \"title\": \"Transactions [Metricbeat MSSQL] ECS\", \"params\": {\"times\": [], \"seriesParams\": [{\"valueAxis\": \"ValueAxis-1\", \"drawLinesBetweenPoints\": true, \"type\": \"line\", \"interpolate\": \"linear\", \"mode\": \"normal\", \"data\": {\"id\": \"1\", \"label\": \"Average mssql.performance.transactions\"}, \"show\": \"true\", \"showCircles\": true}], \"grid\": {\"valueAxis\": \"ValueAxis-1\", \"style\": {\"color\": \"#eee\"}, \"categoryLines\": true}, \"valueAxes\": [{\"show\": true, \"labels\": {\"truncate\": 100, \"show\": true, \"rotate\": 0, \"filter\": false}, \"title\": {\"text\": \"\"}, \"style\": {}, \"position\": \"left\", \"scale\": {\"type\": \"linear\", \"mode\": \"normal\"}, \"id\": \"ValueAxis-1\", \"name\": \"LeftAxis-1\", \"type\": \"value\"}], \"addTooltip\": true, \"addLegend\": true, \"legendPosition\": \"right\", \"categoryAxes\": [{\"show\": true, \"labels\": {\"truncate\": 100, \"show\": true}, \"title\": {}, \"style\": {}, \"scale\": {\"type\": \"linear\"}, \"id\": \"CategoryAxis-1\", \"position\": \"bottom\", \"type\": \"category\"}], \"addTimeMarker\": false, \"type\": \"line\"}}"
            },
            "id": "910f3f30-18ba-11e9-9836-f37dedd3b411-ecs",
            "type": "visualization",
            "updated_at": "2019-01-22T13:04:34.757Z",
            "version": 8
        },
        {
            "attributes": {
                "description": "",
                "kibanaSavedObjectMeta": {
                    "searchSourceJSON": "{\"query\": {\"language\": \"kuery\", \"query\": \"\"}, \"filter\": [], \"index\": \"metricbeat-*\"}"
                },
                "title": "Lock Waits/sec [Metricbeat MSSQL] ECS",
                "uiStateJSON": "{\"vis\": {\"legendOpen\": false}}",
                "version": 1,
                "visState": "{\"aggs\": [{\"type\": \"avg\", \"enabled\": true, \"id\": \"1\", \"schema\": \"metric\", \"params\": {\"field\": \"mssql.performance.lock_waits_per_sec\", \"customLabel\": \"\"}}, {\"type\": \"date_histogram\", \"enabled\": true, \"id\": \"2\", \"schema\": \"segment\", \"params\": {\"useNormalizedEsInterval\": true, \"extended_bounds\": {}, \"customInterval\": \"2h\", \"interval\": \"auto\", \"min_doc_count\": 1, \"time_zone\": \"Europe/Madrid\", \"drop_partials\": false, \"field\": \"@timestamp\"}}], \"type\": \"line\", \"title\": \"Lock Waits/sec [Metricbeat MSSQL] ECS\", \"params\": {\"times\": [], \"seriesParams\": [{\"valueAxis\": \"ValueAxis-1\", \"drawLinesBetweenPoints\": true, \"type\": \"line\", \"interpolate\": \"linear\", \"mode\": \"normal\", \"data\": {\"id\": \"1\", \"label\": \"Average mssql.performance.lock_waits_per_sec\"}, \"show\": \"true\", \"showCircles\": true}], \"grid\": {\"valueAxis\": \"ValueAxis-1\", \"style\": {\"color\": \"#eee\"}, \"categoryLines\": true}, \"valueAxes\": [{\"show\": true, \"labels\": {\"truncate\": 100, \"show\": true, \"rotate\": 0, \"filter\": false}, \"title\": {\"text\": \"\"}, \"style\": {}, \"position\": \"left\", \"scale\": {\"type\": \"linear\", \"mode\": \"normal\"}, \"id\": \"ValueAxis-1\", \"name\": \"LeftAxis-1\", \"type\": \"value\"}], \"addTooltip\": true, \"addLegend\": true, \"legendPosition\": \"right\", \"categoryAxes\": [{\"show\": true, \"labels\": {\"truncate\": 100, \"show\": true}, \"title\": {}, \"style\": {}, \"scale\": {\"type\": \"linear\"}, \"id\": \"CategoryAxis-1\", \"position\": \"bottom\", \"type\": \"category\"}], \"addTimeMarker\": false, \"type\": \"line\"}}"
            },
            "id": "5bd5c230-18ba-11e9-9836-f37dedd3b411-ecs",
            "type": "visualization",
            "updated_at": "2019-01-22T13:04:24.139Z",
            "version": 7
        },
        {
            "attributes": {
                "description": "",
                "kibanaSavedObjectMeta": {
                    "searchSourceJSON": "{\"query\": {\"language\": \"kuery\", \"query\": \"\"}, \"filter\": [], \"index\": \"metricbeat-*\"}"
                },
                "title": "Batch Requests/sec [Metricbeat MSSQL] ECS",
                "uiStateJSON": "{}",
                "version": 1,
                "visState": "{\"aggs\": [{\"type\": \"derivative\", \"enabled\": true, \"id\": \"1\", \"schema\": \"metric\", \"params\": {\"customMetric\": {\"type\": \"avg\", \"enabled\": true, \"id\": \"1-metric\", \"schema\": \"metricAgg\", \"params\": {\"field\": \"mssql.performance.batch_requests_per_sec\"}}, \"metricAgg\": \"custom\", \"customLabel\": \"\"}}, {\"type\": \"date_histogram\", \"enabled\": true, \"id\": \"2\", \"schema\": \"segment\", \"params\": {\"useNormalizedEsInterval\": true, \"extended_bounds\": {}, \"customInterval\": \"2h\", \"interval\": \"auto\", \"min_doc_count\": 0, \"time_zone\": \"Europe/Madrid\", \"drop_partials\": false, \"field\": \"@timestamp\"}}], \"type\": \"line\", \"title\": \"Batch Requests/sec [Metricbeat MSSQL] ECS\", \"params\": {\"times\": [], \"seriesParams\": [{\"valueAxis\": \"ValueAxis-1\", \"drawLinesBetweenPoints\": true, \"type\": \"line\", \"interpolate\": \"linear\", \"mode\": \"normal\", \"data\": {\"id\": \"1\", \"label\": \"Derivative of Average mssql.performance.batch_requests_per_sec\"}, \"show\": \"true\", \"showCircles\": true}], \"grid\": {\"valueAxis\": \"ValueAxis-1\", \"style\": {\"color\": \"#eee\"}, \"categoryLines\": true}, \"valueAxes\": [{\"show\": true, \"labels\": {\"truncate\": 100, \"show\": true, \"rotate\": 0, \"filter\": false}, \"title\": {\"text\": \"\"}, \"style\": {}, \"position\": \"left\", \"scale\": {\"type\": \"linear\", \"mode\": \"normal\"}, \"id\": \"ValueAxis-1\", \"name\": \"LeftAxis-1\", \"type\": \"value\"}], \"addTooltip\": true, \"addLegend\": true, \"legendPosition\": \"right\", \"categoryAxes\": [{\"show\": true, \"labels\": {\"truncate\": 100, \"show\": true}, \"title\": {}, \"style\": {}, \"scale\": {\"type\": \"linear\"}, \"id\": \"CategoryAxis-1\", \"position\": \"bottom\", \"type\": \"category\"}], \"addTimeMarker\": false, \"type\": \"line\"}}"
            },
            "id": "b29a2160-18ba-11e9-9836-f37dedd3b411-ecs",
            "type": "visualization",
            "updated_at": "2019-01-22T13:03:10.853Z",
            "version": 9
        },
        {
            "attributes": {
                "description": "",
                "kibanaSavedObjectMeta": {
                    "searchSourceJSON": "{\"query\": {\"language\": \"kuery\", \"query\": \"\"}, \"filter\": [], \"index\": \"metricbeat-*\"}"
                },
                "title": "Buffer Cache Hit Ratio [Metricbeat MSSQL] ECS",
                "uiStateJSON": "{\"vis\": {\"legendOpen\": false}}",
                "version": 1,
                "visState": "{\"aggs\": [{\"type\": \"median\", \"enabled\": true, \"id\": \"1\", \"schema\": \"metric\", \"params\": {\"percents\": [50], \"field\": \"mssql.performance.buffer.cache_hit.pct\"}}, {\"type\": \"date_histogram\", \"enabled\": true, \"id\": \"2\", \"schema\": \"segment\", \"params\": {\"useNormalizedEsInterval\": true, \"extended_bounds\": {}, \"customInterval\": \"2h\", \"interval\": \"auto\", \"min_doc_count\": 0, \"time_zone\": \"Europe/Madrid\", \"drop_partials\": false, \"field\": \"@timestamp\"}}], \"type\": \"line\", \"title\": \"Buffer Cache Hit Ratio [Metricbeat MSSQL] ECS\", \"params\": {\"times\": [], \"seriesParams\": [{\"valueAxis\": \"ValueAxis-1\", \"drawLinesBetweenPoints\": true, \"type\": \"line\", \"interpolate\": \"linear\", \"mode\": \"normal\", \"data\": {\"id\": \"1\", \"label\": \"Median mssql.performance.buffer.cache_hit.pct\"}, \"show\": \"true\", \"showCircles\": true}], \"grid\": {\"valueAxis\": \"ValueAxis-1\", \"style\": {\"color\": \"#eee\"}, \"categoryLines\": true}, \"valueAxes\": [{\"show\": true, \"labels\": {\"truncate\": 100, \"show\": true, \"rotate\": 0, \"filter\": false}, \"title\": {\"text\": \"\"}, \"style\": {}, \"position\": \"left\", \"scale\": {\"defaultYExtents\": false, \"type\": \"linear\", \"mode\": \"normal\"}, \"id\": \"ValueAxis-1\", \"name\": \"LeftAxis-1\", \"type\": \"value\"}], \"addTooltip\": true, \"addLegend\": true, \"legendPosition\": \"right\", \"categoryAxes\": [{\"show\": true, \"labels\": {\"truncate\": 100, \"show\": true}, \"title\": {}, \"style\": {}, \"scale\": {\"type\": \"linear\"}, \"id\": \"CategoryAxis-1\", \"position\": \"bottom\", \"type\": \"category\"}], \"addTimeMarker\": false, \"type\": \"line\"}}"
            },
            "id": "2e795230-1b2a-11e9-8b36-136038bb307a-ecs",
            "type": "visualization",
            "updated_at": "2019-01-22T13:04:16.184Z",
            "version": 8
        },
        {
            "attributes": {
                "description": "A dashboard with key metrics about a MSSQL instance performance",
                "hits": 0,
                "kibanaSavedObjectMeta": {
                    "searchSourceJSON": "{\"query\": {\"language\": \"kuery\", \"query\": \"\"}, \"filter\": []}"
                },
                "optionsJSON": "{\"useMargins\": true, \"darkTheme\": false, \"hidePanelTitles\": false}",
                "panelsJSON": "[{\"gridData\": {\"w\": 16, \"x\": 0, \"y\": 0, \"i\": \"1\", \"h\": 15}, \"panelIndex\": \"1\", \"type\": \"visualization\", \"title\": \"User Connections\", \"embeddableConfig\": {\"vis\": {\"legendOpen\": false}}, \"version\": \"7.0.0-alpha2\", \"id\": \"7784db10-18ba-11e9-9836-f37dedd3b411-ecs\"}, {\"gridData\": {\"w\": 32, \"x\": 16, \"y\": 15, \"i\": \"2\", \"h\": 15}, \"panelIndex\": \"2\", \"type\": \"visualization\", \"title\": \"Transactions\", \"embeddableConfig\": {\"vis\": {\"legendOpen\": false}}, \"version\": \"7.0.0-alpha2\", \"id\": \"910f3f30-18ba-11e9-9836-f37dedd3b411-ecs\"}, {\"gridData\": {\"w\": 16, \"x\": 32, \"y\": 0, \"i\": \"3\", \"h\": 15}, \"panelIndex\": \"3\", \"type\": \"visualization\", \"title\": \"Lock Waits/sec\", \"embeddableConfig\": {\"vis\": {\"legendOpen\": false}}, \"version\": \"7.0.0-alpha2\", \"id\": \"5bd5c230-18ba-11e9-9836-f37dedd3b411-ecs\"}, {\"gridData\": {\"w\": 16, \"x\": 16, \"y\": 0, \"i\": \"4\", \"h\": 15}, \"panelIndex\": \"4\", \"type\": \"visualization\", \"title\": \"Batch Requests/sec\", \"embeddableConfig\": {\"vis\": {\"legendOpen\": false}}, \"version\": \"7.0.0-alpha2\", \"id\": \"b29a2160-18ba-11e9-9836-f37dedd3b411-ecs\"}, {\"gridData\": {\"w\": 16, \"x\": 0, \"y\": 15, \"i\": \"5\", \"h\": 15}, \"panelIndex\": \"5\", \"type\": \"visualization\", \"title\": \"Buffer Cache Hit Ratio\", \"embeddableConfig\": {}, \"version\": \"7.0.0-alpha2\", \"id\": \"2e795230-1b2a-11e9-8b36-136038bb307a-ecs\"}]",
                "timeRestore": false,
                "title": "[Metricbeat MSSQL] Performance ECS",
                "version": 1
            },
            "id": "a2ead240-18bb-11e9-9836-f37dedd3b411-ecs",
            "type": "dashboard",
            "updated_at": "2019-01-22T12:55:59.857Z",
            "version": 11
        }
    ],
    "version": "7.0.0-alpha2"
}