{
    "objects": [
        {
            "attributes": {
                "description": "Overview of AWS S3 Metrics",
                "hits": 0,
                "kibanaSavedObjectMeta": {
                    "searchSourceJSON": "{\"query\": {\"language\": \"kuery\", \"query\": \"\"}, \"filter\": []}"
                },
                "optionsJSON": "{\"useMargins\": true, \"hidePanelTitles\": false}",
                "panelsJSON": "[{\"gridData\": {\"w\": 24, \"x\": 0, \"y\": 6, \"i\": \"1\", \"h\": 7}, \"panelIndex\": \"1\", \"title\": \"S3 Daily Storage Bucket Size in Bytes\", \"embeddableConfig\": {\"title\": \"S3 Daily Storage Bucket Size in Bytes\"}, \"panelRefName\": \"panel_0\", \"version\": \"7.7.0\"}, {\"gridData\": {\"w\": 24, \"x\": 24, \"y\": 6, \"i\": \"2\", \"h\": 7}, \"panelIndex\": \"2\", \"title\": \"S3 Daily Storage Number of Objects\", \"embeddableConfig\": {\"title\": \"S3 Daily Storage Number of Objects\"}, \"panelRefName\": \"panel_1\", \"version\": \"7.7.0\"}, {\"gridData\": {\"w\": 24, \"x\": 0, \"y\": 13, \"i\": \"3\", \"h\": 7}, \"panelIndex\": \"3\", \"title\": \"S3 Request Latency Total Request in ms\", \"embeddableConfig\": {\"title\": \"S3 Request Latency Total Request in ms\"}, \"panelRefName\": \"panel_2\", \"version\": \"7.7.0\"}, {\"gridData\": {\"w\": 13, \"x\": 24, \"y\": 0, \"i\": \"4\", \"h\": 6}, \"panelIndex\": \"4\", \"title\": \"S3 Total Error 4xx\", \"embeddableConfig\": {\"title\": \"S3 Total Error 4xx\"}, \"panelRefName\": \"panel_3\", \"version\": \"7.7.0\"}, {\"gridData\": {\"w\": 11, \"x\": 37, \"y\": 0, \"i\": \"5\", \"h\": 6}, \"panelIndex\": \"5\", \"title\": \"S3 Total Error 5xx\", \"embeddableConfig\": {\"title\": \"S3 Total Error 5xx\"}, \"panelRefName\": \"panel_4\", \"version\": \"7.7.0\"}, {\"gridData\": {\"w\": 24, \"x\": 0, \"y\": 0, \"i\": \"6\", \"h\": 6}, \"panelIndex\": \"6\", \"title\": \"S3 Filters\", \"embeddableConfig\": {\"title\": \"S3 Filters\"}, \"panelRefName\": \"panel_5\", \"version\": \"7.7.0\"}, {\"gridData\": {\"w\": 24, \"x\": 24, \"y\": 13, \"i\": \"7\", \"h\": 7}, \"panelIndex\": \"7\", \"title\": \"S3 Total Requests\", \"embeddableConfig\": {\"title\": \"S3 Total Requests\"}, \"panelRefName\": \"panel_6\", \"version\": \"7.7.0\"}]",
                "refreshInterval": {
                    "pause": true,
                    "value": 0
                },
                "timeFrom": "now-1d",
                "timeRestore": true,
                "timeTo": "now",
                "title": "[Metricbeat AWS] S3 Overview",
                "version": 1
            },
            "id": "a096b830-4762-11e9-8062-c98a86cb6f94",
            "migrationVersion": {
                "dashboard": "7.3.0"
            },
            "references": [
                {
                    "id": "2dbb8f90-4760-11e9-8062-c98a86cb6f94",
                    "name": "panel_0",
                    "type": "visualization"
                },
                {
                    "id": "3a3914d0-4761-11e9-8062-c98a86cb6f94",
                    "name": "panel_1",
                    "type": "visualization"
                },
                {
                    "id": "2b2d58b0-4762-11e9-8062-c98a86cb6f94",
                    "name": "panel_2",
                    "type": "visualization"
                },
                {
                    "id": "81d83c70-4762-11e9-8062-c98a86cb6f94",
                    "name": "panel_3",
                    "type": "visualization"
                },
                {
                    "id": "8b34a100-4762-11e9-8062-c98a86cb6f94",
                    "name": "panel_4",
                    "type": "visualization"
                },
                {
                    "id": "6e3285d0-4763-11e9-8062-c98a86cb6f94",
                    "name": "panel_5",
                    "type": "visualization"
                },
                {
                    "id": "d186fd50-4763-11e9-8062-c98a86cb6f94",
                    "name": "panel_6",
                    "type": "visualization"
                }
            ],
            "type": "dashboard",
            "updated_at": "2020-04-06T16:29:50.517Z",
            "version": "WzkxOSwyXQ=="
        },
        {
            "attributes": {
                "description": "",
                "kibanaSavedObjectMeta": {
                    "searchSourceJSON": "{\"query\": {\"language\": \"kuery\", \"query\": \"\"}, \"filter\": []}"
                },
                "title": "S3 Daily Storage Bucket Size in Bytes [Metricbeat AWS]",
                "uiStateJSON": "{}",
                "version": 1,
                "visState": "{\"aggs\": [], \"type\": \"metrics\", \"title\": \"S3 Daily Storage Bucket Size in Bytes [Metricbeat AWS]\", \"params\": {\"default_index_pattern\": \"metricbeat-*\", \"bar_color_rules\": [{\"id\": \"f703aff0-475f-11e9-a9de-e776805ecfc9\"}], \"axis_formatter\": \"number\", \"show_legend\": 1, \"series\": [{\"color\": \"#68BC00\", \"line_width\": 1, \"terms_field\": \"aws.s3.bucket.name\", \"id\": \"61ca57f1-469d-11e7-af02-69e470af7417\", \"terms_order_by\": \"61ca57f2-469d-11e7-af02-69e470af7417\", \"stacked\": \"none\", \"terms_size\": \"5\", \"split_mode\": \"terms\", \"metrics\": [{\"type\": \"avg\", \"field\": \"aws.s3_daily_storage.bucket.size.bytes\", \"id\": \"61ca57f2-469d-11e7-af02-69e470af7417\"}], \"separate_axis\": 0, \"point_size\": 1, \"chart_type\": \"line\", \"fill\": \"0\", \"formatter\": \"bytes\", \"axis_position\": \"right\"}], \"isModelInvalid\": false, \"index_pattern\": \"metricbeat-*\", \"id\": \"61ca57f0-469d-11e7-af02-69e470af7417\", \"background_color_rules\": [{\"id\": \"f679e680-475f-11e9-a9de-e776805ecfc9\"}], \"gauge_color_rules\": [{\"id\": \"f8388670-475f-11e9-a9de-e776805ecfc9\"}], \"drop_last_bucket\": 0, \"gauge_width\": 10, \"interval\": \"1d\", \"axis_scale\": \"normal\", \"axis_position\": \"left\", \"time_field\": \"@timestamp\", \"default_timefield\": \"@timestamp\", \"type\": \"top_n\", \"gauge_style\": \"half\", \"show_grid\": 1, \"gauge_inner_width\": 10}}"
            },
            "id": "2dbb8f90-4760-11e9-8062-c98a86cb6f94",
            "migrationVersion": {
                "visualization": "7.4.2"
            },
            "references": [],
            "type": "visualization",
            "updated_at": "2020-04-06T16:01:45.966Z",
            "version": "Wzg2NCwyXQ=="
        },
        {
            "attributes": {
                "description": "",
                "kibanaSavedObjectMeta": {
                    "searchSourceJSON": "{\"query\": {\"language\": \"kuery\", \"query\": \"\"}, \"filter\": []}"
                },
                "title": "S3 Daily Storage Number of Objects [Metricbeat AWS]",
                "uiStateJSON": "{}",
                "version": 1,
                "visState": "{\"aggs\": [], \"type\": \"metrics\", \"title\": \"S3 Daily Storage Number of Objects [Metricbeat AWS]\", \"params\": {\"default_index_pattern\": \"metricbeat-*\", \"bar_color_rules\": [{\"id\": \"01dad830-4761-11e9-bf81-69a4e579cab5\"}], \"axis_formatter\": \"number\", \"show_legend\": 1, \"isModelInvalid\": false, \"background_color_rules\": [{\"id\": \"167ea870-4761-11e9-bf81-69a4e579cab5\"}], \"id\": \"61ca57f0-469d-11e7-af02-69e470af7417\", \"index_pattern\": \"metricbeat-*\", \"drop_last_bucket\": 0, \"interval\": \"1d\", \"axis_scale\": \"normal\", \"axis_position\": \"left\", \"time_field\": \"@timestamp\", \"default_timefield\": \"@timestamp\", \"type\": \"top_n\", \"series\": [{\"color\": \"#68BC00\", \"line_width\": 1, \"terms_field\": \"aws.s3.bucket.name\", \"id\": \"61ca57f1-469d-11e7-af02-69e470af7417\", \"terms_order_by\": \"61ca57f2-469d-11e7-af02-69e470af7417\", \"stacked\": \"none\", \"terms_size\": \"5\", \"split_mode\": \"terms\", \"metrics\": [{\"type\": \"avg\", \"field\": \"aws.s3_daily_storage.number_of_objects\", \"id\": \"61ca57f2-469d-11e7-af02-69e470af7417\"}], \"separate_axis\": 0, \"point_size\": 1, \"chart_type\": \"line\", \"fill\": 0.5, \"formatter\": \"number\", \"axis_position\": \"right\"}], \"show_grid\": 1}}"
            },
            "id": "3a3914d0-4761-11e9-8062-c98a86cb6f94",
            "migrationVersion": {
                "visualization": "7.4.2"
            },
            "references": [],
            "type": "visualization",
            "updated_at": "2020-04-06T16:15:51.106Z",
            "version": "WzkwMywyXQ=="
        },
        {
            "attributes": {
                "description": "",
                "kibanaSavedObjectMeta": {
                    "searchSourceJSON": "{\"query\": {\"language\": \"kuery\", \"query\": \"\"}, \"filter\": []}"
                },
                "title": "S3 Request Latency Total Request in ms [Metricbeat AWS]",
                "uiStateJSON": "{}",
                "version": 1,
                "visState": "{\"aggs\": [], \"type\": \"metrics\", \"title\": \"S3 Request Latency Total Request in ms [Metricbeat AWS]\", \"params\": {\"pivot_id\": \"aws.s3.bucket.name\", \"axis_formatter\": \"number\", \"id\": \"61ca57f0-469d-11e7-af02-69e470af7417\", \"isModelInvalid\": false, \"index_pattern\": \"metricbeat-*\", \"gauge_color_rules\": [{\"id\": \"6eafde10-4761-11e9-bf81-69a4e579cab5\"}], \"time_field\": \"@timestamp\", \"axis_position\": \"left\", \"default_timefield\": \"@timestamp\", \"gauge_style\": \"half\", \"gauge_inner_width\": 10, \"default_index_pattern\": \"metricbeat-*\", \"bar_color_rules\": [{\"id\": \"67cb0930-4761-11e9-bf81-69a4e579cab5\"}], \"show_legend\": 1, \"background_color_rules\": [{\"id\": \"c0d11b00-4761-11e9-bf81-69a4e579cab5\"}], \"drop_last_bucket\": 0, \"interval\": \"1d\", \"axis_scale\": \"normal\", \"show_grid\": 1, \"gauge_width\": 10, \"type\": \"top_n\", \"series\": [{\"terms_field\": \"aws.s3.bucket.name\", \"color\": \"#68BC00\", \"line_width\": 1, \"axis_position\": \"right\", \"id\": \"61ca57f1-469d-11e7-af02-69e470af7417\", \"terms_order_by\": \"61ca57f2-469d-11e7-af02-69e470af7417\", \"color_rules\": [{\"id\": \"ac2ef870-4761-11e9-bf81-69a4e579cab5\"}], \"stacked\": \"none\", \"terms_size\": \"5\", \"split_mode\": \"terms\", \"metrics\": [{\"type\": \"avg\", \"field\": \"aws.s3_request.latency.total_request.ms\", \"id\": \"61ca57f2-469d-11e7-af02-69e470af7417\"}], \"separate_axis\": 0, \"point_size\": 1, \"chart_type\": \"line\", \"fill\": 0.5, \"formatter\": \"number\", \"label\": \"Latency in ms\"}]}}"
            },
            "id": "2b2d58b0-4762-11e9-8062-c98a86cb6f94",
            "migrationVersion": {
                "visualization": "7.4.2"
            },
            "references": [],
            "type": "visualization",
            "updated_at": "2020-04-06T16:24:42.835Z",
            "version": "WzkxMiwyXQ=="
        },
        {
            "attributes": {
                "description": "",
                "kibanaSavedObjectMeta": {
                    "searchSourceJSON": "{\"query\": {\"language\": \"kuery\", \"query\": \"\"}, \"filter\": []}"
                },
                "title": "S3 Total Error 4xx [Metricbeat AWS]",
                "uiStateJSON": "{}",
                "version": 1,
                "visState": "{\"aggs\": [], \"type\": \"metrics\", \"title\": \"AWS S3 Total Error 4xx\", \"params\": {\"bar_color_rules\": [{\"id\": \"5ad9a190-4762-11e9-bf81-69a4e579cab5\"}], \"axis_formatter\": \"number\", \"id\": \"61ca57f0-469d-11e7-af02-69e470af7417\", \"background_color_rules\": [{\"id\": \"59207fe0-4762-11e9-bf81-69a4e579cab5\"}], \"show_legend\": 1, \"index_pattern\": \"metricbeat-*\", \"time_field\": \"@timestamp\", \"interval\": \"auto\", \"axis_scale\": \"normal\", \"axis_position\": \"left\", \"type\": \"metric\", \"series\": [{\"color\": \"#68BC00\", \"line_width\": 1, \"axis_position\": \"right\", \"id\": \"61ca57f1-469d-11e7-af02-69e470af7417\", \"stacked\": \"none\", \"split_mode\": \"everything\", \"metrics\": [{\"type\": \"sum\", \"field\": \"aws.s3_request.errors.4xx\", \"id\": \"61ca57f2-469d-11e7-af02-69e470af7417\"}], \"separate_axis\": 0, \"point_size\": 1, \"chart_type\": \"line\", \"fill\": 0.5, \"formatter\": \"number\", \"label\": \"Total # of HTTP 4xx Errors\"}], \"show_grid\": 1}}"
            },
            "id": "81d83c70-4762-11e9-8062-c98a86cb6f94",
            "migrationVersion": {
                "visualization": "7.4.2"
            },
            "references": [],
            "type": "visualization",
            "updated_at": "2020-04-03T21:29:11.214Z",
            "version": "WzIwOCwyXQ=="
        },
        {
            "attributes": {
                "description": "",
                "kibanaSavedObjectMeta": {
                    "searchSourceJSON": "{\"query\": {\"language\": \"kuery\", \"query\": \"\"}, \"filter\": []}"
                },
                "title": "S3 Total Error 5xx [Metricbeat AWS]",
                "uiStateJSON": "{}",
                "version": 1,
                "visState": "{\"aggs\": [], \"type\": \"metrics\", \"title\": \"AWS S3 Total Error 5xx\", \"params\": {\"bar_color_rules\": [{\"id\": \"5ad9a190-4762-11e9-bf81-69a4e579cab5\"}], \"axis_formatter\": \"number\", \"id\": \"61ca57f0-469d-11e7-af02-69e470af7417\", \"background_color_rules\": [{\"id\": \"59207fe0-4762-11e9-bf81-69a4e579cab5\"}], \"show_legend\": 1, \"index_pattern\": \"metricbeat-*\", \"time_field\": \"@timestamp\", \"interval\": \"auto\", \"axis_scale\": \"normal\", \"axis_position\": \"left\", \"type\": \"metric\", \"series\": [{\"color\": \"#68BC00\", \"line_width\": 1, \"axis_position\": \"right\", \"id\": \"61ca57f1-469d-11e7-af02-69e470af7417\", \"stacked\": \"none\", \"split_mode\": \"everything\", \"metrics\": [{\"type\": \"sum\", \"field\": \"aws.s3_request.errors.5xx\", \"id\": \"61ca57f2-469d-11e7-af02-69e470af7417\"}], \"separate_axis\": 0, \"point_size\": 1, \"chart_type\": \"line\", \"fill\": 0.5, \"formatter\": \"number\", \"label\": \"Total # of HTTP 5xx Errors\"}], \"show_grid\": 1}}"
            },
            "id": "8b34a100-4762-11e9-8062-c98a86cb6f94",
            "migrationVersion": {
                "visualization": "7.4.2"
            },
            "references": [],
            "type": "visualization",
            "updated_at": "2020-04-03T21:29:11.214Z",
            "version": "WzIwOSwyXQ=="
        },
        {
            "attributes": {
                "description": "",
                "kibanaSavedObjectMeta": {
                    "searchSourceJSON": "{\"query\": {\"language\": \"kuery\", \"query\": \"\"}, \"filter\": []}"
                },
                "title": "S3 Filters [Metricbeat AWS]",
                "uiStateJSON": "{}",
                "version": 1,
                "visState": "{\"aggs\": [], \"type\": \"input_control_vis\", \"title\": \"AWS S3 Filters\", \"params\": {\"controls\": [{\"indexPattern\": \"metricbeat-*\", \"type\": \"list\", \"parent\": \"\", \"options\": {\"dynamicOptions\": true, \"size\": 5, \"multiselect\": true, \"order\": \"desc\", \"type\": \"terms\"}, \"id\": \"1549397251041\", \"fieldName\": \"cloud.region\", \"label\": \"region\"}, {\"indexPattern\": \"metricbeat-*\", \"type\": \"list\", \"parent\": \"\", \"options\": {\"dynamicOptions\": true, \"size\": 5, \"multiselect\": true, \"order\": \"desc\", \"type\": \"terms\"}, \"id\": \"1549512142947\", \"fieldName\": \"aws.s3.bucket.name\", \"label\": \"s3 bucket name\"}], \"updateFiltersOnChange\": true, \"pinFilters\": false, \"useTimeFilter\": false}}"
            },
            "id": "6e3285d0-4763-11e9-8062-c98a86cb6f94",
            "migrationVersion": {
                "visualization": "7.4.2"
            },
            "references": [],
            "type": "visualization",
            "updated_at": "2020-04-03T21:29:11.214Z",
            "version": "WzIxMCwyXQ=="
        },
        {
            "attributes": {
                "description": "",
                "kibanaSavedObjectMeta": {
                    "searchSourceJSON": "{\"query\": {\"language\": \"kuery\", \"query\": \"\"}, \"filter\": []}"
                },
                "title": "S3 Total Requests [Metricbeat AWS]",
                "uiStateJSON": "{}",
                "version": 1,
                "visState": "{\"aggs\": [], \"type\": \"metrics\", \"title\": \"S3 Total Requests [Metricbeat AWS]\", \"params\": {\"default_index_pattern\": \"metricbeat-*\", \"bar_color_rules\": [{\"id\": \"c7b9fca0-4763-11e9-b811-fd5d24a641d7\"}], \"axis_formatter\": \"number\", \"show_legend\": 1, \"isModelInvalid\": false, \"background_color_rules\": [{\"id\": \"c03c4320-4763-11e9-b811-fd5d24a641d7\"}], \"id\": \"61ca57f0-469d-11e7-af02-69e470af7417\", \"index_pattern\": \"metricbeat-*\", \"drop_last_bucket\": 0, \"interval\": \"1d\", \"axis_scale\": \"normal\", \"axis_position\": \"left\", \"time_field\": \"@timestamp\", \"default_timefield\": \"@timestamp\", \"type\": \"top_n\", \"series\": [{\"color\": \"#68BC00\", \"offset_time\": \"\", \"line_width\": 1, \"terms_field\": \"aws.s3.bucket.name\", \"id\": \"61ca57f1-469d-11e7-af02-69e470af7417\", \"terms_order_by\": \"61ca57f2-469d-11e7-af02-69e470af7417\", \"stacked\": \"none\", \"terms_size\": \"5\", \"split_mode\": \"terms\", \"metrics\": [{\"type\": \"avg\", \"field\": \"aws.s3_request.requests.total\", \"id\": \"61ca57f2-469d-11e7-af02-69e470af7417\"}], \"separate_axis\": 0, \"point_size\": 1, \"chart_type\": \"line\", \"fill\": \"0\", \"formatter\": \"number\", \"axis_position\": \"right\"}], \"show_grid\": 1}}"
            },
            "id": "d186fd50-4763-11e9-8062-c98a86cb6f94",
            "migrationVersion": {
                "visualization": "7.4.2"
            },
            "references": [],
            "type": "visualization",
            "updated_at": "2020-04-06T16:25:02.532Z",
            "version": "WzkxMywyXQ=="
        }
    ],
    "version": "7.7.0"
}