{
    "objects": [
        {
            "attributes": {
                "description": "This Azure Database Account dashboard visualizes the most important database account metrics.",
                "hits": 0,
                "kibanaSavedObjectMeta": {
                    "searchSourceJSON": "{\"query\": {\"language\": \"kuery\", \"query\": \"\"}, \"filter\": []}"
                },
                "optionsJSON": "{\"useMargins\": true, \"hidePanelTitles\": false}",
                "panelsJSON": "[{\"panelRefName\": \"panel_0\", \"gridData\": {\"w\": 9, \"x\": 0, \"y\": 0, \"i\": \"fe2125b1-526c-4293-b488-86d8c15ea3fb\", \"h\": 4}, \"panelIndex\": \"fe2125b1-526c-4293-b488-86d8c15ea3fb\", \"embeddableConfig\": {\"title\": \"\"}, \"version\": \"7.6.0\"}, {\"gridData\": {\"w\": 18, \"x\": 9, \"y\": 0, \"i\": \"db895503-5a84-4b26-b889-c3c7ca964643\", \"h\": 18}, \"panelIndex\": \"db895503-5a84-4b26-b889-c3c7ca964643\", \"title\": \"Data Usage\", \"embeddableConfig\": {\"title\": \"Data Usage\"}, \"panelRefName\": \"panel_1\", \"version\": \"7.6.0\"}, {\"gridData\": {\"w\": 21, \"x\": 27, \"y\": 0, \"i\": \"0b986285-a5d0-4a31-bdb8-0f29cd50c2eb\", \"h\": 18}, \"panelIndex\": \"0b986285-a5d0-4a31-bdb8-0f29cd50c2eb\", \"title\": \"Index Usage\", \"embeddableConfig\": {\"title\": \"Index Usage\"}, \"panelRefName\": \"panel_2\", \"version\": \"7.6.0\"}, {\"panelRefName\": \"panel_3\", \"gridData\": {\"w\": 9, \"x\": 0, \"y\": 4, \"i\": \"7d7b71ea-eb6b-43bf-be61-80235d1d4529\", \"h\": 14}, \"panelIndex\": \"7d7b71ea-eb6b-43bf-be61-80235d1d4529\", \"embeddableConfig\": {\"title\": \"\"}, \"version\": \"7.6.0\"}, {\"gridData\": {\"w\": 24, \"x\": 0, \"y\": 18, \"i\": \"f6ce8b48-a876-4031-a43f-3ca3704a4ad6\", \"h\": 15}, \"panelIndex\": \"f6ce8b48-a876-4031-a43f-3ca3704a4ad6\", \"title\": \"Total Requests\", \"embeddableConfig\": {\"title\": \"Total Requests\"}, \"panelRefName\": \"panel_4\", \"version\": \"7.6.0\"}, {\"gridData\": {\"w\": 24, \"x\": 24, \"y\": 18, \"i\": \"c604014a-647f-4a1d-b2e9-0304fdacc363\", \"h\": 15}, \"panelIndex\": \"c604014a-647f-4a1d-b2e9-0304fdacc363\", \"title\": \"Document Count\", \"embeddableConfig\": {\"title\": \"Document Count\"}, \"panelRefName\": \"panel_5\", \"version\": \"7.6.0\"}, {\"gridData\": {\"w\": 24, \"x\": 0, \"y\": 33, \"i\": \"b0cbeaf7-8a12-4efa-b63b-5479c2cb39a9\", \"h\": 15}, \"panelIndex\": \"b0cbeaf7-8a12-4efa-b63b-5479c2cb39a9\", \"title\": \"Available Storage\", \"embeddableConfig\": {\"title\": \"Available Storage\"}, \"panelRefName\": \"panel_6\", \"version\": \"7.6.0\"}, {\"gridData\": {\"w\": 24, \"x\": 24, \"y\": 33, \"i\": \"5e755432-3e55-405c-91cf-3348d5067a3a\", \"h\": 15}, \"panelIndex\": \"5e755432-3e55-405c-91cf-3348d5067a3a\", \"title\": \"Requests Per Status Code\", \"embeddableConfig\": {\"title\": \"Requests Per Status Code\"}, \"panelRefName\": \"panel_7\", \"version\": \"7.6.0\"}]",
                "timeRestore": false,
                "title": "[Metricbeat Azure] Database Account Overview",
                "version": 1
            },
            "id": "b232c220-8481-11ea-b181-4b1a9e0110f9",
            "migrationVersion": {
                "dashboard": "7.3.0"
            },
            "references": [
                {
                    "id": "4177aab0-83cc-11ea-be84-f5d4d6b9a792",
                    "name": "panel_0",
                    "type": "visualization"
                },
                {
                    "id": "a49b4e20-8490-11ea-b181-4b1a9e0110f9",
                    "name": "panel_1",
                    "type": "visualization"
                },
                {
                    "id": "d2801d70-8490-11ea-b181-4b1a9e0110f9",
                    "name": "panel_2",
                    "type": "visualization"
                },
                {
                    "id": "674c1d70-83cc-11ea-be84-f5d4d6b9a792",
                    "name": "panel_3",
                    "type": "visualization"
                },
                {
                    "id": "a16b5900-8492-11ea-b181-4b1a9e0110f9",
                    "name": "panel_4",
                    "type": "visualization"
                },
                {
                    "id": "d3ac7d90-8492-11ea-b181-4b1a9e0110f9",
                    "name": "panel_5",
                    "type": "visualization"
                },
                {
                    "id": "81f16b40-32ea-11ea-a83e-25b8612d00cc",
                    "name": "panel_6",
                    "type": "visualization"
                },
                {
                    "id": "037382e0-856e-11ea-91bc-ab084c7ec0e7",
                    "name": "panel_7",
                    "type": "visualization"
                }
            ],
            "type": "dashboard",
            "updated_at": "2020-04-23T14:26:12.702Z",
            "version": "WzczNTAsMTNd"
        },
        {
            "attributes": {
                "description": "",
                "kibanaSavedObjectMeta": {
                    "searchSourceJSON": "{}"
                },
                "title": "Navigation Database Account Overview [Metricbeat Azure]",
                "uiStateJSON": "{}",
                "version": 1,
                "visState": "{\"aggs\": [], \"type\": \"markdown\", \"title\": \"Navigation Database Account Overview [Metricbeat Azure]\", \"params\": {\"markdown\": \"### Azure Database Accounts\\n\", \"openLinksInNewTab\": false, \"fontSize\": 12}}"
            },
            "id": "4177aab0-83cc-11ea-be84-f5d4d6b9a792",
            "migrationVersion": {
                "visualization": "7.4.2"
            },
            "references": [],
            "type": "visualization",
            "updated_at": "2020-04-21T12:33:08.312Z",
            "version": "WzY4OTcsMTFd"
        },
        {
            "attributes": {
                "description": "",
                "kibanaSavedObjectMeta": {
                    "searchSourceJSON": "{\"query\": {\"language\": \"kuery\", \"query\": \"\"}, \"filter\": []}"
                },
                "title": "Database Account Data Usage [Metricbeat Azure]",
                "uiStateJSON": "{}",
                "version": 1,
                "visState": "{\"aggs\": [], \"type\": \"metrics\", \"title\": \"Database Account Data Usage [Metricbeat Azure]\", \"params\": {\"default_index_pattern\": \"metricbeat-*\", \"axis_formatter\": \"number\", \"show_legend\": 1, \"filter\": {\"language\": \"kuery\", \"query\": \"azure.resource.type : \\\"Microsoft.DocumentDb/databaseAccounts\\\"   \"}, \"isModelInvalid\": false, \"id\": \"e9a40230-32e9-11ea-bda2-69435df36a5c\", \"index_pattern\": \"metricbeat-*\", \"time_field\": \"@timestamp\", \"axis_min\": 0, \"axis_scale\": \"normal\", \"axis_position\": \"left\", \"default_timefield\": \"@timestamp\", \"type\": \"timeseries\", \"series\": [{\"terms_field\": \"azure.dimensions.database_name\", \"split_color_mode\": \"rainbow\", \"color\": \"#3185FC\", \"filter\": {\"language\": \"kuery\", \"query\": \"\"}, \"terms_exclude\": \"\\\"<empty>\\\"\", \"line_width\": \"2\", \"axis_position\": \"right\", \"id\": \"e9a40231-32e9-11ea-bda2-69435df36a5c\", \"terms_order_by\": \"_count\", \"stacked\": \"none\", \"type\": \"timeseries\", \"split_mode\": \"terms\", \"metrics\": [{\"type\": \"avg\", \"field\": \"azure.database_account.data_usage.total\", \"id\": \"e9a40232-32e9-11ea-bda2-69435df36a5c\"}], \"separate_axis\": 0, \"point_size\": 0, \"value_template\": \"{{value}}\", \"chart_type\": \"line\", \"fill\": \"0\", \"formatter\": \"bytes\", \"label\": \"Data Usage\"}], \"interval\": \">=5m\", \"show_grid\": 1}}"
            },
            "id": "a49b4e20-8490-11ea-b181-4b1a9e0110f9",
            "migrationVersion": {
                "visualization": "7.4.2"
            },
            "references": [],
            "type": "visualization",
            "updated_at": "2020-04-23T11:58:07.195Z",
            "version": "WzcxODEsMTNd"
        },
        {
            "attributes": {
                "description": "",
                "kibanaSavedObjectMeta": {
                    "searchSourceJSON": "{\"query\": {\"language\": \"kuery\", \"query\": \"\"}, \"filter\": []}"
                },
                "title": "Database Account Index Usage [Metricbeat Azure]",
                "uiStateJSON": "{}",
                "version": 1,
                "visState": "{\"aggs\": [], \"type\": \"metrics\", \"title\": \"Database Account Index Usage [Metricbeat Azure]\", \"params\": {\"default_index_pattern\": \"metricbeat-*\", \"axis_formatter\": \"number\", \"show_legend\": 1, \"filter\": {\"language\": \"kuery\", \"query\": \"azure.resource.type : \\\"Microsoft.DocumentDb/databaseAccounts\\\"   \"}, \"isModelInvalid\": false, \"id\": \"e9a40230-32e9-11ea-bda2-69435df36a5c\", \"index_pattern\": \"metricbeat-*\", \"time_field\": \"@timestamp\", \"axis_min\": 0, \"axis_scale\": \"normal\", \"axis_position\": \"left\", \"default_timefield\": \"@timestamp\", \"type\": \"timeseries\", \"series\": [{\"terms_field\": \"azure.dimensions.database_name\", \"split_color_mode\": \"rainbow\", \"color\": \"rgba(176,188,0,1)\", \"filter\": {\"language\": \"kuery\", \"query\": \"\"}, \"terms_exclude\": \"\\\"<empty>\\\"\", \"line_width\": \"2\", \"axis_position\": \"right\", \"id\": \"e9a40231-32e9-11ea-bda2-69435df36a5c\", \"terms_order_by\": \"_count\", \"stacked\": \"none\", \"type\": \"timeseries\", \"split_mode\": \"terms\", \"metrics\": [{\"type\": \"avg\", \"field\": \"azure.database_account.index_usage.total\", \"id\": \"e9a40232-32e9-11ea-bda2-69435df36a5c\"}], \"separate_axis\": 0, \"point_size\": 0, \"value_template\": \"{{value}}\", \"chart_type\": \"line\", \"fill\": \"0\", \"formatter\": \"bytes\", \"label\": \"Index Usage\"}], \"interval\": \">=5m\", \"show_grid\": 1}}"
            },
            "id": "d2801d70-8490-11ea-b181-4b1a9e0110f9",
            "migrationVersion": {
                "visualization": "7.4.2"
            },
            "references": [],
            "type": "visualization",
            "updated_at": "2020-04-23T11:59:31.862Z",
            "version": "WzcyMDEsMTNd"
        },
        {
            "attributes": {
                "description": "",
                "kibanaSavedObjectMeta": {
                    "searchSourceJSON": "{}"
                },
                "title": "Database Account Filters [Metricbeat Azure]",
                "uiStateJSON": "{}",
                "version": 1,
                "visState": "{\"aggs\": [], \"type\": \"input_control_vis\", \"title\": \"Database Account Filters [Metricbeat Azure]\", \"params\": {\"controls\": [{\"indexPatternRefName\": \"control_0_index_pattern\", \"type\": \"list\", \"parent\": \"\", \"options\": {\"dynamicOptions\": true, \"size\": 5, \"multiselect\": false, \"order\": \"desc\", \"type\": \"terms\"}, \"id\": \"1584710440054\", \"fieldName\": \"azure.subscription_id\", \"label\": \"Subscription\"}, {\"indexPatternRefName\": \"control_1_index_pattern\", \"type\": \"list\", \"parent\": \"\", \"options\": {\"dynamicOptions\": true, \"size\": 5, \"multiselect\": false, \"order\": \"desc\", \"type\": \"terms\"}, \"id\": \"1584710497045\", \"fieldName\": \"azure.resource.group\", \"label\": \"Resource Group\"}, {\"indexPatternRefName\": \"control_2_index_pattern\", \"type\": \"list\", \"parent\": \"\", \"options\": {\"dynamicOptions\": true, \"size\": 5, \"multiselect\": false, \"order\": \"desc\", \"type\": \"terms\"}, \"id\": \"1584710535722\", \"fieldName\": \"azure.resource.name\", \"label\": \"Resource\"}, {\"indexPatternRefName\": \"control_3_index_pattern\", \"type\": \"list\", \"parent\": \"1584710535722\", \"options\": {\"dynamicOptions\": true, \"size\": 5, \"multiselect\": true, \"order\": \"desc\", \"type\": \"terms\"}, \"id\": \"1587643606086\", \"fieldName\": \"azure.dimensions.database_name\", \"label\": \"Database\"}], \"updateFiltersOnChange\": true, \"pinFilters\": false, \"useTimeFilter\": false}}"
            },
            "id": "674c1d70-83cc-11ea-be84-f5d4d6b9a792",
            "migrationVersion": {
                "visualization": "7.4.2"
            },
            "references": [
                {
                    "id": "metricbeat-*",
                    "name": "control_0_index_pattern",
                    "type": "index-pattern"
                },
                {
                    "id": "metricbeat-*",
                    "name": "control_1_index_pattern",
                    "type": "index-pattern"
                },
                {
                    "id": "metricbeat-*",
                    "name": "control_2_index_pattern",
                    "type": "index-pattern"
                },
                {
                    "id": "metricbeat-*",
                    "name": "control_3_index_pattern",
                    "type": "index-pattern"
                }
            ],
            "type": "visualization",
            "updated_at": "2020-04-23T12:08:07.587Z",
            "version": "WzcyNDAsMTNd"
        },
        {
            "attributes": {
                "description": "",
                "kibanaSavedObjectMeta": {
                    "searchSourceJSON": "{\"query\": {\"language\": \"kuery\", \"query\": \"\"}, \"filter\": []}"
                },
                "title": "Database Account Total Requests [Metricbeat Azure]",
                "uiStateJSON": "{}",
                "version": 1,
                "visState": "{\"aggs\": [], \"type\": \"metrics\", \"title\": \"Database Account Total Requests [Metricbeat Azure]\", \"params\": {\"default_index_pattern\": \"metricbeat-*\", \"axis_formatter\": \"number\", \"show_legend\": 1, \"filter\": {\"language\": \"kuery\", \"query\": \"azure.resource.type : \\\"Microsoft.DocumentDb/databaseAccounts\\\"   \"}, \"isModelInvalid\": false, \"id\": \"e9a40230-32e9-11ea-bda2-69435df36a5c\", \"index_pattern\": \"metricbeat-*\", \"time_field\": \"@timestamp\", \"axis_min\": 0, \"axis_scale\": \"normal\", \"axis_position\": \"left\", \"default_timefield\": \"@timestamp\", \"type\": \"timeseries\", \"series\": [{\"terms_field\": \"azure.dimensions.database_name\", \"split_color_mode\": \"rainbow\", \"color\": \"rgba(211,49,21,1)\", \"filter\": {\"language\": \"kuery\", \"query\": \"\"}, \"terms_exclude\": \"\\\"<empty>\\\"\", \"line_width\": \"2\", \"axis_position\": \"right\", \"id\": \"e9a40231-32e9-11ea-bda2-69435df36a5c\", \"terms_order_by\": \"_count\", \"stacked\": \"none\", \"type\": \"timeseries\", \"split_mode\": \"terms\", \"metrics\": [{\"type\": \"avg\", \"field\": \"azure.database_account.total_requests.count\", \"id\": \"e9a40232-32e9-11ea-bda2-69435df36a5c\"}], \"separate_axis\": 0, \"point_size\": 0, \"value_template\": \"{{value}}\", \"chart_type\": \"line\", \"fill\": \"0\", \"formatter\": \"number\", \"label\": \"Total Requests\"}], \"interval\": \">=5m\", \"show_grid\": 1}}"
            },
            "id": "a16b5900-8492-11ea-b181-4b1a9e0110f9",
            "migrationVersion": {
                "visualization": "7.4.2"
            },
            "references": [],
            "type": "visualization",
            "updated_at": "2020-04-23T12:00:24.232Z",
            "version": "WzcyMTEsMTNd"
        },
        {
            "attributes": {
                "description": "",
                "kibanaSavedObjectMeta": {
                    "searchSourceJSON": "{\"query\": {\"language\": \"kuery\", \"query\": \"\"}, \"filter\": []}"
                },
                "title": "Database Account Document Count [Metricbeat Azure]",
                "uiStateJSON": "{}",
                "version": 1,
                "visState": "{\"aggs\": [], \"type\": \"metrics\", \"title\": \"Database Account Document Count [Metricbeat Azure]\", \"params\": {\"default_index_pattern\": \"metricbeat-*\", \"axis_formatter\": \"number\", \"show_legend\": 1, \"filter\": {\"language\": \"kuery\", \"query\": \"azure.resource.type : \\\"Microsoft.DocumentDb/databaseAccounts\\\"   \"}, \"isModelInvalid\": false, \"id\": \"e9a40230-32e9-11ea-bda2-69435df36a5c\", \"index_pattern\": \"metricbeat-*\", \"time_field\": \"@timestamp\", \"axis_min\": 0, \"axis_scale\": \"normal\", \"axis_position\": \"left\", \"default_timefield\": \"@timestamp\", \"type\": \"timeseries\", \"series\": [{\"terms_field\": \"azure.dimensions.database_name\", \"split_color_mode\": \"rainbow\", \"color\": \"rgba(102,102,102,1)\", \"filter\": {\"language\": \"kuery\", \"query\": \"\"}, \"terms_exclude\": \"\\\"<empty>\\\"\", \"line_width\": \"2\", \"axis_position\": \"right\", \"id\": \"e9a40231-32e9-11ea-bda2-69435df36a5c\", \"terms_order_by\": \"_count\", \"stacked\": \"none\", \"type\": \"timeseries\", \"split_mode\": \"terms\", \"metrics\": [{\"type\": \"avg\", \"field\": \"azure.database_account.document_count.total\", \"id\": \"e9a40232-32e9-11ea-bda2-69435df36a5c\"}], \"separate_axis\": 0, \"point_size\": 0, \"value_template\": \"{{value}} \", \"chart_type\": \"line\", \"fill\": \"0\", \"formatter\": \"number\", \"label\": \"Document Count\"}], \"interval\": \">=5m\", \"show_grid\": 1}}"
            },
            "id": "d3ac7d90-8492-11ea-b181-4b1a9e0110f9",
            "migrationVersion": {
                "visualization": "7.4.2"
            },
            "references": [],
            "type": "visualization",
            "updated_at": "2020-04-23T12:05:03.644Z",
            "version": "WzcyMjEsMTNd"
        },
        {
            "attributes": {
                "description": "",
                "kibanaSavedObjectMeta": {
                    "searchSourceJSON": "{\"query\": {\"language\": \"kuery\", \"query\": \"\"}, \"filter\": []}"
                },
                "title": "Database Account Available Storage [Metricbeat Azure]",
                "uiStateJSON": "{}",
                "version": 1,
                "visState": "{\"aggs\": [], \"type\": \"metrics\", \"title\": \"Database Account Available Storage [Metricbeat Azure]\", \"params\": {\"default_index_pattern\": \"metricbeat-*\", \"axis_formatter\": \"number\", \"show_legend\": 1, \"filter\": {\"language\": \"kuery\", \"query\": \"azure.resource.type : \\\"Microsoft.DocumentDb/databaseAccounts\\\"   \"}, \"isModelInvalid\": false, \"id\": \"e9a40230-32e9-11ea-bda2-69435df36a5c\", \"index_pattern\": \"metricbeat-*\", \"time_field\": \"@timestamp\", \"axis_min\": 0, \"axis_scale\": \"normal\", \"axis_position\": \"left\", \"default_timefield\": \"@timestamp\", \"type\": \"timeseries\", \"series\": [{\"terms_field\": \"azure.dimensions.database_name\", \"split_color_mode\": \"rainbow\", \"color\": \"rgba(101,50,148,1)\", \"terms_exclude\": \"\\\"<empty>\\\"\", \"line_width\": \"2\", \"axis_position\": \"right\", \"id\": \"e9a40231-32e9-11ea-bda2-69435df36a5c\", \"terms_order_by\": \"e9a40232-32e9-11ea-bda2-69435df36a5c\", \"stacked\": \"none\", \"type\": \"timeseries\", \"split_mode\": \"terms\", \"metrics\": [{\"type\": \"avg\", \"field\": \"azure.database_account.available_storage.total\", \"id\": \"e9a40232-32e9-11ea-bda2-69435df36a5c\"}], \"separate_axis\": 0, \"point_size\": 0, \"value_template\": \"{{value}}\", \"chart_type\": \"line\", \"fill\": \"0\", \"formatter\": \"bytes\", \"label\": \"Available storage\"}], \"interval\": \">=5m\", \"show_grid\": 1}}"
            },
            "id": "81f16b40-32ea-11ea-a83e-25b8612d00cc",
            "migrationVersion": {
                "visualization": "7.4.2"
            },
            "references": [],
            "type": "visualization",
            "updated_at": "2020-04-23T12:05:58.477Z",
            "version": "WzcyMzMsMTNd"
        },
        {
            "attributes": {
                "description": "",
                "kibanaSavedObjectMeta": {
                    "searchSourceJSON": "{\"indexRefName\": \"kibanaSavedObjectMeta.searchSourceJSON.index\"}"
                },
                "title": " Database Account Requests By Status Code [Metricbeat Azure]",
                "uiStateJSON": "{}",
                "version": 1,
                "visState": "{\"aggs\": [{\"type\": \"avg\", \"enabled\": true, \"id\": \"1\", \"schema\": \"metric\", \"params\": {\"field\": \"azure.database_account.total_requests.count\", \"customLabel\": \"Total Requests\"}}, {\"type\": \"terms\", \"enabled\": true, \"id\": \"2\", \"schema\": \"group\", \"params\": {\"orderBy\": \"_key\", \"otherBucketLabel\": \"Other\", \"field\": \"azure.dimensions.status_code\", \"order\": \"desc\", \"size\": 5, \"customLabel\": \"Status Codes\", \"otherBucket\": false, \"missingBucketLabel\": \"Missing\", \"missingBucket\": false}}, {\"type\": \"terms\", \"enabled\": true, \"id\": \"3\", \"schema\": \"split\", \"params\": {\"orderBy\": \"_key\", \"otherBucketLabel\": \"Other\", \"field\": \"azure.dimensions.database_name\", \"order\": \"desc\", \"size\": 5, \"customLabel\": \"Database\", \"otherBucket\": false, \"missingBucketLabel\": \"Missing\", \"row\": false, \"missingBucket\": false}}], \"type\": \"histogram\", \"title\": \" Database Account Requests By Status Code [Metricbeat Azure]\", \"params\": {\"addLegend\": true, \"seriesParams\": [{\"valueAxis\": \"ValueAxis-1\", \"drawLinesBetweenPoints\": true, \"type\": \"histogram\", \"showCircles\": true, \"mode\": \"stacked\", \"data\": {\"id\": \"1\", \"label\": \"Total Requests\"}, \"lineWidth\": 2, \"show\": true}], \"addTooltip\": false, \"times\": [], \"addTimeMarker\": false, \"dimensions\": {\"x\": null, \"splitColumn\": [{\"accessor\": 1, \"format\": {\"id\": \"terms\", \"params\": {\"otherBucketLabel\": \"Other\", \"id\": \"string\", \"parsedUrl\": {\"pathname\": \"/app/kibana\", \"origin\": \"http://localhost:5601\", \"basePath\": \"\"}, \"missingBucketLabel\": \"Missing\"}}, \"aggType\": \"terms\", \"params\": {}, \"label\": \"Database\"}], \"y\": [{\"accessor\": 2, \"format\": {\"id\": \"number\", \"params\": {\"parsedUrl\": {\"pathname\": \"/app/kibana\", \"origin\": \"http://localhost:5601\", \"basePath\": \"\"}}}, \"aggType\": \"avg\", \"params\": {}, \"label\": \"Total Requests\"}], \"series\": [{\"accessor\": 0, \"format\": {\"id\": \"terms\", \"params\": {\"otherBucketLabel\": \"Other\", \"id\": \"string\", \"parsedUrl\": {\"pathname\": \"/app/kibana\", \"origin\": \"http://localhost:5601\", \"basePath\": \"\"}, \"missingBucketLabel\": \"Missing\"}}, \"aggType\": \"terms\", \"params\": {}, \"label\": \"Status Codes\"}]}, \"labels\": {\"show\": false}, \"grid\": {\"categoryLines\": false}, \"valueAxes\": [{\"show\": true, \"labels\": {\"truncate\": 100, \"show\": true, \"rotate\": 0, \"filter\": false}, \"title\": {\"text\": \"Total Requests\"}, \"style\": {}, \"position\": \"left\", \"scale\": {\"type\": \"linear\", \"mode\": \"normal\"}, \"id\": \"ValueAxis-1\", \"name\": \"LeftAxis-1\", \"type\": \"value\"}], \"type\": \"histogram\", \"thresholdLine\": {\"width\": 1, \"show\": false, \"value\": 10, \"color\": \"#E7664C\", \"style\": \"full\"}, \"legendPosition\": \"right\", \"categoryAxes\": [{\"show\": false, \"labels\": {\"truncate\": 100, \"show\": true, \"filter\": true}, \"title\": {}, \"style\": {}, \"scale\": {\"type\": \"linear\"}, \"id\": \"CategoryAxis-1\", \"position\": \"bottom\", \"type\": \"category\"}]}}"
            },
            "id": "037382e0-856e-11ea-91bc-ab084c7ec0e7",
            "migrationVersion": {
                "visualization": "7.4.2"
            },
            "references": [
                {
                    "id": "metricbeat-*",
                    "name": "kibanaSavedObjectMeta.searchSourceJSON.index",
                    "type": "index-pattern"
                }
            ],
            "type": "visualization",
            "updated_at": "2020-04-23T14:23:33.900Z",
            "version": "WzczNDMsMTNd"
        }
    ],
    "version": "7.6.0"
}