{
    "objects": [
        {
            "attributes": {
                "description": "This dashboards shows ASP.NET and SQL Server specific metrics extracted from the azure.vm.windows.guestmetrics namespace",
                "hits": 0,
                "kibanaSavedObjectMeta": {
                    "searchSourceJSON": "{\"query\": {\"language\": \"kuery\", \"query\": \"\"}, \"filter\": []}"
                },
                "optionsJSON": "{\"useMargins\": true, \"hidePanelTitles\": false}",
                "panelsJSON": "[{\"gridData\": {\"w\": 6, \"x\": 0, \"y\": 0, \"i\": \"b7b8bcc1-f776-45cf-a149-36665f2de746\", \"h\": 12}, \"panelIndex\": \"b7b8bcc1-f776-45cf-a149-36665f2de746\", \"title\": \"Filters\", \"embeddableConfig\": {\"title\": \"Filters\"}, \"panelRefName\": \"panel_0\", \"version\": \"7.4.0\"}, {\"gridData\": {\"w\": 18, \"x\": 6, \"y\": 0, \"i\": \"bc65dd87-08f6-49f7-b8bf-0d371431ad4d\", \"h\": 12}, \"panelIndex\": \"bc65dd87-08f6-49f7-b8bf-0d371431ad4d\", \"title\": \"Applications Running\", \"embeddableConfig\": {\"title\": \"Applications Running\"}, \"panelRefName\": \"panel_1\", \"version\": \"7.4.0\"}, {\"gridData\": {\"w\": 24, \"x\": 24, \"y\": 0, \"i\": \"6a5abca9-1cfd-45ef-aa88-9b4a72ce2dca\", \"h\": 12}, \"panelIndex\": \"6a5abca9-1cfd-45ef-aa88-9b4a72ce2dca\", \"title\": \"SQL Server User Connections\", \"embeddableConfig\": {\"title\": \"SQL Server User Connections\"}, \"panelRefName\": \"panel_2\", \"version\": \"7.4.0\"}, {\"gridData\": {\"w\": 12, \"x\": 0, \"y\": 12, \"i\": \"5c0158cc-c884-4665-8bbf-7fc34d885d55\", \"h\": 12}, \"panelIndex\": \"5c0158cc-c884-4665-8bbf-7fc34d885d55\", \"title\": \"Application Requests\", \"embeddableConfig\": {\"title\": \"Application Requests\"}, \"panelRefName\": \"panel_3\", \"version\": \"7.4.0\"}, {\"gridData\": {\"w\": 12, \"x\": 12, \"y\": 12, \"i\": \"03c9cff0-b2ec-4dd1-9a2f-db7f441e5e71\", \"h\": 12}, \"panelIndex\": \"03c9cff0-b2ec-4dd1-9a2f-db7f441e5e71\", \"title\": \"Application Error Rates\", \"embeddableConfig\": {\"title\": \"Application Error Rates\"}, \"panelRefName\": \"panel_4\", \"version\": \"7.4.0\"}, {\"gridData\": {\"w\": 24, \"x\": 24, \"y\": 12, \"i\": \"aaa96404-80de-44dc-990c-76bf40d3827b\", \"h\": 12}, \"panelIndex\": \"aaa96404-80de-44dc-990c-76bf40d3827b\", \"title\": \"SQL Server Total Server Memory\", \"embeddableConfig\": {\"title\": \"SQL Server Total Server Memory\"}, \"panelRefName\": \"panel_5\", \"version\": \"7.4.0\"}, {\"gridData\": {\"w\": 24, \"x\": 0, \"y\": 24, \"i\": \"b89c7551-e0e1-4642-ac18-01322ea72db8\", \"h\": 12}, \"panelIndex\": \"b89c7551-e0e1-4642-ac18-01322ea72db8\", \"title\": \"Application Sessions\", \"embeddableConfig\": {\"title\": \"Application Sessions\"}, \"panelRefName\": \"panel_6\", \"version\": \"7.4.0\"}, {\"gridData\": {\"w\": 24, \"x\": 24, \"y\": 24, \"i\": \"43effd82-fc6a-4d11-bd1e-d3b12a34cbce\", \"h\": 12}, \"panelIndex\": \"43effd82-fc6a-4d11-bd1e-d3b12a34cbce\", \"title\": \"SQL Server Page Reads/Writes\", \"embeddableConfig\": {\"title\": \"SQL Server Page Reads/Writes\"}, \"panelRefName\": \"panel_7\", \"version\": \"7.4.0\"}]",
                "timeRestore": false,
                "title": "[Metricbeat Azure] VM Guest Metrics Overview",
                "version": 1
            },
            "id": "a6f5d430-eaa6-11e9-90ec-112a988266d5",
            "migrationVersion": {
                "dashboard": "7.3.0"
            },
            "references": [
                {
                    "id": "5031b220-eb61-11e9-90ec-112a988266d5",
                    "name": "panel_0",
                    "type": "visualization"
                },
                {
                    "id": "1f5c1cd0-eaa3-11e9-90ec-112a988266d5",
                    "name": "panel_1",
                    "type": "visualization"
                },
                {
                    "id": "0aacc190-eaa8-11e9-90ec-112a988266d5",
                    "name": "panel_2",
                    "type": "visualization"
                },
                {
                    "id": "097bc300-eaa5-11e9-90ec-112a988266d5",
                    "name": "panel_3",
                    "type": "visualization"
                },
                {
                    "id": "6d52a660-eaa4-11e9-90ec-112a988266d5",
                    "name": "panel_4",
                    "type": "visualization"
                },
                {
                    "id": "d7ea4290-eaa8-11e9-90ec-112a988266d5",
                    "name": "panel_5",
                    "type": "visualization"
                },
                {
                    "id": "b9aa9b20-eaa5-11e9-90ec-112a988266d5",
                    "name": "panel_6",
                    "type": "visualization"
                },
                {
                    "id": "787a0a20-eaa8-11e9-90ec-112a988266d5",
                    "name": "panel_7",
                    "type": "visualization"
                }
            ],
            "type": "dashboard",
            "updated_at": "2019-10-15T11:58:39.685Z",
            "version": "WzMyMjQsMV0="
        },
        {
            "attributes": {
                "description": "",
                "kibanaSavedObjectMeta": {
                    "searchSourceJSON": "{\"query\": {\"language\": \"kuery\", \"query\": \"\"}, \"filter\": []}"
                },
                "title": "VM Filters [Metricbeat Azure]",
                "uiStateJSON": "{}",
                "version": 1,
                "visState": "{\"aggs\": [], \"type\": \"input_control_vis\", \"title\": \"VM Filters [Metricbeat Azure]\", \"params\": {\"controls\": [{\"indexPatternRefName\": \"control_0_index_pattern\", \"type\": \"list\", \"parent\": \"\", \"options\": {\"dynamicOptions\": true, \"size\": 5, \"multiselect\": true, \"order\": \"desc\", \"type\": \"terms\"}, \"id\": \"1549397251041\", \"fieldName\": \"cloud.region\", \"label\": \"Region\"}, {\"indexPatternRefName\": \"control_1_index_pattern\", \"type\": \"list\", \"parent\": \"\", \"options\": {\"dynamicOptions\": true, \"size\": 5, \"multiselect\": true, \"order\": \"desc\", \"type\": \"terms\"}, \"id\": \"1549512142947\", \"fieldName\": \"azure.resource.group\", \"label\": \"Resource Group\"}, {\"indexPatternRefName\": \"control_2_index_pattern\", \"type\": \"list\", \"parent\": \"\", \"options\": {\"dynamicOptions\": true, \"size\": 5, \"multiselect\": true, \"order\": \"desc\", \"type\": \"terms\"}, \"id\": \"1570774891724\", \"fieldName\": \"azure.resource.name\", \"label\": \"VM Name\"}], \"updateFiltersOnChange\": true, \"pinFilters\": false, \"useTimeFilter\": false}}"
            },
            "id": "5031b220-eb61-11e9-90ec-112a988266d5",
            "migrationVersion": {
                "visualization": "7.3.1"
            },
            "references": [
                {
                    "id": "metricbeat-*",
                    "name": "control_0_index_pattern",
                    "type": "index-pattern"
                },
                {
                    "id": "metricbeat-*",
                    "name": "control_1_index_pattern",
                    "type": "index-pattern"
                },
                {
                    "id": "metricbeat-*",
                    "name": "control_2_index_pattern",
                    "type": "index-pattern"
                }
            ],
            "type": "visualization",
            "updated_at": "2019-10-11T06:35:45.645Z",
            "version": "WzE0ODMsMV0="
        },
        {
            "attributes": {
                "description": "",
                "kibanaSavedObjectMeta": {
                    "searchSourceJSON": "{\"query\": {\"language\": \"kuery\", \"query\": \"\"}, \"filter\": []}"
                },
                "title": "ASP.NET Applications Running [Metricbeat Azure]",
                "uiStateJSON": "{}",
                "version": 1,
                "visState": "{\"aggs\": [], \"type\": \"metrics\", \"title\": \"ASP.NET Applications Running [Metricbeat Azure]\", \"params\": {\"axis_formatter\": \"number\", \"id\": \"d1acb8f0-eaa2-11e9-a229-c9171499dcc6\", \"isModelInvalid\": false, \"index_pattern\": \"metricbeat-*\", \"gauge_color_rules\": [{\"id\": \"07485320-eaa3-11e9-8742-b533e334ee9a\"}], \"time_field\": \"@timestamp\", \"axis_min\": 0, \"axis_position\": \"left\", \"default_timefield\": \"@timestamp\", \"gauge_style\": \"half\", \"default_index_pattern\": \"metricbeat-*\", \"bar_color_rules\": [{\"id\": \"03eec7e0-eaa3-11e9-8742-b533e334ee9a\"}], \"filter\": {\"language\": \"kuery\", \"query\": \"azure.resource.type : \\\"Microsoft.Compute/virtualMachines\\\" \"}, \"show_legend\": 1, \"background_color_rules\": [{\"id\": \"04bf3740-eaa3-11e9-8742-b533e334ee9a\"}], \"gauge_inner_width\": 10, \"interval\": \">=5m\", \"axis_scale\": \"normal\", \"show_grid\": 1, \"gauge_width\": 10, \"type\": \"timeseries\", \"series\": [{\"color\": \"#3185FC\", \"line_width\": \"1\", \"axis_position\": \"right\", \"id\": \"d1acb8f1-eaa2-11e9-a229-c9171499dcc6\", \"stacked\": \"none\", \"type\": \"timeseries\", \"split_mode\": \"everything\", \"metrics\": [{\"type\": \"max\", \"field\": \"azure.compute_vm.asp_net_applications_running.avg\", \"id\": \"d1acb8f2-eaa2-11e9-a229-c9171499dcc6\"}], \"separate_axis\": 0, \"point_size\": 0, \"value_template\": \"{{value}}\", \"chart_type\": \"line\", \"fill\": \"0.2\", \"formatter\": \"number\", \"label\": \"applications running\"}]}}"
            },
            "id": "1f5c1cd0-eaa3-11e9-90ec-112a988266d5",
            "migrationVersion": {
                "visualization": "7.3.1"
            },
            "references": [],
            "type": "visualization",
            "updated_at": "2019-10-15T11:56:33.857Z",
            "version": "WzMyMTEsMV0="
        },
        {
            "attributes": {
                "description": "",
                "kibanaSavedObjectMeta": {
                    "searchSourceJSON": "{\"query\": {\"language\": \"kuery\", \"query\": \"\"}, \"filter\": []}"
                },
                "title": "SQL Server User Connections [Metricbeat Azure]",
                "uiStateJSON": "{}",
                "version": 1,
                "visState": "{\"aggs\": [], \"type\": \"metrics\", \"title\": \"SQL Server User Connections [Metricbeat Azure]\", \"params\": {\"default_index_pattern\": \"metricbeat-*\", \"axis_formatter\": \"number\", \"show_legend\": 1, \"filter\": {\"language\": \"kuery\", \"query\": \"azure.resource.type :\\\"Microsoft.Compute/virtualMachines\\\" \"}, \"isModelInvalid\": false, \"id\": \"da495db0-eaa7-11e9-a88b-4b683ca3087b\", \"index_pattern\": \"metricbeat-*\", \"time_field\": \"@timestamp\", \"axis_min\": 0, \"axis_scale\": \"normal\", \"axis_position\": \"left\", \"default_timefield\": \"@timestamp\", \"type\": \"timeseries\", \"series\": [{\"color\": \"#3185FC\", \"line_width\": 2, \"axis_position\": \"right\", \"id\": \"da495db1-eaa7-11e9-a88b-4b683ca3087b\", \"stacked\": \"none\", \"split_mode\": \"everything\", \"metrics\": [{\"type\": \"avg\", \"field\": \"azure.compute_vm.sqlserver_general_statistics_user_connections.avg\", \"id\": \"da495db2-eaa7-11e9-a88b-4b683ca3087b\"}], \"separate_axis\": 0, \"point_size\": 0, \"value_template\": \"{{value}}\", \"chart_type\": \"line\", \"fill\": 0, \"formatter\": \"number\", \"label\": \"connections\"}], \"interval\": \">=5m\", \"show_grid\": 1}}"
            },
            "id": "0aacc190-eaa8-11e9-90ec-112a988266d5",
            "migrationVersion": {
                "visualization": "7.3.1"
            },
            "references": [],
            "type": "visualization",
            "updated_at": "2019-10-15T11:56:54.774Z",
            "version": "WzMyMTMsMV0="
        },
        {
            "attributes": {
                "description": "",
                "kibanaSavedObjectMeta": {
                    "searchSourceJSON": "{\"query\": {\"language\": \"kuery\", \"query\": \"\"}, \"filter\": []}"
                },
                "title": "ASP.NET Application Requests [Metricbeat Azure]",
                "uiStateJSON": "{}",
                "version": 1,
                "visState": "{\"aggs\": [], \"type\": \"metrics\", \"title\": \"ASP.NET Application Requests [Metricbeat Azure]\", \"params\": {\"default_index_pattern\": \"metricbeat-*\", \"axis_formatter\": \"number\", \"show_legend\": 1, \"filter\": {\"language\": \"kuery\", \"query\": \"azure.resource.type : \\\"Microsoft.Compute/virtualMachines\\\" \"}, \"isModelInvalid\": false, \"id\": \"be74e9e0-eaa4-11e9-8923-850d87d8e766\", \"index_pattern\": \"metricbeat-*\", \"time_field\": \"@timestamp\", \"axis_min\": 0, \"axis_scale\": \"normal\", \"axis_position\": \"left\", \"default_timefield\": \"@timestamp\", \"type\": \"timeseries\", \"series\": [{\"color\": \"rgba(254,146,0,1)\", \"line_width\": 2, \"axis_position\": \"right\", \"id\": \"be74e9e1-eaa4-11e9-8923-850d87d8e766\", \"stacked\": \"none\", \"split_mode\": \"everything\", \"metrics\": [{\"type\": \"avg\", \"field\": \"azure.compute_vm.asp_net_applications_requests_timed_out.avg\", \"id\": \"be74e9e2-eaa4-11e9-8923-850d87d8e766\"}], \"separate_axis\": 0, \"point_size\": 0, \"value_template\": \"{{value}}\", \"chart_type\": \"line\", \"fill\": 0, \"formatter\": \"number\", \"label\": \"timed out\"}, {\"color\": \"#DB1374\", \"line_width\": 2, \"axis_position\": \"right\", \"id\": \"be74e9e3-eaa4-11e9-8923-850d87d8e766\", \"stacked\": \"none\", \"split_mode\": \"everything\", \"metrics\": [{\"type\": \"avg\", \"field\": \"azure.compute_vm.asp_net_applications_requests_failed.avg\", \"id\": \"be74e9e4-eaa4-11e9-8923-850d87d8e766\"}], \"separate_axis\": 0, \"point_size\": 0, \"value_template\": \"{{value}}\", \"chart_type\": \"line\", \"fill\": 0, \"formatter\": \"number\", \"label\": \"failed\"}, {\"color\": \"#00B3A4\", \"line_width\": 2, \"axis_position\": \"right\", \"id\": \"be7510f0-eaa4-11e9-8923-850d87d8e766\", \"stacked\": \"none\", \"split_mode\": \"everything\", \"metrics\": [{\"type\": \"avg\", \"field\": \"azure.compute_vm.asp_net_applications_requests_succeeded.avg\", \"id\": \"be7510f1-eaa4-11e9-8923-850d87d8e766\"}], \"separate_axis\": 0, \"point_size\": 0, \"value_template\": \"{{value}}\", \"chart_type\": \"line\", \"fill\": 0, \"formatter\": \"number\", \"label\": \"succeeded\"}, {\"color\": \"#490092\", \"line_width\": 2, \"axis_position\": \"right\", \"id\": \"be7510f2-eaa4-11e9-8923-850d87d8e766\", \"stacked\": \"none\", \"split_mode\": \"everything\", \"metrics\": [{\"type\": \"avg\", \"field\": \"azure.compute_vm.asp_net_applications_requests_total.avg\", \"id\": \"be7510f3-eaa4-11e9-8923-850d87d8e766\"}], \"separate_axis\": 0, \"point_size\": 0, \"value_template\": \"{{value}}\", \"chart_type\": \"line\", \"fill\": 0, \"formatter\": \"number\", \"label\": \"total\"}], \"interval\": \">=5m\", \"show_grid\": 1}}"
            },
            "id": "097bc300-eaa5-11e9-90ec-112a988266d5",
            "migrationVersion": {
                "visualization": "7.3.1"
            },
            "references": [],
            "type": "visualization",
            "updated_at": "2019-10-15T11:57:11.237Z",
            "version": "WzMyMTUsMV0="
        },
        {
            "attributes": {
                "description": "",
                "kibanaSavedObjectMeta": {
                    "searchSourceJSON": "{\"query\": {\"language\": \"kuery\", \"query\": \"\"}, \"filter\": []}"
                },
                "title": "ASP.NET Application Error Rates [Metricbeat Azure]",
                "uiStateJSON": "{}",
                "version": 1,
                "visState": "{\"aggs\": [], \"type\": \"metrics\", \"title\": \"ASP.NET Application Error Rates [Metricbeat Azure]\", \"params\": {\"default_index_pattern\": \"metricbeat-*\", \"axis_formatter\": \"number\", \"show_legend\": 1, \"filter\": {\"language\": \"kuery\", \"query\": \"azure.resource.type : \\\"Microsoft.Compute/virtualMachines\\\" \"}, \"isModelInvalid\": false, \"id\": \"29576400-eaa4-11e9-a2d3-e7a00bbd3c18\", \"index_pattern\": \"metricbeat-*\", \"time_field\": \"@timestamp\", \"axis_min\": 0, \"axis_scale\": \"normal\", \"axis_position\": \"left\", \"default_timefield\": \"@timestamp\", \"type\": \"timeseries\", \"series\": [{\"color\": \"rgba(244,78,59,1)\", \"filter\": {\"language\": \"kuery\", \"query\": \"\"}, \"line_width\": \"1\", \"axis_position\": \"right\", \"id\": \"29578b10-eaa4-11e9-a2d3-e7a00bbd3c18\", \"stacked\": \"none\", \"split_mode\": \"everything\", \"metrics\": [{\"type\": \"avg\", \"field\": \"azure.compute_vm.asp_net_applications_errors_total.avg\", \"id\": \"29578b11-eaa4-11e9-a2d3-e7a00bbd3c18\"}], \"separate_axis\": 0, \"point_size\": 0, \"value_template\": \"{{value}}\", \"chart_type\": \"line\", \"fill\": \"0.2\", \"formatter\": \"number\", \"label\": \"errors\"}], \"interval\": \">=5m\", \"show_grid\": 1}}"
            },
            "id": "6d52a660-eaa4-11e9-90ec-112a988266d5",
            "migrationVersion": {
                "visualization": "7.3.1"
            },
            "references": [],
            "type": "visualization",
            "updated_at": "2019-10-15T11:57:29.302Z",
            "version": "WzMyMTcsMV0="
        },
        {
            "attributes": {
                "description": "",
                "kibanaSavedObjectMeta": {
                    "searchSourceJSON": "{\"query\": {\"language\": \"kuery\", \"query\": \"\"}, \"filter\": []}"
                },
                "title": "SQL Server Total Server Memory [Metricbeat Azure]",
                "uiStateJSON": "{}",
                "version": 1,
                "visState": "{\"aggs\": [], \"type\": \"metrics\", \"title\": \"SQL Server Total Server Memory [Metricbeat Azure]\", \"params\": {\"default_index_pattern\": \"metricbeat-*\", \"axis_formatter\": \"number\", \"show_legend\": 1, \"filter\": {\"language\": \"kuery\", \"query\": \"azure.resource.type:\\\"Microsoft.Compute/virtualMachines\\\" \"}, \"isModelInvalid\": false, \"id\": \"94af6a00-eaa8-11e9-9269-d92e2d3f77fd\", \"index_pattern\": \"metricbeat-*\", \"time_field\": \"@timestamp\", \"axis_min\": 0, \"axis_scale\": \"normal\", \"axis_position\": \"left\", \"default_timefield\": \"@timestamp\", \"type\": \"timeseries\", \"series\": [{\"color\": \"#3185FC\", \"line_width\": 2, \"axis_position\": \"right\", \"id\": \"94af6a01-eaa8-11e9-9269-d92e2d3f77fd\", \"stacked\": \"none\", \"split_mode\": \"everything\", \"metrics\": [{\"type\": \"avg\", \"field\": \"azure.compute_vm.sqlserver_memory_manager_total_server_memory.avg\", \"id\": \"94af6a02-eaa8-11e9-9269-d92e2d3f77fd\"}], \"separate_axis\": 0, \"point_size\": 0, \"value_template\": \"{{value}}\", \"chart_type\": \"line\", \"fill\": 0, \"formatter\": \"bytes\", \"label\": \"memory\"}], \"interval\": \">=5m\", \"show_grid\": 1}}"
            },
            "id": "d7ea4290-eaa8-11e9-90ec-112a988266d5",
            "migrationVersion": {
                "visualization": "7.3.1"
            },
            "references": [],
            "type": "visualization",
            "updated_at": "2019-10-15T11:57:45.878Z",
            "version": "WzMyMTksMV0="
        },
        {
            "attributes": {
                "description": "",
                "kibanaSavedObjectMeta": {
                    "searchSourceJSON": "{\"query\": {\"language\": \"kuery\", \"query\": \"\"}, \"filter\": []}"
                },
                "title": "ASP.NET Application Sessions [Metricbeat Azure]",
                "uiStateJSON": "{}",
                "version": 1,
                "visState": "{\"aggs\": [], \"type\": \"metrics\", \"title\": \"ASP.NET Application Sessions [Metricbeat Azure]\", \"params\": {\"default_index_pattern\": \"metricbeat-*\", \"axis_formatter\": \"number\", \"show_legend\": 1, \"filter\": {\"language\": \"kuery\", \"query\": \"azure.resource.type : \\\"Microsoft.Compute/virtualMachines\\\" \"}, \"isModelInvalid\": false, \"id\": \"6d6575a0-eaa5-11e9-84ad-5919a47b8f34\", \"index_pattern\": \"metricbeat-*\", \"time_field\": \"@timestamp\", \"axis_min\": 0, \"axis_scale\": \"normal\", \"axis_position\": \"left\", \"default_timefield\": \"@timestamp\", \"type\": \"timeseries\", \"series\": [{\"color\": \"#3185FC\", \"line_width\": 2, \"axis_position\": \"right\", \"id\": \"6d6575a1-eaa5-11e9-84ad-5919a47b8f34\", \"stacked\": \"none\", \"split_mode\": \"everything\", \"metrics\": [{\"type\": \"avg\", \"field\": \"azure.compute_vm.asp_net_applications_sessions_active.avg\", \"id\": \"6d6575a2-eaa5-11e9-84ad-5919a47b8f34\"}], \"separate_axis\": 0, \"point_size\": 0, \"value_template\": \"{{value}}\", \"chart_type\": \"line\", \"fill\": 0, \"formatter\": \"number\", \"label\": \"active\"}, {\"color\": \"#DB1374\", \"line_width\": 2, \"axis_position\": \"right\", \"id\": \"6d6575a3-eaa5-11e9-84ad-5919a47b8f34\", \"stacked\": \"none\", \"split_mode\": \"everything\", \"metrics\": [{\"type\": \"avg\", \"field\": \"azure.compute_vm.asp_net_applications_sessions_timed_out.avg\", \"id\": \"6d6575a4-eaa5-11e9-84ad-5919a47b8f34\"}], \"separate_axis\": 0, \"point_size\": 0, \"value_template\": \"{{value}}\", \"chart_type\": \"line\", \"fill\": 0, \"formatter\": \"number\", \"label\": \"timed out\"}, {\"color\": \"#00B3A4\", \"line_width\": 2, \"axis_position\": \"right\", \"id\": \"6d6575a5-eaa5-11e9-84ad-5919a47b8f34\", \"stacked\": \"none\", \"split_mode\": \"everything\", \"metrics\": [{\"type\": \"avg\", \"field\": \"azure.compute_vm.asp_net_applications_sessions_abandoned.avg\", \"id\": \"6d6575a6-eaa5-11e9-84ad-5919a47b8f34\"}], \"separate_axis\": 0, \"point_size\": 0, \"value_template\": \"{{value}}\", \"chart_type\": \"line\", \"fill\": 0, \"formatter\": \"number\", \"label\": \"abandoned\"}, {\"color\": \"#490092\", \"line_width\": 2, \"axis_position\": \"right\", \"id\": \"6d6575a7-eaa5-11e9-84ad-5919a47b8f34\", \"stacked\": \"none\", \"split_mode\": \"everything\", \"metrics\": [{\"type\": \"avg\", \"field\": \"azure.compute_vm.asp_net_applications_sessions_total.avg\", \"id\": \"6d6575a8-eaa5-11e9-84ad-5919a47b8f34\"}], \"separate_axis\": 0, \"point_size\": 0, \"value_template\": \"{{value}}\", \"chart_type\": \"line\", \"fill\": 0, \"formatter\": \"number\", \"label\": \"total\"}], \"interval\": \">=5m\", \"show_grid\": 1}}"
            },
            "id": "b9aa9b20-eaa5-11e9-90ec-112a988266d5",
            "migrationVersion": {
                "visualization": "7.3.1"
            },
            "references": [],
            "type": "visualization",
            "updated_at": "2019-10-15T11:58:04.891Z",
            "version": "WzMyMjEsMV0="
        },
        {
            "attributes": {
                "description": "",
                "kibanaSavedObjectMeta": {
                    "searchSourceJSON": "{\"query\": {\"language\": \"kuery\", \"query\": \"\"}, \"filter\": []}"
                },
                "title": "SQL Server Page Reads/Writes [Metricbeat Azure]",
                "uiStateJSON": "{}",
                "version": 1,
                "visState": "{\"aggs\": [], \"type\": \"metrics\", \"title\": \"SQL Server Page Reads/Writes [Metricbeat Azure]\", \"params\": {\"default_index_pattern\": \"metricbeat-*\", \"axis_formatter\": \"number\", \"show_legend\": 1, \"filter\": {\"language\": \"kuery\", \"query\": \"azure.resource.type : \\\"Microsoft.Compute/virtualMachines\\\" \"}, \"isModelInvalid\": false, \"id\": \"35459a30-eaa8-11e9-a379-c33a712c0373\", \"index_pattern\": \"metricbeat-*\", \"time_field\": \"@timestamp\", \"axis_min\": 0, \"axis_scale\": \"normal\", \"axis_position\": \"left\", \"default_timefield\": \"@timestamp\", \"type\": \"timeseries\", \"series\": [{\"color\": \"rgba(252,196,0,1)\", \"line_width\": 2, \"axis_position\": \"right\", \"id\": \"35459a31-eaa8-11e9-a379-c33a712c0373\", \"stacked\": \"none\", \"split_mode\": \"everything\", \"metrics\": [{\"type\": \"avg\", \"field\": \"azure.compute_vm.sqlserver_buffer_manager_page_reads_per_sec.avg\", \"id\": \"35459a32-eaa8-11e9-a379-c33a712c0373\"}], \"separate_axis\": 0, \"point_size\": 0, \"value_template\": \"{{value}}\", \"chart_type\": \"line\", \"fill\": 0, \"formatter\": \"number\", \"label\": \"Page Reads/s\"}, {\"color\": \"rgba(176,188,0,1)\", \"line_width\": 2, \"axis_position\": \"right\", \"id\": \"35459a33-eaa8-11e9-a379-c33a712c0373\", \"stacked\": \"none\", \"split_mode\": \"everything\", \"metrics\": [{\"type\": \"avg\", \"field\": \"azure.compute_vm.sqlserver_buffer_manager_page_writes_per_sec.avg\", \"id\": \"35459a34-eaa8-11e9-a379-c33a712c0373\"}], \"separate_axis\": 0, \"point_size\": 0, \"value_template\": \"{{value}}\", \"chart_type\": \"line\", \"fill\": 0, \"formatter\": \"number\", \"label\": \"Page Writes/s\"}], \"interval\": \">=5m\", \"show_grid\": 1}}"
            },
            "id": "787a0a20-eaa8-11e9-90ec-112a988266d5",
            "migrationVersion": {
                "visualization": "7.3.1"
            },
            "references": [],
            "type": "visualization",
            "updated_at": "2019-10-15T11:58:24.951Z",
            "version": "WzMyMjMsMV0="
        }
    ],
    "version": "7.4.0"
}