{
    "objects": [
        {
            "attributes": {
                "description": "This dashboard shows metrics for the container service in Azure.",
                "hits": 0,
                "kibanaSavedObjectMeta": {
                    "searchSourceJSON": "{\"query\": {\"language\": \"kuery\", \"query\": \"\"}, \"filter\": []}"
                },
                "optionsJSON": "{\"useMargins\": true, \"hidePanelTitles\": false}",
                "panelsJSON": "[{\"panelRefName\": \"panel_0\", \"gridData\": {\"w\": 9, \"x\": 0, \"y\": 0, \"i\": \"32b4e6e2-bf3f-4c4a-8fdb-925f21f9d22b\", \"h\": 5}, \"panelIndex\": \"32b4e6e2-bf3f-4c4a-8fdb-925f21f9d22b\", \"embeddableConfig\": {\"title\": \"\"}, \"version\": \"7.6.0\"}, {\"gridData\": {\"w\": 18, \"x\": 9, \"y\": 0, \"i\": \"c35d3d89-2f34-43a0-b346-85ba0e7c9e89\", \"h\": 17}, \"panelIndex\": \"c35d3d89-2f34-43a0-b346-85ba0e7c9e89\", \"title\": \"Container Service Kube Node Status Allocatable Memory\", \"embeddableConfig\": {\"title\": \"Container Service Kube Node Status Allocatable Memory\"}, \"panelRefName\": \"panel_1\", \"version\": \"7.6.0\"}, {\"gridData\": {\"w\": 21, \"x\": 27, \"y\": 0, \"i\": \"e1952edf-ed31-49ee-8db1-24370998ab89\", \"h\": 17}, \"panelIndex\": \"e1952edf-ed31-49ee-8db1-24370998ab89\", \"title\": \"Container Service Kube Node Status Allocatable CPU Cores\", \"embeddableConfig\": {\"title\": \"Container Service Kube Node Status Allocatable CPU Cores\"}, \"panelRefName\": \"panel_2\", \"version\": \"7.6.0\"}, {\"gridData\": {\"w\": 9, \"x\": 0, \"y\": 5, \"i\": \"ec183a66-545b-4a67-bfb4-568def660612\", \"h\": 12}, \"panelIndex\": \"ec183a66-545b-4a67-bfb4-568def660612\", \"title\": \"Container Filters\", \"embeddableConfig\": {\"title\": \"Container Filters\"}, \"panelRefName\": \"panel_3\", \"version\": \"7.6.0\"}, {\"gridData\": {\"w\": 24, \"x\": 0, \"y\": 17, \"i\": \"ada37452-619f-470a-b9cd-bafa20e7d7b1\", \"h\": 15}, \"panelIndex\": \"ada37452-619f-470a-b9cd-bafa20e7d7b1\", \"title\": \"Container Service Kube Pod Status Phase\", \"embeddableConfig\": {\"title\": \"Container Service Kube Pod Status Phase\"}, \"panelRefName\": \"panel_4\", \"version\": \"7.6.0\"}, {\"gridData\": {\"w\": 24, \"x\": 24, \"y\": 17, \"i\": \"c8d3ed1a-6e72-4115-9a69-db1919a36fc4\", \"h\": 15}, \"panelIndex\": \"c8d3ed1a-6e72-4115-9a69-db1919a36fc4\", \"title\": \"Container Service Kube Pod Status Ready\", \"embeddableConfig\": {\"title\": \"Container Service Kube Pod Status Ready\"}, \"panelRefName\": \"panel_5\", \"version\": \"7.6.0\"}, {\"gridData\": {\"w\": 48, \"x\": 0, \"y\": 32, \"i\": \"707fb714-99af-4484-a56e-bfecdf592c58\", \"h\": 15}, \"panelIndex\": \"707fb714-99af-4484-a56e-bfecdf592c58\", \"title\": \"Container Service Kube Node Status Condition\", \"embeddableConfig\": {\"title\": \"Container Service Kube Node Status Condition\"}, \"panelRefName\": \"panel_6\", \"version\": \"7.6.0\"}]",
                "timeRestore": false,
                "title": "[Metricbeat Azure] Container Service Overview",
                "version": 1
            },
            "id": "dae20ed0-6d0a-11ea-8fe8-71add5fd7c38",
            "migrationVersion": {
                "dashboard": "7.3.0"
            },
            "references": [
                {
                    "id": "3630b9a0-6d22-11ea-8fe8-71add5fd7c38",
                    "name": "panel_0",
                    "type": "visualization"
                },
                {
                    "id": "eda368d0-6d1d-11ea-8fe8-71add5fd7c38",
                    "name": "panel_1",
                    "type": "visualization"
                },
                {
                    "id": "6e2d9930-6d1e-11ea-8fe8-71add5fd7c38",
                    "name": "panel_2",
                    "type": "visualization"
                },
                {
                    "id": "0fa31060-6aae-11ea-af5c-73e8f396b3e9",
                    "name": "panel_3",
                    "type": "visualization"
                },
                {
                    "id": "bda7b580-6d1f-11ea-8fe8-71add5fd7c38",
                    "name": "panel_4",
                    "type": "visualization"
                },
                {
                    "id": "c19586f0-6d1e-11ea-8fe8-71add5fd7c38",
                    "name": "panel_5",
                    "type": "visualization"
                },
                {
                    "id": "e79211c0-6d37-11ea-8fe8-71add5fd7c38",
                    "name": "panel_6",
                    "type": "visualization"
                }
            ],
            "type": "dashboard",
            "updated_at": "2020-03-24T13:52:52.325Z",
            "version": "WzY1NTAsN10="
        },
        {
            "attributes": {
                "description": "",
                "kibanaSavedObjectMeta": {
                    "searchSourceJSON": "{}"
                },
                "title": "Navigation Container Service Overview [Metricbeat Azure]",
                "uiStateJSON": "{}",
                "version": 1,
                "visState": "{\"aggs\": [], \"type\": \"markdown\", \"title\": \"Navigation Container Service Overview [Metricbeat Azure]\", \"params\": {\"markdown\": \"### Azure Containers\\n\\n[Instances](#/dashboard/9c11ac60-6cf6-11ea-8fe8-71add5fd7c38) |\\n[Registries](#/dashboard/6f2393f0-6d08-11ea-8fe8-71add5fd7c38) |\\n[**Services**](#/dashboard/dae20ed0-6d0a-11ea-8fe8-71add5fd7c38) \", \"openLinksInNewTab\": false, \"fontSize\": 12}}"
            },
            "id": "3630b9a0-6d22-11ea-8fe8-71add5fd7c38",
            "migrationVersion": {
                "visualization": "7.4.2"
            },
            "references": [],
            "type": "visualization",
            "updated_at": "2020-03-23T18:35:29.015Z",
            "version": "WzY0MTEsNV0="
        },
        {
            "attributes": {
                "description": "",
                "kibanaSavedObjectMeta": {
                    "searchSourceJSON": "{}"
                },
                "title": "Container Service Kube Node Status Allocatable Memory Bytes [Metricbeat Azure]",
                "uiStateJSON": "{}",
                "version": 1,
                "visState": "{\"aggs\": [], \"type\": \"metrics\", \"title\": \"Container Service Kube Node Status Allocatable Memory Bytes [Metricbeat Azure]\", \"params\": {\"default_index_pattern\": \"filebeat-*\", \"axis_formatter\": \"number\", \"show_legend\": 1, \"filter\": {\"language\": \"kuery\", \"query\": \"azure.resource.type : \\\"Microsoft.ContainerService/managedClusters\\\"  \"}, \"isModelInvalid\": false, \"id\": \"61ca57f0-469d-11e7-af02-69e470af7417\", \"index_pattern\": \"metricbeat-*\", \"time_field\": \"@timestamp\", \"interval\": \">=5m\", \"axis_scale\": \"normal\", \"axis_position\": \"left\", \"default_timefield\": \"@timestamp\", \"type\": \"timeseries\", \"series\": [{\"terms_field\": \"azure.resource.name\", \"color\": \"rgba(176,188,0,1)\", \"line_width\": \"02\", \"axis_position\": \"right\", \"id\": \"61ca57f1-469d-11e7-af02-69e470af7417\", \"stacked\": \"none\", \"type\": \"timeseries\", \"split_mode\": \"terms\", \"metrics\": [{\"type\": \"avg\", \"field\": \"azure.container_service.kube_node_status_allocatable_memory_bytes.avg\", \"id\": \"61ca57f2-469d-11e7-af02-69e470af7417\"}], \"separate_axis\": 0, \"point_size\": \"\", \"chart_type\": \"line\", \"fill\": \"0\", \"formatter\": \"bytes\", \"label\": \"Container Service Kube Node Status Allocatable Memory Bytes\"}], \"show_grid\": 1}}"
            },
            "id": "eda368d0-6d1d-11ea-8fe8-71add5fd7c38",
            "migrationVersion": {
                "visualization": "7.4.2"
            },
            "references": [],
            "type": "visualization",
            "updated_at": "2020-03-23T16:07:52.221Z",
            "version": "WzYxOTMsNV0="
        },
        {
            "attributes": {
                "description": "",
                "kibanaSavedObjectMeta": {
                    "searchSourceJSON": "{}"
                },
                "title": "Container Service Kube Node Status Allocatable CPU Cores [Metricbeat Azure]",
                "uiStateJSON": "{}",
                "version": 1,
                "visState": "{\"aggs\": [], \"type\": \"metrics\", \"title\": \"Container Service Kube Node Status Allocatable CPU Cores [Metricbeat Azure]\", \"params\": {\"default_index_pattern\": \"filebeat-*\", \"axis_formatter\": \"number\", \"show_legend\": 1, \"filter\": {\"language\": \"kuery\", \"query\": \"azure.resource.type : \\\"Microsoft.ContainerService/managedClusters\\\"  \"}, \"isModelInvalid\": false, \"id\": \"61ca57f0-469d-11e7-af02-69e470af7417\", \"index_pattern\": \"metricbeat-*\", \"time_field\": \"@timestamp\", \"interval\": \">=5m\", \"axis_scale\": \"normal\", \"axis_position\": \"left\", \"default_timefield\": \"@timestamp\", \"type\": \"timeseries\", \"series\": [{\"terms_field\": \"azure.resource.name\", \"color\": \"rgba(196,81,0,1)\", \"line_width\": \"02\", \"axis_position\": \"right\", \"id\": \"61ca57f1-469d-11e7-af02-69e470af7417\", \"stacked\": \"none\", \"type\": \"timeseries\", \"split_mode\": \"terms\", \"metrics\": [{\"type\": \"avg\", \"field\": \"azure.container_service.kube_node_status_allocatable_cpu_cores.avg\", \"id\": \"61ca57f2-469d-11e7-af02-69e470af7417\"}], \"separate_axis\": 0, \"point_size\": \"\", \"chart_type\": \"line\", \"fill\": \"0\", \"formatter\": \"number\", \"label\": \"Container Service Kube Node Status Allocatable CPU Cores\"}], \"show_grid\": 1}}"
            },
            "id": "6e2d9930-6d1e-11ea-8fe8-71add5fd7c38",
            "migrationVersion": {
                "visualization": "7.4.2"
            },
            "references": [],
            "type": "visualization",
            "updated_at": "2020-03-23T16:09:00.844Z",
            "version": "WzYyMDMsNV0="
        },
        {
            "attributes": {
                "description": "",
                "kibanaSavedObjectMeta": {
                    "searchSourceJSON": "{}"
                },
                "title": "Containers Filters [Metricbeat Azure]",
                "uiStateJSON": "{}",
                "version": 1,
                "visState": "{\"aggs\": [], \"type\": \"input_control_vis\", \"title\": \"Containers Filters [Metricbeat Azure]\", \"params\": {\"controls\": [{\"indexPatternRefName\": \"control_0_index_pattern\", \"type\": \"list\", \"parent\": \"\", \"options\": {\"dynamicOptions\": true, \"size\": 5, \"multiselect\": false, \"order\": \"desc\", \"type\": \"terms\"}, \"id\": \"1584710440054\", \"fieldName\": \"azure.subscription_id\", \"label\": \"Subscription\"}, {\"indexPatternRefName\": \"control_1_index_pattern\", \"type\": \"list\", \"parent\": \"\", \"options\": {\"dynamicOptions\": true, \"size\": 5, \"multiselect\": false, \"order\": \"desc\", \"type\": \"terms\"}, \"id\": \"1584710497045\", \"fieldName\": \"azure.resource.group\", \"label\": \"Resource Group\"}, {\"indexPatternRefName\": \"control_2_index_pattern\", \"type\": \"list\", \"parent\": \"\", \"options\": {\"dynamicOptions\": true, \"size\": 5, \"multiselect\": false, \"order\": \"desc\", \"type\": \"terms\"}, \"id\": \"1584710535722\", \"fieldName\": \"azure.resource.name\", \"label\": \"Resource\"}], \"updateFiltersOnChange\": true, \"pinFilters\": false, \"useTimeFilter\": false}}"
            },
            "id": "0fa31060-6aae-11ea-af5c-73e8f396b3e9",
            "migrationVersion": {
                "visualization": "7.4.2"
            },
            "references": [
                {
                    "id": "metricbeat-*",
                    "name": "control_0_index_pattern",
                    "type": "index-pattern"
                },
                {
                    "id": "metricbeat-*",
                    "name": "control_1_index_pattern",
                    "type": "index-pattern"
                },
                {
                    "id": "metricbeat-*",
                    "name": "control_2_index_pattern",
                    "type": "index-pattern"
                }
            ],
            "type": "visualization",
            "updated_at": "2020-03-23T18:32:43.461Z",
            "version": "WzY0MDAsNV0="
        },
        {
            "attributes": {
                "description": "",
                "kibanaSavedObjectMeta": {
                    "searchSourceJSON": "{}"
                },
                "title": "Container Service Kube Pod Status Phase [Metricbeat Azure]",
                "uiStateJSON": "{}",
                "version": 1,
                "visState": "{\"aggs\": [], \"type\": \"metrics\", \"title\": \"Container Service Kube Pod Status Phase [Metricbeat Azure]\", \"params\": {\"default_index_pattern\": \"filebeat-*\", \"time_field\": \"@timestamp\", \"axis_formatter\": \"number\", \"show_legend\": 1, \"series\": [{\"terms_field\": \"azure.dimensions.pod\", \"color\": \"rgba(240,213,175,1)\", \"line_width\": \"2\", \"axis_position\": \"right\", \"id\": \"61ca57f1-469d-11e7-af02-69e470af7417\", \"stacked\": \"none\", \"split_mode\": \"terms\", \"metrics\": [{\"type\": \"avg\", \"field\": \"azure.container_service.kube_pod_status_phase.avg\", \"id\": \"61ca57f2-469d-11e7-af02-69e470af7417\"}], \"separate_axis\": 0, \"point_size\": \"00\", \"chart_type\": \"line\", \"fill\": \"0\", \"formatter\": \"number\", \"label\": \"Container Service Kube Pod Status Phase\"}], \"filter\": {\"language\": \"kuery\", \"query\": \"azure.resource.type : \\\"Microsoft.ContainerService/managedClusters\\\"  \"}, \"isModelInvalid\": false, \"index_pattern\": \"metricbeat-*\", \"id\": \"61ca57f0-469d-11e7-af02-69e470af7417\", \"background_color_rules\": [{\"id\": \"0d772fb0-6d1f-11ea-a156-a582cfb250e8\"}], \"gauge_color_rules\": [{\"id\": \"0ba507c0-6d1f-11ea-a156-a582cfb250e8\"}], \"gauge_inner_width\": 10, \"gauge_width\": 10, \"interval\": \">=5m\", \"axis_scale\": \"normal\", \"axis_position\": \"left\", \"default_timefield\": \"@timestamp\", \"type\": \"timeseries\", \"gauge_style\": \"half\", \"show_grid\": 1}}"
            },
            "id": "bda7b580-6d1f-11ea-8fe8-71add5fd7c38",
            "migrationVersion": {
                "visualization": "7.4.2"
            },
            "references": [],
            "type": "visualization",
            "updated_at": "2020-03-23T16:06:42.759Z",
            "version": "WzYxODUsNV0="
        },
        {
            "attributes": {
                "description": "",
                "kibanaSavedObjectMeta": {
                    "searchSourceJSON": "{}"
                },
                "title": "Container Service Kube Pod Status Ready [Metricbeat Azure]",
                "uiStateJSON": "{}",
                "version": 1,
                "visState": "{\"aggs\": [], \"type\": \"metrics\", \"title\": \"Container Service Kube Pod Status Ready [Metricbeat Azure]\", \"params\": {\"default_index_pattern\": \"filebeat-*\", \"axis_formatter\": \"number\", \"show_legend\": 1, \"filter\": {\"language\": \"kuery\", \"query\": \"azure.resource.type : \\\"Microsoft.ContainerService/managedClusters\\\"  \"}, \"isModelInvalid\": false, \"id\": \"61ca57f0-469d-11e7-af02-69e470af7417\", \"index_pattern\": \"metricbeat-*\", \"time_field\": \"@timestamp\", \"interval\": \">=5m\", \"axis_scale\": \"normal\", \"axis_position\": \"left\", \"default_timefield\": \"@timestamp\", \"type\": \"timeseries\", \"series\": [{\"terms_field\": \"azure.dimensions.pod\", \"color\": \"rgba(200,205,124,1)\", \"line_width\": \"02\", \"axis_position\": \"right\", \"id\": \"61ca57f1-469d-11e7-af02-69e470af7417\", \"stacked\": \"none\", \"type\": \"timeseries\", \"split_mode\": \"terms\", \"metrics\": [{\"type\": \"avg\", \"field\": \"azure.container_service.kube_pod_status_ready.avg\", \"id\": \"61ca57f2-469d-11e7-af02-69e470af7417\"}], \"separate_axis\": 0, \"point_size\": \"\", \"chart_type\": \"line\", \"fill\": \"0\", \"formatter\": \"number\", \"label\": \"\"}], \"show_grid\": 1}}"
            },
            "id": "c19586f0-6d1e-11ea-8fe8-71add5fd7c38",
            "migrationVersion": {
                "visualization": "7.4.2"
            },
            "references": [],
            "type": "visualization",
            "updated_at": "2020-03-23T16:05:32.621Z",
            "version": "WzYxODEsNV0="
        },
        {
            "attributes": {
                "description": "",
                "kibanaSavedObjectMeta": {
                    "searchSourceJSON": "{\"indexRefName\": \"kibanaSavedObjectMeta.searchSourceJSON.index\"}"
                },
                "title": "Container Service Kube Node Status Condition [Metricbeat Azure]",
                "uiStateJSON": "{\"vis\": {\"legendOpen\": true, \"defaultColors\": {\"0.8 - 1\": \"rgb(102,189,99)\", \"0.6 - 0.8\": \"rgb(217,239,139)\", \"0 - 0.2\": \"rgb(165,0,38)\", \"0.4 - 0.6\": \"rgb(254,224,139)\", \"0.2 - 0.4\": \"rgb(244,109,67)\"}}}",
                "version": 1,
                "visState": "{\"aggs\": [{\"type\": \"avg\", \"enabled\": true, \"id\": \"1\", \"schema\": \"metric\", \"params\": {\"field\": \"azure.container_service.kube_node_status_condition.avg\"}}, {\"type\": \"filters\", \"enabled\": true, \"id\": \"2\", \"schema\": \"segment\", \"params\": {\"filters\": [{\"input\": {\"language\": \"kuery\", \"query\": \"azure.dimensions.condition : \\\"Ready\\\"  and azure.dimensions.status : \\\"true\\\" \"}, \"label\": \"Ready \\\"true\\\"\"}, {\"input\": {\"language\": \"kuery\", \"query\": \"azure.dimensions.condition : \\\"Ready\\\"  and azure.dimensions.status : \\\"false\\\"  \"}, \"label\": \"Ready \\\"false\\\"\"}, {\"input\": {\"language\": \"kuery\", \"query\": \"azure.dimensions.condition : \\\"NetworkUnavailable\\\"  and azure.dimensions.status : \\\"true\\\"    \"}, \"label\": \"Network Unavailable \\\"true\\\"\"}, {\"input\": {\"language\": \"kuery\", \"query\": \"azure.dimensions.condition : \\\"NetworkUnavailable\\\"  and azure.dimensions.status : \\\"false\\\"     \"}, \"label\": \"NetworkUnavailable  \\\"false\\\"\"}, {\"input\": {\"language\": \"kuery\", \"query\": \"azure.dimensions.condition : \\\"OutOfDisk\\\"  and azure.dimensions.status : \\\"false\\\" \"}, \"label\": \"OutOfDisk \\\"false\\\"\"}, {\"input\": {\"language\": \"kuery\", \"query\": \"azure.dimensions.condition : \\\"OutOfDisk\\\"  and azure.dimensions.status : \\\"true\\\"  \"}, \"label\": \"OutOfDisk \\\"true\\\"\"}, {\"input\": {\"language\": \"kuery\", \"query\": \"azure.dimensions.condition : \\\"MemoryPressure\\\"  and azure.dimensions.status : \\\"true\\\"  \"}, \"label\": \"MemoryPressure \\\"true\\\"\"}, {\"input\": {\"language\": \"kuery\", \"query\": \"azure.dimensions.condition : \\\"MemoryPressure\\\"  and azure.dimensions.status : \\\"false\\\"   \"}, \"label\": \"MemoryPressure \\\"false\\\"\"}, {\"input\": {\"language\": \"kuery\", \"query\": \"azure.dimensions.condition : \\\"DiskPressure\\\"  and azure.dimensions.status : \\\"false\\\"   \"}, \"label\": \"DiskPressure \\\"false\\\"\"}, {\"input\": {\"language\": \"kuery\", \"query\": \"azure.dimensions.condition : \\\"DiskPressure\\\"  and azure.dimensions.status : \\\"true\\\"    \"}, \"label\": \"DiskPressure \\\"true\\\"\"}]}}, {\"type\": \"terms\", \"enabled\": true, \"id\": \"3\", \"schema\": \"group\", \"params\": {\"orderBy\": \"1\", \"otherBucketLabel\": \"Other\", \"field\": \"azure.dimensions.node\", \"order\": \"desc\", \"size\": 10, \"otherBucket\": false, \"missingBucketLabel\": \"Missing\", \"missingBucket\": false}}], \"type\": \"heatmap\", \"title\": \"Container Service Kube Node Status Condition [Metricbeat Azure]\", \"params\": {\"setColorRange\": false, \"colorSchema\": \"Green to Red\", \"addLegend\": true, \"addTooltip\": true, \"percentageMode\": false, \"invertColors\": true, \"enableHover\": false, \"colorsRange\": [{\"from\": 0, \"to\": 10}], \"dimensions\": {\"x\": {\"accessor\": 0, \"format\": {}, \"aggType\": \"filters\", \"params\": {}, \"label\": \"filters\"}, \"y\": [{\"accessor\": 2, \"format\": {\"id\": \"number\", \"params\": {\"parsedUrl\": {\"pathname\": \"/app/kibana\", \"origin\": \"http://localhost:5601\", \"basePath\": \"\"}}}, \"aggType\": \"avg\", \"params\": {}, \"label\": \"Average azure.container_service.kube_node_status_condition.avg\"}], \"series\": [{\"accessor\": 1, \"format\": {\"id\": \"terms\", \"params\": {\"otherBucketLabel\": \"Other\", \"id\": \"string\", \"parsedUrl\": {\"pathname\": \"/app/kibana\", \"origin\": \"http://localhost:5601\", \"basePath\": \"\"}, \"missingBucketLabel\": \"Missing\"}}, \"aggType\": \"terms\", \"params\": {}, \"label\": \"azure.dimensions.node: Descending\"}]}, \"times\": [], \"valueAxes\": [{\"labels\": {\"overwriteColor\": false, \"show\": false, \"rotate\": 0, \"color\": \"black\"}, \"scale\": {\"defaultYExtents\": false, \"type\": \"linear\"}, \"show\": false, \"id\": \"ValueAxis-1\", \"type\": \"value\"}], \"type\": \"heatmap\", \"legendPosition\": \"right\", \"colorsNumber\": 5}}"
            },
            "id": "e79211c0-6d37-11ea-8fe8-71add5fd7c38",
            "migrationVersion": {
                "visualization": "7.4.2"
            },
            "references": [
                {
                    "id": "metricbeat-*",
                    "name": "kibanaSavedObjectMeta.searchSourceJSON.index",
                    "type": "index-pattern"
                }
            ],
            "type": "visualization",
            "updated_at": "2020-03-23T18:55:46.396Z",
            "version": "WzY0MjAsNV0="
        }
    ],
    "version": "7.6.0"
}