{
    "objects": [
        {
            "attributes": {
                "description": "Overview of CoreDNS server metrics.",
                "hits": 0,
                "kibanaSavedObjectMeta": {
                    "searchSourceJSON": "{\"query\": {\"language\": \"lucene\", \"query\": \"\"}, \"filter\": []}"
                },
                "optionsJSON": "{\"useMargins\": true, \"darkTheme\": false, \"hidePanelTitles\": false}",
                "panelsJSON": "[{\"panelRefName\": \"panel_0\", \"gridData\": {\"w\": 10, \"x\": 0, \"y\": 0, \"i\": \"1\", \"h\": 10}, \"panelIndex\": \"1\", \"embeddableConfig\": {}, \"version\": \"6.7.0\"}, {\"panelRefName\": \"panel_1\", \"gridData\": {\"w\": 14, \"x\": 10, \"y\": 0, \"i\": \"2\", \"h\": 10}, \"panelIndex\": \"2\", \"embeddableConfig\": {}, \"version\": \"6.7.0\"}, {\"panelRefName\": \"panel_2\", \"gridData\": {\"w\": 19, \"x\": 24, \"y\": 25, \"i\": \"3\", \"h\": 15}, \"panelIndex\": \"3\", \"embeddableConfig\": {\"vis\": {\"colors\": {\"NXDOMAIN\": \"#99440A\"}}}, \"version\": \"6.7.0\"}, {\"panelRefName\": \"panel_3\", \"gridData\": {\"w\": 24, \"x\": 0, \"y\": 40, \"i\": \"10\", \"h\": 14}, \"panelIndex\": \"10\", \"embeddableConfig\": {}, \"version\": \"6.7.0\"}, {\"panelRefName\": \"panel_4\", \"gridData\": {\"w\": 19, \"x\": 24, \"y\": 0, \"i\": \"11\", \"h\": 10}, \"panelIndex\": \"11\", \"embeddableConfig\": {\"vis\": {\"legendOpen\": true, \"colors\": {\"udp - 1\": \"#5195CE\", \"tcp - 1\": \"#B7DBAB\"}}}, \"version\": \"7.0.0\"}, {\"panelRefName\": \"panel_5\", \"gridData\": {\"w\": 19, \"x\": 24, \"y\": 10, \"i\": \"12\", \"h\": 15}, \"panelIndex\": \"12\", \"embeddableConfig\": {}, \"version\": \"7.0.0\"}, {\"panelRefName\": \"panel_6\", \"gridData\": {\"w\": 24, \"x\": 0, \"y\": 10, \"i\": \"15\", \"h\": 15}, \"panelIndex\": \"15\", \"embeddableConfig\": {}, \"version\": \"7.0.0\"}, {\"panelRefName\": \"panel_7\", \"gridData\": {\"w\": 24, \"x\": 0, \"y\": 25, \"i\": \"16\", \"h\": 15}, \"panelIndex\": \"16\", \"embeddableConfig\": {}, \"version\": \"7.0.0\"}]",
                "timeRestore": false,
                "title": "[Metricbeat CoreDNS] Overview ECS",
                "version": 1
            },
            "id": "Metricbeat-CoreDNS-Dashboard-ecs",
            "migrationVersion": {
                "dashboard": "7.0.0"
            },
            "references": [
                {
                    "id": "36e08510-53c4-11e9-b466-9be470bbd327-ecs",
                    "name": "panel_0",
                    "type": "visualization"
                },
                {
                    "id": "a19df590-53c4-11e9-b466-9be470bbd327-ecs",
                    "name": "panel_1",
                    "type": "visualization"
                },
                {
                    "id": "27da53f0-53d5-11e9-b466-9be470bbd327-ecs",
                    "name": "panel_2",
                    "type": "visualization"
                },
                {
                    "id": "277fc650-67a9-11e9-a534-715561d0bf42",
                    "name": "panel_3",
                    "type": "visualization"
                },
                {
                    "id": "86177430-728d-11e9-b0d0-414c3011ddbb",
                    "name": "panel_4",
                    "type": "visualization"
                },
                {
                    "id": "a58345f0-7298-11e9-b0d0-414c3011ddbb",
                    "name": "panel_5",
                    "type": "visualization"
                },
                {
                    "id": "57c74300-7308-11e9-b0d0-414c3011ddbb",
                    "name": "panel_6",
                    "type": "visualization"
                },
                {
                    "id": "4804eaa0-7315-11e9-b0d0-414c3011ddbb",
                    "name": "panel_7",
                    "type": "visualization"
                }
            ],
            "type": "dashboard",
            "updated_at": "2019-05-10T11:25:44.629Z",
            "version": "WzE3MzcsMV0="
        },
        {
            "attributes": {
                "description": "",
                "kibanaSavedObjectMeta": {
                    "searchSourceJSON": "{\"query\": {\"language\": \"lucene\", \"query\": \"\"}, \"indexRefName\": \"kibanaSavedObjectMeta.searchSourceJSON.index\", \"filter\": [{\"meta\": {\"alias\": null, \"type\": \"exists\", \"indexRefName\": \"kibanaSavedObjectMeta.searchSourceJSON.filter[0].meta.index\", \"key\": \"coredns.stats.panic.count\", \"disabled\": false, \"value\": \"exists\", \"negate\": false}, \"exists\": {\"field\": \"coredns.stats.panic.count\"}, \"$state\": {\"store\": \"appState\"}}]}"
                },
                "title": "Panic Count [Metricbeat CoreDNS] ECS",
                "uiStateJSON": "{}",
                "version": 1,
                "visState": "{\"aggs\": [{\"type\": \"percentiles\", \"enabled\": true, \"id\": \"1\", \"schema\": \"metric\", \"params\": {\"percents\": [100], \"field\": \"coredns.stats.panic.count\"}}], \"type\": \"metric\", \"title\": \"Panic Count [Metricbeat CoreDNS] ECS\", \"params\": {\"metric\": {\"labels\": {\"show\": false}, \"style\": {\"subText\": \"\", \"labelColor\": false, \"bgColor\": false, \"bgFill\": \"#000\", \"fontSize\": 60}, \"metricColorMode\": \"None\", \"invertColors\": false, \"percentageMode\": false, \"useRanges\": false, \"colorSchema\": \"Green to Red\", \"colorsRange\": [{\"from\": 0, \"to\": 10000}]}, \"type\": \"metric\", \"addLegend\": false, \"addTooltip\": true}}"
            },
            "id": "36e08510-53c4-11e9-b466-9be470bbd327-ecs",
            "migrationVersion": {
                "visualization": "7.0.0"
            },
            "references": [
                {
                    "id": "metricbeat-*",
                    "name": "kibanaSavedObjectMeta.searchSourceJSON.index",
                    "type": "index-pattern"
                },
                {
                    "id": "metricbeat-*",
                    "name": "kibanaSavedObjectMeta.searchSourceJSON.filter[0].meta.index",
                    "type": "index-pattern"
                }
            ],
            "type": "visualization",
            "updated_at": "2019-05-10T07:46:22.258Z",
            "version": "WzE1MjcsMV0="
        },
        {
            "attributes": {
                "description": "",
                "kibanaSavedObjectMeta": {
                    "searchSourceJSON": "{\"query\": {\"language\": \"lucene\", \"query\": \"\"}, \"indexRefName\": \"kibanaSavedObjectMeta.searchSourceJSON.index\", \"filter\": [{\"meta\": {\"alias\": null, \"type\": \"exists\", \"indexRefName\": \"kibanaSavedObjectMeta.searchSourceJSON.filter[0].meta.index\", \"key\": \"coredns.stats.dns.request.do.count\", \"disabled\": false, \"value\": \"exists\", \"negate\": false}, \"exists\": {\"field\": \"coredns.stats.dns.request.do.count\"}, \"$state\": {\"store\": \"appState\"}}]}"
                },
                "title": "DO Count [Metricbeat CoreDNS] ECS",
                "uiStateJSON": "{}",
                "version": 1,
                "visState": "{\"aggs\": [{\"type\": \"percentiles\", \"enabled\": true, \"id\": \"1\", \"schema\": \"metric\", \"params\": {\"percents\": [100], \"field\": \"coredns.stats.dns.request.do.count\", \"customLabel\": \"DO Count\"}}], \"type\": \"metric\", \"title\": \"DO Count [Metricbeat CoreDNS] ECS\", \"params\": {\"metric\": {\"labels\": {\"show\": false}, \"style\": {\"subText\": \"\", \"labelColor\": false, \"bgColor\": false, \"bgFill\": \"#000\", \"fontSize\": 60}, \"metricColorMode\": \"None\", \"invertColors\": false, \"percentageMode\": false, \"useRanges\": false, \"colorSchema\": \"Green to Red\", \"colorsRange\": [{\"from\": 0, \"to\": 10000}]}, \"type\": \"metric\", \"addLegend\": false, \"addTooltip\": true}}"
            },
            "id": "a19df590-53c4-11e9-b466-9be470bbd327-ecs",
            "migrationVersion": {
                "visualization": "7.0.0"
            },
            "references": [
                {
                    "id": "metricbeat-*",
                    "name": "kibanaSavedObjectMeta.searchSourceJSON.index",
                    "type": "index-pattern"
                },
                {
                    "id": "metricbeat-*",
                    "name": "kibanaSavedObjectMeta.searchSourceJSON.filter[0].meta.index",
                    "type": "index-pattern"
                }
            ],
            "type": "visualization",
            "updated_at": "2019-05-10T07:46:22.258Z",
            "version": "WzE1MjgsMV0="
        },
        {
            "attributes": {
                "description": "",
                "kibanaSavedObjectMeta": {
                    "searchSourceJSON": "{\"query\": {\"language\": \"lucene\", \"query\": \"\"}, \"indexRefName\": \"kibanaSavedObjectMeta.searchSourceJSON.index\", \"filter\": []}"
                },
                "title": "Responses by Rcode [Metricbeat CoreDNS] ECS",
                "uiStateJSON": "{}",
                "version": 1,
                "visState": "{\"aggs\": [{\"type\": \"avg\", \"enabled\": true, \"id\": \"1\", \"schema\": \"metric\", \"params\": {\"field\": \"coredns.stats.dns.response.rcode.count\", \"customLabel\": \"Response per rcode\"}}, {\"type\": \"terms\", \"enabled\": true, \"id\": \"5\", \"schema\": \"split\", \"params\": {\"orderBy\": \"1\", \"otherBucketLabel\": \"Other\", \"field\": \"coredns.stats.server\", \"order\": \"desc\", \"size\": 5, \"customLabel\": \"server\", \"otherBucket\": false, \"missingBucketLabel\": \"Missing\", \"row\": true, \"missingBucket\": false}}, {\"type\": \"date_histogram\", \"enabled\": true, \"id\": \"3\", \"schema\": \"segment\", \"params\": {\"useNormalizedEsInterval\": true, \"extended_bounds\": {}, \"customInterval\": \"2h\", \"interval\": \"auto\", \"min_doc_count\": 1, \"drop_partials\": false, \"timeRange\": {\"from\": \"now-15m\", \"to\": \"now\"}, \"field\": \"@timestamp\"}}, {\"type\": \"terms\", \"enabled\": true, \"id\": \"4\", \"schema\": \"group\", \"params\": {\"orderBy\": \"1\", \"otherBucketLabel\": \"Other\", \"field\": \"coredns.stats.rcode\", \"order\": \"desc\", \"size\": 5, \"otherBucket\": false, \"missingBucketLabel\": \"Missing\", \"missingBucket\": false}}, {\"type\": \"terms\", \"enabled\": true, \"id\": \"6\", \"schema\": \"group\", \"params\": {\"orderBy\": \"1\", \"otherBucketLabel\": \"Other\", \"field\": \"coredns.stats.zone\", \"order\": \"desc\", \"size\": 5, \"otherBucket\": false, \"missingBucketLabel\": \"Missing\", \"missingBucket\": false}}], \"type\": \"line\", \"title\": \"Responses by Rcode [Metricbeat CoreDNS] ECS\", \"params\": {\"times\": [], \"seriesParams\": [{\"valueAxis\": \"ValueAxis-1\", \"drawLinesBetweenPoints\": true, \"type\": \"line\", \"showCircles\": true, \"interpolate\": \"linear\", \"mode\": \"normal\", \"data\": {\"id\": \"1\", \"label\": \"Response per rcode\"}, \"lineWidth\": 1, \"show\": \"true\"}], \"grid\": {\"style\": {\"color\": \"#eee\"}, \"categoryLines\": false}, \"valueAxes\": [{\"show\": true, \"labels\": {\"truncate\": 100, \"show\": true, \"rotate\": 0, \"filter\": false}, \"title\": {\"text\": \"Response per rcode\"}, \"style\": {}, \"position\": \"left\", \"scale\": {\"type\": \"linear\", \"mode\": \"normal\"}, \"id\": \"ValueAxis-1\", \"name\": \"LeftAxis-1\", \"type\": \"value\"}], \"addTooltip\": true, \"addLegend\": true, \"legendPosition\": \"right\", \"categoryAxes\": [{\"show\": true, \"labels\": {\"truncate\": 100, \"show\": true}, \"title\": {}, \"style\": {}, \"scale\": {\"type\": \"linear\"}, \"id\": \"CategoryAxis-1\", \"position\": \"bottom\", \"type\": \"category\"}], \"addTimeMarker\": false, \"type\": \"line\"}}"
            },
            "id": "27da53f0-53d5-11e9-b466-9be470bbd327-ecs",
            "migrationVersion": {
                "visualization": "7.0.0"
            },
            "references": [
                {
                    "id": "metricbeat-*",
                    "name": "kibanaSavedObjectMeta.searchSourceJSON.index",
                    "type": "index-pattern"
                }
            ],
            "type": "visualization",
            "updated_at": "2019-05-10T07:46:22.258Z",
            "version": "WzE1MjksMV0="
        },
        {
            "attributes": {
                "description": "",
                "kibanaSavedObjectMeta": {
                    "searchSourceJSON": "{\"query\": {\"language\": \"lucene\", \"query\": \"\"}, \"indexRefName\": \"kibanaSavedObjectMeta.searchSourceJSON.index\", \"filter\": []}"
                },
                "title": " Cache Hits, Misses [Metricbeat CoreDNS] ECS",
                "uiStateJSON": "{\"vis\": {\"colors\": {\"Average coredns.stats.dns.cache.misses.count\": \"#E24D42\", \"Misses\": \"#EA6460\", \"Hits\": \"#9AC48A\"}}}",
                "version": 1,
                "visState": "{\"aggs\": [{\"type\": \"max\", \"enabled\": true, \"id\": \"1\", \"schema\": \"metric\", \"params\": {\"field\": \"coredns.stats.dns.cache.hits.count\", \"customLabel\": \"Hits\"}}, {\"type\": \"date_histogram\", \"enabled\": true, \"id\": \"2\", \"schema\": \"segment\", \"params\": {\"useNormalizedEsInterval\": true, \"extended_bounds\": {}, \"customInterval\": \"2h\", \"interval\": \"auto\", \"min_doc_count\": 0, \"drop_partials\": false, \"timeRange\": {\"from\": \"now-30m\", \"to\": \"now\"}, \"field\": \"@timestamp\"}}, {\"type\": \"max\", \"enabled\": true, \"id\": \"3\", \"schema\": \"metric\", \"params\": {\"field\": \"coredns.stats.dns.cache.misses.count\", \"customLabel\": \"Misses\"}}, {\"type\": \"terms\", \"enabled\": true, \"id\": \"4\", \"schema\": \"split\", \"params\": {\"orderBy\": \"1\", \"otherBucketLabel\": \"Other\", \"field\": \"coredns.stats.server\", \"order\": \"desc\", \"size\": 5, \"customLabel\": \"server\", \"otherBucket\": false, \"missingBucketLabel\": \"Missing\", \"row\": true, \"missingBucket\": false}}], \"type\": \"line\", \"title\": \" Cache Hits, Misses [Metricbeat CoreDNS] ECS\", \"params\": {\"times\": [], \"seriesParams\": [{\"valueAxis\": \"ValueAxis-1\", \"drawLinesBetweenPoints\": true, \"type\": \"line\", \"mode\": \"normal\", \"data\": {\"id\": \"1\", \"label\": \"Hits\"}, \"show\": \"true\", \"showCircles\": true}, {\"valueAxis\": \"ValueAxis-2\", \"drawLinesBetweenPoints\": true, \"type\": \"line\", \"mode\": \"normal\", \"data\": {\"id\": \"3\", \"label\": \"Misses\"}, \"show\": true, \"showCircles\": true}], \"grid\": {\"style\": {\"color\": \"#eee\"}, \"categoryLines\": false}, \"valueAxes\": [{\"show\": true, \"labels\": {\"truncate\": 100, \"show\": true, \"rotate\": 0, \"filter\": false}, \"title\": {\"text\": \"Hits\"}, \"style\": {}, \"position\": \"left\", \"scale\": {\"defaultYExtents\": false, \"type\": \"linear\", \"setYExtents\": false, \"mode\": \"normal\"}, \"id\": \"ValueAxis-1\", \"name\": \"LeftAxis-1\", \"type\": \"value\"}, {\"show\": true, \"labels\": {\"truncate\": 100, \"show\": true, \"rotate\": 0, \"filter\": false}, \"title\": {\"text\": \"Misses\"}, \"style\": {}, \"position\": \"right\", \"scale\": {\"type\": \"linear\", \"mode\": \"normal\"}, \"id\": \"ValueAxis-2\", \"name\": \"RightAxis-1\", \"type\": \"value\"}], \"addTooltip\": true, \"addLegend\": true, \"legendPosition\": \"right\", \"categoryAxes\": [{\"show\": true, \"labels\": {\"truncate\": 100, \"show\": true}, \"title\": {}, \"style\": {}, \"scale\": {\"type\": \"linear\"}, \"id\": \"CategoryAxis-1\", \"position\": \"bottom\", \"type\": \"category\"}], \"addTimeMarker\": false, \"type\": \"line\"}}"
            },
            "id": "277fc650-67a9-11e9-a534-715561d0bf42",
            "migrationVersion": {
                "visualization": "7.0.0"
            },
            "references": [
                {
                    "id": "metricbeat-*",
                    "name": "kibanaSavedObjectMeta.searchSourceJSON.index",
                    "type": "index-pattern"
                }
            ],
            "type": "visualization",
            "updated_at": "2019-05-10T07:46:22.258Z",
            "version": "WzE1MzAsMV0="
        },
        {
            "attributes": {
                "description": "",
                "kibanaSavedObjectMeta": {
                    "searchSourceJSON": "{\"query\": {\"language\": \"kuery\", \"query\": \"\"}, \"indexRefName\": \"kibanaSavedObjectMeta.searchSourceJSON.index\", \"filter\": []}"
                },
                "title": "Requests by Zone [Metricbeat CoreDNS] ECS",
                "uiStateJSON": "{\"vis\": {\"legendOpen\": true}}",
                "version": 1,
                "visState": "{\"aggs\": [{\"type\": \"top_hits\", \"enabled\": true, \"id\": \"1\", \"schema\": \"metric\", \"params\": {\"size\": 1, \"field\": \"coredns.stats.dns.request.count\", \"aggregate\": \"max\", \"customLabel\": \"Request count\", \"sortOrder\": \"desc\", \"sortField\": \"@timestamp\"}}, {\"type\": \"terms\", \"enabled\": true, \"id\": \"2\", \"schema\": \"split\", \"params\": {\"orderBy\": \"_key\", \"otherBucketLabel\": \"Other\", \"field\": \"coredns.stats.server\", \"order\": \"desc\", \"size\": 5, \"customLabel\": \"server\", \"otherBucket\": false, \"missingBucketLabel\": \"Missing\", \"row\": true, \"missingBucket\": false}}, {\"type\": \"terms\", \"enabled\": true, \"id\": \"4\", \"schema\": \"segment\", \"params\": {\"orderBy\": \"_key\", \"otherBucketLabel\": \"Other\", \"field\": \"coredns.stats.zone\", \"order\": \"desc\", \"size\": 5, \"customLabel\": \"zone\", \"otherBucket\": false, \"missingBucketLabel\": \"Missing\", \"missingBucket\": false}}, {\"type\": \"terms\", \"enabled\": true, \"id\": \"5\", \"schema\": \"group\", \"params\": {\"orderBy\": \"_key\", \"otherBucketLabel\": \"Other\", \"field\": \"coredns.stats.proto\", \"order\": \"desc\", \"size\": 5, \"customLabel\": \"protocol\", \"otherBucket\": false, \"missingBucketLabel\": \"Missing\", \"missingBucket\": false}}, {\"type\": \"terms\", \"enabled\": true, \"id\": \"6\", \"schema\": \"group\", \"params\": {\"orderBy\": \"_key\", \"otherBucketLabel\": \"Other\", \"field\": \"coredns.stats.family\", \"order\": \"desc\", \"size\": 5, \"customLabel\": \"family\", \"otherBucket\": false, \"missingBucketLabel\": \"Missing\", \"missingBucket\": false}}], \"type\": \"horizontal_bar\", \"title\": \"Requests by Zone [Metricbeat CoreDNS] ECS\", \"params\": {\"type\": \"histogram\", \"times\": [], \"seriesParams\": [{\"valueAxis\": \"ValueAxis-1\", \"drawLinesBetweenPoints\": true, \"type\": \"histogram\", \"mode\": \"stacked\", \"data\": {\"id\": \"1\", \"label\": \"Request count\"}, \"show\": true, \"showCircles\": true}], \"grid\": {\"categoryLines\": false}, \"valueAxes\": [{\"show\": true, \"labels\": {\"truncate\": 100, \"show\": true, \"rotate\": 75, \"filter\": true}, \"title\": {\"text\": \"Request count\"}, \"style\": {}, \"position\": \"bottom\", \"scale\": {\"type\": \"linear\", \"mode\": \"normal\"}, \"id\": \"ValueAxis-1\", \"name\": \"BottomAxis-1\", \"type\": \"value\"}], \"addTooltip\": true, \"addLegend\": true, \"legendPosition\": \"right\", \"categoryAxes\": [{\"show\": true, \"labels\": {\"truncate\": 200, \"show\": true, \"rotate\": 0, \"filter\": true}, \"title\": {}, \"style\": {}, \"scale\": {\"type\": \"linear\"}, \"id\": \"CategoryAxis-1\", \"position\": \"left\", \"type\": \"category\"}], \"addTimeMarker\": false, \"orderBucketsBySum\": false}}"
            },
            "id": "86177430-728d-11e9-b0d0-414c3011ddbb",
            "migrationVersion": {
                "visualization": "7.0.0"
            },
            "references": [
                {
                    "id": "metricbeat-*",
                    "name": "kibanaSavedObjectMeta.searchSourceJSON.index",
                    "type": "index-pattern"
                }
            ],
            "type": "visualization",
            "updated_at": "2019-05-10T07:46:22.258Z",
            "version": "WzE1MzEsMV0="
        },
        {
            "attributes": {
                "description": "",
                "kibanaSavedObjectMeta": {
                    "searchSourceJSON": "{\"query\": {\"language\": \"kuery\", \"query\": \"\"}, \"indexRefName\": \"kibanaSavedObjectMeta.searchSourceJSON.index\", \"filter\": []}"
                },
                "title": "Requests by Type [Metricbeat CoreDNS] ECS",
                "uiStateJSON": "{}",
                "version": 1,
                "visState": "{\"aggs\": [{\"type\": \"top_hits\", \"enabled\": true, \"id\": \"1\", \"schema\": \"metric\", \"params\": {\"size\": 1, \"field\": \"coredns.stats.dns.request.type.count\", \"aggregate\": \"max\", \"customLabel\": \"Requests\", \"sortOrder\": \"desc\", \"sortField\": \"@timestamp\"}}, {\"type\": \"terms\", \"enabled\": true, \"id\": \"2\", \"schema\": \"split\", \"params\": {\"orderBy\": \"_key\", \"otherBucketLabel\": \"Other\", \"field\": \"coredns.stats.server\", \"order\": \"desc\", \"size\": 5, \"customLabel\": \"server\", \"otherBucket\": false, \"missingBucketLabel\": \"Missing\", \"row\": true, \"missingBucket\": false}}, {\"type\": \"date_histogram\", \"enabled\": true, \"id\": \"3\", \"schema\": \"segment\", \"params\": {\"useNormalizedEsInterval\": true, \"extended_bounds\": {}, \"customInterval\": \"2h\", \"interval\": \"auto\", \"min_doc_count\": 1, \"drop_partials\": false, \"timeRange\": {\"from\": \"now-15m\", \"to\": \"now\"}, \"field\": \"@timestamp\"}}, {\"type\": \"terms\", \"enabled\": true, \"id\": \"4\", \"schema\": \"group\", \"params\": {\"orderBy\": \"_key\", \"otherBucketLabel\": \"Other\", \"field\": \"coredns.stats.zone\", \"order\": \"desc\", \"size\": 5, \"otherBucket\": false, \"missingBucketLabel\": \"Missing\", \"missingBucket\": false}}, {\"type\": \"terms\", \"enabled\": true, \"id\": \"5\", \"schema\": \"group\", \"params\": {\"orderBy\": \"_key\", \"otherBucketLabel\": \"Other\", \"field\": \"coredns.stats.type\", \"order\": \"desc\", \"size\": 5, \"otherBucket\": false, \"missingBucketLabel\": \"Missing\", \"missingBucket\": false}}], \"type\": \"line\", \"title\": \"Requests by Type [Metricbeat CoreDNS] ECS\", \"params\": {\"times\": [], \"seriesParams\": [{\"valueAxis\": \"ValueAxis-1\", \"drawLinesBetweenPoints\": true, \"type\": \"line\", \"mode\": \"normal\", \"data\": {\"id\": \"1\", \"label\": \"Requests\"}, \"show\": \"true\", \"showCircles\": true}], \"grid\": {\"categoryLines\": false}, \"valueAxes\": [{\"show\": true, \"labels\": {\"truncate\": 100, \"show\": true, \"rotate\": 0, \"filter\": false}, \"title\": {\"text\": \"Requests\"}, \"style\": {}, \"position\": \"left\", \"scale\": {\"type\": \"linear\", \"mode\": \"normal\"}, \"id\": \"ValueAxis-1\", \"name\": \"LeftAxis-1\", \"type\": \"value\"}], \"addTooltip\": true, \"addLegend\": true, \"legendPosition\": \"right\", \"categoryAxes\": [{\"show\": true, \"labels\": {\"truncate\": 100, \"show\": true}, \"title\": {}, \"style\": {}, \"scale\": {\"type\": \"linear\"}, \"id\": \"CategoryAxis-1\", \"position\": \"bottom\", \"type\": \"category\"}], \"addTimeMarker\": false, \"type\": \"line\"}}"
            },
            "id": "a58345f0-7298-11e9-b0d0-414c3011ddbb",
            "migrationVersion": {
                "visualization": "7.0.0"
            },
            "references": [
                {
                    "id": "metricbeat-*",
                    "name": "kibanaSavedObjectMeta.searchSourceJSON.index",
                    "type": "index-pattern"
                }
            ],
            "type": "visualization",
            "updated_at": "2019-05-10T07:46:22.258Z",
            "version": "WzE1MzIsMV0="
        },
        {
            "attributes": {
                "description": "",
                "kibanaSavedObjectMeta": {
                    "searchSourceJSON": "{\"query\": {\"language\": \"kuery\", \"query\": \"\"}, \"filter\": []}"
                },
                "title": "Avg Request Duration (cumulative) [Metricbeat CoreDNS] ECS",
                "uiStateJSON": "{}",
                "version": 1,
                "visState": "{\"aggs\": [], \"type\": \"metrics\", \"title\": \"Avg Request Duration (cumulative) [Metricbeat CoreDNS] ECS\", \"params\": {\"default_index_pattern\": \"metricbeat-*\", \"axis_formatter\": \"number\", \"id\": \"61ca57f0-469d-11e7-af02-69e470af7417\", \"show_legend\": 1, \"index_pattern\": \"metricbeat-*\", \"time_field\": \"@timestamp\", \"interval\": \"auto\", \"axis_scale\": \"normal\", \"axis_position\": \"left\", \"type\": \"timeseries\", \"series\": [{\"steps\": 0, \"split_filters\": [{\"id\": \"505e0670-7309-11e9-aba0-4f43d70788c6\", \"color\": \"#68BC00\", \"filter\": \"\", \"label\": \"\"}], \"color\": \"#68BC00\", \"filter\": \"\", \"line_width\": 1, \"axis_position\": \"right\", \"id\": \"61ca57f1-469d-11e7-af02-69e470af7417\", \"terms_order_by\": \"61ca57f2-469d-11e7-af02-69e470af7417\", \"terms_field\": \"coredns.stats.zone\", \"stacked\": \"none\", \"split_mode\": \"terms\", \"metrics\": [{\"size\": 1, \"field\": \"coredns.stats.dns.request.duration.ns.sum\", \"order\": \"desc\", \"type\": \"sum\", \"agg_with\": \"max\", \"id\": \"61ca57f2-469d-11e7-af02-69e470af7417\", \"order_by\": \"@timestamp\"}, {\"size\": 1, \"field\": \"coredns.stats.dns.request.duration.ns.count\", \"order\": \"desc\", \"type\": \"sum\", \"agg_with\": \"max\", \"id\": \"f6c82d30-7307-11e9-aba0-4f43d70788c6\", \"order_by\": \"@timestamp\"}, {\"script\": \"params.sum / params.count / 1e6\", \"type\": \"calculation\", \"id\": \"1d9de350-7308-11e9-aba0-4f43d70788c6\", \"variables\": [{\"field\": \"61ca57f2-469d-11e7-af02-69e470af7417\", \"id\": \"20eee310-7308-11e9-aba0-4f43d70788c6\", \"name\": \"sum\"}, {\"field\": \"f6c82d30-7307-11e9-aba0-4f43d70788c6\", \"id\": \"2e4139f0-7308-11e9-aba0-4f43d70788c6\", \"name\": \"count\"}]}], \"separate_axis\": 0, \"point_size\": 1, \"value_template\": \"{{value}} ms\", \"chart_type\": \"line\", \"fill\": \"0.1\", \"formatter\": \"number\", \"label\": \"Avg Request Duration (ms)\"}], \"show_grid\": 1}}"
            },
            "id": "57c74300-7308-11e9-b0d0-414c3011ddbb",
            "migrationVersion": {
                "visualization": "7.0.0"
            },
            "references": [],
            "type": "visualization",
            "updated_at": "2019-05-10T11:07:14.131Z",
            "version": "WzE3MzQsMV0="
        },
        {
            "attributes": {
                "description": "",
                "kibanaSavedObjectMeta": {
                    "searchSourceJSON": "{\"query\": {\"language\": \"kuery\", \"query\": \"\"}, \"filter\": []}"
                },
                "title": "Avg Request Size (cumulative) [Metricbeat CoreDNS] ECS",
                "uiStateJSON": "{}",
                "version": 1,
                "visState": "{\"aggs\": [], \"type\": \"metrics\", \"title\": \"Avg Request Size (cumulative) [Metricbeat CoreDNS] ECS\", \"params\": {\"default_index_pattern\": \"metricbeat-*\", \"axis_formatter\": \"number\", \"id\": \"61ca57f0-469d-11e7-af02-69e470af7417\", \"show_legend\": 1, \"index_pattern\": \"metricbeat-*\", \"time_field\": \"@timestamp\", \"interval\": \"auto\", \"axis_scale\": \"normal\", \"axis_position\": \"left\", \"type\": \"timeseries\", \"series\": [{\"terms_field\": \"coredns.stats.zone\", \"color\": \"rgba(228,155,238,1)\", \"line_width\": 1, \"axis_position\": \"right\", \"id\": \"61ca57f1-469d-11e7-af02-69e470af7417\", \"stacked\": \"none\", \"split_mode\": \"terms\", \"metrics\": [{\"type\": \"sum\", \"field\": \"coredns.stats.dns.request.size.bytes.sum\", \"id\": \"61ca57f2-469d-11e7-af02-69e470af7417\"}, {\"type\": \"sum\", \"field\": \"coredns.stats.dns.request.size.bytes.count\", \"id\": \"98fe65e0-7314-11e9-8e06-d9a616f1e6f2\"}, {\"script\": \"params.sum / params.count\", \"type\": \"calculation\", \"id\": \"ab81ee30-7314-11e9-8e06-d9a616f1e6f2\", \"variables\": [{\"field\": \"61ca57f2-469d-11e7-af02-69e470af7417\", \"id\": \"aeed53c0-7314-11e9-8e06-d9a616f1e6f2\", \"name\": \"sum\"}, {\"field\": \"98fe65e0-7314-11e9-8e06-d9a616f1e6f2\", \"id\": \"b84dd700-7314-11e9-8e06-d9a616f1e6f2\", \"name\": \"count\"}]}], \"separate_axis\": 0, \"point_size\": 1, \"value_template\": \"{{value}} bytes\", \"chart_type\": \"line\", \"fill\": \"0.1\", \"formatter\": \"number\", \"label\": \"Avg Request Size (bytes)\"}], \"show_grid\": 1}}"
            },
            "id": "4804eaa0-7315-11e9-b0d0-414c3011ddbb",
            "migrationVersion": {
                "visualization": "7.0.0"
            },
            "references": [],
            "type": "visualization",
            "updated_at": "2019-05-10T11:18:05.129Z",
            "version": "WzE3MzUsMV0="
        }
    ],
    "version": "7.0.0"
}