{
    "objects": [
        {
            "attributes": {
                "description": "This dashboard visualized relevant metrics for VMs running on Azure cloud.",
                "hits": 0,
                "kibanaSavedObjectMeta": {
                    "searchSourceJSON": "{\"query\": {\"language\": \"kuery\", \"query\": \"\"}, \"filter\": []}"
                },
                "optionsJSON": "{\"useMargins\": true, \"hidePanelTitles\": false}",
                "panelsJSON": "[{\"gridData\": {\"w\": 6, \"x\": 0, \"y\": 0, \"i\": \"aa881f9d-28d3-4722-822e-3e670021cf52\", \"h\": 12}, \"panelIndex\": \"aa881f9d-28d3-4722-822e-3e670021cf52\", \"title\": \"VM Filters\", \"embeddableConfig\": {\"title\": \"VM Filters\"}, \"panelRefName\": \"panel_0\", \"version\": \"7.9.1\"}, {\"gridData\": {\"w\": 20, \"x\": 6, \"y\": 0, \"i\": \"e673f70c-f811-4290-9087-578c7dd13675\", \"h\": 12}, \"panelIndex\": \"e673f70c-f811-4290-9087-578c7dd13675\", \"title\": \"VM CPU Utilization\", \"embeddableConfig\": {\"title\": \"VM CPU Utilization\"}, \"panelRefName\": \"panel_1\", \"version\": \"7.9.1\"}, {\"gridData\": {\"w\": 22, \"x\": 26, \"y\": 0, \"i\": \"2473ef72-c56c-4783-a36a-f4b8efd66ab7\", \"h\": 12}, \"panelIndex\": \"2473ef72-c56c-4783-a36a-f4b8efd66ab7\", \"title\": \"VM Available Memory\", \"embeddableConfig\": {\"title\": \"VM Available Memory\"}, \"panelRefName\": \"panel_2\", \"version\": \"7.9.1\"}, {\"panelRefName\": \"panel_3\", \"gridData\": {\"w\": 12, \"x\": 36, \"y\": 12, \"i\": \"14e225ef-6417-4377-b2cb-6b46b6693b78\", \"h\": 12}, \"panelIndex\": \"14e225ef-6417-4377-b2cb-6b46b6693b78\", \"embeddableConfig\": {}, \"version\": \"7.9.1\"}, {\"gridData\": {\"w\": 12, \"x\": 0, \"y\": 12, \"i\": \"535d70b3-3f3c-4a84-85ba-ab671b6d144f\", \"h\": 12}, \"panelIndex\": \"535d70b3-3f3c-4a84-85ba-ab671b6d144f\", \"title\": \"VM Network In Total\", \"embeddableConfig\": {\"title\": \"VM Network In Total\"}, \"panelRefName\": \"panel_4\", \"version\": \"7.9.1\"}, {\"gridData\": {\"w\": 12, \"x\": 12, \"y\": 12, \"i\": \"6903a45e-bf11-4db2-9497-fd9692e83448\", \"h\": 12}, \"panelIndex\": \"6903a45e-bf11-4db2-9497-fd9692e83448\", \"title\": \"VM Network Out Total\", \"embeddableConfig\": {\"title\": \"VM Network Out Total\"}, \"panelRefName\": \"panel_5\", \"version\": \"7.9.1\"}, {\"gridData\": {\"w\": 12, \"x\": 24, \"y\": 12, \"i\": \"aa57fa8f-f6ea-45e3-9b2c-ba948d625813\", \"h\": 12}, \"panelIndex\": \"aa57fa8f-f6ea-45e3-9b2c-ba948d625813\", \"title\": \"VM Disk Writes\", \"embeddableConfig\": {\"title\": \"VM Disk Writes\"}, \"panelRefName\": \"panel_6\", \"version\": \"7.9.1\"}, {\"gridData\": {\"w\": 24, \"x\": 0, \"y\": 24, \"i\": \"8879143b-ed83-45ec-8c58-b10dc1597c22\", \"h\": 13}, \"panelIndex\": \"8879143b-ed83-45ec-8c58-b10dc1597c22\", \"title\": \"VM Disk Read Operations/s\", \"embeddableConfig\": {\"title\": \"VM Disk Read Operations/s\"}, \"panelRefName\": \"panel_7\", \"version\": \"7.9.1\"}, {\"gridData\": {\"w\": 24, \"x\": 24, \"y\": 24, \"i\": \"4071f2bf-1794-45ff-b76d-58864226d8b7\", \"h\": 13}, \"panelIndex\": \"4071f2bf-1794-45ff-b76d-58864226d8b7\", \"title\": \"VM Disk Write Operations/s\", \"embeddableConfig\": {\"title\": \"VM Disk Write Operations/s\"}, \"panelRefName\": \"panel_8\", \"version\": \"7.9.1\"}]",
                "timeRestore": false,
                "title": "[Metricbeat Azure] Compute VMs Overview",
                "version": 1
            },
            "id": "eb3f05f0-ea9a-11e9-90ec-112a988266d5",
            "migrationVersion": {
                "dashboard": "7.3.0"
            },
            "namespaces": [
                "default"
            ],
            "references": [
                {
                    "id": "5031b220-eb61-11e9-90ec-112a988266d5",
                    "name": "panel_0",
                    "type": "visualization"
                },
                {
                    "id": "db9a3490-ea8f-11e9-90ec-112a988266d5",
                    "name": "panel_1",
                    "type": "visualization"
                },
                {
                    "id": "7205a4f0-ea95-11e9-90ec-112a988266d5",
                    "name": "panel_2",
                    "type": "visualization"
                },
                {
                    "id": "e8ca65c0-eb45-11e9-90ec-112a988266d5",
                    "name": "panel_3",
                    "type": "visualization"
                },
                {
                    "id": "8b6b9450-ea99-11e9-90ec-112a988266d5",
                    "name": "panel_4",
                    "type": "visualization"
                },
                {
                    "id": "abd32c30-ea99-11e9-90ec-112a988266d5",
                    "name": "panel_5",
                    "type": "visualization"
                },
                {
                    "id": "5c016810-ea9a-11e9-90ec-112a988266d5",
                    "name": "panel_6",
                    "type": "visualization"
                },
                {
                    "id": "3a50e950-eb46-11e9-90ec-112a988266d5",
                    "name": "panel_7",
                    "type": "visualization"
                },
                {
                    "id": "0892eaa0-ea9a-11e9-90ec-112a988266d5",
                    "name": "panel_8",
                    "type": "visualization"
                }
            ],
            "type": "dashboard",
            "updated_at": "2020-09-15T16:10:59.501Z",
            "version": "Wzg4NSwxXQ=="
        },
        {
            "attributes": {
                "description": "",
                "kibanaSavedObjectMeta": {
                    "searchSourceJSON": "{\"query\": {\"language\": \"kuery\", \"query\": \"\"}, \"filter\": []}"
                },
                "title": "VM Filters [Metricbeat Azure]",
                "uiStateJSON": "{}",
                "version": 1,
                "visState": "{\"aggs\": [], \"type\": \"input_control_vis\", \"title\": \"VM Filters [Metricbeat Azure]\", \"params\": {\"controls\": [{\"indexPatternRefName\": \"control_0_index_pattern\", \"type\": \"list\", \"parent\": \"\", \"options\": {\"dynamicOptions\": true, \"size\": 5, \"multiselect\": true, \"order\": \"desc\", \"type\": \"terms\"}, \"id\": \"1549397251041\", \"fieldName\": \"cloud.region\", \"label\": \"Region\"}, {\"indexPatternRefName\": \"control_1_index_pattern\", \"type\": \"list\", \"parent\": \"\", \"options\": {\"dynamicOptions\": true, \"size\": 5, \"multiselect\": true, \"order\": \"desc\", \"type\": \"terms\"}, \"id\": \"1549512142947\", \"fieldName\": \"azure.resource.group\", \"label\": \"Resource Group\"}, {\"indexPatternRefName\": \"control_2_index_pattern\", \"type\": \"list\", \"parent\": \"\", \"options\": {\"dynamicOptions\": true, \"size\": 5, \"multiselect\": true, \"order\": \"desc\", \"type\": \"terms\"}, \"id\": \"1570774891724\", \"fieldName\": \"azure.resource.name\", \"label\": \"VM Name\"}], \"updateFiltersOnChange\": true, \"pinFilters\": false, \"useTimeFilter\": false}}"
            },
            "id": "5031b220-eb61-11e9-90ec-112a988266d5",
            "migrationVersion": {
                "visualization": "7.8.0"
            },
            "namespaces": [
                "default"
            ],
            "references": [
                {
                    "id": "metricbeat-*",
                    "name": "control_0_index_pattern",
                    "type": "index-pattern"
                },
                {
                    "id": "metricbeat-*",
                    "name": "control_1_index_pattern",
                    "type": "index-pattern"
                },
                {
                    "id": "metricbeat-*",
                    "name": "control_2_index_pattern",
                    "type": "index-pattern"
                }
            ],
            "type": "visualization",
            "updated_at": "2020-09-15T16:21:47.113Z",
            "version": "WzkyNywxXQ=="
        },
        {
            "attributes": {
                "description": "",
                "kibanaSavedObjectMeta": {
                    "searchSourceJSON": "{\"query\": {\"language\": \"kuery\", \"query\": \"\"}, \"filter\": []}"
                },
                "title": "VM CPU Utilization [Metricbeat Azure]",
                "uiStateJSON": "{}",
                "version": 1,
                "visState": "{\"aggs\": [], \"type\": \"metrics\", \"title\": \"VM CPU Utilization [Metricbeat Azure]\", \"params\": {\"default_index_pattern\": \"metricbeat-*\", \"axis_formatter\": \"number\", \"show_legend\": 1, \"filter\": {\"language\": \"kuery\", \"query\": \"azure.resource.type : \\\"Microsoft.Compute/virtualMachines\\\" \"}, \"isModelInvalid\": false, \"id\": \"4f6c1610-ea8e-11e9-8c73-71740bcf3d8b\", \"index_pattern\": \"metricbeat-*\", \"time_field\": \"@timestamp\", \"axis_min\": 0, \"axis_scale\": \"normal\", \"axis_position\": \"left\", \"default_timefield\": \"@timestamp\", \"type\": \"timeseries\", \"series\": [{\"terms_field\": \"azure.resource.name\", \"split_color_mode\": \"rainbow\", \"color\": \"rgba(252,196,0,1)\", \"filter\": {\"language\": \"kuery\", \"query\": \"\"}, \"line_width\": 2, \"axis_position\": \"right\", \"id\": \"4f6c1611-ea8e-11e9-8c73-71740bcf3d8b\", \"stacked\": \"none\", \"split_mode\": \"terms\", \"metrics\": [{\"type\": \"avg\", \"field\": \"azure.compute_vm.percentage_cpu.avg\", \"id\": \"4f6c1612-ea8e-11e9-8c73-71740bcf3d8b\"}], \"separate_axis\": 0, \"point_size\": 0, \"value_template\": \"{{value}}%\", \"chart_type\": \"line\", \"fill\": 0, \"formatter\": \"number\", \"label\": \"Azure VM CPU Utilization\"}], \"interval\": \">=5m\", \"show_grid\": 1}}"
            },
            "id": "db9a3490-ea8f-11e9-90ec-112a988266d5",
            "migrationVersion": {
                "visualization": "7.8.0"
            },
            "namespaces": [
                "default"
            ],
            "references": [],
            "type": "visualization",
            "updated_at": "2020-09-15T16:01:27.530Z",
            "version": "WzMzMywxXQ=="
        },
        {
            "attributes": {
                "description": "",
                "kibanaSavedObjectMeta": {
                    "searchSourceJSON": "{\"query\": {\"language\": \"kuery\", \"query\": \"\"}, \"filter\": []}"
                },
                "title": "VM Available Memory [Metricbeat Azure]",
                "uiStateJSON": "{}",
                "version": 1,
                "visState": "{\"aggs\": [], \"type\": \"metrics\", \"title\": \"VM Available Memory [Metricbeat Azure]\", \"params\": {\"default_index_pattern\": \"metricbeat-*\", \"axis_formatter\": \"number\", \"show_legend\": 1, \"filter\": {\"language\": \"kuery\", \"query\": \"azure.resource.type : \\\"Microsoft.Compute/virtualMachines\\\" \"}, \"isModelInvalid\": false, \"id\": \"c7e12030-ea94-11e9-bf06-bfc27258c9ad\", \"index_pattern\": \"metricbeat-*\", \"time_field\": \"@timestamp\", \"axis_min\": 0, \"axis_scale\": \"normal\", \"axis_position\": \"left\", \"default_timefield\": \"@timestamp\", \"type\": \"timeseries\", \"series\": [{\"terms_field\": \"azure.resource.name\", \"split_color_mode\": \"gradient\", \"color\": \"rgba(176,188,0,1)\", \"line_width\": 2, \"axis_position\": \"right\", \"id\": \"c7e12031-ea94-11e9-bf06-bfc27258c9ad\", \"stacked\": \"none\", \"split_mode\": \"terms\", \"metrics\": [{\"type\": \"avg\", \"field\": \"azure.compute_vm.memory_available_bytes.avg\", \"id\": \"c7e12032-ea94-11e9-bf06-bfc27258c9ad\"}], \"separate_axis\": 0, \"point_size\": 0, \"value_template\": \"{{value}}\", \"chart_type\": \"line\", \"fill\": 0, \"formatter\": \"bytes\", \"label\": \"VM Available Memory\"}], \"interval\": \">=5m\", \"show_grid\": 1}}"
            },
            "id": "7205a4f0-ea95-11e9-90ec-112a988266d5",
            "migrationVersion": {
                "visualization": "7.8.0"
            },
            "namespaces": [
                "default"
            ],
            "references": [],
            "type": "visualization",
            "updated_at": "2020-09-15T16:01:27.530Z",
            "version": "WzMzNCwxXQ=="
        },
        {
            "attributes": {
                "description": "",
                "kibanaSavedObjectMeta": {
                    "searchSourceJSON": "{\"query\": {\"language\": \"kuery\", \"query\": \"\"}, \"filter\": []}"
                },
                "title": "VM Disk Reads [Metricbeat Azure]",
                "uiStateJSON": "{}",
                "version": 1,
                "visState": "{\"aggs\": [], \"type\": \"metrics\", \"title\": \"VM Disk Reads [Metricbeat Azure]\", \"params\": {\"default_index_pattern\": \"metricbeat-*\", \"axis_formatter\": \"number\", \"show_legend\": 1, \"filter\": {\"language\": \"kuery\", \"query\": \"azure.resource.type :\\\"Microsoft.Compute/virtualMachines\\\" \"}, \"isModelInvalid\": false, \"id\": \"39b6adc0-ea99-11e9-8328-799c817fb96b\", \"index_pattern\": \"metricbeat-*\", \"time_field\": \"@timestamp\", \"axis_min\": 0, \"axis_scale\": \"normal\", \"axis_position\": \"left\", \"default_timefield\": \"@timestamp\", \"type\": \"timeseries\", \"series\": [{\"terms_field\": \"azure.resource.name\", \"split_color_mode\": \"gradient\", \"color\": \"rgba(252,196,0,1)\", \"line_width\": 2, \"axis_position\": \"right\", \"id\": \"39b6adc1-ea99-11e9-8328-799c817fb96b\", \"stacked\": \"none\", \"type\": \"timeseries\", \"split_mode\": \"terms\", \"metrics\": [{\"type\": \"avg\", \"field\": \"azure.compute_vm.disk_read_bytes.total\", \"id\": \"39b6adc2-ea99-11e9-8328-799c817fb96b\"}], \"separate_axis\": 0, \"point_size\": 0, \"value_template\": \"{{value}}\", \"chart_type\": \"line\", \"fill\": 0, \"formatter\": \"bytes\", \"label\": \"VM Disk Read bytes\"}], \"interval\": \">=5m\", \"show_grid\": 1}}"
            },
            "id": "e8ca65c0-eb45-11e9-90ec-112a988266d5",
            "migrationVersion": {
                "visualization": "7.8.0"
            },
            "namespaces": [
                "default"
            ],
            "references": [],
            "type": "visualization",
            "updated_at": "2020-09-15T16:01:27.530Z",
            "version": "WzMzNSwxXQ=="
        },
        {
            "attributes": {
                "description": "",
                "kibanaSavedObjectMeta": {
                    "searchSourceJSON": "{\"query\": {\"language\": \"kuery\", \"query\": \"\"}, \"filter\": []}"
                },
                "title": "VM Network In Total [Metricbeat Azure]",
                "uiStateJSON": "{}",
                "version": 1,
                "visState": "{\"aggs\": [], \"type\": \"metrics\", \"title\": \"VM Network In Total [Metricbeat Azure]\", \"params\": {\"default_index_pattern\": \"metricbeat-*\", \"axis_formatter\": \"number\", \"show_legend\": 1, \"filter\": {\"language\": \"kuery\", \"query\": \"azure.resource.type : \\\"Microsoft.Compute/virtualMachines\\\" \"}, \"isModelInvalid\": false, \"id\": \"39b6adc0-ea99-11e9-8328-799c817fb96b\", \"index_pattern\": \"metricbeat-*\", \"time_field\": \"@timestamp\", \"axis_min\": 0, \"axis_scale\": \"normal\", \"axis_position\": \"left\", \"default_timefield\": \"@timestamp\", \"type\": \"timeseries\", \"series\": [{\"terms_field\": \"azure.resource.name\", \"split_color_mode\": \"gradient\", \"color\": \"rgba(104,204,202,1)\", \"line_width\": 2, \"axis_position\": \"right\", \"id\": \"39b6adc1-ea99-11e9-8328-799c817fb96b\", \"stacked\": \"none\", \"split_mode\": \"terms\", \"metrics\": [{\"type\": \"avg\", \"field\": \"azure.compute_vm.network_in_total.total\", \"id\": \"39b6adc2-ea99-11e9-8328-799c817fb96b\"}], \"separate_axis\": 0, \"point_size\": 0, \"value_template\": \"{{value}}\", \"chart_type\": \"line\", \"fill\": 0, \"formatter\": \"bytes\", \"label\": \"Azure VM Network In Total\"}], \"interval\": \">=5m\", \"show_grid\": 1}}"
            },
            "id": "8b6b9450-ea99-11e9-90ec-112a988266d5",
            "migrationVersion": {
                "visualization": "7.8.0"
            },
            "namespaces": [
                "default"
            ],
            "references": [],
            "type": "visualization",
            "updated_at": "2020-09-15T16:01:27.530Z",
            "version": "WzMzNiwxXQ=="
        },
        {
            "attributes": {
                "description": "",
                "kibanaSavedObjectMeta": {
                    "searchSourceJSON": "{\"query\": {\"language\": \"kuery\", \"query\": \"\"}, \"filter\": []}"
                },
                "title": "VM Network Out Total [Metricbeat Azure]",
                "uiStateJSON": "{}",
                "version": 1,
                "visState": "{\"aggs\": [], \"type\": \"metrics\", \"title\": \"VM Network Out Total [Metricbeat Azure]\", \"params\": {\"default_index_pattern\": \"metricbeat-*\", \"axis_formatter\": \"number\", \"show_legend\": 1, \"filter\": {\"language\": \"kuery\", \"query\": \"azure.resource.type : \\\"Microsoft.Compute/virtualMachines\\\" \"}, \"isModelInvalid\": false, \"id\": \"39b6adc0-ea99-11e9-8328-799c817fb96b\", \"index_pattern\": \"metricbeat-*\", \"time_field\": \"@timestamp\", \"axis_min\": 0, \"axis_scale\": \"normal\", \"axis_position\": \"left\", \"default_timefield\": \"@timestamp\", \"type\": \"timeseries\", \"series\": [{\"terms_field\": \"azure.resource.name\", \"split_color_mode\": \"gradient\", \"color\": \"rgba(115,216,255,1)\", \"line_width\": 2, \"axis_position\": \"right\", \"id\": \"39b6adc1-ea99-11e9-8328-799c817fb96b\", \"stacked\": \"none\", \"type\": \"timeseries\", \"split_mode\": \"terms\", \"metrics\": [{\"type\": \"avg\", \"field\": \"azure.compute_vm.network_out_total.total\", \"id\": \"39b6adc2-ea99-11e9-8328-799c817fb96b\"}], \"separate_axis\": 0, \"point_size\": 0, \"value_template\": \"{{value}}\", \"chart_type\": \"line\", \"fill\": 0, \"formatter\": \"bytes\", \"label\": \"Azure VM Network Out Total\"}], \"interval\": \">=5m\", \"show_grid\": 1}}"
            },
            "id": "abd32c30-ea99-11e9-90ec-112a988266d5",
            "migrationVersion": {
                "visualization": "7.8.0"
            },
            "namespaces": [
                "default"
            ],
            "references": [],
            "type": "visualization",
            "updated_at": "2020-09-15T16:01:27.530Z",
            "version": "WzMzNywxXQ=="
        },
        {
            "attributes": {
                "description": "",
                "kibanaSavedObjectMeta": {
                    "searchSourceJSON": "{\"query\": {\"language\": \"kuery\", \"query\": \"\"}, \"filter\": []}"
                },
                "title": "VM Disk Writes [Metricbeat Azure]",
                "uiStateJSON": "{}",
                "version": 1,
                "visState": "{\"aggs\": [], \"type\": \"metrics\", \"title\": \"VM Disk Writes [Metricbeat Azure]\", \"params\": {\"default_index_pattern\": \"metricbeat-*\", \"axis_formatter\": \"number\", \"show_legend\": 1, \"filter\": {\"language\": \"kuery\", \"query\": \"azure.resource.type :\\\"Microsoft.Compute/virtualMachines\\\" \"}, \"isModelInvalid\": false, \"id\": \"39b6adc0-ea99-11e9-8328-799c817fb96b\", \"index_pattern\": \"metricbeat-*\", \"time_field\": \"@timestamp\", \"axis_min\": 0, \"axis_scale\": \"normal\", \"axis_position\": \"left\", \"default_timefield\": \"@timestamp\", \"type\": \"timeseries\", \"series\": [{\"terms_field\": \"azure.resource.name\", \"split_color_mode\": \"gradient\", \"color\": \"rgba(176,188,0,1)\", \"line_width\": 2, \"axis_position\": \"right\", \"id\": \"39b6adc1-ea99-11e9-8328-799c817fb96b\", \"stacked\": \"none\", \"type\": \"timeseries\", \"split_mode\": \"terms\", \"metrics\": [{\"type\": \"avg\", \"field\": \"azure.compute_vm.disk_write_bytes.total\", \"id\": \"39b6adc2-ea99-11e9-8328-799c817fb96b\"}], \"separate_axis\": 0, \"point_size\": 0, \"value_template\": \"{{value}}\", \"chart_type\": \"line\", \"fill\": 0, \"formatter\": \"bytes\", \"label\": \"VM Disk Writes bytes\"}], \"interval\": \">=5m\", \"show_grid\": 1}}"
            },
            "id": "5c016810-ea9a-11e9-90ec-112a988266d5",
            "migrationVersion": {
                "visualization": "7.8.0"
            },
            "namespaces": [
                "default"
            ],
            "references": [],
            "type": "visualization",
            "updated_at": "2020-09-15T16:01:27.530Z",
            "version": "WzMzOCwxXQ=="
        },
        {
            "attributes": {
                "description": "",
                "kibanaSavedObjectMeta": {
                    "searchSourceJSON": "{\"query\": {\"language\": \"kuery\", \"query\": \"\"}, \"filter\": []}"
                },
                "title": "VM Disk Read Operations/s [Metricbeat Azure]",
                "uiStateJSON": "{}",
                "version": 1,
                "visState": "{\"aggs\": [], \"type\": \"metrics\", \"title\": \"VM Disk Read Operations/s [Metricbeat Azure]\", \"params\": {\"default_index_pattern\": \"metricbeat-*\", \"axis_formatter\": \"number\", \"show_legend\": 1, \"filter\": {\"language\": \"kuery\", \"query\": \"azure.resource.type : \\\"Microsoft.Compute/virtualMachines\\\" \"}, \"isModelInvalid\": false, \"id\": \"39b6adc0-ea99-11e9-8328-799c817fb96b\", \"index_pattern\": \"metricbeat-*\", \"time_field\": \"@timestamp\", \"axis_min\": 0, \"axis_scale\": \"normal\", \"axis_position\": \"left\", \"default_timefield\": \"@timestamp\", \"type\": \"timeseries\", \"series\": [{\"terms_field\": \"azure.resource.name\", \"split_color_mode\": \"gradient\", \"color\": \"rgba(252,196,0,1)\", \"line_width\": 2, \"axis_position\": \"right\", \"id\": \"39b6adc1-ea99-11e9-8328-799c817fb96b\", \"stacked\": \"none\", \"type\": \"timeseries\", \"split_mode\": \"terms\", \"metrics\": [{\"type\": \"avg\", \"field\": \"azure.compute_vm.disk_read_operations_per_sec.avg\", \"id\": \"39b6adc2-ea99-11e9-8328-799c817fb96b\"}], \"separate_axis\": 0, \"point_size\": 0, \"value_template\": \"{{value}}\", \"chart_type\": \"line\", \"fill\": 0, \"formatter\": \"number\", \"label\": \"VM Disk Read Operations/s\"}], \"interval\": \">=5m\", \"show_grid\": 1}}"
            },
            "id": "3a50e950-eb46-11e9-90ec-112a988266d5",
            "migrationVersion": {
                "visualization": "7.8.0"
            },
            "namespaces": [
                "default"
            ],
            "references": [],
            "type": "visualization",
            "updated_at": "2020-09-15T16:01:27.530Z",
            "version": "WzMzOSwxXQ=="
        },
        {
            "attributes": {
                "description": "",
                "kibanaSavedObjectMeta": {
                    "searchSourceJSON": "{\"query\": {\"language\": \"kuery\", \"query\": \"\"}, \"filter\": []}"
                },
                "title": "VM Disk Write Operations/s [Metricbeat Azure]",
                "uiStateJSON": "{}",
                "version": 1,
                "visState": "{\"aggs\": [], \"type\": \"metrics\", \"title\": \"VM Disk Write Operations/s [Metricbeat Azure]\", \"params\": {\"default_index_pattern\": \"metricbeat-*\", \"axis_formatter\": \"number\", \"show_legend\": 1, \"filter\": {\"language\": \"kuery\", \"query\": \"azure.resource.type : \\\"Microsoft.Compute/virtualMachines\\\" \"}, \"isModelInvalid\": false, \"id\": \"39b6adc0-ea99-11e9-8328-799c817fb96b\", \"index_pattern\": \"metricbeat-*\", \"time_field\": \"@timestamp\", \"axis_min\": 0, \"axis_scale\": \"normal\", \"axis_position\": \"left\", \"default_timefield\": \"@timestamp\", \"type\": \"timeseries\", \"series\": [{\"terms_field\": \"azure.resource.name\", \"split_color_mode\": \"gradient\", \"color\": \"rgba(252,196,0,1)\", \"line_width\": 2, \"axis_position\": \"right\", \"id\": \"39b6adc1-ea99-11e9-8328-799c817fb96b\", \"stacked\": \"none\", \"type\": \"timeseries\", \"split_mode\": \"terms\", \"metrics\": [{\"type\": \"avg\", \"field\": \"azure.compute_vm.disk_write_operations_per_sec.avg\", \"id\": \"39b6adc2-ea99-11e9-8328-799c817fb96b\"}], \"separate_axis\": 0, \"point_size\": 0, \"value_template\": \"{{value}}\", \"chart_type\": \"line\", \"fill\": 0, \"formatter\": \"number\", \"label\": \"VM Disk Write Operations/s\"}], \"interval\": \">=5m\", \"show_grid\": 1}}"
            },
            "id": "0892eaa0-ea9a-11e9-90ec-112a988266d5",
            "migrationVersion": {
                "visualization": "7.8.0"
            },
            "namespaces": [
                "default"
            ],
            "references": [],
            "type": "visualization",
            "updated_at": "2020-09-15T16:01:27.530Z",
            "version": "WzM0MCwxXQ=="
        }
    ],
    "version": "7.9.1"
}