{
    "objects": [
        {
            "attributes": {
                "description": "The dashboard presents metric data describing ActiveMQ broker. Metrics show statistics of enqueued and dequeued messages, consumers, producers and memory usage (broker, store, temp).",
                "hits": 0,
                "kibanaSavedObjectMeta": {
                    "searchSourceJSON": "{\"query\": {\"language\": \"kuery\", \"query\": \"\"}, \"filter\": []}"
                },
                "optionsJSON": "{\"useMargins\": true, \"hidePanelTitles\": false}",
                "panelsJSON": "[{\"panelRefName\": \"panel_0\", \"gridData\": {\"w\": 24, \"x\": 0, \"y\": 0, \"i\": \"cd2b33a6-3c4c-4d97-9cfb-7c6e47f248dc\", \"h\": 15}, \"panelIndex\": \"cd2b33a6-3c4c-4d97-9cfb-7c6e47f248dc\", \"embeddableConfig\": {}, \"version\": \"7.4.0\"}, {\"panelRefName\": \"panel_1\", \"gridData\": {\"w\": 24, \"x\": 24, \"y\": 0, \"i\": \"dc086d82-511a-45e3-b20e-6eef48e22ee1\", \"h\": 15}, \"panelIndex\": \"dc086d82-511a-45e3-b20e-6eef48e22ee1\", \"embeddableConfig\": {}, \"version\": \"7.4.0\"}, {\"panelRefName\": \"panel_2\", \"gridData\": {\"w\": 24, \"x\": 0, \"y\": 15, \"i\": \"84a09081-449a-44f8-bc43-7119730dc74b\", \"h\": 15}, \"panelIndex\": \"84a09081-449a-44f8-bc43-7119730dc74b\", \"embeddableConfig\": {}, \"version\": \"7.4.0\"}, {\"panelRefName\": \"panel_3\", \"gridData\": {\"w\": 24, \"x\": 24, \"y\": 15, \"i\": \"e5e43ead-2ed5-4290-86f3-5dd623500f87\", \"h\": 5}, \"panelIndex\": \"e5e43ead-2ed5-4290-86f3-5dd623500f87\", \"embeddableConfig\": {}, \"version\": \"7.4.0\"}, {\"panelRefName\": \"panel_4\", \"gridData\": {\"w\": 24, \"x\": 24, \"y\": 20, \"i\": \"f891ea87-7718-4820-a0dc-21b160c1e684\", \"h\": 5}, \"panelIndex\": \"f891ea87-7718-4820-a0dc-21b160c1e684\", \"embeddableConfig\": {}, \"version\": \"7.4.0\"}, {\"panelRefName\": \"panel_5\", \"gridData\": {\"w\": 24, \"x\": 24, \"y\": 25, \"i\": \"54a788b6-5ede-4217-a975-ba6bc57f5274\", \"h\": 5}, \"panelIndex\": \"54a788b6-5ede-4217-a975-ba6bc57f5274\", \"embeddableConfig\": {}, \"version\": \"7.4.0\"}]",
                "timeRestore": false,
                "title": "[Metricbeat ActiveMQ] Broker Overview",
                "version": 1
            },
            "id": "fc27a270-0b95-11ea-81bb-cf244189d349",
            "migrationVersion": {
                "dashboard": "7.3.0"
            },
            "references": [
                {
                    "id": "55cacee0-0ba7-11ea-81bb-cf244189d349",
                    "name": "panel_0",
                    "type": "visualization"
                },
                {
                    "id": "ce456e60-0b99-11ea-81bb-cf244189d349",
                    "name": "panel_1",
                    "type": "visualization"
                },
                {
                    "id": "33cbfa60-0b95-11ea-81bb-cf244189d349",
                    "name": "panel_2",
                    "type": "visualization"
                },
                {
                    "id": "594db510-0b9c-11ea-81bb-cf244189d349",
                    "name": "panel_3",
                    "type": "visualization"
                },
                {
                    "id": "bfad8290-0d22-11ea-ba76-7fb26815d86c",
                    "name": "panel_4",
                    "type": "visualization"
                },
                {
                    "id": "cb475400-0d22-11ea-ba76-7fb26815d86c",
                    "name": "panel_5",
                    "type": "visualization"
                }
            ],
            "type": "dashboard",
            "updated_at": "2019-11-22T12:26:00.404Z",
            "version": "WzUxOSwyXQ=="
        },
        {
            "attributes": {
                "description": "",
                "kibanaSavedObjectMeta": {
                    "searchSourceJSON": "{\"query\": {\"language\": \"kuery\", \"query\": \"\"}, \"filter\": []}"
                },
                "title": "Broker Messages [Metricbeat ActiveMQ]",
                "uiStateJSON": "{}",
                "version": 1,
                "visState": "{\"aggs\": [], \"type\": \"metrics\", \"title\": \"Broker Messages [Metricbeat ActiveMQ]\", \"params\": {\"default_index_pattern\": \"metricbeat-*\", \"bar_color_rules\": [{\"id\": \"aa435ec0-0ba6-11ea-b0d5-191f327f6941\"}], \"axis_formatter\": \"number\", \"show_legend\": 1, \"isModelInvalid\": false, \"id\": \"61ca57f0-469d-11e7-af02-69e470af7417\", \"index_pattern\": \"metricbeat-*\", \"time_field\": \"\", \"axis_min\": \"0\", \"axis_scale\": \"normal\", \"axis_position\": \"left\", \"default_timefield\": \"@timestamp\", \"type\": \"timeseries\", \"series\": [{\"color\": \"#68BC00\", \"line_width\": 1, \"axis_position\": \"right\", \"id\": \"61ca57f1-469d-11e7-af02-69e470af7417\", \"stacked\": \"none\", \"type\": \"timeseries\", \"split_mode\": \"everything\", \"metrics\": [{\"type\": \"max\", \"field\": \"activemq.broker.messages.dequeue.count\", \"id\": \"61ca57f2-469d-11e7-af02-69e470af7417\"}, {\"unit\": \"\", \"type\": \"derivative\", \"field\": \"61ca57f2-469d-11e7-af02-69e470af7417\", \"id\": \"03adf430-0ba6-11ea-b0d5-191f327f6941\"}], \"separate_axis\": 0, \"point_size\": 1, \"chart_type\": \"line\", \"fill\": 0.5, \"formatter\": \"number\", \"label\": \"Dequeue\"}, {\"color\": \"rgba(115,216,255,1)\", \"line_width\": 1, \"axis_position\": \"right\", \"id\": \"149ece90-0ba6-11ea-b0d5-191f327f6941\", \"stacked\": \"none\", \"type\": \"timeseries\", \"split_mode\": \"everything\", \"metrics\": [{\"type\": \"max\", \"field\": \"activemq.broker.messages.enqueue.count\", \"id\": \"149ef5a0-0ba6-11ea-b0d5-191f327f6941\"}, {\"unit\": \"\", \"type\": \"derivative\", \"field\": \"149ef5a0-0ba6-11ea-b0d5-191f327f6941\", \"id\": \"149ef5a1-0ba6-11ea-b0d5-191f327f6941\"}], \"separate_axis\": 0, \"point_size\": 1, \"chart_type\": \"line\", \"fill\": 0.5, \"formatter\": \"number\", \"label\": \"Enqueue\"}, {\"color\": \"rgba(252,196,0,1)\", \"line_width\": 1, \"axis_position\": \"right\", \"id\": \"39964ed0-0ba6-11ea-b0d5-191f327f6941\", \"stacked\": \"none\", \"type\": \"timeseries\", \"split_mode\": \"everything\", \"metrics\": [{\"type\": \"max\", \"field\": \"activemq.broker.messages.enqueue.count\", \"id\": \"39964ed1-0ba6-11ea-b0d5-191f327f6941\"}, {\"unit\": \"\", \"type\": \"derivative\", \"field\": \"39964ed1-0ba6-11ea-b0d5-191f327f6941\", \"id\": \"8920b440-0ba6-11ea-b0d5-191f327f6941\"}], \"separate_axis\": 0, \"point_size\": 1, \"chart_type\": \"line\", \"fill\": 0.5, \"formatter\": \"number\", \"label\": \"Count\"}], \"legend_position\": \"bottom\", \"interval\": \"\", \"show_grid\": 1}}"
            },
            "id": "55cacee0-0ba7-11ea-81bb-cf244189d349",
            "migrationVersion": {
                "visualization": "7.3.1"
            },
            "references": [],
            "type": "visualization",
            "updated_at": "2019-11-21T13:34:08.894Z",
            "version": "WzQzOCwxXQ=="
        },
        {
            "attributes": {
                "description": "",
                "kibanaSavedObjectMeta": {
                    "searchSourceJSON": "{\"query\": {\"language\": \"kuery\", \"query\": \"\"}, \"filter\": []}"
                },
                "title": "Broker Consumers/Producers [Metricbeat ActiveMQ]",
                "uiStateJSON": "{}",
                "version": 1,
                "visState": "{\"aggs\": [], \"type\": \"metrics\", \"title\": \"Broker Consumers/Producers [Metricbeat ActiveMQ]\", \"params\": {\"default_index_pattern\": \"metricbeat-*\", \"axis_formatter\": \"number\", \"show_legend\": 1, \"isModelInvalid\": false, \"background_color_rules\": [{\"id\": \"60dba290-0b99-11ea-8e0f-4970006b3ce7\"}], \"id\": \"61ca57f0-469d-11e7-af02-69e470af7417\", \"index_pattern\": \"metricbeat-*\", \"annotations\": [], \"time_field\": \"\", \"axis_min\": \"0\", \"axis_scale\": \"normal\", \"axis_position\": \"left\", \"default_timefield\": \"@timestamp\", \"type\": \"timeseries\", \"series\": [{\"terms_field\": \"activemq.broker.name\", \"color\": \"#68BC00\", \"filter\": {\"language\": \"kuery\", \"query\": \"\"}, \"line_width\": 1, \"axis_position\": \"right\", \"id\": \"61ca57f1-469d-11e7-af02-69e470af7417\", \"stacked\": \"none\", \"type\": \"timeseries\", \"split_mode\": \"everything\", \"metrics\": [{\"type\": \"max\", \"field\": \"activemq.broker.consumers.count\", \"id\": \"50a86850-0b98-11ea-8e0f-4970006b3ce7\"}], \"separate_axis\": 0, \"point_size\": 1, \"chart_type\": \"line\", \"fill\": 0.5, \"formatter\": \"number\", \"label\": \"Consumers\"}, {\"terms_field\": \"activemq.broker.name\", \"color\": \"rgba(65,157,247,1)\", \"line_width\": 1, \"axis_position\": \"right\", \"id\": \"9a1e6840-0b98-11ea-8e0f-4970006b3ce7\", \"stacked\": \"none\", \"type\": \"timeseries\", \"split_mode\": \"everything\", \"metrics\": [{\"type\": \"max\", \"field\": \"activemq.broker.producers.count\", \"id\": \"9a1e6841-0b98-11ea-8e0f-4970006b3ce7\"}], \"separate_axis\": 0, \"point_size\": 1, \"chart_type\": \"line\", \"fill\": 0.5, \"formatter\": \"number\", \"label\": \"Producers\"}], \"legend_position\": \"bottom\", \"interval\": \"\", \"show_grid\": 1}}"
            },
            "id": "ce456e60-0b99-11ea-81bb-cf244189d349",
            "migrationVersion": {
                "visualization": "7.3.1"
            },
            "references": [],
            "type": "visualization",
            "updated_at": "2019-11-21T13:34:08.894Z",
            "version": "WzQzOSwxXQ=="
        },
        {
            "attributes": {
                "description": "",
                "kibanaSavedObjectMeta": {
                    "searchSourceJSON": "{\"query\": {\"language\": \"kuery\", \"query\": \"\"}, \"filter\": []}"
                },
                "title": "Broker Connections [Metricbeat ActiveMQ]",
                "uiStateJSON": "{}",
                "version": 1,
                "visState": "{\"aggs\": [], \"type\": \"metrics\", \"title\": \"Broker Connections [Metricbeat ActiveMQ]\", \"params\": {\"axis_formatter\": \"number\", \"id\": \"61ca57f0-469d-11e7-af02-69e470af7417\", \"isModelInvalid\": false, \"index_pattern\": \"metricbeat-*\", \"gauge_color_rules\": [{\"id\": \"1a5bd500-0b95-11ea-81df-8dc66a02be3a\"}], \"time_field\": \"\", \"axis_min\": \"0\", \"axis_position\": \"left\", \"default_timefield\": \"@timestamp\", \"gauge_style\": \"half\", \"legend_position\": \"bottom\", \"default_index_pattern\": \"metricbeat-*\", \"bar_color_rules\": [{\"id\": \"1996d750-0b95-11ea-81df-8dc66a02be3a\"}], \"show_legend\": 1, \"background_color_rules\": [{\"id\": \"178caf70-0b95-11ea-81df-8dc66a02be3a\"}], \"gauge_inner_width\": 10, \"interval\": \"\", \"axis_scale\": \"normal\", \"show_grid\": 1, \"gauge_width\": 10, \"type\": \"timeseries\", \"series\": [{\"terms_field\": \"activemq.broker.name\", \"split_filters\": [{\"id\": \"b1b376f0-0b96-11ea-81df-8dc66a02be3a\", \"color\": \"#68BC00\", \"filter\": {\"language\": \"kuery\", \"query\": \"\"}, \"label\": \"\"}], \"color\": \"#68BC00\", \"filter\": {\"language\": \"kuery\", \"query\": \"\"}, \"line_width\": 1, \"axis_position\": \"right\", \"id\": \"61ca57f1-469d-11e7-af02-69e470af7417\", \"stacked\": \"none\", \"type\": \"timeseries\", \"split_mode\": \"everything\", \"metrics\": [{\"type\": \"max\", \"field\": \"activemq.broker.connections.count\", \"id\": \"61ca57f2-469d-11e7-af02-69e470af7417\"}, {\"unit\": \"\", \"type\": \"derivative\", \"field\": \"61ca57f2-469d-11e7-af02-69e470af7417\", \"id\": \"90525b80-0ba4-11ea-8c5c-257c67a7a008\"}], \"separate_axis\": 0, \"point_size\": 1, \"chart_type\": \"line\", \"fill\": 0.5, \"formatter\": \"number\", \"label\": \"Connections\"}]}}"
            },
            "id": "33cbfa60-0b95-11ea-81bb-cf244189d349",
            "migrationVersion": {
                "visualization": "7.3.1"
            },
            "references": [],
            "type": "visualization",
            "updated_at": "2019-11-21T13:34:08.894Z",
            "version": "WzQ0MCwxXQ=="
        },
        {
            "attributes": {
                "description": "",
                "kibanaSavedObjectMeta": {
                    "searchSourceJSON": "{\"query\": {\"language\": \"kuery\", \"query\": \"\"}, \"filter\": []}"
                },
                "title": "Broker Memory Usage [Metricbeat ActiveMQ]",
                "uiStateJSON": "{}",
                "version": 1,
                "visState": "{\"aggs\": [], \"type\": \"metrics\", \"title\": \"Broker Memory Usage [Metricbeat ActiveMQ]\", \"params\": {\"default_index_pattern\": \"metricbeat-*\", \"bar_color_rules\": [{\"id\": \"f6955680-0b9b-11ea-8e0f-4970006b3ce7\"}], \"axis_formatter\": \"number\", \"show_legend\": 1, \"series\": [{\"color\": \"rgba(252,220,0,1)\", \"filter\": {\"language\": \"kuery\", \"query\": \"\"}, \"line_width\": 1, \"axis_position\": \"right\", \"id\": \"61ca57f1-469d-11e7-af02-69e470af7417\", \"stacked\": \"none\", \"type\": \"timeseries\", \"split_mode\": \"everything\", \"metrics\": [{\"type\": \"max\", \"field\": \"activemq.broker.memory.broker.pct\", \"id\": \"61ca57f2-469d-11e7-af02-69e470af7417\"}], \"separate_axis\": 0, \"point_size\": 1, \"value_template\": \"\", \"chart_type\": \"line\", \"fill\": 0.5, \"formatter\": \"percent\", \"label\": \"Broker Memory\"}, {\"color\": \"rgba(104,204,202,1)\", \"line_width\": 1, \"axis_position\": \"right\", \"id\": \"7716c9c0-0b9b-11ea-8e0f-4970006b3ce7\", \"stacked\": \"none\", \"type\": \"timeseries\", \"split_mode\": \"everything\", \"metrics\": [{\"type\": \"max\", \"field\": \"activemq.broker.memory.store.pct\", \"id\": \"7716c9c1-0b9b-11ea-8e0f-4970006b3ce7\"}], \"separate_axis\": 0, \"point_size\": 1, \"chart_type\": \"line\", \"fill\": 0.5, \"formatter\": \"number\", \"label\": \"Store Memory\"}, {\"color\": \"rgba(174,161,255,1)\", \"line_width\": 1, \"axis_position\": \"right\", \"id\": \"13799400-0b9c-11ea-8e0f-4970006b3ce7\", \"stacked\": \"none\", \"split_mode\": \"everything\", \"metrics\": [{\"type\": \"max\", \"field\": \"activemq.broker.memory.temp.pct\", \"id\": \"13799401-0b9c-11ea-8e0f-4970006b3ce7\"}], \"separate_axis\": 0, \"point_size\": 1, \"chart_type\": \"line\", \"fill\": 0.5, \"formatter\": \"number\", \"label\": \"Temp Memory\"}], \"isModelInvalid\": false, \"index_pattern\": \"metricbeat-*\", \"id\": \"61ca57f0-469d-11e7-af02-69e470af7417\", \"background_color_rules\": [{\"id\": \"a19e8b60-0b9b-11ea-8e0f-4970006b3ce7\"}], \"gauge_color_rules\": [{\"id\": \"9acca240-0b9b-11ea-8e0f-4970006b3ce7\"}], \"gauge_inner_width\": 10, \"gauge_width\": 10, \"type\": \"gauge\", \"interval\": \"\", \"axis_scale\": \"normal\", \"axis_position\": \"left\", \"gauge_max\": \"1\", \"default_timefield\": \"@timestamp\", \"time_field\": \"\", \"gauge_style\": \"half\", \"show_grid\": 1}}"
            },
            "id": "594db510-0b9c-11ea-81bb-cf244189d349",
            "migrationVersion": {
                "visualization": "7.3.1"
            },
            "references": [],
            "type": "visualization",
            "updated_at": "2019-11-22T15:29:57.883Z",
            "version": "WzUzOSwyXQ=="
        },
        {
            "attributes": {
                "description": "",
                "kibanaSavedObjectMeta": {
                    "searchSourceJSON": "{\"query\": {\"language\": \"kuery\", \"query\": \"\"}, \"filter\": []}"
                },
                "title": "Broker Temp Memory Usage [Metricbeat ActiveMQ]",
                "uiStateJSON": "{}",
                "version": 1,
                "visState": "{\"aggs\": [], \"type\": \"metrics\", \"title\": \"Broker Temp Memory Usage [Metricbeat ActiveMQ]\", \"params\": {\"default_index_pattern\": \"metricbeat-*\", \"bar_color_rules\": [{\"id\": \"f6955680-0b9b-11ea-8e0f-4970006b3ce7\"}], \"axis_formatter\": \"number\", \"show_legend\": 1, \"series\": [{\"color\": \"rgba(252,220,0,1)\", \"filter\": {\"language\": \"kuery\", \"query\": \"\"}, \"line_width\": 1, \"axis_position\": \"right\", \"id\": \"61ca57f1-469d-11e7-af02-69e470af7417\", \"stacked\": \"none\", \"type\": \"timeseries\", \"split_mode\": \"everything\", \"metrics\": [{\"type\": \"max\", \"field\": \"activemq.broker.memory.temp.pct\", \"id\": \"61ca57f2-469d-11e7-af02-69e470af7417\"}], \"separate_axis\": 0, \"point_size\": 1, \"value_template\": \"\", \"chart_type\": \"line\", \"fill\": 0.5, \"formatter\": \"percent\", \"label\": \"Temp Memory\"}, {\"color\": \"rgba(104,204,202,1)\", \"line_width\": 1, \"axis_position\": \"right\", \"id\": \"7716c9c0-0b9b-11ea-8e0f-4970006b3ce7\", \"stacked\": \"none\", \"type\": \"timeseries\", \"split_mode\": \"everything\", \"metrics\": [{\"type\": \"max\", \"field\": \"activemq.broker.memory.store.pct\", \"id\": \"7716c9c1-0b9b-11ea-8e0f-4970006b3ce7\"}], \"separate_axis\": 0, \"point_size\": 1, \"chart_type\": \"line\", \"fill\": 0.5, \"formatter\": \"number\", \"label\": \"Store Memory\"}, {\"color\": \"rgba(174,161,255,1)\", \"line_width\": 1, \"axis_position\": \"right\", \"id\": \"13799400-0b9c-11ea-8e0f-4970006b3ce7\", \"stacked\": \"none\", \"split_mode\": \"everything\", \"metrics\": [{\"type\": \"max\", \"field\": \"activemq.broker.memory.temp.pct\", \"id\": \"13799401-0b9c-11ea-8e0f-4970006b3ce7\"}], \"separate_axis\": 0, \"point_size\": 1, \"chart_type\": \"line\", \"fill\": 0.5, \"formatter\": \"number\", \"label\": \"Temp Memory\"}], \"isModelInvalid\": false, \"index_pattern\": \"metricbeat-*\", \"id\": \"61ca57f0-469d-11e7-af02-69e470af7417\", \"background_color_rules\": [{\"id\": \"a19e8b60-0b9b-11ea-8e0f-4970006b3ce7\"}], \"gauge_color_rules\": [{\"id\": \"9acca240-0b9b-11ea-8e0f-4970006b3ce7\"}], \"gauge_inner_width\": 10, \"gauge_width\": 10, \"type\": \"gauge\", \"interval\": \"\", \"axis_scale\": \"normal\", \"axis_position\": \"left\", \"gauge_max\": \"1\", \"default_timefield\": \"@timestamp\", \"time_field\": \"\", \"gauge_style\": \"half\", \"show_grid\": 1}}"
            },
            "id": "bfad8290-0d22-11ea-ba76-7fb26815d86c",
            "migrationVersion": {
                "visualization": "7.3.1"
            },
            "references": [],
            "type": "visualization",
            "updated_at": "2019-11-22T15:30:29.667Z",
            "version": "WzU0MSwyXQ=="
        },
        {
            "attributes": {
                "description": "",
                "kibanaSavedObjectMeta": {
                    "searchSourceJSON": "{\"query\": {\"language\": \"kuery\", \"query\": \"\"}, \"filter\": []}"
                },
                "title": "Broker Store Memory Usage [Metricbeat ActiveMQ]",
                "uiStateJSON": "{}",
                "version": 1,
                "visState": "{\"aggs\": [], \"type\": \"metrics\", \"title\": \"Broker Store Memory Usage [Metricbeat ActiveMQ]\", \"params\": {\"default_index_pattern\": \"metricbeat-*\", \"bar_color_rules\": [{\"id\": \"f6955680-0b9b-11ea-8e0f-4970006b3ce7\"}], \"axis_formatter\": \"number\", \"show_legend\": 1, \"series\": [{\"color\": \"rgba(252,220,0,1)\", \"filter\": {\"language\": \"kuery\", \"query\": \"\"}, \"line_width\": 1, \"axis_position\": \"right\", \"id\": \"61ca57f1-469d-11e7-af02-69e470af7417\", \"stacked\": \"none\", \"type\": \"timeseries\", \"split_mode\": \"everything\", \"metrics\": [{\"type\": \"max\", \"field\": \"activemq.broker.memory.store.pct\", \"id\": \"61ca57f2-469d-11e7-af02-69e470af7417\"}], \"separate_axis\": 0, \"point_size\": 1, \"value_template\": \"\", \"chart_type\": \"line\", \"fill\": 0.5, \"formatter\": \"percent\", \"label\": \"Store Memory\"}, {\"color\": \"rgba(104,204,202,1)\", \"line_width\": 1, \"axis_position\": \"right\", \"id\": \"7716c9c0-0b9b-11ea-8e0f-4970006b3ce7\", \"stacked\": \"none\", \"type\": \"timeseries\", \"split_mode\": \"everything\", \"metrics\": [{\"type\": \"max\", \"field\": \"activemq.broker.memory.store.pct\", \"id\": \"7716c9c1-0b9b-11ea-8e0f-4970006b3ce7\"}], \"separate_axis\": 0, \"point_size\": 1, \"chart_type\": \"line\", \"fill\": 0.5, \"formatter\": \"number\", \"label\": \"Store Memory\"}, {\"color\": \"rgba(174,161,255,1)\", \"line_width\": 1, \"axis_position\": \"right\", \"id\": \"13799400-0b9c-11ea-8e0f-4970006b3ce7\", \"stacked\": \"none\", \"split_mode\": \"everything\", \"metrics\": [{\"type\": \"max\", \"field\": \"activemq.broker.memory.temp.pct\", \"id\": \"13799401-0b9c-11ea-8e0f-4970006b3ce7\"}], \"separate_axis\": 0, \"point_size\": 1, \"chart_type\": \"line\", \"fill\": 0.5, \"formatter\": \"number\", \"label\": \"Temp Memory\"}], \"isModelInvalid\": false, \"index_pattern\": \"metricbeat-*\", \"id\": \"61ca57f0-469d-11e7-af02-69e470af7417\", \"background_color_rules\": [{\"id\": \"a19e8b60-0b9b-11ea-8e0f-4970006b3ce7\"}], \"gauge_color_rules\": [{\"id\": \"9acca240-0b9b-11ea-8e0f-4970006b3ce7\"}], \"gauge_inner_width\": 10, \"gauge_width\": 10, \"type\": \"gauge\", \"interval\": \"\", \"axis_scale\": \"normal\", \"axis_position\": \"left\", \"gauge_max\": \"1\", \"default_timefield\": \"@timestamp\", \"time_field\": \"\", \"gauge_style\": \"half\", \"show_grid\": 1}}"
            },
            "id": "cb475400-0d22-11ea-ba76-7fb26815d86c",
            "migrationVersion": {
                "visualization": "7.3.1"
            },
            "references": [],
            "type": "visualization",
            "updated_at": "2019-11-22T15:30:59.820Z",
            "version": "WzU0MywyXQ=="
        }
    ],
    "version": "7.4.0"
}