{
    "objects": [
        {
            "attributes": {
                "description": "Overview of the CockroachDB server status",
                "hits": 0,
                "kibanaSavedObjectMeta": {
                    "searchSourceJSON": "{\"query\": {\"language\": \"kuery\", \"query\": \"\"}, \"filter\": []}"
                },
                "optionsJSON": "{\"useMargins\": true, \"hidePanelTitles\": false}",
                "panelsJSON": "[{\"gridData\": {\"w\": 24, \"x\": 0, \"y\": 0, \"i\": \"1\", \"h\": 11}, \"panelIndex\": \"1\", \"title\": \"Number of SQL connections\", \"embeddableConfig\": {}, \"panelRefName\": \"panel_0\", \"version\": \"7.1.0\"}, {\"gridData\": {\"w\": 24, \"x\": 24, \"y\": 0, \"i\": \"2\", \"h\": 11}, \"panelIndex\": \"2\", \"title\": \"SQL queries\", \"embeddableConfig\": {}, \"panelRefName\": \"panel_1\", \"version\": \"7.1.0\"}, {\"gridData\": {\"w\": 16, \"x\": 16, \"y\": 11, \"i\": \"3\", \"h\": 9}, \"panelIndex\": \"3\", \"title\": \"Replicas per Store\", \"embeddableConfig\": {}, \"panelRefName\": \"panel_2\", \"version\": \"7.1.0\"}, {\"gridData\": {\"w\": 16, \"x\": 32, \"y\": 11, \"i\": \"4\", \"h\": 9}, \"panelIndex\": \"4\", \"title\": \"Replica leaseholders\", \"embeddableConfig\": {}, \"panelRefName\": \"panel_3\", \"version\": \"7.1.0\"}, {\"gridData\": {\"w\": 16, \"x\": 0, \"y\": 11, \"i\": \"5\", \"h\": 9}, \"panelIndex\": \"5\", \"title\": \"Ranges\", \"embeddableConfig\": {}, \"panelRefName\": \"panel_4\", \"version\": \"7.1.0\"}, {\"gridData\": {\"w\": 24, \"x\": 0, \"y\": 20, \"i\": \"6\", \"h\": 10}, \"panelIndex\": \"6\", \"title\": \"Average log commit latency\", \"embeddableConfig\": {}, \"panelRefName\": \"panel_5\", \"version\": \"7.1.0\"}, {\"gridData\": {\"w\": 24, \"x\": 24, \"y\": 20, \"i\": \"7\", \"h\": 10}, \"panelIndex\": \"7\", \"title\": \"Average command commit latency\", \"embeddableConfig\": {}, \"panelRefName\": \"panel_6\", \"version\": \"7.1.0\"}]",
                "timeRestore": false,
                "title": "[Metricbeat CockroachDB] Overview",
                "version": 1
            },
            "id": "e3ba0c30-9766-11e9-9eea-6f554992ec1f",
            "migrationVersion": {
                "dashboard": "7.0.0"
            },
            "references": [
                {
                    "id": "79691920-9766-11e9-9eea-6f554992ec1f",
                    "name": "panel_0",
                    "type": "visualization"
                },
                {
                    "id": "5073ed20-9760-11e9-9eea-6f554992ec1f",
                    "name": "panel_1",
                    "type": "visualization"
                },
                {
                    "id": "bad285b0-9769-11e9-9eea-6f554992ec1f",
                    "name": "panel_2",
                    "type": "visualization"
                },
                {
                    "id": "8add0960-976a-11e9-9eea-6f554992ec1f",
                    "name": "panel_3",
                    "type": "visualization"
                },
                {
                    "id": "2af19b90-976c-11e9-9eea-6f554992ec1f",
                    "name": "panel_4",
                    "type": "visualization"
                },
                {
                    "id": "74cf44b0-9771-11e9-9eea-6f554992ec1f",
                    "name": "panel_5",
                    "type": "visualization"
                },
                {
                    "id": "b5ab45b0-9771-11e9-9eea-6f554992ec1f",
                    "name": "panel_6",
                    "type": "visualization"
                }
            ],
            "type": "dashboard",
            "updated_at": "2019-06-25T19:17:43.667Z",
            "version": "WzU0LDFd"
        },
        {
            "attributes": {
                "description": "",
                "kibanaSavedObjectMeta": {
                    "searchSourceJSON": "{\"query\": {\"language\": \"kuery\", \"query\": \"\"}, \"filter\": []}"
                },
                "title": "Number of SQL connections [Metricbeat CockroachDB]",
                "uiStateJSON": "{}",
                "version": 1,
                "visState": "{\"aggs\": [], \"type\": \"metrics\", \"title\": \"Number of SQL connections [Metricbeat CockroachDB]\", \"params\": {\"default_index_pattern\": \"metricbeat-*\", \"axis_formatter\": \"number\", \"id\": \"61ca57f0-469d-11e7-af02-69e470af7417\", \"show_legend\": 1, \"index_pattern\": \"metricbeat-*\", \"time_field\": \"@timestamp\", \"interval\": \"auto\", \"axis_scale\": \"normal\", \"axis_position\": \"left\", \"type\": \"timeseries\", \"series\": [{\"terms_field\": \"service.address\", \"split_color_mode\": \"rainbow\", \"color\": \"#68BC00\", \"line_width\": 1, \"axis_position\": \"right\", \"id\": \"61ca57f1-469d-11e7-af02-69e470af7417\", \"terms_order_by\": \"_count\", \"stacked\": \"stacked\", \"split_mode\": \"terms\", \"metrics\": [{\"type\": \"max\", \"field\": \"prometheus.metrics.sql_conns\", \"id\": \"61ca57f2-469d-11e7-af02-69e470af7417\"}], \"separate_axis\": 0, \"point_size\": 1, \"chart_type\": \"line\", \"fill\": 0.5, \"terms_direction\": \"desc\", \"formatter\": \"number\", \"label\": \"Number of connections\"}], \"show_grid\": 1}}"
            },
            "id": "79691920-9766-11e9-9eea-6f554992ec1f",
            "migrationVersion": {
                "visualization": "7.0.1"
            },
            "references": [],
            "type": "visualization",
            "updated_at": "2019-06-25T19:10:30.316Z",
            "version": "WzUxLDFd"
        },
        {
            "attributes": {
                "description": "",
                "kibanaSavedObjectMeta": {
                    "searchSourceJSON": "{\"query\": {\"language\": \"kuery\", \"query\": \"\"}, \"filter\": []}"
                },
                "title": "SQL queries [Metricbeat CockroachDB]",
                "uiStateJSON": "{}",
                "version": 1,
                "visState": "{\"aggs\": [], \"type\": \"metrics\", \"title\": \"SQL queries [Metricbeat CockroachDB]\", \"params\": {\"default_index_pattern\": \"metricbeat-*\", \"axis_formatter\": \"number\", \"id\": \"61ca57f0-469d-11e7-af02-69e470af7417\", \"show_legend\": 1, \"index_pattern\": \"metricbeat-*\", \"annotations\": [], \"time_field\": \"@timestamp\", \"interval\": \"auto\", \"axis_scale\": \"normal\", \"axis_position\": \"left\", \"type\": \"timeseries\", \"series\": [{\"terms_field\": \"service.address\", \"color\": \"#68BC00\", \"line_width\": 1, \"axis_position\": \"right\", \"id\": \"88d6bda0-9760-11e9-b3d5-07b0ab7d6354\", \"terms_order_by\": \"88d70bc0-9760-11e9-b3d5-07b0ab7d6354\", \"stacked\": \"stacked\", \"split_mode\": \"everything\", \"metrics\": [{\"type\": \"sum\", \"field\": \"prometheus.metrics.sql_select_count\", \"id\": \"88d70bc0-9760-11e9-b3d5-07b0ab7d6354\"}, {\"unit\": \"\", \"type\": \"derivative\", \"field\": \"88d70bc0-9760-11e9-b3d5-07b0ab7d6354\", \"id\": \"658d2990-9762-11e9-b3d5-07b0ab7d6354\"}, {\"type\": \"positive_only\", \"field\": \"658d2990-9762-11e9-b3d5-07b0ab7d6354\", \"function\": \"sum\", \"id\": \"ec698bc0-9762-11e9-b3d5-07b0ab7d6354\", \"sigma\": \"\"}], \"separate_axis\": 0, \"point_size\": 1, \"chart_type\": \"line\", \"fill\": 0.5, \"formatter\": \"number\", \"label\": \"Selects\"}, {\"color\": \"rgba(244,78,59,1)\", \"line_width\": 1, \"axis_position\": \"right\", \"id\": \"02d89100-9761-11e9-b3d5-07b0ab7d6354\", \"formatter\": \"number\", \"stacked\": \"stacked\", \"split_mode\": \"everything\", \"metrics\": [{\"type\": \"sum\", \"field\": \"prometheus.metrics.sql_insert_count\", \"id\": \"02d89101-9761-11e9-b3d5-07b0ab7d6354\"}, {\"unit\": \"\", \"type\": \"derivative\", \"field\": \"02d89101-9761-11e9-b3d5-07b0ab7d6354\", \"id\": \"74eba420-9762-11e9-b3d5-07b0ab7d6354\"}, {\"unit\": \"\", \"type\": \"positive_only\", \"field\": \"74eba420-9762-11e9-b3d5-07b0ab7d6354\", \"id\": \"54cb8aa0-9764-11e9-b3d5-07b0ab7d6354\"}], \"separate_axis\": 0, \"point_size\": 1, \"hidden\": false, \"fill\": 0.5, \"chart_type\": \"line\", \"label\": \"Inserts\"}, {\"terms_field\": \"service.address\", \"color\": \"rgba(252,220,0,1)\", \"line_width\": 1, \"axis_position\": \"right\", \"id\": \"61ca57f1-469d-11e7-af02-69e470af7417\", \"formatter\": \"number\", \"stacked\": \"stacked\", \"split_mode\": \"everything\", \"metrics\": [{\"type\": \"sum\", \"field\": \"prometheus.metrics.sql_update_count\", \"id\": \"61ca57f2-469d-11e7-af02-69e470af7417\"}, {\"unit\": \"\", \"type\": \"derivative\", \"field\": \"61ca57f2-469d-11e7-af02-69e470af7417\", \"id\": \"9aa7ace0-9762-11e9-b3d5-07b0ab7d6354\"}, {\"unit\": \"\", \"type\": \"positive_only\", \"field\": \"9aa7ace0-9762-11e9-b3d5-07b0ab7d6354\", \"id\": \"939af2c0-9764-11e9-b3d5-07b0ab7d6354\"}], \"separate_axis\": 0, \"point_size\": 1, \"hidden\": false, \"fill\": 0.5, \"chart_type\": \"line\", \"label\": \"Updates\"}, {\"color\": \"rgba(115,216,255,1)\", \"line_width\": 1, \"axis_position\": \"right\", \"id\": \"03f6d240-9761-11e9-b3d5-07b0ab7d6354\", \"formatter\": \"number\", \"stacked\": \"stacked\", \"split_mode\": \"everything\", \"metrics\": [{\"type\": \"sum\", \"field\": \"prometheus.metrics.sql_delete_count\", \"id\": \"03f6d241-9761-11e9-b3d5-07b0ab7d6354\"}, {\"unit\": \"\", \"type\": \"derivative\", \"field\": \"03f6d241-9761-11e9-b3d5-07b0ab7d6354\", \"id\": \"a3ed7c30-9762-11e9-b3d5-07b0ab7d6354\"}, {\"unit\": \"\", \"type\": \"positive_only\", \"field\": \"a3ed7c30-9762-11e9-b3d5-07b0ab7d6354\", \"id\": \"a13994e0-9764-11e9-b3d5-07b0ab7d6354\"}], \"separate_axis\": 0, \"point_size\": 1, \"hidden\": false, \"fill\": 0.5, \"chart_type\": \"line\", \"label\": \"Deletes\"}], \"show_grid\": 1}}"
            },
            "id": "5073ed20-9760-11e9-9eea-6f554992ec1f",
            "migrationVersion": {
                "visualization": "7.0.1"
            },
            "references": [],
            "type": "visualization",
            "updated_at": "2019-06-25T18:41:34.934Z",
            "version": "WzQ0LDFd"
        },
        {
            "attributes": {
                "description": "",
                "kibanaSavedObjectMeta": {
                    "searchSourceJSON": "{\"query\": {\"language\": \"kuery\", \"query\": \"\"}, \"filter\": []}"
                },
                "title": "Replicas per Store [Metricbeat CockroachDB]",
                "uiStateJSON": "{}",
                "version": 1,
                "visState": "{\"aggs\": [], \"type\": \"metrics\", \"title\": \"Replicas per Store [Metricbeat CockroachDB]\", \"params\": {\"default_index_pattern\": \"metricbeat-*\", \"axis_formatter\": \"number\", \"id\": \"61ca57f0-469d-11e7-af02-69e470af7417\", \"show_legend\": 1, \"index_pattern\": \"metricbeat-*\", \"time_field\": \"@timestamp\", \"interval\": \"auto\", \"axis_scale\": \"normal\", \"axis_position\": \"left\", \"type\": \"timeseries\", \"series\": [{\"terms_field\": \"service.address\", \"split_color_mode\": \"rainbow\", \"color\": \"#68BC00\", \"line_width\": 1, \"axis_position\": \"right\", \"id\": \"61ca57f1-469d-11e7-af02-69e470af7417\", \"terms_order_by\": \"_count\", \"stacked\": \"stacked\", \"split_mode\": \"terms\", \"metrics\": [{\"type\": \"max\", \"field\": \"prometheus.metrics.replicas\", \"id\": \"61ca57f2-469d-11e7-af02-69e470af7417\"}], \"separate_axis\": 0, \"point_size\": 1, \"chart_type\": \"line\", \"fill\": 0.5, \"terms_direction\": \"desc\", \"formatter\": \"number\", \"label\": \"Replicas per store\"}], \"show_grid\": 1}}"
            },
            "id": "bad285b0-9769-11e9-9eea-6f554992ec1f",
            "migrationVersion": {
                "visualization": "7.0.1"
            },
            "references": [],
            "type": "visualization",
            "updated_at": "2019-06-25T19:06:30.737Z",
            "version": "WzQ4LDFd"
        },
        {
            "attributes": {
                "description": "",
                "kibanaSavedObjectMeta": {
                    "searchSourceJSON": "{\"query\": {\"language\": \"kuery\", \"query\": \"\"}, \"filter\": []}"
                },
                "title": "Replica leaseholders [Metricbeat CockroachDB]",
                "uiStateJSON": "{}",
                "version": 1,
                "visState": "{\"aggs\": [], \"type\": \"metrics\", \"title\": \"Replica leaseholders [Metricbeat CockroachDB]\", \"params\": {\"default_index_pattern\": \"metricbeat-*\", \"axis_formatter\": \"number\", \"id\": \"61ca57f0-469d-11e7-af02-69e470af7417\", \"show_legend\": 1, \"index_pattern\": \"metricbeat-*\", \"time_field\": \"@timestamp\", \"interval\": \"auto\", \"axis_scale\": \"normal\", \"axis_position\": \"left\", \"type\": \"timeseries\", \"series\": [{\"terms_field\": \"service.address\", \"split_color_mode\": \"rainbow\", \"color\": \"#68BC00\", \"line_width\": 1, \"axis_position\": \"right\", \"id\": \"61ca57f1-469d-11e7-af02-69e470af7417\", \"stacked\": \"stacked\", \"split_mode\": \"terms\", \"metrics\": [{\"type\": \"max\", \"field\": \"prometheus.metrics.replicas_leaseholders\", \"id\": \"61ca57f2-469d-11e7-af02-69e470af7417\"}], \"separate_axis\": 0, \"point_size\": 1, \"chart_type\": \"line\", \"fill\": 0.5, \"formatter\": \"number\", \"label\": \"Replica leaseholders per store\"}], \"show_grid\": 1}}"
            },
            "id": "8add0960-976a-11e9-9eea-6f554992ec1f",
            "migrationVersion": {
                "visualization": "7.0.1"
            },
            "references": [],
            "type": "visualization",
            "updated_at": "2019-06-25T18:34:03.281Z",
            "version": "WzQwLDFd"
        },
        {
            "attributes": {
                "description": "",
                "kibanaSavedObjectMeta": {
                    "searchSourceJSON": "{\"query\": {\"language\": \"kuery\", \"query\": \"\"}, \"filter\": []}"
                },
                "title": "Ranges [Metricbeat CockroachDB]",
                "uiStateJSON": "{}",
                "version": 1,
                "visState": "{\"aggs\": [], \"type\": \"metrics\", \"title\": \"Ranges [Metricbeat CockroachDB]\", \"params\": {\"default_index_pattern\": \"metricbeat-*\", \"axis_formatter\": \"number\", \"id\": \"61ca57f0-469d-11e7-af02-69e470af7417\", \"show_legend\": 1, \"index_pattern\": \"metricbeat-*\", \"time_field\": \"@timestamp\", \"interval\": \"auto\", \"axis_scale\": \"normal\", \"axis_position\": \"left\", \"type\": \"timeseries\", \"series\": [{\"terms_field\": null, \"color\": \"rgba(254,146,0,1)\", \"line_width\": \"2\", \"axis_position\": \"right\", \"id\": \"e4489e50-976b-11e9-b3d5-07b0ab7d6354\", \"stacked\": \"none\", \"split_mode\": \"everything\", \"metrics\": [{\"type\": \"max\", \"field\": \"prometheus.metrics.ranges_underreplicated\", \"id\": \"e4489e51-976b-11e9-b3d5-07b0ab7d6354\"}], \"separate_axis\": 0, \"point_size\": \"2\", \"chart_type\": \"line\", \"fill\": \"0\", \"formatter\": \"number\", \"label\": \"Underreplicated\"}, {\"terms_field\": null, \"color\": \"rgba(252,220,0,1)\", \"line_width\": \"2\", \"axis_position\": \"right\", \"id\": \"c938f9c0-976b-11e9-b3d5-07b0ab7d6354\", \"stacked\": \"none\", \"split_mode\": \"everything\", \"metrics\": [{\"type\": \"max\", \"field\": \"prometheus.metrics.ranges_overreplicated\", \"id\": \"c938f9c1-976b-11e9-b3d5-07b0ab7d6354\"}], \"separate_axis\": 0, \"point_size\": \"2\", \"chart_type\": \"line\", \"fill\": \"0\", \"formatter\": \"number\", \"label\": \"Overreplicated\"}, {\"terms_field\": null, \"color\": \"rgba(244,78,59,1)\", \"line_width\": \"2\", \"axis_position\": \"right\", \"id\": \"0ed1bf80-976c-11e9-b3d5-07b0ab7d6354\", \"stacked\": \"none\", \"split_mode\": \"everything\", \"metrics\": [{\"type\": \"max\", \"field\": \"prometheus.metrics.ranges_unavailable\", \"id\": \"0ed1bf81-976c-11e9-b3d5-07b0ab7d6354\"}], \"separate_axis\": 0, \"point_size\": \"2\", \"chart_type\": \"line\", \"fill\": \"0\", \"formatter\": \"number\", \"label\": \"Unavailable\"}, {\"terms_field\": null, \"color\": \"rgba(204,204,204,1)\", \"line_width\": 1, \"axis_position\": \"right\", \"id\": \"61ca57f1-469d-11e7-af02-69e470af7417\", \"stacked\": \"none\", \"split_mode\": \"everything\", \"metrics\": [{\"type\": \"max\", \"field\": \"prometheus.metrics.ranges\", \"id\": \"61ca57f2-469d-11e7-af02-69e470af7417\"}], \"separate_axis\": 0, \"point_size\": 1, \"chart_type\": \"line\", \"fill\": 0.5, \"formatter\": \"number\", \"label\": \"Total\"}], \"show_grid\": 1}}"
            },
            "id": "2af19b90-976c-11e9-9eea-6f554992ec1f",
            "migrationVersion": {
                "visualization": "7.0.1"
            },
            "references": [],
            "type": "visualization",
            "updated_at": "2019-06-25T18:38:28.645Z",
            "version": "WzQyLDFd"
        },
        {
            "attributes": {
                "description": "",
                "kibanaSavedObjectMeta": {
                    "searchSourceJSON": "{\"query\": {\"language\": \"kuery\", \"query\": \"\"}, \"filter\": []}"
                },
                "title": "Log commit latency [Metricbeat CockroachDB]",
                "uiStateJSON": "{}",
                "version": 1,
                "visState": "{\"aggs\": [], \"type\": \"metrics\", \"title\": \"Log commit latency [Metricbeat CockroachDB]\", \"params\": {\"default_index_pattern\": \"metricbeat-*\", \"axis_formatter\": \"number\", \"id\": \"61ca57f0-469d-11e7-af02-69e470af7417\", \"show_legend\": 1, \"index_pattern\": \"metricbeat-*\", \"time_field\": \"@timestamp\", \"interval\": \"auto\", \"axis_scale\": \"normal\", \"axis_position\": \"left\", \"type\": \"timeseries\", \"series\": [{\"terms_field\": \"service.address\", \"split_color_mode\": \"rainbow\", \"color\": \"rgba(104,188,0,1)\", \"filter\": \"\", \"line_width\": 1, \"axis_position\": \"right\", \"id\": \"61ca57f1-469d-11e7-af02-69e470af7417\", \"stacked\": \"none\", \"split_mode\": \"terms\", \"metrics\": [{\"size\": 1, \"field\": \"prometheus.metrics.raft_process_logcommit_latency_count\", \"order\": \"desc\", \"type\": \"max\", \"agg_with\": \"avg\", \"id\": \"61ca57f2-469d-11e7-af02-69e470af7417\"}, {\"unit\": \"\", \"type\": \"derivative\", \"field\": \"61ca57f2-469d-11e7-af02-69e470af7417\", \"id\": \"4346d3b0-976f-11e9-b3d5-07b0ab7d6354\"}, {\"unit\": \"\", \"type\": \"max\", \"field\": \"prometheus.metrics.raft_process_logcommit_latency_sum\", \"id\": \"4a430120-976f-11e9-b3d5-07b0ab7d6354\"}, {\"unit\": \"\", \"type\": \"derivative\", \"field\": \"4a430120-976f-11e9-b3d5-07b0ab7d6354\", \"id\": \"581519e0-9770-11e9-b3d5-07b0ab7d6354\"}, {\"script\": \"params.sum / params.count\", \"type\": \"calculation\", \"id\": \"6574b730-9770-11e9-b3d5-07b0ab7d6354\", \"variables\": [{\"field\": \"581519e0-9770-11e9-b3d5-07b0ab7d6354\", \"id\": \"6fbb54b0-9770-11e9-b3d5-07b0ab7d6354\", \"name\": \"sum\"}, {\"field\": \"4346d3b0-976f-11e9-b3d5-07b0ab7d6354\", \"id\": \"76cc90c0-9770-11e9-b3d5-07b0ab7d6354\", \"name\": \"count\"}]}], \"separate_axis\": 0, \"point_size\": 1, \"value_template\": \"{{value}}ms\", \"chart_type\": \"line\", \"fill\": 0.5, \"formatter\": \"ns,ms,2\", \"label\": \"Average log commit latency\"}], \"show_grid\": 1}}"
            },
            "id": "74cf44b0-9771-11e9-9eea-6f554992ec1f",
            "migrationVersion": {
                "visualization": "7.0.1"
            },
            "references": [],
            "type": "visualization",
            "updated_at": "2019-06-25T19:08:05.279Z",
            "version": "WzQ5LDFd"
        },
        {
            "attributes": {
                "description": "",
                "kibanaSavedObjectMeta": {
                    "searchSourceJSON": "{\"query\": {\"language\": \"kuery\", \"query\": \"\"}, \"filter\": []}"
                },
                "title": "Command commit latency [Metricbeat CockroachDB]",
                "uiStateJSON": "{}",
                "version": 1,
                "visState": "{\"aggs\": [], \"type\": \"metrics\", \"title\": \"Command commit latency [Metricbeat CockroachDB]\", \"params\": {\"default_index_pattern\": \"metricbeat-*\", \"axis_formatter\": \"number\", \"id\": \"61ca57f0-469d-11e7-af02-69e470af7417\", \"show_legend\": 1, \"index_pattern\": \"metricbeat-*\", \"time_field\": \"@timestamp\", \"interval\": \"auto\", \"axis_scale\": \"normal\", \"axis_position\": \"left\", \"type\": \"timeseries\", \"series\": [{\"terms_field\": \"service.address\", \"split_color_mode\": \"rainbow\", \"color\": \"rgba(104,188,0,1)\", \"filter\": \"\", \"line_width\": 1, \"axis_position\": \"right\", \"id\": \"61ca57f1-469d-11e7-af02-69e470af7417\", \"stacked\": \"none\", \"split_mode\": \"terms\", \"metrics\": [{\"size\": 1, \"field\": \"prometheus.metrics.raft_process_commandcommit_latency_count\", \"order\": \"desc\", \"type\": \"max\", \"agg_with\": \"avg\", \"id\": \"61ca57f2-469d-11e7-af02-69e470af7417\"}, {\"unit\": \"\", \"type\": \"derivative\", \"field\": \"61ca57f2-469d-11e7-af02-69e470af7417\", \"id\": \"4346d3b0-976f-11e9-b3d5-07b0ab7d6354\"}, {\"unit\": \"\", \"type\": \"max\", \"field\": \"prometheus.metrics.raft_process_commandcommit_latency_sum\", \"id\": \"4a430120-976f-11e9-b3d5-07b0ab7d6354\"}, {\"unit\": \"\", \"type\": \"derivative\", \"field\": \"4a430120-976f-11e9-b3d5-07b0ab7d6354\", \"id\": \"581519e0-9770-11e9-b3d5-07b0ab7d6354\"}, {\"script\": \"params.sum / params.count\", \"type\": \"calculation\", \"id\": \"6574b730-9770-11e9-b3d5-07b0ab7d6354\", \"variables\": [{\"field\": \"581519e0-9770-11e9-b3d5-07b0ab7d6354\", \"id\": \"6fbb54b0-9770-11e9-b3d5-07b0ab7d6354\", \"name\": \"sum\"}, {\"field\": \"4346d3b0-976f-11e9-b3d5-07b0ab7d6354\", \"id\": \"76cc90c0-9770-11e9-b3d5-07b0ab7d6354\", \"name\": \"count\"}]}], \"separate_axis\": 0, \"point_size\": 1, \"value_template\": \"{{value}}ms\", \"chart_type\": \"line\", \"fill\": 0.5, \"formatter\": \"ns,ms,2\", \"label\": \"Average command commit latency\"}], \"show_grid\": 1}}"
            },
            "id": "b5ab45b0-9771-11e9-9eea-6f554992ec1f",
            "migrationVersion": {
                "visualization": "7.0.1"
            },
            "references": [],
            "type": "visualization",
            "updated_at": "2019-06-25T19:08:47.407Z",
            "version": "WzUwLDFd"
        }
    ],
    "version": "7.1.0"
}