{
    "objects": [
        {
            "attributes": {
                "description": "",
                "kibanaSavedObjectMeta": {
                    "searchSourceJSON": "{\"query\": {\"language\": \"kuery\", \"query\": \"\"}, \"filter\": []}"
                },
                "title": "Keyspace selector [Metricbeat Redis] ECS",
                "uiStateJSON": "{}",
                "version": 1,
                "visState": "{\"aggs\": [], \"type\": \"input_control_vis\", \"title\": \"Keyspace selector [Metricbeat Redis] ECS\", \"params\": {\"controls\": [{\"indexPattern\": \"metricbeat-*\", \"type\": \"list\", \"parent\": \"\", \"options\": {\"dynamicOptions\": true, \"size\": 5, \"multiselect\": true, \"order\": \"desc\", \"type\": \"terms\"}, \"id\": \"1545388837304\", \"fieldName\": \"redis.keyspace.id\", \"label\": \"Keyspace\"}], \"updateFiltersOnChange\": true, \"pinFilters\": false, \"useTimeFilter\": false}}"
            },
            "id": "00d39210-050d-11e9-9c60-d582a238e2c5-ecs",
            "type": "visualization",
            "updated_at": "2018-12-21T11:19:04.179Z",
            "version": 5
        },
        {
            "attributes": {
                "description": "",
                "kibanaSavedObjectMeta": {
                    "searchSourceJSON": "{\"query\": {\"language\": \"kuery\", \"query\": \"\"}, \"filter\": [{\"query\": {\"match\": {\"redis.key.type\": {\"query\": \"list\", \"type\": \"phrase\"}}}, \"meta\": {\"alias\": null, \"type\": \"phrase\", \"key\": \"redis.key.type\", \"disabled\": false, \"params\": {\"query\": \"list\", \"type\": \"phrase\"}, \"value\": \"list\", \"negate\": false, \"index\": \"metricbeat-*\"}, \"$state\": {\"store\": \"appState\"}}], \"index\": \"metricbeat-*\"}"
                },
                "title": "Lists length [Metricbeat Redis] ECS",
                "uiStateJSON": "{}",
                "version": 1,
                "visState": "{\"aggs\": [{\"type\": \"max\", \"enabled\": true, \"id\": \"1\", \"schema\": \"metric\", \"params\": {\"field\": \"redis.key.length\", \"customLabel\": \"Number of elements\"}}, {\"type\": \"terms\", \"enabled\": true, \"id\": \"3\", \"schema\": \"group\", \"params\": {\"orderBy\": \"1\", \"otherBucketLabel\": \"Other\", \"field\": \"redis.keyspace.id\", \"order\": \"desc\", \"size\": 16, \"customLabel\": \"Keyspace\", \"otherBucket\": false, \"missingBucketLabel\": \"Missing\", \"missingBucket\": false}}, {\"type\": \"terms\", \"enabled\": true, \"id\": \"2\", \"schema\": \"group\", \"params\": {\"orderBy\": \"1\", \"otherBucketLabel\": \"Other\", \"field\": \"redis.key.name\", \"order\": \"desc\", \"size\": 20, \"customLabel\": \"Key name\", \"otherBucket\": true, \"missingBucketLabel\": \"Missing\", \"missingBucket\": false}}, {\"type\": \"date_histogram\", \"enabled\": true, \"id\": \"4\", \"schema\": \"segment\", \"params\": {\"useNormalizedEsInterval\": true, \"extended_bounds\": {}, \"customInterval\": \"2h\", \"interval\": \"auto\", \"min_doc_count\": 1, \"time_zone\": \"Europe/Berlin\", \"drop_partials\": false, \"timeRange\": {\"from\": \"now-15m\", \"to\": \"now\", \"mode\": \"quick\"}, \"field\": \"@timestamp\"}}], \"type\": \"line\", \"title\": \"Lists length [Metricbeat Redis] ECS\", \"params\": {\"times\": [], \"seriesParams\": [{\"valueAxis\": \"ValueAxis-1\", \"drawLinesBetweenPoints\": true, \"type\": \"line\", \"interpolate\": \"linear\", \"mode\": \"normal\", \"data\": {\"id\": \"1\", \"label\": \"Number of elements\"}, \"show\": \"true\", \"showCircles\": true}], \"grid\": {\"style\": {\"color\": \"#eee\"}, \"categoryLines\": false}, \"valueAxes\": [{\"show\": true, \"labels\": {\"truncate\": 100, \"show\": true, \"rotate\": 0, \"filter\": false}, \"title\": {\"text\": \"Number of elements\"}, \"style\": {}, \"position\": \"left\", \"scale\": {\"type\": \"linear\", \"mode\": \"normal\"}, \"id\": \"ValueAxis-1\", \"name\": \"LeftAxis-1\", \"type\": \"value\"}], \"addTooltip\": true, \"addLegend\": true, \"legendPosition\": \"right\", \"categoryAxes\": [{\"show\": true, \"labels\": {\"truncate\": 100, \"show\": true}, \"title\": {}, \"style\": {}, \"scale\": {\"type\": \"linear\"}, \"id\": \"CategoryAxis-1\", \"position\": \"bottom\", \"type\": \"category\"}], \"addTimeMarker\": false, \"type\": \"line\"}}"
            },
            "id": "7f4bc7d0-050c-11e9-9c60-d582a238e2c5-ecs",
            "type": "visualization",
            "updated_at": "2018-12-21T11:22:12.807Z",
            "version": 4
        },
        {
            "attributes": {
                "description": "",
                "kibanaSavedObjectMeta": {
                    "searchSourceJSON": "{\"query\": {\"language\": \"kuery\", \"query\": \"\"}, \"filter\": [], \"index\": \"metricbeat-*\"}"
                },
                "title": "Keys by type [Metricbeat Redis] ECS",
                "uiStateJSON": "{\"vis\": {\"legendOpen\": false}}",
                "version": 1,
                "visState": "{\"aggs\": [{\"type\": \"cardinality\", \"enabled\": true, \"id\": \"1\", \"schema\": \"metric\", \"params\": {\"field\": \"redis.key.id\", \"customLabel\": \"Number of keys\"}}, {\"type\": \"terms\", \"enabled\": true, \"id\": \"2\", \"schema\": \"group\", \"params\": {\"orderBy\": \"1\", \"otherBucketLabel\": \"Other\", \"field\": \"redis.key.type\", \"order\": \"desc\", \"size\": 5, \"customLabel\": \"Key type\", \"otherBucket\": false, \"missingBucketLabel\": \"Missing\", \"missingBucket\": false}}, {\"type\": \"date_histogram\", \"enabled\": true, \"id\": \"3\", \"schema\": \"segment\", \"params\": {\"useNormalizedEsInterval\": true, \"extended_bounds\": {}, \"customInterval\": \"2h\", \"interval\": \"auto\", \"min_doc_count\": 1, \"customLabel\": \"\", \"time_zone\": \"Europe/Berlin\", \"drop_partials\": false, \"timeRange\": {\"from\": \"now-15m\", \"to\": \"now\", \"mode\": \"quick\"}, \"field\": \"@timestamp\"}}], \"type\": \"line\", \"title\": \"Keys by type [Metricbeat Redis] ECS\", \"params\": {\"times\": [], \"seriesParams\": [{\"valueAxis\": \"ValueAxis-1\", \"drawLinesBetweenPoints\": true, \"type\": \"line\", \"mode\": \"normal\", \"data\": {\"id\": \"1\", \"label\": \"Number of keys\"}, \"show\": \"true\", \"showCircles\": true}], \"grid\": {\"style\": {\"color\": \"#eee\"}, \"categoryLines\": false}, \"valueAxes\": [{\"show\": true, \"labels\": {\"truncate\": 100, \"show\": true, \"rotate\": 0, \"filter\": false}, \"title\": {\"text\": \"Number of keys\"}, \"style\": {}, \"position\": \"left\", \"scale\": {\"type\": \"linear\", \"mode\": \"normal\"}, \"id\": \"ValueAxis-1\", \"name\": \"LeftAxis-1\", \"type\": \"value\"}], \"addTooltip\": true, \"addLegend\": true, \"legendPosition\": \"right\", \"categoryAxes\": [{\"show\": true, \"labels\": {\"truncate\": 100, \"show\": true}, \"title\": {}, \"style\": {}, \"scale\": {\"type\": \"linear\"}, \"id\": \"CategoryAxis-1\", \"position\": \"bottom\", \"type\": \"category\"}], \"addTimeMarker\": false, \"type\": \"line\"}}"
            },
            "id": "4435ac40-050e-11e9-9c60-d582a238e2c5-ecs",
            "type": "visualization",
            "updated_at": "2018-12-21T11:23:46.207Z",
            "version": 5
        },
        {
            "attributes": {
                "description": "",
                "kibanaSavedObjectMeta": {
                    "searchSourceJSON": "{\"query\": {\"language\": \"kuery\", \"query\": \"\"}, \"filter\": [{\"query\": {\"match\": {\"redis.key.type\": {\"query\": \"string\", \"type\": \"phrase\"}}}, \"meta\": {\"alias\": null, \"type\": \"phrase\", \"key\": \"redis.key.type\", \"disabled\": false, \"params\": {\"query\": \"string\", \"type\": \"phrase\"}, \"value\": \"string\", \"negate\": false, \"index\": \"metricbeat-*\"}, \"$state\": {\"store\": \"appState\"}}], \"index\": \"metricbeat-*\"}"
                },
                "title": "Average string key size [Metricbeat Redis] ECS",
                "uiStateJSON": "{}",
                "version": 1,
                "visState": "{\"aggs\": [{\"type\": \"avg\", \"enabled\": true, \"id\": \"1\", \"schema\": \"metric\", \"params\": {\"field\": \"redis.key.length\", \"customLabel\": \"Average key size\"}}, {\"type\": \"terms\", \"enabled\": true, \"id\": \"3\", \"schema\": \"group\", \"params\": {\"orderBy\": \"1\", \"otherBucketLabel\": \"Other\", \"field\": \"redis.keyspace.id\", \"order\": \"desc\", \"size\": 5, \"customLabel\": \"Keyspace\", \"otherBucket\": false, \"missingBucketLabel\": \"Missing\", \"missingBucket\": false}}, {\"type\": \"date_histogram\", \"enabled\": true, \"id\": \"2\", \"schema\": \"segment\", \"params\": {\"useNormalizedEsInterval\": true, \"extended_bounds\": {}, \"customInterval\": \"2h\", \"interval\": \"auto\", \"min_doc_count\": 1, \"time_zone\": \"Europe/Berlin\", \"drop_partials\": false, \"timeRange\": {\"from\": \"now-15m\", \"to\": \"now\", \"mode\": \"quick\"}, \"field\": \"@timestamp\"}}], \"type\": \"line\", \"title\": \"Average string key size [Metricbeat Redis] ECS\", \"params\": {\"times\": [], \"seriesParams\": [{\"valueAxis\": \"ValueAxis-1\", \"drawLinesBetweenPoints\": true, \"type\": \"line\", \"mode\": \"normal\", \"data\": {\"id\": \"1\", \"label\": \"Average key size\"}, \"show\": \"true\", \"showCircles\": true}], \"grid\": {\"style\": {\"color\": \"#eee\"}, \"categoryLines\": false}, \"valueAxes\": [{\"show\": true, \"labels\": {\"truncate\": 100, \"show\": true, \"rotate\": 0, \"filter\": false}, \"title\": {\"text\": \"Average key size\"}, \"style\": {}, \"position\": \"left\", \"scale\": {\"type\": \"linear\", \"mode\": \"normal\"}, \"id\": \"ValueAxis-1\", \"name\": \"LeftAxis-1\", \"type\": \"value\"}], \"addTooltip\": true, \"addLegend\": true, \"legendPosition\": \"right\", \"categoryAxes\": [{\"show\": true, \"labels\": {\"truncate\": 100, \"show\": true}, \"title\": {}, \"style\": {}, \"scale\": {\"type\": \"linear\"}, \"id\": \"CategoryAxis-1\", \"position\": \"bottom\", \"type\": \"category\"}], \"addTimeMarker\": false, \"type\": \"line\"}}"
            },
            "id": "8541a4a0-0513-11e9-9c60-d582a238e2c5-ecs",
            "type": "visualization",
            "updated_at": "2018-12-21T11:28:20.970Z",
            "version": 1
        },
        {
            "attributes": {
                "description": "",
                "kibanaSavedObjectMeta": {
                    "searchSourceJSON": "{\"query\": {\"language\": \"kuery\", \"query\": \"\"}, \"filter\": [{\"meta\": {\"alias\": null, \"type\": \"range\", \"key\": \"redis.key.expire.ttl\", \"disabled\": false, \"params\": {\"lt\": null, \"gte\": 0}, \"value\": \"0 to +\\u221e\", \"negate\": false, \"index\": \"metricbeat-*\"}, \"$state\": {\"store\": \"appState\"}, \"range\": {\"redis.key.expire.ttl\": {\"lt\": null, \"gte\": 0}}}], \"index\": \"metricbeat-*\"}"
                },
                "title": "Average keys TTL [Metricbeat Redis] ECS",
                "uiStateJSON": "{}",
                "version": 1,
                "visState": "{\"aggs\": [{\"type\": \"avg\", \"enabled\": true, \"id\": \"1\", \"schema\": \"metric\", \"params\": {\"field\": \"redis.key.expire.ttl\", \"customLabel\": \"Average TTL\"}}, {\"type\": \"terms\", \"enabled\": true, \"id\": \"4\", \"schema\": \"group\", \"params\": {\"orderBy\": \"1\", \"otherBucketLabel\": \"Other\", \"field\": \"redis.keyspace.id\", \"order\": \"desc\", \"size\": 5, \"customLabel\": \"Keyspace\", \"otherBucket\": false, \"missingBucketLabel\": \"Missing\", \"missingBucket\": false}}, {\"type\": \"terms\", \"enabled\": true, \"id\": \"2\", \"schema\": \"group\", \"params\": {\"orderBy\": \"1\", \"otherBucketLabel\": \"Other\", \"field\": \"redis.key.type\", \"order\": \"desc\", \"size\": 5, \"customLabel\": \"Key type\", \"otherBucket\": false, \"missingBucketLabel\": \"Missing\", \"missingBucket\": false}}, {\"type\": \"date_histogram\", \"enabled\": true, \"id\": \"3\", \"schema\": \"segment\", \"params\": {\"useNormalizedEsInterval\": true, \"extended_bounds\": {}, \"customInterval\": \"2h\", \"interval\": \"auto\", \"min_doc_count\": 1, \"time_zone\": \"Europe/Berlin\", \"drop_partials\": false, \"timeRange\": {\"from\": \"now-15m\", \"to\": \"now\", \"mode\": \"quick\"}, \"field\": \"@timestamp\"}}], \"type\": \"line\", \"title\": \"Average keys TTL [Metricbeat Redis] ECS\", \"params\": {\"times\": [], \"seriesParams\": [{\"valueAxis\": \"ValueAxis-1\", \"drawLinesBetweenPoints\": true, \"type\": \"line\", \"mode\": \"normal\", \"data\": {\"id\": \"1\", \"label\": \"Average TTL\"}, \"show\": \"true\", \"showCircles\": true}], \"grid\": {\"style\": {\"color\": \"#eee\"}, \"categoryLines\": false}, \"valueAxes\": [{\"show\": true, \"labels\": {\"truncate\": 100, \"show\": true, \"rotate\": 0, \"filter\": false}, \"title\": {\"text\": \"Average TTL\"}, \"style\": {}, \"position\": \"left\", \"scale\": {\"type\": \"linear\", \"mode\": \"normal\"}, \"id\": \"ValueAxis-1\", \"name\": \"LeftAxis-1\", \"type\": \"value\"}], \"addTooltip\": true, \"addLegend\": true, \"legendPosition\": \"right\", \"categoryAxes\": [{\"show\": true, \"labels\": {\"truncate\": 100, \"show\": true}, \"title\": {}, \"style\": {}, \"scale\": {\"type\": \"linear\"}, \"id\": \"CategoryAxis-1\", \"position\": \"bottom\", \"type\": \"category\"}], \"addTimeMarker\": false, \"type\": \"line\"}}"
            },
            "id": "517a5fd0-0514-11e9-9c60-d582a238e2c5-ecs",
            "type": "visualization",
            "updated_at": "2018-12-21T11:34:03.597Z",
            "version": 1
        },
        {
            "attributes": {
                "description": "Redis keys metrics",
                "hits": 0,
                "kibanaSavedObjectMeta": {
                    "searchSourceJSON": "{\"query\": {\"language\": \"kuery\", \"query\": \"\"}, \"filter\": [{\"query\": {\"bool\": {\"minimum_should_match\": 1, \"should\": [{\"match_phrase\": {\"redis.keyspace.id\": \"db0\"}}, {\"match_phrase\": {\"redis.keyspace.id\": \"db1\"}}]}}, \"meta\": {\"alias\": null, \"type\": \"phrases\", \"controlledBy\": \"1545388837304\", \"key\": \"redis.keyspace.id\", \"disabled\": false, \"params\": [\"db0\", \"db1\"], \"value\": \"db0, db1\", \"negate\": false, \"index\": \"metricbeat-*\"}, \"$state\": {\"store\": \"appState\"}}]}"
                },
                "optionsJSON": "{\"useMargins\": true, \"darkTheme\": false, \"hidePanelTitles\": false}",
                "panelsJSON": "[{\"gridData\": {\"w\": 12, \"x\": 0, \"y\": 0, \"i\": \"1\", \"h\": 5}, \"panelIndex\": \"1\", \"type\": \"visualization\", \"title\": \"Keyspace selector\", \"embeddableConfig\": {}, \"version\": \"6.5.2\", \"id\": \"00d39210-050d-11e9-9c60-d582a238e2c5-ecs\"}, {\"gridData\": {\"w\": 36, \"x\": 12, \"y\": 0, \"i\": \"2\", \"h\": 15}, \"panelIndex\": \"2\", \"type\": \"visualization\", \"title\": \"Lists length\", \"embeddableConfig\": {}, \"version\": \"6.5.2\", \"id\": \"7f4bc7d0-050c-11e9-9c60-d582a238e2c5-ecs\"}, {\"gridData\": {\"w\": 12, \"x\": 0, \"y\": 5, \"i\": \"3\", \"h\": 10}, \"panelIndex\": \"3\", \"type\": \"visualization\", \"title\": \"Keys by type\", \"embeddableConfig\": {\"vis\": {\"legendOpen\": false}}, \"version\": \"6.5.2\", \"id\": \"4435ac40-050e-11e9-9c60-d582a238e2c5-ecs\"}, {\"gridData\": {\"w\": 24, \"x\": 0, \"y\": 15, \"i\": \"4\", \"h\": 15}, \"panelIndex\": \"4\", \"type\": \"visualization\", \"title\": \"Average size of string keys\", \"embeddableConfig\": {}, \"version\": \"6.5.2\", \"id\": \"8541a4a0-0513-11e9-9c60-d582a238e2c5-ecs\"}, {\"gridData\": {\"w\": 24, \"x\": 24, \"y\": 15, \"i\": \"5\", \"h\": 15}, \"panelIndex\": \"5\", \"type\": \"visualization\", \"title\": \"Average keys TTL\", \"embeddableConfig\": {}, \"version\": \"6.5.2\", \"id\": \"517a5fd0-0514-11e9-9c60-d582a238e2c5-ecs\"}]",
                "timeRestore": false,
                "title": "[Metricbeat Redis] Keys ECS",
                "version": 1
            },
            "id": "28969190-0511-11e9-9c60-d582a238e2c5-ecs",
            "type": "dashboard",
            "updated_at": "2018-12-21T11:39:13.143Z",
            "version": 4
        }
    ],
    "version": "6.5.2"
}