{
    "objects": [
        {
            "attributes": {
                "description": "This Ceph dashboard that shows the most important cluster metrics.",
                "hits": 0,
                "kibanaSavedObjectMeta": {
                    "searchSourceJSON": "{\"query\": {\"language\": \"kuery\", \"query\": \"\"}, \"filter\": []}"
                },
                "optionsJSON": "{\"useMargins\": true, \"hidePanelTitles\": false}",
                "panelsJSON": "[{\"gridData\": {\"w\": 18, \"x\": 30, \"y\": 0, \"i\": \"1\", \"h\": 12}, \"panelIndex\": \"1\", \"title\": \"Cluster Disk Stats\", \"embeddableConfig\": {}, \"panelRefName\": \"panel_0\", \"version\": \"7.3.0\"}, {\"gridData\": {\"w\": 24, \"x\": 24, \"y\": 12, \"i\": \"2\", \"h\": 13}, \"panelIndex\": \"2\", \"title\": \"Throughput\", \"embeddableConfig\": {}, \"panelRefName\": \"panel_1\", \"version\": \"7.3.0\"}, {\"gridData\": {\"w\": 24, \"x\": 0, \"y\": 12, \"i\": \"3\", \"h\": 13}, \"panelIndex\": \"3\", \"title\": \"IOPS\", \"embeddableConfig\": {}, \"panelRefName\": \"panel_2\", \"version\": \"7.3.0\"}, {\"gridData\": {\"w\": 6, \"x\": 24, \"y\": 0, \"i\": \"4\", \"h\": 12}, \"panelIndex\": \"4\", \"title\": \"OSD Disk Usage\", \"embeddableConfig\": {}, \"panelRefName\": \"panel_3\", \"version\": \"7.3.0\"}, {\"gridData\": {\"w\": 5, \"x\": 0, \"y\": 0, \"i\": \"5\", \"h\": 12}, \"panelIndex\": \"5\", \"title\": \"Pools\", \"embeddableConfig\": {}, \"panelRefName\": \"panel_4\", \"version\": \"7.3.0\"}, {\"gridData\": {\"w\": 19, \"x\": 5, \"y\": 0, \"i\": \"6\", \"h\": 12}, \"panelIndex\": \"6\", \"title\": \"Pool Objects\", \"embeddableConfig\": {}, \"panelRefName\": \"panel_5\", \"version\": \"7.3.0\"}]",
                "timeRestore": false,
                "title": "[Metricbeat Ceph] Cluster Overview",
                "version": 1
            },
            "id": "c93f2c30-b473-11e9-a579-f5c0a5d81340",
            "migrationVersion": {
                "dashboard": "7.3.0"
            },
            "references": [
                {
                    "id": "054a0900-b467-11e9-a579-f5c0a5d81340",
                    "name": "panel_0",
                    "type": "visualization"
                },
                {
                    "id": "88d48440-b46b-11e9-a579-f5c0a5d81340",
                    "name": "panel_1",
                    "type": "visualization"
                },
                {
                    "id": "346d00d0-b46b-11e9-a579-f5c0a5d81340",
                    "name": "panel_2",
                    "type": "visualization"
                },
                {
                    "id": "13efa190-b46c-11e9-a579-f5c0a5d81340",
                    "name": "panel_3",
                    "type": "visualization"
                },
                {
                    "id": "393df790-b470-11e9-a579-f5c0a5d81340",
                    "name": "panel_4",
                    "type": "visualization"
                },
                {
                    "id": "aa9c2f10-b470-11e9-a579-f5c0a5d81340",
                    "name": "panel_5",
                    "type": "visualization"
                }
            ],
            "type": "dashboard",
            "updated_at": "2019-08-19T15:00:55.571Z",
            "version": "WzE1NzEsMV0="
        },
        {
            "attributes": {
                "description": "",
                "kibanaSavedObjectMeta": {
                    "searchSourceJSON": "{\"query\": {\"language\": \"kuery\", \"query\": \"\"}, \"filter\": []}"
                },
                "title": "Cluster Disk Stats [Metricbeat Ceph] ECS",
                "uiStateJSON": "{}",
                "version": 1,
                "visState": "{\"aggs\": [], \"type\": \"metrics\", \"title\": \"Cluster Disk Stats [Metricbeat Ceph] ECS\", \"params\": {\"default_index_pattern\": \"metricbeat-*\", \"bar_color_rules\": [{\"id\": \"bd70f9c0-b472-11e9-ba7f-f52449624592\"}], \"axis_formatter\": \"number\", \"show_legend\": 1, \"filter\": {\"language\": \"kuery\", \"query\": \"\"}, \"id\": \"7b71f300-b466-11e9-841e-0ddf9a697c96\", \"index_pattern\": \"metricbeat-*\", \"time_field\": \"@timestamp\", \"interval\": \"auto\", \"axis_scale\": \"normal\", \"axis_position\": \"left\", \"default_timefield\": \"@timestamp\", \"type\": \"timeseries\", \"series\": [{\"color\": \"rgba(159,5,0,1)\", \"line_width\": \"1\", \"axis_position\": \"right\", \"id\": \"7b71f301-b466-11e9-841e-0ddf9a697c96\", \"hide_in_legend\": 0, \"stacked\": \"none\", \"split_mode\": \"everything\", \"metrics\": [{\"type\": \"max\", \"field\": \"ceph.cluster_disk.total.bytes\", \"id\": \"7b71f302-b466-11e9-841e-0ddf9a697c96\"}], \"separate_axis\": 0, \"point_size\": 0, \"value_template\": \"{{value}}\", \"chart_type\": \"line\", \"fill\": \"0\", \"formatter\": \"bytes\", \"label\": \"total\"}, {\"color\": \"rgba(104,188,0,1)\", \"line_width\": \"1\", \"axis_position\": \"right\", \"id\": \"7b71f303-b466-11e9-841e-0ddf9a697c96\", \"stacked\": \"none\", \"split_mode\": \"everything\", \"metrics\": [{\"type\": \"max\", \"field\": \"ceph.cluster_disk.available.bytes\", \"id\": \"7b71f304-b466-11e9-841e-0ddf9a697c96\"}], \"separate_axis\": 0, \"point_size\": 0, \"value_template\": \"{{value}}\", \"chart_type\": \"line\", \"fill\": \"0.2\", \"formatter\": \"bytes\", \"label\": \"available\"}, {\"color\": \"rgba(252,196,0,1)\", \"line_width\": 1, \"axis_position\": \"right\", \"id\": \"64f99360-b472-11e9-ba7f-f52449624592\", \"stacked\": \"none\", \"split_mode\": \"everything\", \"metrics\": [{\"type\": \"max\", \"field\": \"ceph.cluster_disk.used.bytes\", \"id\": \"64f99361-b472-11e9-ba7f-f52449624592\"}], \"separate_axis\": 0, \"point_size\": \"0\", \"chart_type\": \"line\", \"fill\": 0.5, \"formatter\": \"bytes\", \"label\": \"used\"}], \"show_grid\": 1}}"
            },
            "id": "054a0900-b467-11e9-a579-f5c0a5d81340",
            "migrationVersion": {
                "visualization": "7.3.0"
            },
            "references": [],
            "type": "visualization",
            "updated_at": "2019-08-02T10:56:16.795Z",
            "version": "WzYwMCwxXQ=="
        },
        {
            "attributes": {
                "description": "",
                "kibanaSavedObjectMeta": {
                    "searchSourceJSON": "{\"query\": {\"language\": \"kuery\", \"query\": \"\"}, \"filter\": []}"
                },
                "title": "Throughput [Metricbeat Ceph] ECS",
                "uiStateJSON": "{}",
                "version": 1,
                "visState": "{\"aggs\": [], \"type\": \"metrics\", \"title\": \"Throughput [Metricbeat Ceph] ECS\", \"params\": {\"default_index_pattern\": \"metricbeat-*\", \"axis_formatter\": \"number\", \"show_legend\": 1, \"filter\": {\"language\": \"kuery\", \"query\": \"\"}, \"id\": \"57f0f3e0-b46b-11e9-88d3-b1e3cace09ae\", \"index_pattern\": \"metricbeat-*\", \"time_field\": \"@timestamp\", \"interval\": \"auto\", \"axis_scale\": \"normal\", \"axis_position\": \"left\", \"default_timefield\": \"@timestamp\", \"type\": \"timeseries\", \"series\": [{\"color\": \"rgba(104,204,202,1)\", \"line_width\": 2, \"axis_position\": \"right\", \"id\": \"57f11af0-b46b-11e9-88d3-b1e3cace09ae\", \"stacked\": \"none\", \"split_mode\": \"everything\", \"metrics\": [{\"type\": \"max\", \"field\": \"ceph.cluster_status.traffic.read_bytes\", \"id\": \"57f11af1-b46b-11e9-88d3-b1e3cace09ae\"}], \"separate_axis\": 0, \"point_size\": 0, \"value_template\": \"{{value}}\", \"chart_type\": \"line\", \"fill\": 0, \"formatter\": \"number\", \"label\": \"read\"}, {\"color\": \"rgba(176,188,0,1)\", \"line_width\": 2, \"axis_position\": \"right\", \"id\": \"57f11af2-b46b-11e9-88d3-b1e3cace09ae\", \"stacked\": \"none\", \"split_mode\": \"everything\", \"metrics\": [{\"type\": \"max\", \"field\": \"ceph.cluster_status.traffic.write_bytes\", \"id\": \"57f11af3-b46b-11e9-88d3-b1e3cace09ae\"}], \"separate_axis\": 0, \"point_size\": 0, \"value_template\": \"{{value}}\", \"chart_type\": \"line\", \"fill\": 0, \"formatter\": \"number\", \"label\": \"write\"}], \"show_grid\": 1}}"
            },
            "id": "88d48440-b46b-11e9-a579-f5c0a5d81340",
            "migrationVersion": {
                "visualization": "7.3.0"
            },
            "references": [],
            "type": "visualization",
            "updated_at": "2019-08-02T10:54:20.715Z",
            "version": "WzU5NiwxXQ=="
        },
        {
            "attributes": {
                "description": "",
                "kibanaSavedObjectMeta": {
                    "searchSourceJSON": "{\"query\": {\"language\": \"kuery\", \"query\": \"\"}, \"filter\": []}"
                },
                "title": "IOPS [Metricbeat Ceph] ECS",
                "uiStateJSON": "{}",
                "version": 1,
                "visState": "{\"aggs\": [], \"type\": \"metrics\", \"title\": \"IOPS [Metricbeat Ceph] ECS\", \"params\": {\"default_index_pattern\": \"metricbeat-*\", \"axis_formatter\": \"number\", \"show_legend\": 1, \"filter\": {\"language\": \"kuery\", \"query\": \"\"}, \"id\": \"0fc1f2e0-b46b-11e9-9488-8bde5ab143f4\", \"index_pattern\": \"metricbeat-*\", \"time_field\": \"@timestamp\", \"interval\": \"auto\", \"axis_scale\": \"normal\", \"axis_position\": \"left\", \"default_timefield\": \"@timestamp\", \"type\": \"timeseries\", \"series\": [{\"color\": \"#3185FC\", \"line_width\": 2, \"axis_position\": \"right\", \"id\": \"0fc1f2e1-b46b-11e9-9488-8bde5ab143f4\", \"stacked\": \"none\", \"split_mode\": \"everything\", \"metrics\": [{\"type\": \"max\", \"field\": \"ceph.cluster_status.traffic.read_op_per_sec\", \"id\": \"0fc1f2e2-b46b-11e9-9488-8bde5ab143f4\"}], \"separate_axis\": 0, \"point_size\": 0, \"value_template\": \"{{value}}\", \"chart_type\": \"line\", \"fill\": 0, \"formatter\": \"number\", \"label\": \"read\"}, {\"color\": \"#DB1374\", \"line_width\": 2, \"axis_position\": \"right\", \"id\": \"0fc1f2e3-b46b-11e9-9488-8bde5ab143f4\", \"stacked\": \"none\", \"split_mode\": \"everything\", \"metrics\": [{\"type\": \"max\", \"field\": \"ceph.cluster_status.traffic.write_op_per_sec\", \"id\": \"0fc1f2e4-b46b-11e9-9488-8bde5ab143f4\"}], \"separate_axis\": 0, \"point_size\": 0, \"value_template\": \"{{value}}\", \"chart_type\": \"line\", \"fill\": 0, \"formatter\": \"number\", \"label\": \"write\"}], \"show_grid\": 1}}"
            },
            "id": "346d00d0-b46b-11e9-a579-f5c0a5d81340",
            "migrationVersion": {
                "visualization": "7.3.0"
            },
            "references": [],
            "type": "visualization",
            "updated_at": "2019-08-02T10:54:00.152Z",
            "version": "WzU5MiwxXQ=="
        },
        {
            "attributes": {
                "description": "",
                "kibanaSavedObjectMeta": {
                    "searchSourceJSON": "{\"query\": {\"language\": \"kuery\", \"query\": \"\"}, \"filter\": []}"
                },
                "title": "OSD Disk Usage [Metricbeat Ceph] ECS",
                "uiStateJSON": "{}",
                "version": 1,
                "visState": "{\"aggs\": [], \"type\": \"metrics\", \"title\": \"OSD Disk Usage [Metricbeat Ceph] ECS\", \"params\": {\"default_index_pattern\": \"metricbeat-*\", \"time_field\": \"@timestamp\", \"axis_formatter\": \"number\", \"show_legend\": 1, \"filter\": {\"language\": \"kuery\", \"query\": \"\"}, \"series\": [{\"color\": \"rgba(164,221,0,1)\", \"line_width\": 2, \"axis_position\": \"right\", \"id\": \"e17a9bc1-b46b-11e9-9a02-5de45d117640\", \"stacked\": \"none\", \"split_mode\": \"everything\", \"metrics\": [{\"type\": \"max\", \"field\": \"ceph.osd_df.used.pct\", \"id\": \"e17a9bc2-b46b-11e9-9a02-5de45d117640\"}], \"separate_axis\": 0, \"point_size\": 0, \"value_template\": \"{{value}}\", \"chart_type\": \"line\", \"fill\": 0, \"formatter\": \"percent\", \"label\": \"OSD disk usage\"}], \"id\": \"e17a9bc0-b46b-11e9-9a02-5de45d117640\", \"index_pattern\": \"metricbeat-*\", \"gauge_color_rules\": [{\"gauge\": \"rgba(226,115,0,1)\", \"id\": \"e681d700-b46b-11e9-9bdc-15c69a730d82\", \"value\": 70, \"operator\": \"gte\"}, {\"gauge\": \"rgba(247,58,26,1)\", \"id\": \"61b552b0-b513-11e9-81ce-0379c4621e40\", \"value\": 90}], \"gauge_inner_width\": 10, \"gauge_width\": 10, \"interval\": \"auto\", \"axis_scale\": \"normal\", \"axis_position\": \"left\", \"gauge_max\": \"\", \"default_timefield\": \"@timestamp\", \"type\": \"gauge\", \"gauge_style\": \"half\", \"show_grid\": 1}}"
            },
            "id": "13efa190-b46c-11e9-a579-f5c0a5d81340",
            "migrationVersion": {
                "visualization": "7.3.0"
            },
            "references": [],
            "type": "visualization",
            "updated_at": "2019-08-02T10:52:20.880Z",
            "version": "WzU3NCwxXQ=="
        },
        {
            "attributes": {
                "description": "",
                "kibanaSavedObjectMeta": {
                    "searchSourceJSON": "{\"query\": {\"language\": \"kuery\", \"query\": \"\"}, \"filter\": []}"
                },
                "title": "Pools [Metricbeat Ceph] ECS",
                "uiStateJSON": "{}",
                "version": 1,
                "visState": "{\"aggs\": [], \"type\": \"metrics\", \"title\": \"Pools [Metricbeat Ceph] ECS\", \"params\": {\"default_index_pattern\": \"metricbeat-*\", \"bar_color_rules\": [{\"id\": \"21aaa880-b470-11e9-aefa-c791377b99c3\"}], \"axis_formatter\": \"number\", \"show_legend\": 1, \"series\": [{\"color\": \"#3185FC\", \"line_width\": 2, \"axis_position\": \"right\", \"id\": \"b859e760-b46f-11e9-9f8f-97f5e69abdab\", \"stacked\": \"none\", \"split_mode\": \"everything\", \"metrics\": [{\"type\": \"max\", \"field\": \"ceph.pool_disk.id\", \"id\": \"b859e761-b46f-11e9-9f8f-97f5e69abdab\"}], \"separate_axis\": 0, \"point_size\": 0, \"value_template\": \"{{value}}\", \"chart_type\": \"line\", \"fill\": 0, \"formatter\": \"number\", \"label\": \"Pools\"}], \"filter\": {\"language\": \"kuery\", \"query\": \"\"}, \"index_pattern\": \"metricbeat-*\", \"id\": \"b859c050-b46f-11e9-9f8f-97f5e69abdab\", \"background_color_rules\": [{\"id\": \"e96942b0-b46f-11e9-aefa-c791377b99c3\"}], \"gauge_color_rules\": [{\"id\": \"20eadaf0-b470-11e9-aefa-c791377b99c3\"}], \"gauge_inner_width\": 10, \"gauge_width\": 10, \"interval\": \"auto\", \"axis_scale\": \"normal\", \"axis_position\": \"left\", \"time_field\": \"@timestamp\", \"default_timefield\": \"@timestamp\", \"type\": \"metric\", \"gauge_style\": \"half\", \"show_grid\": 1}}"
            },
            "id": "393df790-b470-11e9-a579-f5c0a5d81340",
            "migrationVersion": {
                "visualization": "7.3.0"
            },
            "references": [],
            "type": "visualization",
            "updated_at": "2019-08-02T10:53:11.179Z",
            "version": "WzU4MSwxXQ=="
        },
        {
            "attributes": {
                "description": "",
                "kibanaSavedObjectMeta": {
                    "searchSourceJSON": "{\"query\": {\"language\": \"kuery\", \"query\": \"\"}, \"filter\": []}"
                },
                "title": "Pool Objects [Metricbeat Ceph] ECS",
                "uiStateJSON": "{}",
                "version": 1,
                "visState": "{\"aggs\": [], \"type\": \"metrics\", \"title\": \"Pool Objects [Metricbeat Ceph] ECS\", \"params\": {\"default_index_pattern\": \"metricbeat-*\", \"bar_color_rules\": [{\"id\": \"6b864810-b470-11e9-a4bb-473d6710f872\"}], \"axis_formatter\": \"number\", \"show_legend\": 1, \"filter\": {\"language\": \"kuery\", \"query\": \"\"}, \"background_color_rules\": [{\"id\": \"6ac91290-b470-11e9-a4bb-473d6710f872\"}], \"id\": \"4ce78950-b470-11e9-87e8-53bd102d292b\", \"index_pattern\": \"metricbeat-*\", \"time_field\": \"@timestamp\", \"interval\": \"auto\", \"axis_scale\": \"normal\", \"axis_position\": \"left\", \"default_timefield\": \"@timestamp\", \"type\": \"timeseries\", \"series\": [{\"terms_field\": \"ceph.pool_disk.name\", \"color\": \"rgba(104,188,0,1)\", \"line_width\": 2, \"axis_position\": \"right\", \"id\": \"4ce78951-b470-11e9-87e8-53bd102d292b\", \"stacked\": \"none\", \"split_mode\": \"terms\", \"metrics\": [{\"type\": \"max\", \"field\": \"ceph.pool_disk.stats.objects\", \"id\": \"4ce78952-b470-11e9-87e8-53bd102d292b\"}], \"separate_axis\": 0, \"point_size\": 0, \"value_template\": \"{{value}}\", \"chart_type\": \"line\", \"fill\": 0, \"formatter\": \"number\", \"label\": \"Objects\"}], \"show_grid\": 1}}"
            },
            "id": "aa9c2f10-b470-11e9-a579-f5c0a5d81340",
            "migrationVersion": {
                "visualization": "7.3.0"
            },
            "references": [],
            "type": "visualization",
            "updated_at": "2019-08-02T10:53:35.220Z",
            "version": "WzU4NiwxXQ=="
        }
    ],
    "version": "7.3.0"
}