{
    "objects": [
        {
            "attributes": {
                "description": "",
                "kibanaSavedObjectMeta": {
                    "searchSourceJSON": "{\"filter\": []}"
                },
                "savedSearchId": "Apache-HTTPD-ecs",
                "title": "CPU usage [Metricbeat Apache] ECS",
                "uiStateJSON": "{}",
                "version": 1,
                "visState": "{\"aggs\": [{\"type\": \"avg\", \"id\": \"1\", \"schema\": \"metric\", \"params\": {\"field\": \"apache.status.cpu.load\", \"customLabel\": \"CPU load\"}}, {\"type\": \"date_histogram\", \"id\": \"2\", \"schema\": \"segment\", \"params\": {\"extended_bounds\": {}, \"customInterval\": \"2h\", \"interval\": \"auto\", \"field\": \"@timestamp\", \"min_doc_count\": 1}}, {\"type\": \"terms\", \"id\": \"3\", \"schema\": \"split\", \"params\": {\"orderBy\": \"1\", \"size\": 5, \"field\": \"apache.status.hostname\", \"order\": \"desc\", \"row\": true}}, {\"type\": \"avg\", \"id\": \"4\", \"schema\": \"metric\", \"params\": {\"field\": \"apache.status.cpu.user\", \"customLabel\": \"CPU user\"}}, {\"type\": \"avg\", \"id\": \"5\", \"schema\": \"metric\", \"params\": {\"field\": \"apache.status.cpu.system\", \"customLabel\": \"CPU system\"}}, {\"type\": \"avg\", \"id\": \"6\", \"schema\": \"metric\", \"params\": {\"field\": \"apache.status.cpu.children_user\", \"customLabel\": \"CPU children user\"}}, {\"type\": \"avg\", \"id\": \"7\", \"schema\": \"metric\", \"params\": {\"field\": \"apache.status.cpu.children_system\", \"customLabel\": \"CPU children system\"}}], \"listeners\": {}, \"type\": \"line\", \"title\": \"Apache HTTPD - CPU ECS\", \"params\": {\"defaultYExtents\": false, \"drawLinesBetweenPoints\": true, \"addLegend\": true, \"interpolate\": \"linear\", \"addTooltip\": true, \"yAxis\": {}, \"radiusRatio\": 9, \"smoothLines\": false, \"showCircles\": true, \"times\": [], \"addTimeMarker\": false, \"scale\": \"linear\", \"shareYAxis\": true, \"setYExtents\": false}}"
            },
            "id": "Apache-HTTPD-CPU-ecs",
            "type": "visualization",
            "version": 2
        },
        {
            "attributes": {
                "description": "",
                "kibanaSavedObjectMeta": {
                    "searchSourceJSON": "{\"filter\": []}"
                },
                "savedSearchId": "Apache-HTTPD-ecs",
                "title": "Hostname list [Metricbeat Apache] ECS",
                "uiStateJSON": "{\"vis\": {\"params\": {\"sort\": {\"direction\": null, \"columnIndex\": null}}}}",
                "version": 1,
                "visState": "{\"aggs\": [{\"type\": \"count\", \"id\": \"1\", \"schema\": \"metric\", \"params\": {\"customLabel\": \"Events count\"}}, {\"type\": \"terms\", \"id\": \"2\", \"schema\": \"bucket\", \"params\": {\"orderBy\": \"1\", \"size\": 5, \"field\": \"apache.status.hostname\", \"order\": \"desc\", \"customLabel\": \"Apache HTTD Hostname\"}}], \"listeners\": {}, \"type\": \"table\", \"title\": \"Apache HTTPD - Hostname list ECS\", \"params\": {\"perPage\": 10, \"showMeticsAtAllLevels\": false, \"showPartialRows\": false, \"sort\": {\"direction\": null, \"columnIndex\": null}}}"
            },
            "id": "Apache-HTTPD-Hostname-list-ecs",
            "type": "visualization",
            "version": 2
        },
        {
            "attributes": {
                "description": "",
                "kibanaSavedObjectMeta": {
                    "searchSourceJSON": "{\"filter\": []}"
                },
                "savedSearchId": "Apache-HTTPD-ecs",
                "title": "Load1/5/15 [Metricbeat Apache] ECS",
                "uiStateJSON": "{}",
                "version": 1,
                "visState": "{\"aggs\": [{\"type\": \"avg\", \"id\": \"1\", \"schema\": \"metric\", \"params\": {\"field\": \"apache.status.load.5\", \"customLabel\": \"Load 5\"}}, {\"type\": \"date_histogram\", \"id\": \"2\", \"schema\": \"segment\", \"params\": {\"extended_bounds\": {}, \"customInterval\": \"2h\", \"interval\": \"auto\", \"field\": \"@timestamp\", \"min_doc_count\": 1}}, {\"type\": \"avg\", \"id\": \"3\", \"schema\": \"metric\", \"params\": {\"field\": \"apache.status.load.1\", \"customLabel\": \"Load 1\"}}, {\"type\": \"avg\", \"id\": \"4\", \"schema\": \"metric\", \"params\": {\"field\": \"apache.status.load.15\", \"customLabel\": \"Load 15\"}}, {\"type\": \"terms\", \"id\": \"5\", \"schema\": \"split\", \"params\": {\"orderBy\": \"1\", \"size\": 5, \"field\": \"apache.status.hostname\", \"order\": \"desc\", \"customLabel\": \"Hostname\", \"row\": true}}], \"listeners\": {}, \"type\": \"line\", \"title\": \"Apache HTTPD - Load1/5/15 ECS\", \"params\": {\"defaultYExtents\": false, \"drawLinesBetweenPoints\": true, \"addLegend\": true, \"interpolate\": \"linear\", \"addTooltip\": true, \"yAxis\": {}, \"radiusRatio\": 9, \"smoothLines\": false, \"showCircles\": true, \"times\": [], \"addTimeMarker\": false, \"scale\": \"linear\", \"shareYAxis\": true, \"setYExtents\": false}}"
            },
            "id": "Apache-HTTPD-Load1-slash-5-slash-15-ecs",
            "type": "visualization",
            "version": 2
        },
        {
            "attributes": {
                "description": "",
                "kibanaSavedObjectMeta": {
                    "searchSourceJSON": "{\"filter\": []}"
                },
                "savedSearchId": "Apache-HTTPD-ecs",
                "title": "Scoreboard [Metricbeat Apache] ECS",
                "uiStateJSON": "{}",
                "version": 1,
                "visState": "{\"aggs\": [{\"type\": \"avg\", \"id\": \"1\", \"schema\": \"metric\", \"params\": {\"field\": \"apache.status.scoreboard.closing_connection\", \"customLabel\": \"Closing connection\"}}, {\"type\": \"date_histogram\", \"id\": \"2\", \"schema\": \"segment\", \"params\": {\"extended_bounds\": {}, \"customInterval\": \"2h\", \"interval\": \"auto\", \"field\": \"@timestamp\", \"min_doc_count\": 1}}, {\"type\": \"terms\", \"id\": \"3\", \"schema\": \"split\", \"params\": {\"orderBy\": \"1\", \"size\": 5, \"field\": \"apache.status.hostname\", \"order\": \"desc\", \"customLabel\": \"Hostname\", \"row\": true}}, {\"type\": \"avg\", \"id\": \"4\", \"schema\": \"metric\", \"params\": {\"field\": \"apache.status.scoreboard.dns_lookup\", \"customLabel\": \"DNS lookup\"}}, {\"type\": \"avg\", \"id\": \"5\", \"schema\": \"metric\", \"params\": {\"field\": \"apache.status.scoreboard.gracefully_finishing\", \"customLabel\": \"Gracefully finishing\"}}, {\"type\": \"avg\", \"id\": \"6\", \"schema\": \"metric\", \"params\": {\"field\": \"apache.status.scoreboard.idle_cleanup\", \"customLabel\": \"Idle cleanup\"}}, {\"type\": \"avg\", \"id\": \"7\", \"schema\": \"metric\", \"params\": {\"field\": \"apache.status.scoreboard.keepalive\", \"customLabel\": \"Keepalive\"}}, {\"type\": \"avg\", \"id\": \"8\", \"schema\": \"metric\", \"params\": {\"field\": \"apache.status.scoreboard.logging\", \"customLabel\": \"Logging\"}}, {\"type\": \"avg\", \"id\": \"9\", \"schema\": \"metric\", \"params\": {\"field\": \"apache.status.scoreboard.open_slot\", \"customLabel\": \"Open slot\"}}, {\"type\": \"avg\", \"id\": \"10\", \"schema\": \"metric\", \"params\": {\"field\": \"apache.status.scoreboard.reading_request\", \"customLabel\": \"Reading request\"}}, {\"type\": \"avg\", \"id\": \"11\", \"schema\": \"metric\", \"params\": {\"field\": \"apache.status.scoreboard.sending_reply\", \"customLabel\": \"Sending reply\"}}, {\"type\": \"avg\", \"id\": \"12\", \"schema\": \"metric\", \"params\": {\"field\": \"apache.status.scoreboard.starting_up\", \"customLabel\": \"Starting up\"}}, {\"type\": \"avg\", \"id\": \"13\", \"schema\": \"metric\", \"params\": {\"field\": \"apache.status.scoreboard.total\", \"customLabel\": \"Total\"}}, {\"type\": \"avg\", \"id\": \"14\", \"schema\": \"metric\", \"params\": {\"field\": \"apache.status.scoreboard.waiting_for_connection\", \"customLabel\": \"Waiting for connection\"}}], \"listeners\": {}, \"type\": \"line\", \"title\": \"Apache HTTPD - Scoreboard ECS\", \"params\": {\"defaultYExtents\": false, \"drawLinesBetweenPoints\": true, \"addLegend\": true, \"interpolate\": \"linear\", \"addTooltip\": true, \"yAxis\": {}, \"radiusRatio\": 9, \"smoothLines\": false, \"showCircles\": true, \"times\": [], \"addTimeMarker\": false, \"scale\": \"linear\", \"shareYAxis\": true, \"setYExtents\": false}}"
            },
            "id": "Apache-HTTPD-Scoreboard-ecs",
            "type": "visualization",
            "version": 2
        },
        {
            "attributes": {
                "description": "",
                "kibanaSavedObjectMeta": {
                    "searchSourceJSON": "{\"filter\": []}"
                },
                "savedSearchId": "Apache-HTTPD-ecs",
                "title": "Total accesses and kbytes [Metricbeat Apache] ECS",
                "uiStateJSON": "{}",
                "version": 1,
                "visState": "{\"aggs\": [{\"type\": \"max\", \"id\": \"1\", \"schema\": \"metric\", \"params\": {\"field\": \"apache.status.total_kbytes\", \"customLabel\": \"Total kbytes\"}}, {\"type\": \"max\", \"id\": \"2\", \"schema\": \"metric\", \"params\": {\"field\": \"apache.status.total_accesses\", \"customLabel\": \"Total accesses\"}}], \"listeners\": {}, \"type\": \"metric\", \"title\": \"Apache HTTPD - Total accesses and kbytes ECS\", \"params\": {\"handleNoResults\": true, \"fontSize\": 60}}"
            },
            "id": "Apache-HTTPD-Total-accesses-and-kbytes-ecs",
            "type": "visualization",
            "version": 2
        },
        {
            "attributes": {
                "description": "",
                "kibanaSavedObjectMeta": {
                    "searchSourceJSON": "{\"filter\": []}"
                },
                "savedSearchId": "Apache-HTTPD-ecs",
                "title": "Uptime [Metricbeat Apache] ECS",
                "uiStateJSON": "{}",
                "version": 1,
                "visState": "{\"aggs\": [{\"type\": \"max\", \"id\": \"1\", \"schema\": \"metric\", \"params\": {\"field\": \"apache.status.uptime.uptime\", \"customLabel\": \"Uptime\"}}, {\"type\": \"max\", \"id\": \"2\", \"schema\": \"metric\", \"params\": {\"field\": \"apache.status.uptime.server_uptime\", \"customLabel\": \"Server uptime\"}}], \"listeners\": {}, \"type\": \"metric\", \"title\": \"Apache HTTPD - Uptime ECS\", \"params\": {\"handleNoResults\": true, \"fontSize\": 60}}"
            },
            "id": "Apache-HTTPD-Uptime-ecs",
            "type": "visualization",
            "version": 2
        },
        {
            "attributes": {
                "description": "",
                "kibanaSavedObjectMeta": {
                    "searchSourceJSON": "{\"filter\": []}"
                },
                "savedSearchId": "Apache-HTTPD-ecs",
                "title": "Workers [Metricbeat Apache] ECS",
                "uiStateJSON": "{}",
                "version": 1,
                "visState": "{\"aggs\": [{\"type\": \"avg\", \"id\": \"1\", \"schema\": \"metric\", \"params\": {\"field\": \"apache.status.workers.busy\", \"customLabel\": \"Busy workers\"}}, {\"type\": \"date_histogram\", \"id\": \"2\", \"schema\": \"segment\", \"params\": {\"extended_bounds\": {}, \"customInterval\": \"2h\", \"interval\": \"auto\", \"field\": \"@timestamp\", \"min_doc_count\": 1}}, {\"type\": \"terms\", \"id\": \"3\", \"schema\": \"split\", \"params\": {\"orderBy\": \"1\", \"size\": 5, \"field\": \"apache.status.hostname\", \"order\": \"desc\", \"customLabel\": \"Hostname\", \"row\": true}}, {\"type\": \"avg\", \"id\": \"4\", \"schema\": \"metric\", \"params\": {\"field\": \"apache.status.workers.idle\", \"customLabel\": \"Idle workers\"}}], \"listeners\": {}, \"type\": \"line\", \"title\": \"Apache HTTPD - Workers ECS\", \"params\": {\"defaultYExtents\": false, \"drawLinesBetweenPoints\": true, \"addLegend\": true, \"interpolate\": \"linear\", \"addTooltip\": true, \"yAxis\": {}, \"radiusRatio\": 9, \"smoothLines\": false, \"showCircles\": true, \"times\": [], \"addTimeMarker\": false, \"scale\": \"linear\", \"shareYAxis\": true, \"setYExtents\": false}}"
            },
            "id": "Apache-HTTPD-Workers-ecs",
            "type": "visualization",
            "version": 2
        },
        {
            "attributes": {
                "columns": [
                    "_source"
                ],
                "description": "",
                "hits": 0,
                "kibanaSavedObjectMeta": {
                    "searchSourceJSON": "{\"query\": {\"language\": \"kuery\", \"query\": \"event.module: apache\"}, \"index\": \"metricbeat-*\", \"filter\": [], \"highlight\": {\"require_field_match\": false, \"post_tags\": [\"@/kibana-highlighted-field@\"], \"fields\": {\"*\": {}}, \"fragment_size\": 2147483647, \"pre_tags\": [\"@kibana-highlighted-field@\"]}}"
                },
                "sort": [
                    "@timestamp",
                    "desc"
                ],
                "title": "Apache HTTPD ECS",
                "version": 1
            },
            "id": "Apache-HTTPD-ecs",
            "type": "search",
            "version": 1
        },
        {
            "attributes": {
                "description": "Overview of Apache server status",
                "hits": 0,
                "kibanaSavedObjectMeta": {
                    "searchSourceJSON": "{\"version\": true, \"query\": {\"language\": \"kuery\", \"query\": \"\"}, \"highlightAll\": true, \"filter\": []}"
                },
                "optionsJSON": "{\"darkTheme\": false}",
                "panelsJSON": "[{\"panelIndex\": 1, \"size_x\": 6, \"type\": \"visualization\", \"size_y\": 3, \"id\": \"Apache-HTTPD-CPU-ecs\", \"col\": 7, \"row\": 10}, {\"panelIndex\": 2, \"size_x\": 3, \"type\": \"visualization\", \"size_y\": 3, \"id\": \"Apache-HTTPD-Hostname-list-ecs\", \"col\": 1, \"row\": 1}, {\"panelIndex\": 3, \"size_x\": 6, \"type\": \"visualization\", \"size_y\": 3, \"id\": \"Apache-HTTPD-Load1-slash-5-slash-15-ecs\", \"col\": 1, \"row\": 10}, {\"panelIndex\": 4, \"size_x\": 12, \"type\": \"visualization\", \"size_y\": 3, \"id\": \"Apache-HTTPD-Scoreboard-ecs\", \"col\": 1, \"row\": 7}, {\"panelIndex\": 5, \"size_x\": 6, \"type\": \"visualization\", \"size_y\": 3, \"id\": \"Apache-HTTPD-Total-accesses-and-kbytes-ecs\", \"col\": 7, \"row\": 1}, {\"panelIndex\": 6, \"size_x\": 3, \"type\": \"visualization\", \"size_y\": 3, \"id\": \"Apache-HTTPD-Uptime-ecs\", \"col\": 4, \"row\": 1}, {\"panelIndex\": 7, \"size_x\": 12, \"type\": \"visualization\", \"size_y\": 3, \"id\": \"Apache-HTTPD-Workers-ecs\", \"col\": 1, \"row\": 4}]",
                "timeRestore": false,
                "title": "[Metricbeat Apache] Overview ECS",
                "uiStateJSON": "{\"P-6\": {\"vis\": {\"defaultColors\": {\"0 - 100\": \"rgb(0,104,55)\"}}}, \"P-5\": {\"vis\": {\"defaultColors\": {\"0 - 100\": \"rgb(0,104,55)\"}}}, \"P-2\": {\"vis\": {\"params\": {\"sort\": {\"direction\": null, \"columnIndex\": null}}}}}",
                "version": 1
            },
            "id": "Metricbeat-Apache-HTTPD-server-status-ecs",
            "type": "dashboard",
            "version": 3
        }
    ],
    "version": "6.0.0-beta1-SNAPSHOT"
}