{
    "objects": [
        {
            "attributes": {
                "description": "Overview of AWS Metrics",
                "hits": 0,
                "kibanaSavedObjectMeta": {
                    "searchSourceJSON": "{\"query\": {\"language\": \"kuery\", \"query\": \"\"}, \"filter\": []}"
                },
                "optionsJSON": "{\"useMargins\": true, \"hidePanelTitles\": false}",
                "panelsJSON": "[{\"panelRefName\": \"panel_0\", \"gridData\": {\"w\": 9, \"x\": 0, \"y\": 0, \"i\": \"2\", \"h\": 7}, \"panelIndex\": \"2\", \"embeddableConfig\": {}, \"version\": \"7.0.0\"}, {\"panelRefName\": \"panel_1\", \"gridData\": {\"w\": 10, \"x\": 9, \"y\": 0, \"i\": \"3\", \"h\": 7}, \"panelIndex\": \"3\", \"embeddableConfig\": {}, \"version\": \"7.0.0\"}, {\"panelRefName\": \"panel_2\", \"gridData\": {\"w\": 29, \"x\": 19, \"y\": 0, \"i\": \"4\", \"h\": 7}, \"panelIndex\": \"4\", \"embeddableConfig\": {}, \"version\": \"7.0.0\"}, {\"panelRefName\": \"panel_3\", \"gridData\": {\"w\": 9, \"x\": 0, \"y\": 7, \"i\": \"6\", \"h\": 7}, \"panelIndex\": \"6\", \"embeddableConfig\": {}, \"version\": \"7.0.0\"}, {\"panelRefName\": \"panel_4\", \"gridData\": {\"w\": 9, \"x\": 9, \"y\": 7, \"i\": \"7\", \"h\": 7}, \"panelIndex\": \"7\", \"embeddableConfig\": {}, \"version\": \"7.0.0\"}, {\"panelRefName\": \"panel_5\", \"gridData\": {\"w\": 15, \"x\": 18, \"y\": 7, \"i\": \"9\", \"h\": 7}, \"panelIndex\": \"9\", \"embeddableConfig\": {}, \"version\": \"7.0.0\"}, {\"panelRefName\": \"panel_6\", \"gridData\": {\"w\": 15, \"x\": 33, \"y\": 7, \"i\": \"10\", \"h\": 7}, \"panelIndex\": \"10\", \"embeddableConfig\": {}, \"version\": \"7.0.0\"}, {\"panelRefName\": \"panel_7\", \"gridData\": {\"w\": 13, \"x\": 0, \"y\": 14, \"i\": \"12\", \"h\": 7}, \"panelIndex\": \"12\", \"embeddableConfig\": {}, \"version\": \"7.0.0\"}, {\"panelRefName\": \"panel_8\", \"gridData\": {\"w\": 20, \"x\": 13, \"y\": 14, \"i\": \"14\", \"h\": 7}, \"panelIndex\": \"14\", \"embeddableConfig\": {}, \"version\": \"7.0.0\"}, {\"panelRefName\": \"panel_9\", \"gridData\": {\"w\": 15, \"x\": 33, \"y\": 14, \"i\": \"15\", \"h\": 7}, \"panelIndex\": \"15\", \"embeddableConfig\": {}, \"version\": \"7.0.0\"}, {\"panelRefName\": \"panel_10\", \"gridData\": {\"w\": 16, \"x\": 15, \"y\": 21, \"i\": \"17\", \"h\": 7}, \"panelIndex\": \"17\", \"embeddableConfig\": {}, \"version\": \"7.0.0\"}, {\"panelRefName\": \"panel_11\", \"gridData\": {\"w\": 15, \"x\": 0, \"y\": 21, \"i\": \"18\", \"h\": 7}, \"panelIndex\": \"18\", \"embeddableConfig\": {}, \"version\": \"7.0.0\"}, {\"panelRefName\": \"panel_12\", \"gridData\": {\"w\": 17, \"x\": 31, \"y\": 21, \"i\": \"19\", \"h\": 7}, \"panelIndex\": \"19\", \"embeddableConfig\": {}, \"version\": \"7.0.0\"}, {\"panelRefName\": \"panel_13\", \"gridData\": {\"w\": 24, \"x\": 0, \"y\": 28, \"i\": \"24\", \"h\": 9}, \"panelIndex\": \"24\", \"embeddableConfig\": {}, \"version\": \"7.2.0\"}, {\"panelRefName\": \"panel_14\", \"gridData\": {\"w\": 24, \"x\": 24, \"y\": 28, \"i\": \"25\", \"h\": 9}, \"panelIndex\": \"25\", \"embeddableConfig\": {}, \"version\": \"7.2.0\"}]",
                "timeRestore": false,
                "title": "[Metricbeat AWS] Overview",
                "version": 1
            },
            "id": "fac28650-7349-11e9-816b-07687310a99a",
            "migrationVersion": {
                "dashboard": "7.0.0"
            },
            "references": [
                {
                    "id": "b5308940-7347-11e9-816b-07687310a99a",
                    "name": "panel_0",
                    "type": "visualization"
                },
                {
                    "id": "09db13f0-2bdd-11e9-9fe1-cde861544141",
                    "name": "panel_1",
                    "type": "visualization"
                },
                {
                    "id": "be8828d0-f7f6-11e8-af03-c999c9dea608-ecs",
                    "name": "panel_2",
                    "type": "visualization"
                },
                {
                    "id": "81d83c70-4762-11e9-8062-c98a86cb6f94",
                    "name": "panel_3",
                    "type": "visualization"
                },
                {
                    "id": "58e17c10-7349-11e9-816b-07687310a99a",
                    "name": "panel_4",
                    "type": "visualization"
                },
                {
                    "id": "4658f540-734a-11e9-816b-07687310a99a",
                    "name": "panel_5",
                    "type": "visualization"
                },
                {
                    "id": "95b322f0-734a-11e9-816b-07687310a99a",
                    "name": "panel_6",
                    "type": "visualization"
                },
                {
                    "id": "b2191dd0-734c-11e9-816b-07687310a99a",
                    "name": "panel_7",
                    "type": "visualization"
                },
                {
                    "id": "42016bf0-728f-11e9-9a7b-4d62d5bcf4fc",
                    "name": "panel_8",
                    "type": "visualization"
                },
                {
                    "id": "9121ac90-734d-11e9-816b-07687310a99a",
                    "name": "panel_9",
                    "type": "visualization"
                },
                {
                    "id": "128fd450-734e-11e9-816b-07687310a99a",
                    "name": "panel_10",
                    "type": "visualization"
                },
                {
                    "id": "54e88a40-734e-11e9-816b-07687310a99a",
                    "name": "panel_11",
                    "type": "visualization"
                },
                {
                    "id": "398d12d0-7352-11e9-816b-07687310a99a",
                    "name": "panel_12",
                    "type": "visualization"
                },
                {
                    "id": "4bf62a10-8310-11e9-ac83-47df3568ff90",
                    "name": "panel_13",
                    "type": "visualization"
                },
                {
                    "id": "d2f46190-830f-11e9-ac83-47df3568ff90",
                    "name": "panel_14",
                    "type": "visualization"
                }
            ],
            "type": "dashboard",
            "updated_at": "2019-06-14T17:28:35.266Z",
            "version": "WzI5MjYsNF0="
        },
        {
            "attributes": {
                "description": "",
                "kibanaSavedObjectMeta": {
                    "searchSourceJSON": "{\"query\": {\"language\": \"kuery\", \"query\": \"\"}, \"filter\": []}"
                },
                "title": "Region Filter [Metricbeat AWS]",
                "uiStateJSON": "{}",
                "version": 1,
                "visState": "{\"aggs\": [], \"type\": \"input_control_vis\", \"title\": \"AWS Region Filter\", \"params\": {\"controls\": [{\"indexPatternRefName\": \"control_0_index_pattern\", \"type\": \"list\", \"parent\": \"\", \"options\": {\"dynamicOptions\": true, \"size\": 5, \"multiselect\": true, \"order\": \"desc\", \"type\": \"terms\"}, \"id\": \"1549397251041\", \"fieldName\": \"cloud.region\", \"label\": \"region\"}], \"updateFiltersOnChange\": true, \"pinFilters\": false, \"useTimeFilter\": false}}"
            },
            "id": "b5308940-7347-11e9-816b-07687310a99a",
            "migrationVersion": {
                "visualization": "7.2.0"
            },
            "references": [
                {
                    "id": "metricbeat-*",
                    "name": "control_0_index_pattern",
                    "type": "index-pattern"
                }
            ],
            "type": "visualization",
            "updated_at": "2019-06-14T17:02:27.742Z",
            "version": "WzI2NzQsNF0="
        },
        {
            "attributes": {
                "description": "",
                "kibanaSavedObjectMeta": {
                    "searchSourceJSON": "{\"query\": {\"language\": \"kuery\", \"query\": \"\"}, \"indexRefName\": \"kibanaSavedObjectMeta.searchSourceJSON.index\", \"filter\": []}"
                },
                "title": "EC2 Instance State [Metricbeat AWS] ECS",
                "uiStateJSON": "{\"vis\": {\"legendOpen\": true, \"colors\": {\"stopped\": \"#E24D42\", \"80\": \"#E24D42\", \"16\": \"#629E51\", \"running\": \"#7EB26D\", \"272\": \"#DEDAF7\"}}}",
                "version": 1,
                "visState": "{\"aggs\": [{\"type\": \"count\", \"enabled\": true, \"id\": \"1\", \"schema\": \"metric\", \"params\": {\"customLabel\": \"EC2 Instance State\"}}, {\"type\": \"terms\", \"enabled\": true, \"id\": \"2\", \"schema\": \"segment\", \"params\": {\"orderBy\": \"1\", \"otherBucketLabel\": \"Other\", \"field\": \"aws.ec2.instance.state.name\", \"order\": \"desc\", \"size\": 5, \"customLabel\": \"\", \"otherBucket\": false, \"missingBucketLabel\": \"Missing\", \"missingBucket\": false}}], \"type\": \"pie\", \"title\": \"EC2 Instance State [Metricbeat AWS] ECS\", \"params\": {\"labels\": {\"truncate\": 100, \"show\": true, \"values\": true, \"last_level\": true}, \"addLegend\": true, \"addTooltip\": true, \"type\": \"pie\", \"legendPosition\": \"right\", \"isDonut\": false}}"
            },
            "id": "09db13f0-2bdd-11e9-9fe1-cde861544141",
            "migrationVersion": {
                "visualization": "7.2.0"
            },
            "references": [
                {
                    "id": "metricbeat-*",
                    "name": "kibanaSavedObjectMeta.searchSourceJSON.index",
                    "type": "index-pattern"
                }
            ],
            "type": "visualization",
            "updated_at": "2019-06-14T17:02:27.742Z",
            "version": "WzI2NzUsNF0="
        },
        {
            "attributes": {
                "description": "",
                "kibanaSavedObjectMeta": {
                    "searchSourceJSON": "{\"query\": {\"language\": \"kuery\", \"query\": \"\"}, \"filter\": []}"
                },
                "title": "EC2 CPU Utilization [Metricbeat AWS] ECS",
                "uiStateJSON": "{}",
                "version": 1,
                "visState": "{\"aggs\": [], \"type\": \"metrics\", \"title\": \"AWS EC2 CPU Utilization ECS\", \"params\": {\"bar_color_rules\": [{\"id\": \"2592bcc0-f7f2-11e8-bff8-21537b07dd44\"}], \"axis_formatter\": \"number\", \"show_legend\": 1, \"background_color_rules\": [{\"id\": \"23428b30-f7f2-11e8-bff8-21537b07dd44\"}], \"id\": \"61ca57f0-469d-11e7-af02-69e470af7417\", \"index_pattern\": \"metricbeat-*\", \"annotations\": [], \"time_field\": \"@timestamp\", \"interval\": \"5m\", \"axis_scale\": \"normal\", \"axis_position\": \"left\", \"type\": \"timeseries\", \"series\": [{\"series_drop_last_bucket\": 1, \"steps\": 0, \"split_color_mode\": \"rainbow\", \"color\": \"rgba(104,188,0,1)\", \"filter\": \"\", \"line_width\": 1, \"axis_position\": \"right\", \"id\": \"61ca57f1-469d-11e7-af02-69e470af7417\", \"terms_order_by\": \"61ca57f2-469d-11e7-af02-69e470af7417\", \"terms_field\": \"cloud.instance.id\", \"stacked\": \"none\", \"terms_size\": \"5\", \"split_mode\": \"terms\", \"metrics\": [{\"type\": \"avg\", \"field\": \"aws.ec2.cpu.total.pct\", \"id\": \"61ca57f2-469d-11e7-af02-69e470af7417\"}], \"separate_axis\": 0, \"point_size\": 1, \"chart_type\": \"line\", \"fill\": \"0\", \"formatter\": \"number\", \"label\": \"AWS EC2 CPU Utilization ECS\"}], \"show_grid\": 1}}"
            },
            "id": "be8828d0-f7f6-11e8-af03-c999c9dea608-ecs",
            "migrationVersion": {
                "visualization": "7.2.0"
            },
            "references": [],
            "type": "visualization",
            "updated_at": "2019-06-14T17:02:27.742Z",
            "version": "WzI2NzYsNF0="
        },
        {
            "attributes": {
                "description": "",
                "kibanaSavedObjectMeta": {
                    "searchSourceJSON": "{\"query\": {\"language\": \"kuery\", \"query\": \"\"}, \"filter\": []}"
                },
                "title": "S3 Total Error 4xx [Metricbeat AWS]",
                "uiStateJSON": "{}",
                "version": 1,
                "visState": "{\"aggs\": [], \"type\": \"metrics\", \"title\": \"AWS S3 Total Error 4xx\", \"params\": {\"bar_color_rules\": [{\"id\": \"5ad9a190-4762-11e9-bf81-69a4e579cab5\"}], \"axis_formatter\": \"number\", \"id\": \"61ca57f0-469d-11e7-af02-69e470af7417\", \"background_color_rules\": [{\"id\": \"59207fe0-4762-11e9-bf81-69a4e579cab5\"}], \"show_legend\": 1, \"index_pattern\": \"metricbeat-*\", \"time_field\": \"@timestamp\", \"interval\": \"auto\", \"axis_scale\": \"normal\", \"axis_position\": \"left\", \"type\": \"metric\", \"series\": [{\"color\": \"#68BC00\", \"line_width\": 1, \"axis_position\": \"right\", \"id\": \"61ca57f1-469d-11e7-af02-69e470af7417\", \"stacked\": \"none\", \"split_mode\": \"everything\", \"metrics\": [{\"type\": \"sum\", \"field\": \"aws.s3_request.errors.4xx\", \"id\": \"61ca57f2-469d-11e7-af02-69e470af7417\"}], \"separate_axis\": 0, \"point_size\": 1, \"chart_type\": \"line\", \"fill\": 0.5, \"formatter\": \"number\", \"label\": \"Total # of HTTP 4xx Errors\"}], \"show_grid\": 1}}"
            },
            "id": "81d83c70-4762-11e9-8062-c98a86cb6f94",
            "migrationVersion": {
                "visualization": "7.2.0"
            },
            "references": [],
            "type": "visualization",
            "updated_at": "2019-06-14T17:02:28.760Z",
            "version": "WzI2OTUsNF0="
        },
        {
            "attributes": {
                "description": "",
                "kibanaSavedObjectMeta": {
                    "searchSourceJSON": "{\"query\": {\"language\": \"kuery\", \"query\": \"\"}, \"filter\": []}"
                },
                "title": "S3 Total Error 5xx [Metricbeat AWS]",
                "uiStateJSON": "{}",
                "version": 1,
                "visState": "{\"aggs\": [], \"type\": \"metrics\", \"title\": \"AWS S3 Total Error 5xx\", \"params\": {\"default_index_pattern\": \"metricbeat-*\", \"bar_color_rules\": [{\"id\": \"5ad9a190-4762-11e9-bf81-69a4e579cab5\"}], \"axis_formatter\": \"number\", \"show_legend\": 1, \"background_color_rules\": [{\"id\": \"59207fe0-4762-11e9-bf81-69a4e579cab5\"}], \"id\": \"61ca57f0-469d-11e7-af02-69e470af7417\", \"index_pattern\": \"metricbeat-*\", \"time_field\": \"@timestamp\", \"interval\": \"auto\", \"axis_scale\": \"normal\", \"axis_position\": \"left\", \"type\": \"metric\", \"series\": [{\"color\": \"#68BC00\", \"line_width\": 1, \"axis_position\": \"right\", \"id\": \"61ca57f1-469d-11e7-af02-69e470af7417\", \"stacked\": \"none\", \"split_mode\": \"everything\", \"metrics\": [{\"type\": \"sum\", \"field\": \"aws.s3_request.errors.5xx\", \"id\": \"61ca57f2-469d-11e7-af02-69e470af7417\"}], \"separate_axis\": 0, \"point_size\": 1, \"chart_type\": \"line\", \"fill\": 0.5, \"formatter\": \"number\", \"label\": \"Total # of HTTP 5xx Errors\"}], \"show_grid\": 1}}"
            },
            "id": "58e17c10-7349-11e9-816b-07687310a99a",
            "migrationVersion": {
                "visualization": "7.2.0"
            },
            "references": [],
            "type": "visualization",
            "updated_at": "2019-06-14T17:02:27.742Z",
            "version": "WzI2NzgsNF0="
        },
        {
            "attributes": {
                "description": "",
                "kibanaSavedObjectMeta": {
                    "searchSourceJSON": "{\"query\": {\"language\": \"kuery\", \"query\": \"\"}, \"filter\": []}"
                },
                "title": "SQS Empty Receives Top5 [Metricbeat AWS]",
                "uiStateJSON": "{}",
                "version": 1,
                "visState": "{\"aggs\": [], \"type\": \"metrics\", \"title\": \"AWS SQS Empty Receives Top5\", \"params\": {\"default_index_pattern\": \"metricbeat-*\", \"bar_color_rules\": [{\"id\": \"23be77d0-734a-11e9-a683-47ca322fa6f9\"}], \"axis_formatter\": \"number\", \"id\": \"61ca57f0-469d-11e7-af02-69e470af7417\", \"show_legend\": 1, \"index_pattern\": \"metricbeat-*\", \"time_field\": \"@timestamp\", \"interval\": \"auto\", \"axis_scale\": \"normal\", \"axis_position\": \"left\", \"type\": \"top_n\", \"series\": [{\"terms_field\": \"aws.sqs.queue.name\", \"color\": \"#68BC00\", \"line_width\": 1, \"axis_position\": \"right\", \"id\": \"61ca57f1-469d-11e7-af02-69e470af7417\", \"terms_order_by\": \"61ca57f2-469d-11e7-af02-69e470af7417\", \"stacked\": \"none\", \"terms_size\": \"5\", \"split_mode\": \"terms\", \"metrics\": [{\"type\": \"avg\", \"field\": \"aws.sqs.empty_receives\", \"id\": \"61ca57f2-469d-11e7-af02-69e470af7417\"}], \"separate_axis\": 0, \"point_size\": 1, \"chart_type\": \"line\", \"fill\": 0.5, \"formatter\": \"number\", \"label\": \"AWS SQS Empty Receives\"}], \"show_grid\": 1}}"
            },
            "id": "4658f540-734a-11e9-816b-07687310a99a",
            "migrationVersion": {
                "visualization": "7.2.0"
            },
            "references": [],
            "type": "visualization",
            "updated_at": "2019-06-14T17:02:27.742Z",
            "version": "WzI2NzksNF0="
        },
        {
            "attributes": {
                "description": "",
                "kibanaSavedObjectMeta": {
                    "searchSourceJSON": "{\"query\": {\"language\": \"kuery\", \"query\": \"\"}, \"filter\": []}"
                },
                "title": "SQS Messages Delayed Top5 [Metricbeat AWS]",
                "uiStateJSON": "{}",
                "version": 1,
                "visState": "{\"aggs\": [], \"type\": \"metrics\", \"title\": \"AWS SQS Messages Delayed Top5\", \"params\": {\"default_index_pattern\": \"metricbeat-*\", \"bar_color_rules\": [{\"id\": \"23be77d0-734a-11e9-a683-47ca322fa6f9\"}], \"axis_formatter\": \"number\", \"id\": \"61ca57f0-469d-11e7-af02-69e470af7417\", \"show_legend\": 1, \"index_pattern\": \"metricbeat-*\", \"time_field\": \"@timestamp\", \"interval\": \"auto\", \"axis_scale\": \"normal\", \"axis_position\": \"left\", \"type\": \"top_n\", \"series\": [{\"terms_field\": \"aws.sqs.queue.name\", \"color\": \"#68BC00\", \"line_width\": 1, \"axis_position\": \"right\", \"id\": \"61ca57f1-469d-11e7-af02-69e470af7417\", \"terms_order_by\": \"61ca57f2-469d-11e7-af02-69e470af7417\", \"stacked\": \"none\", \"terms_size\": \"5\", \"split_mode\": \"terms\", \"metrics\": [{\"type\": \"avg\", \"field\": \"aws.sqs.messages.delayed\", \"id\": \"61ca57f2-469d-11e7-af02-69e470af7417\"}], \"separate_axis\": 0, \"point_size\": 1, \"chart_type\": \"line\", \"fill\": 0.5, \"formatter\": \"number\", \"label\": \"AWS SQS Messages Delayed\"}], \"show_grid\": 1}}"
            },
            "id": "95b322f0-734a-11e9-816b-07687310a99a",
            "migrationVersion": {
                "visualization": "7.2.0"
            },
            "references": [],
            "type": "visualization",
            "updated_at": "2019-06-14T17:02:27.742Z",
            "version": "WzI2ODAsNF0="
        },
        {
            "attributes": {
                "description": "",
                "kibanaSavedObjectMeta": {
                    "searchSourceJSON": "{\"query\": {\"language\": \"kuery\", \"query\": \"\"}, \"filter\": []}"
                },
                "title": "Cloudwatch ELB Request Count Top5 [Metricbeat AWS]",
                "uiStateJSON": "{}",
                "version": 1,
                "visState": "{\"aggs\": [], \"type\": \"metrics\", \"title\": \"AWS Cloudwatch ELB Request Count Top5\", \"params\": {\"default_index_pattern\": \"metricbeat-*\", \"bar_color_rules\": [{\"id\": \"94f2ce40-734c-11e9-a683-47ca322fa6f9\"}], \"axis_formatter\": \"number\", \"id\": \"61ca57f0-469d-11e7-af02-69e470af7417\", \"show_legend\": 1, \"index_pattern\": \"metricbeat-*\", \"time_field\": \"@timestamp\", \"interval\": \"auto\", \"axis_scale\": \"normal\", \"axis_position\": \"left\", \"type\": \"top_n\", \"series\": [{\"terms_field\": \"aws.dimensions.LoadBalancerName\", \"color\": \"#68BC00\", \"line_width\": 1, \"axis_position\": \"right\", \"id\": \"61ca57f1-469d-11e7-af02-69e470af7417\", \"stacked\": \"none\", \"terms_size\": \"5\", \"split_mode\": \"terms\", \"metrics\": [{\"type\": \"sum\", \"field\": \"aws.elb.metrics.RequestCount\", \"id\": \"61ca57f2-469d-11e7-af02-69e470af7417\"}], \"separate_axis\": 0, \"point_size\": 1, \"chart_type\": \"line\", \"fill\": 0.5, \"formatter\": \"number\", \"label\": \"ELB Request Count Top5\"}], \"show_grid\": 1}}"
            },
            "id": "b2191dd0-734c-11e9-816b-07687310a99a",
            "migrationVersion": {
                "visualization": "7.2.0"
            },
            "references": [],
            "type": "visualization",
            "updated_at": "2019-06-14T17:02:27.742Z",
            "version": "WzI2ODEsNF0="
        },
        {
            "attributes": {
                "description": "",
                "kibanaSavedObjectMeta": {
                    "searchSourceJSON": "{\"query\": {\"language\": \"kuery\", \"query\": \"\"}, \"filter\": []}"
                },
                "title": "Cloudwatch ELB Latency [Metricbeat AWS]",
                "uiStateJSON": "{}",
                "version": 1,
                "visState": "{\"aggs\": [], \"type\": \"metrics\", \"title\": \"AWS Cloudwatch ELB Latency\", \"params\": {\"default_index_pattern\": \"metricbeat-8*\", \"bar_color_rules\": [{\"id\": \"2592bcc0-f7f2-11e8-bff8-21537b07dd44\"}], \"axis_formatter\": \"number\", \"show_legend\": 1, \"background_color_rules\": [{\"id\": \"23428b30-f7f2-11e8-bff8-21537b07dd44\"}], \"id\": \"61ca57f0-469d-11e7-af02-69e470af7417\", \"index_pattern\": \"metricbeat-*\", \"annotations\": [], \"time_field\": \"@timestamp\", \"interval\": \"5m\", \"axis_scale\": \"normal\", \"axis_position\": \"left\", \"type\": \"timeseries\", \"series\": [{\"series_drop_last_bucket\": 1, \"steps\": 0, \"split_color_mode\": \"rainbow\", \"color\": \"rgba(104,188,0,1)\", \"filter\": \"\", \"line_width\": 1, \"axis_position\": \"right\", \"id\": \"61ca57f1-469d-11e7-af02-69e470af7417\", \"terms_order_by\": \"61ca57f2-469d-11e7-af02-69e470af7417\", \"terms_field\": \"aws.dimensions.LoadBalancerName\", \"stacked\": \"none\", \"terms_size\": \"5\", \"split_mode\": \"terms\", \"metrics\": [{\"type\": \"avg\", \"field\": \"aws.elb.metrics.Latency\", \"id\": \"61ca57f2-469d-11e7-af02-69e470af7417\"}], \"separate_axis\": 0, \"point_size\": 1, \"chart_type\": \"line\", \"fill\": \"0\", \"formatter\": \"number\", \"label\": \"AWS Cloudwatch ELB Latency\"}], \"show_grid\": 1}}"
            },
            "id": "42016bf0-728f-11e9-9a7b-4d62d5bcf4fc",
            "migrationVersion": {
                "visualization": "7.2.0"
            },
            "references": [],
            "type": "visualization",
            "updated_at": "2019-06-14T17:02:27.742Z",
            "version": "WzI2ODIsNF0="
        },
        {
            "attributes": {
                "description": "",
                "kibanaSavedObjectMeta": {
                    "searchSourceJSON": "{\"query\": {\"language\": \"kuery\", \"query\": \"\"}, \"filter\": []}"
                },
                "title": "Cloudwatch ELB Unhealthy Host Count [Metricbeat AWS]",
                "uiStateJSON": "{}",
                "version": 1,
                "visState": "{\"aggs\": [], \"type\": \"metrics\", \"title\": \"AWS Cloudwatch ELB Unhealthy Host Count\", \"params\": {\"default_index_pattern\": \"metricbeat-*\", \"bar_color_rules\": [{\"id\": \"94f2ce40-734c-11e9-a683-47ca322fa6f9\"}], \"axis_formatter\": \"number\", \"show_legend\": 1, \"background_color_rules\": [{\"id\": \"cbb498f0-734c-11e9-a683-47ca322fa6f9\"}], \"id\": \"61ca57f0-469d-11e7-af02-69e470af7417\", \"index_pattern\": \"metricbeat-*\", \"time_field\": \"@timestamp\", \"interval\": \"5m\", \"axis_scale\": \"normal\", \"axis_position\": \"left\", \"type\": \"top_n\", \"series\": [{\"terms_field\": \"aws.dimensions.LoadBalancerName\", \"color\": \"#68BC00\", \"line_width\": 1, \"axis_position\": \"right\", \"id\": \"61ca57f1-469d-11e7-af02-69e470af7417\", \"terms_order_by\": \"61ca57f2-469d-11e7-af02-69e470af7417\", \"stacked\": \"none\", \"terms_size\": \"5\", \"split_mode\": \"terms\", \"metrics\": [{\"type\": \"sum\", \"field\": \"aws.elb.metrics.UnHealthyHostCount\", \"id\": \"61ca57f2-469d-11e7-af02-69e470af7417\"}], \"separate_axis\": 0, \"point_size\": 1, \"chart_type\": \"line\", \"fill\": \"0\", \"formatter\": \"number\", \"label\": \"ELB Unhealthy Host Count\"}], \"show_grid\": 1}}"
            },
            "id": "9121ac90-734d-11e9-816b-07687310a99a",
            "migrationVersion": {
                "visualization": "7.2.0"
            },
            "references": [],
            "type": "visualization",
            "updated_at": "2019-06-14T17:02:27.742Z",
            "version": "WzI2ODMsNF0="
        },
        {
            "attributes": {
                "description": "",
                "kibanaSavedObjectMeta": {
                    "searchSourceJSON": "{\"query\": {\"language\": \"kuery\", \"query\": \"\"}, \"filter\": []}"
                },
                "title": "Cloudwatch Lambda Invocations Top5 [Metricbeat AWS]",
                "uiStateJSON": "{}",
                "version": 1,
                "visState": "{\"aggs\": [], \"type\": \"metrics\", \"title\": \"AWS Cloudwatch Lambda Invocations Top5\", \"params\": {\"default_index_pattern\": \"metricbeat-*\", \"bar_color_rules\": [{\"id\": \"94f2ce40-734c-11e9-a683-47ca322fa6f9\"}], \"axis_formatter\": \"number\", \"show_legend\": 1, \"background_color_rules\": [{\"id\": \"cbb498f0-734c-11e9-a683-47ca322fa6f9\"}], \"id\": \"61ca57f0-469d-11e7-af02-69e470af7417\", \"index_pattern\": \"metricbeat-*\", \"time_field\": \"@timestamp\", \"interval\": \"5m\", \"axis_scale\": \"normal\", \"axis_position\": \"left\", \"type\": \"top_n\", \"series\": [{\"terms_field\": \"aws.dimensions.FunctionName\", \"color\": \"#68BC00\", \"line_width\": 1, \"axis_position\": \"right\", \"id\": \"61ca57f1-469d-11e7-af02-69e470af7417\", \"terms_order_by\": \"61ca57f2-469d-11e7-af02-69e470af7417\", \"stacked\": \"none\", \"terms_size\": \"5\", \"split_mode\": \"terms\", \"metrics\": [{\"type\": \"avg\", \"field\": \"aws.lambda.metrics.Invocations\", \"id\": \"61ca57f2-469d-11e7-af02-69e470af7417\"}], \"separate_axis\": 0, \"point_size\": 1, \"chart_type\": \"line\", \"fill\": \"0\", \"formatter\": \"number\", \"label\": \"Lambda Invocations\"}], \"show_grid\": 1}}"
            },
            "id": "128fd450-734e-11e9-816b-07687310a99a",
            "migrationVersion": {
                "visualization": "7.2.0"
            },
            "references": [],
            "type": "visualization",
            "updated_at": "2019-06-14T17:02:27.742Z",
            "version": "WzI2ODQsNF0="
        },
        {
            "attributes": {
                "description": "",
                "kibanaSavedObjectMeta": {
                    "searchSourceJSON": "{\"query\": {\"language\": \"kuery\", \"query\": \"\"}, \"filter\": []}"
                },
                "title": "Cloudwatch Lambda Errors Top5 [Metricbeat AWS]",
                "uiStateJSON": "{}",
                "version": 1,
                "visState": "{\"aggs\": [], \"type\": \"metrics\", \"title\": \"AWS Cloudwatch Lambda Errors Top5\", \"params\": {\"default_index_pattern\": \"metricbeat-*\", \"bar_color_rules\": [{\"id\": \"94f2ce40-734c-11e9-a683-47ca322fa6f9\"}], \"axis_formatter\": \"number\", \"show_legend\": 1, \"background_color_rules\": [{\"id\": \"cbb498f0-734c-11e9-a683-47ca322fa6f9\"}], \"id\": \"61ca57f0-469d-11e7-af02-69e470af7417\", \"index_pattern\": \"metricbeat-*\", \"time_field\": \"@timestamp\", \"interval\": \"5m\", \"axis_scale\": \"normal\", \"axis_position\": \"left\", \"type\": \"top_n\", \"series\": [{\"terms_field\": \"aws.dimensions.FunctionName\", \"color\": \"#68BC00\", \"line_width\": 1, \"axis_position\": \"right\", \"id\": \"61ca57f1-469d-11e7-af02-69e470af7417\", \"terms_order_by\": \"61ca57f2-469d-11e7-af02-69e470af7417\", \"stacked\": \"none\", \"terms_size\": \"5\", \"split_mode\": \"terms\", \"metrics\": [{\"type\": \"avg\", \"field\": \"aws.lambda.metrics.Errors\", \"id\": \"61ca57f2-469d-11e7-af02-69e470af7417\"}], \"separate_axis\": 0, \"point_size\": 1, \"chart_type\": \"line\", \"fill\": \"0\", \"formatter\": \"number\", \"label\": \"Lambda Errors\"}], \"show_grid\": 1}}"
            },
            "id": "54e88a40-734e-11e9-816b-07687310a99a",
            "migrationVersion": {
                "visualization": "7.2.0"
            },
            "references": [],
            "type": "visualization",
            "updated_at": "2019-06-14T17:02:27.742Z",
            "version": "WzI2ODUsNF0="
        },
        {
            "attributes": {
                "description": "",
                "kibanaSavedObjectMeta": {
                    "searchSourceJSON": "{\"query\": {\"language\": \"kuery\", \"query\": \"\"}, \"filter\": []}"
                },
                "title": "Cloudwatch Lambda Throttles Top5 [Metricbeat AWS]",
                "uiStateJSON": "{}",
                "version": 1,
                "visState": "{\"aggs\": [], \"type\": \"metrics\", \"title\": \"AWS Cloudwatch Lambda Throttles Top5\", \"params\": {\"default_index_pattern\": \"metricbeat-*\", \"bar_color_rules\": [{\"id\": \"94f2ce40-734c-11e9-a683-47ca322fa6f9\"}], \"axis_formatter\": \"number\", \"show_legend\": 1, \"background_color_rules\": [{\"id\": \"cbb498f0-734c-11e9-a683-47ca322fa6f9\"}], \"id\": \"61ca57f0-469d-11e7-af02-69e470af7417\", \"index_pattern\": \"metricbeat-*\", \"time_field\": \"@timestamp\", \"interval\": \"5m\", \"axis_scale\": \"normal\", \"axis_position\": \"left\", \"type\": \"top_n\", \"series\": [{\"terms_field\": \"aws.dimensions.FunctionName\", \"color\": \"#68BC00\", \"line_width\": 1, \"axis_position\": \"right\", \"id\": \"61ca57f1-469d-11e7-af02-69e470af7417\", \"terms_order_by\": \"61ca57f2-469d-11e7-af02-69e470af7417\", \"stacked\": \"none\", \"terms_size\": \"5\", \"split_mode\": \"terms\", \"metrics\": [{\"type\": \"avg\", \"field\": \"aws.lambda.metrics.Throttles\", \"id\": \"61ca57f2-469d-11e7-af02-69e470af7417\"}], \"separate_axis\": 0, \"point_size\": 1, \"chart_type\": \"line\", \"fill\": \"0\", \"formatter\": \"number\", \"label\": \"Lambda Throttles\"}], \"show_grid\": 1}}"
            },
            "id": "398d12d0-7352-11e9-816b-07687310a99a",
            "migrationVersion": {
                "visualization": "7.2.0"
            },
            "references": [],
            "type": "visualization",
            "updated_at": "2019-06-14T17:02:27.742Z",
            "version": "WzI2ODYsNF0="
        },
        {
            "attributes": {
                "description": "",
                "kibanaSavedObjectMeta": {
                    "searchSourceJSON": "{\"query\": {\"language\": \"kuery\", \"query\": \"\"}, \"filter\": []}"
                },
                "title": "Cloudwatch ECS CPU Available [Metricbeat AWS]",
                "uiStateJSON": "{}",
                "version": 1,
                "visState": "{\"aggs\": [], \"type\": \"metrics\", \"title\": \"AWS Cloudwatch ECS CPU Available\", \"params\": {\"default_index_pattern\": \"metricbeat-*\", \"axis_formatter\": \"number\", \"show_legend\": 1, \"filter\": \"\", \"background_color_rules\": [{\"id\": \"bb21d180-830d-11e9-9c4c-391fa0a2e15f\"}], \"id\": \"61ca57f0-469d-11e7-af02-69e470af7417\", \"index_pattern\": \"metricbeat-*\", \"time_field\": \"\", \"interval\": \"5m\", \"axis_scale\": \"normal\", \"axis_position\": \"left\", \"default_timefield\": \"@timestamp\", \"type\": \"timeseries\", \"series\": [{\"terms_field\": \"aws.dimensions.ClusterName\", \"color\": \"#68BC00\", \"filter\": \"(aws.cloudwatch.namespace:\\\"AWS/ECS\\\") AND (_exists_: aws.ecs.metrics.CPUReservation) AND (_exists_: aws.ecs.metrics.CPUUtilization)\", \"line_width\": 1, \"axis_position\": \"right\", \"id\": \"61ca57f1-469d-11e7-af02-69e470af7417\", \"terms_order_by\": \"_key\", \"stacked\": \"none\", \"terms_size\": \"5\", \"split_mode\": \"terms\", \"metrics\": [{\"type\": \"sum\", \"field\": \"aws.ecs.metrics.CPUUtilization\", \"id\": \"17f8ddf0-830d-11e9-9f3d-ed346f48a007\"}, {\"type\": \"sum\", \"field\": \"aws.ecs.metrics.CPUReservation\", \"id\": \"61ca57f2-469d-11e7-af02-69e470af7417\"}, {\"script\": \"(params.res - params.util) / 100\", \"type\": \"math\", \"id\": \"68a93050-830e-11e9-9c4c-391fa0a2e15f\", \"variables\": [{\"field\": \"17f8ddf0-830d-11e9-9f3d-ed346f48a007\", \"id\": \"6f338920-830e-11e9-9c4c-391fa0a2e15f\", \"name\": \"util\"}, {\"field\": \"61ca57f2-469d-11e7-af02-69e470af7417\", \"id\": \"7ab9f9a0-830e-11e9-9c4c-391fa0a2e15f\", \"name\": \"res\"}]}], \"separate_axis\": 0, \"point_size\": 1, \"chart_type\": \"line\", \"fill\": \"0\", \"formatter\": \"percent\", \"label\": \"\"}], \"show_grid\": 1}}"
            },
            "id": "4bf62a10-8310-11e9-ac83-47df3568ff90",
            "migrationVersion": {
                "visualization": "7.2.0"
            },
            "references": [],
            "type": "visualization",
            "updated_at": "2019-06-14T17:48:26.084Z",
            "version": "WzI5NDEsNF0="
        },
        {
            "attributes": {
                "description": "",
                "kibanaSavedObjectMeta": {
                    "searchSourceJSON": "{\"query\": {\"language\": \"kuery\", \"query\": \"\"}, \"filter\": []}"
                },
                "title": "Cloudwatch ECS Memory Available [Metricbeat AWS]",
                "uiStateJSON": "{}",
                "version": 1,
                "visState": "{\"aggs\": [], \"type\": \"metrics\", \"title\": \"AWS Cloudwatch ECS Memory Available\", \"params\": {\"default_index_pattern\": \"metricbeat-*\", \"axis_formatter\": \"number\", \"show_legend\": 1, \"filter\": \"\", \"background_color_rules\": [{\"id\": \"bb21d180-830d-11e9-9c4c-391fa0a2e15f\"}], \"id\": \"61ca57f0-469d-11e7-af02-69e470af7417\", \"index_pattern\": \"metricbeat-*\", \"time_field\": \"\", \"interval\": \"5m\", \"axis_scale\": \"normal\", \"axis_position\": \"left\", \"default_timefield\": \"@timestamp\", \"type\": \"timeseries\", \"series\": [{\"terms_field\": \"aws.dimensions.ClusterName\", \"color\": \"#68BC00\", \"filter\": \"(aws.cloudwatch.namespace:\\\"AWS/ECS\\\") AND (_exists_: aws.ecs.metrics.MemoryReservation) AND (_exists_: aws.ecs.metrics.MemoryUtilization)\", \"line_width\": 1, \"axis_position\": \"right\", \"id\": \"61ca57f1-469d-11e7-af02-69e470af7417\", \"terms_order_by\": \"_key\", \"stacked\": \"none\", \"terms_size\": \"5\", \"split_mode\": \"terms\", \"metrics\": [{\"type\": \"sum\", \"field\": \"aws.ecs.metrics.MemoryUtilization\", \"id\": \"17f8ddf0-830d-11e9-9f3d-ed346f48a007\"}, {\"type\": \"sum\", \"field\": \"aws.ecs.metrics.MemoryReservation\", \"id\": \"61ca57f2-469d-11e7-af02-69e470af7417\"}, {\"script\": \"(params.res - params.util) / 100\", \"type\": \"math\", \"id\": \"68a93050-830e-11e9-9c4c-391fa0a2e15f\", \"variables\": [{\"field\": \"17f8ddf0-830d-11e9-9f3d-ed346f48a007\", \"id\": \"6f338920-830e-11e9-9c4c-391fa0a2e15f\", \"name\": \"util\"}, {\"field\": \"61ca57f2-469d-11e7-af02-69e470af7417\", \"id\": \"7ab9f9a0-830e-11e9-9c4c-391fa0a2e15f\", \"name\": \"res\"}]}], \"separate_axis\": 0, \"point_size\": 1, \"value_template\": \"{{value}}\", \"chart_type\": \"line\", \"fill\": \"0\", \"formatter\": \"percent\", \"label\": \"\"}], \"show_grid\": 1}}"
            },
            "id": "d2f46190-830f-11e9-ac83-47df3568ff90",
            "migrationVersion": {
                "visualization": "7.2.0"
            },
            "references": [],
            "type": "visualization",
            "updated_at": "2019-06-14T17:47:50.042Z",
            "version": "WzI5NDAsNF0="
        }
    ],
    "version": "7.2.0"
}