{
    "objects": [
        {
            "attributes": {
                "description": "This dashboard shows application pools metrics for the IIS server.",
                "hits": 0,
                "kibanaSavedObjectMeta": {
                    "searchSourceJSON": "{\"query\": {\"language\": \"kuery\", \"query\": \"\"}, \"filter\": []}"
                },
                "optionsJSON": "{\"useMargins\": true, \"hidePanelTitles\": false}",
                "panelsJSON": "[{\"panelRefName\": \"panel_0\", \"gridData\": {\"w\": 9, \"x\": 0, \"y\": 0, \"i\": \"43790631-73f5-4f5e-824e-aa9d3f4f5664\", \"h\": 5}, \"panelIndex\": \"43790631-73f5-4f5e-824e-aa9d3f4f5664\", \"embeddableConfig\": {\"title\": \"\"}, \"version\": \"7.6.0\"}, {\"gridData\": {\"w\": 20, \"x\": 9, \"y\": 0, \"i\": \"b94f6dac-0f16-4781-ac08-d632154458a6\", \"h\": 11}, \"panelIndex\": \"b94f6dac-0f16-4781-ac08-d632154458a6\", \"title\": \"Thread Count\", \"embeddableConfig\": {\"title\": \"Thread Count\"}, \"panelRefName\": \"panel_1\", \"version\": \"7.6.0\"}, {\"gridData\": {\"w\": 19, \"x\": 29, \"y\": 0, \"i\": \"a3c19f11-99d4-4794-8ebb-aa2b3583577b\", \"h\": 11}, \"panelIndex\": \"a3c19f11-99d4-4794-8ebb-aa2b3583577b\", \"title\": \"Handle Count\", \"embeddableConfig\": {\"title\": \"Handle Count\"}, \"panelRefName\": \"panel_2\", \"version\": \"7.6.0\"}, {\"gridData\": {\"w\": 9, \"x\": 0, \"y\": 5, \"i\": \"10fe7306-655b-4bc6-b078-892f91d0d9ea\", \"h\": 6}, \"panelIndex\": \"10fe7306-655b-4bc6-b078-892f91d0d9ea\", \"title\": \"Filters\", \"embeddableConfig\": {\"title\": \"Filters\"}, \"panelRefName\": \"panel_3\", \"version\": \"7.6.0\"}, {\"gridData\": {\"w\": 24, \"x\": 0, \"y\": 11, \"i\": \"4dfc6a98-4749-47a8-a92e-ee955cf20c00\", \"h\": 15}, \"panelIndex\": \"4dfc6a98-4749-47a8-a92e-ee955cf20c00\", \"title\": \"IO Write Operations\", \"embeddableConfig\": {\"title\": \"IO Write Operations\"}, \"panelRefName\": \"panel_4\", \"version\": \"7.6.0\"}, {\"gridData\": {\"w\": 24, \"x\": 24, \"y\": 11, \"i\": \"bae63734-a752-46c3-8083-8c12eabca5aa\", \"h\": 15}, \"panelIndex\": \"bae63734-a752-46c3-8083-8c12eabca5aa\", \"title\": \"IO Read Operations\", \"embeddableConfig\": {\"title\": \"IO Read Operations\"}, \"panelRefName\": \"panel_5\", \"version\": \"7.6.0\"}, {\"gridData\": {\"w\": 24, \"x\": 0, \"y\": 26, \"i\": \"ce663f89-7cf9-4659-af06-2128f7d2f74b\", \"h\": 15}, \"panelIndex\": \"ce663f89-7cf9-4659-af06-2128f7d2f74b\", \"title\": \"Working Set\", \"embeddableConfig\": {\"title\": \"Working Set\"}, \"panelRefName\": \"panel_6\", \"version\": \"7.6.0\"}, {\"gridData\": {\"w\": 24, \"x\": 24, \"y\": 41, \"i\": \"99da2951-fb14-4a18-8a0c-4647daa9b626\", \"h\": 15}, \"panelIndex\": \"99da2951-fb14-4a18-8a0c-4647daa9b626\", \"title\": \"Virtual Bytes\", \"embeddableConfig\": {\"title\": \"Virtual Bytes\"}, \"panelRefName\": \"panel_7\", \"version\": \"7.6.0\"}, {\"gridData\": {\"w\": 24, \"x\": 0, \"y\": 41, \"i\": \"71985962-b5c9-412e-a99f-b55ed988f4ea\", \"h\": 15}, \"panelIndex\": \"71985962-b5c9-412e-a99f-b55ed988f4ea\", \"title\": \"Private Bytes\", \"embeddableConfig\": {\"title\": \"Private Bytes\"}, \"panelRefName\": \"panel_8\", \"version\": \"7.6.0\"}, {\"gridData\": {\"w\": 24, \"x\": 24, \"y\": 26, \"i\": \"347b6893-0ab0-47fc-9e80-efc9bf47f13e\", \"h\": 15}, \"panelIndex\": \"347b6893-0ab0-47fc-9e80-efc9bf47f13e\", \"title\": \"CPU Usage\", \"embeddableConfig\": {\"title\": \"CPU Usage\"}, \"panelRefName\": \"panel_9\", \"version\": \"7.6.0\"}]",
                "timeRestore": false,
                "title": "[Metricbeat IIS] Application Pool Overview",
                "version": 1
            },
            "id": "b4108810-861c-11ea-91bc-ab084c7ec0e7",
            "migrationVersion": {
                "dashboard": "7.3.0"
            },
            "references": [
                {
                    "id": "dc97bec0-861c-11ea-91bc-ab084c7ec0e7",
                    "name": "panel_0",
                    "type": "visualization"
                },
                {
                    "id": "41324ad0-861d-11ea-91bc-ab084c7ec0e7",
                    "name": "panel_1",
                    "type": "visualization"
                },
                {
                    "id": "98b90fa0-861d-11ea-91bc-ab084c7ec0e7",
                    "name": "panel_2",
                    "type": "visualization"
                },
                {
                    "id": "dd419de0-861d-11ea-91bc-ab084c7ec0e7",
                    "name": "panel_3",
                    "type": "visualization"
                },
                {
                    "id": "442a86c0-861e-11ea-91bc-ab084c7ec0e7",
                    "name": "panel_4",
                    "type": "visualization"
                },
                {
                    "id": "29a23aa0-861e-11ea-91bc-ab084c7ec0e7",
                    "name": "panel_5",
                    "type": "visualization"
                },
                {
                    "id": "34bfec50-8620-11ea-91bc-ab084c7ec0e7",
                    "name": "panel_6",
                    "type": "visualization"
                },
                {
                    "id": "14300bf0-8620-11ea-91bc-ab084c7ec0e7",
                    "name": "panel_7",
                    "type": "visualization"
                },
                {
                    "id": "f7194cc0-861f-11ea-91bc-ab084c7ec0e7",
                    "name": "panel_8",
                    "type": "visualization"
                },
                {
                    "id": "90fe3b30-861f-11ea-91bc-ab084c7ec0e7",
                    "name": "panel_9",
                    "type": "visualization"
                }
            ],
            "type": "dashboard",
            "updated_at": "2020-04-24T12:19:57.800Z",
            "version": "Wzk3MzMsMTNd"
        },
        {
            "attributes": {
                "description": "",
                "kibanaSavedObjectMeta": {
                    "searchSourceJSON": "{\"query\": {\"language\": \"kuery\", \"query\": \"\"}, \"filter\": []}"
                },
                "title": "Navigation Application Pool Overview [Metricbeat IIS]",
                "uiStateJSON": "{}",
                "version": 1,
                "visState": "{\"aggs\": [], \"type\": \"markdown\", \"title\": \"Navigation Application Pool Overview [Metricbeat IIS]\", \"params\": {\"markdown\": \"### IIS\\n\\n[Webserver](#/dashboard/ebc23240-8572-11ea-91bc-ab084c7ec0e7)| [Webserver processes](#/dashboard/2c171500-858b-11ea-91bc-ab084c7ec0e7) | [Websites](#/dashboard/4b975820-85a1-11ea-91bc-ab084c7ec0e7) | [**Application Pools**](#/dashboard/b4108810-861c-11ea-91bc-ab084c7ec0e7) \", \"openLinksInNewTab\": false, \"fontSize\": 10}}"
            },
            "id": "dc97bec0-861c-11ea-91bc-ab084c7ec0e7",
            "migrationVersion": {
                "visualization": "7.4.2"
            },
            "references": [],
            "type": "visualization",
            "updated_at": "2020-04-24T11:54:38.997Z",
            "version": "WzkzMTksMTNd"
        },
        {
            "attributes": {
                "description": "",
                "kibanaSavedObjectMeta": {
                    "searchSourceJSON": "{\"query\": {\"language\": \"kuery\", \"query\": \"\"}, \"filter\": []}"
                },
                "title": "Application Pool Thread Count [Metricbeat IIS]",
                "uiStateJSON": "{}",
                "version": 1,
                "visState": "{\"aggs\": [], \"type\": \"metrics\", \"title\": \"Application Pool Thread Count [Metricbeat IIS]\", \"params\": {\"pivot_id\": \"cloud.instance.name\", \"axis_formatter\": \"number\", \"background_color\": null, \"isModelInvalid\": false, \"show_legend\": 1, \"index_pattern\": \"metricbeat-*\", \"gauge_color_rules\": [{\"id\": \"9c09ed50-32e4-11ea-af9e-d70582a45bda\"}], \"time_range_mode\": \"entire_time_range\", \"gauge_inner_color\": null, \"axis_min\": 0, \"axis_position\": \"left\", \"default_timefield\": \"@timestamp\", \"gauge_style\": \"circle\", \"pivot_type\": \"string\", \"time_field\": \"@timestamp\", \"default_index_pattern\": \"metricbeat-*\", \"bar_color_rules\": [{\"id\": \"f11cfd90-32e5-11ea-af9e-d70582a45bda\"}], \"filter\": {\"language\": \"kuery\", \"query\": \"\"}, \"pivot_rows\": \"30\", \"id\": \"61fb4190-32e4-11ea-b9f8-4d0b340ad993\", \"background_color_rules\": [{\"id\": \"71978870-32e4-11ea-af9e-d70582a45bda\"}], \"gauge_inner_width\": \"6\", \"type\": \"top_n\", \"interval\": \"60m\", \"axis_scale\": \"normal\", \"show_grid\": 1, \"gauge_width\": \"10\", \"drilldown_url\": \"\", \"pivot_label\": \"Resource Name\", \"series\": [{\"terms_field\": \"iis.application_pool.name\", \"split_color_mode\": \"gradient\", \"color\": \"rgba(22,165,165,1)\", \"filter\": {\"language\": \"kuery\", \"query\": \"\"}, \"line_width\": 2, \"axis_position\": \"right\", \"id\": \"61fb4191-32e4-11ea-b9f8-4d0b340ad993\", \"terms_order_by\": \"_count\", \"stacked\": \"none\", \"type\": \"timeseries\", \"split_mode\": \"terms\", \"metrics\": [{\"size\": 1, \"field\": \"iis.application_pool.process.thread_count\", \"order\": \"desc\", \"type\": \"top_hit\", \"agg_with\": \"avg\", \"id\": \"61fb4192-32e4-11ea-b9f8-4d0b340ad993\", \"order_by\": \"@timestamp\"}], \"separate_axis\": 0, \"point_size\": 0, \"value_template\": \"{{value}} \", \"chart_type\": \"line\", \"fill\": \"1.2\", \"formatter\": \"number\", \"label\": \"Thread Count\"}]}}"
            },
            "id": "41324ad0-861d-11ea-91bc-ab084c7ec0e7",
            "migrationVersion": {
                "visualization": "7.4.2"
            },
            "references": [],
            "type": "visualization",
            "updated_at": "2020-04-24T11:17:59.421Z",
            "version": "WzkwMDMsMTNd"
        },
        {
            "attributes": {
                "description": "",
                "kibanaSavedObjectMeta": {
                    "searchSourceJSON": "{\"query\": {\"language\": \"kuery\", \"query\": \"\"}, \"filter\": []}"
                },
                "title": "Application Pool Handle Count [Metricbeat IIS]",
                "uiStateJSON": "{}",
                "version": 1,
                "visState": "{\"aggs\": [], \"type\": \"metrics\", \"title\": \"Application Pool Handle Count [Metricbeat IIS]\", \"params\": {\"pivot_id\": \"cloud.instance.name\", \"axis_formatter\": \"number\", \"background_color\": null, \"isModelInvalid\": false, \"show_legend\": 1, \"index_pattern\": \"metricbeat-*\", \"gauge_color_rules\": [{\"id\": \"9c09ed50-32e4-11ea-af9e-d70582a45bda\"}], \"time_range_mode\": \"entire_time_range\", \"gauge_inner_color\": null, \"axis_min\": 0, \"axis_position\": \"left\", \"default_timefield\": \"@timestamp\", \"gauge_style\": \"circle\", \"pivot_type\": \"string\", \"time_field\": \"@timestamp\", \"default_index_pattern\": \"metricbeat-*\", \"bar_color_rules\": [{\"id\": \"f11cfd90-32e5-11ea-af9e-d70582a45bda\"}], \"filter\": {\"language\": \"kuery\", \"query\": \"\"}, \"pivot_rows\": \"30\", \"id\": \"61fb4190-32e4-11ea-b9f8-4d0b340ad993\", \"background_color_rules\": [{\"id\": \"71978870-32e4-11ea-af9e-d70582a45bda\"}], \"gauge_inner_width\": \"6\", \"type\": \"top_n\", \"interval\": \"60m\", \"axis_scale\": \"normal\", \"show_grid\": 1, \"gauge_width\": \"10\", \"drilldown_url\": \"\", \"pivot_label\": \"Resource Name\", \"series\": [{\"terms_field\": \"iis.application_pool.name\", \"split_color_mode\": \"gradient\", \"color\": \"rgba(101,50,148,1)\", \"filter\": {\"language\": \"kuery\", \"query\": \"\"}, \"line_width\": 2, \"axis_position\": \"right\", \"id\": \"61fb4191-32e4-11ea-b9f8-4d0b340ad993\", \"terms_order_by\": \"61fb4192-32e4-11ea-b9f8-4d0b340ad993\", \"stacked\": \"none\", \"type\": \"timeseries\", \"split_mode\": \"terms\", \"metrics\": [{\"size\": 1, \"field\": \"iis.application_pool.process.handle_count\", \"order\": \"desc\", \"type\": \"top_hit\", \"agg_with\": \"avg\", \"id\": \"61fb4192-32e4-11ea-b9f8-4d0b340ad993\", \"order_by\": \"@timestamp\"}], \"separate_axis\": 0, \"point_size\": 0, \"value_template\": \"{{value}} \", \"chart_type\": \"line\", \"fill\": \"1.2\", \"formatter\": \"number\", \"label\": \"Handle Count\"}]}}"
            },
            "id": "98b90fa0-861d-11ea-91bc-ab084c7ec0e7",
            "migrationVersion": {
                "visualization": "7.4.2"
            },
            "references": [],
            "type": "visualization",
            "updated_at": "2020-04-24T11:20:26.266Z",
            "version": "WzkwMTgsMTNd"
        },
        {
            "attributes": {
                "description": "",
                "kibanaSavedObjectMeta": {
                    "searchSourceJSON": "{\"query\": {\"language\": \"kuery\", \"query\": \"\"}, \"filter\": []}"
                },
                "title": "Application Pool Filters [Metricbeat IIS]",
                "uiStateJSON": "{}",
                "version": 1,
                "visState": "{\"aggs\": [], \"type\": \"input_control_vis\", \"title\": \"Application Pool Filters [Metricbeat IIS]\", \"params\": {\"controls\": [{\"indexPatternRefName\": \"control_0_index_pattern\", \"type\": \"list\", \"parent\": \"\", \"options\": {\"dynamicOptions\": true, \"size\": 5, \"multiselect\": true, \"order\": \"desc\", \"type\": \"terms\"}, \"id\": \"1549397251041\", \"fieldName\": \"iis.application_pool.name\", \"label\": \"Application Pools\"}], \"updateFiltersOnChange\": true, \"pinFilters\": false, \"useTimeFilter\": false}}"
            },
            "id": "dd419de0-861d-11ea-91bc-ab084c7ec0e7",
            "migrationVersion": {
                "visualization": "7.4.2"
            },
            "references": [
                {
                    "id": "metricbeat-*",
                    "name": "control_0_index_pattern",
                    "type": "index-pattern"
                }
            ],
            "type": "visualization",
            "updated_at": "2020-04-24T11:22:21.246Z",
            "version": "WzkwMjksMTNd"
        },
        {
            "attributes": {
                "description": "",
                "kibanaSavedObjectMeta": {
                    "searchSourceJSON": "{\"query\": {\"language\": \"kuery\", \"query\": \"\"}, \"filter\": []}"
                },
                "title": "Application Pool IO Write Operations [Metricbeat IIS]",
                "uiStateJSON": "{}",
                "version": 1,
                "visState": "{\"aggs\": [], \"type\": \"metrics\", \"title\": \"Application Pool IO Write Operations [Metricbeat IIS]\", \"params\": {\"default_index_pattern\": \"metricbeat-*\", \"axis_formatter\": \"number\", \"show_legend\": 1, \"filter\": {\"language\": \"kuery\", \"query\": \"\"}, \"isModelInvalid\": false, \"id\": \"c9fd65d0-32e8-11ea-84f4-e9593f8ba8f6\", \"index_pattern\": \"metricbeat-*\", \"time_field\": \"@timestamp\", \"axis_min\": 0, \"axis_scale\": \"normal\", \"axis_position\": \"left\", \"default_timefield\": \"@timestamp\", \"type\": \"timeseries\", \"series\": [{\"terms_field\": \"iis.application_pool.name\", \"split_color_mode\": \"rainbow\", \"color\": \"rgba(104,188,0,1)\", \"line_width\": \"2\", \"axis_position\": \"right\", \"id\": \"c9fd8ce0-32e8-11ea-84f4-e9593f8ba8f6\", \"stacked\": \"none\", \"type\": \"timeseries\", \"split_mode\": \"terms\", \"metrics\": [{\"type\": \"avg\", \"field\": \"iis.application_pool.process.io_write_operations_per_sec\", \"id\": \"c9fd8ce1-32e8-11ea-84f4-e9593f8ba8f6\"}], \"separate_axis\": 0, \"point_size\": 0, \"value_template\": \"{{value}}/s\", \"chart_type\": \"line\", \"fill\": \"0\", \"formatter\": \"number\", \"label\": \"IO Write Operations/s\"}], \"interval\": \"\", \"show_grid\": 1}}"
            },
            "id": "442a86c0-861e-11ea-91bc-ab084c7ec0e7",
            "migrationVersion": {
                "visualization": "7.4.2"
            },
            "references": [],
            "type": "visualization",
            "updated_at": "2020-04-24T11:25:13.899Z",
            "version": "WzkwNDIsMTNd"
        },
        {
            "attributes": {
                "description": "",
                "kibanaSavedObjectMeta": {
                    "searchSourceJSON": "{\"query\": {\"language\": \"kuery\", \"query\": \"\"}, \"filter\": []}"
                },
                "title": "Application Pool IO Read Operations [Metricbeat IIS]",
                "uiStateJSON": "{}",
                "version": 1,
                "visState": "{\"aggs\": [], \"type\": \"metrics\", \"title\": \"Application Pool IO Read Operations [Metricbeat IIS]\", \"params\": {\"default_index_pattern\": \"metricbeat-*\", \"axis_formatter\": \"number\", \"show_legend\": 1, \"filter\": {\"language\": \"kuery\", \"query\": \"\"}, \"isModelInvalid\": false, \"id\": \"c9fd65d0-32e8-11ea-84f4-e9593f8ba8f6\", \"index_pattern\": \"metricbeat-*\", \"time_field\": \"@timestamp\", \"axis_min\": 0, \"axis_scale\": \"normal\", \"axis_position\": \"left\", \"default_timefield\": \"@timestamp\", \"type\": \"timeseries\", \"series\": [{\"terms_field\": \"iis.application_pool.name\", \"split_color_mode\": \"rainbow\", \"color\": \"rgba(252,196,0,1)\", \"line_width\": \"2\", \"axis_position\": \"right\", \"id\": \"c9fd8ce0-32e8-11ea-84f4-e9593f8ba8f6\", \"stacked\": \"none\", \"type\": \"timeseries\", \"split_mode\": \"terms\", \"metrics\": [{\"type\": \"avg\", \"field\": \"iis.application_pool.process.io_read_operations_per_sec\", \"id\": \"c9fd8ce1-32e8-11ea-84f4-e9593f8ba8f6\"}], \"separate_axis\": 0, \"point_size\": 0, \"value_template\": \"{{value}}/s\", \"chart_type\": \"line\", \"fill\": \"0\", \"formatter\": \"number\", \"label\": \"IO Read Operations/s\"}], \"interval\": \"\", \"show_grid\": 1}}"
            },
            "id": "29a23aa0-861e-11ea-91bc-ab084c7ec0e7",
            "migrationVersion": {
                "visualization": "7.4.2"
            },
            "references": [],
            "type": "visualization",
            "updated_at": "2020-04-24T11:26:30.995Z",
            "version": "WzkwNjcsMTNd"
        },
        {
            "attributes": {
                "description": "",
                "kibanaSavedObjectMeta": {
                    "searchSourceJSON": "{\"query\": {\"language\": \"kuery\", \"query\": \"\"}, \"filter\": []}"
                },
                "title": "Application Pool Working Set [Metricbeat IIS]",
                "uiStateJSON": "{}",
                "version": 1,
                "visState": "{\"aggs\": [], \"type\": \"metrics\", \"title\": \"Application Pool Working Set [Metricbeat IIS]\", \"params\": {\"default_index_pattern\": \"metricbeat-*\", \"axis_formatter\": \"number\", \"show_legend\": 1, \"filter\": {\"language\": \"kuery\", \"query\": \"\"}, \"isModelInvalid\": false, \"id\": \"c9fd65d0-32e8-11ea-84f4-e9593f8ba8f6\", \"index_pattern\": \"metricbeat-*\", \"time_field\": \"@timestamp\", \"axis_min\": 0, \"axis_scale\": \"normal\", \"axis_position\": \"left\", \"default_timefield\": \"@timestamp\", \"type\": \"timeseries\", \"series\": [{\"terms_field\": \"iis.application_pool.name\", \"split_color_mode\": \"rainbow\", \"color\": \"rgba(115,216,255,1)\", \"line_width\": \"2\", \"axis_position\": \"right\", \"id\": \"c9fd8ce0-32e8-11ea-84f4-e9593f8ba8f6\", \"stacked\": \"none\", \"type\": \"timeseries\", \"split_mode\": \"terms\", \"metrics\": [{\"type\": \"avg\", \"field\": \"iis.application_pool.process.working_set\", \"id\": \"c9fd8ce1-32e8-11ea-84f4-e9593f8ba8f6\"}], \"separate_axis\": 0, \"point_size\": 0, \"value_template\": \"{{value}}\", \"chart_type\": \"line\", \"fill\": \"0\", \"formatter\": \"bytes\", \"label\": \"Working Set\"}], \"interval\": \"\", \"show_grid\": 1}}"
            },
            "id": "34bfec50-8620-11ea-91bc-ab084c7ec0e7",
            "migrationVersion": {
                "visualization": "7.4.2"
            },
            "references": [],
            "type": "visualization",
            "updated_at": "2020-04-24T11:39:22.702Z",
            "version": "WzkxMTEsMTNd"
        },
        {
            "attributes": {
                "description": "",
                "kibanaSavedObjectMeta": {
                    "searchSourceJSON": "{\"query\": {\"language\": \"kuery\", \"query\": \"\"}, \"filter\": []}"
                },
                "title": "Application Pool Virtual Bytes [Metricbeat IIS]",
                "uiStateJSON": "{}",
                "version": 1,
                "visState": "{\"aggs\": [], \"type\": \"metrics\", \"title\": \"Application Pool Virtual Bytes [Metricbeat IIS]\", \"params\": {\"default_index_pattern\": \"metricbeat-*\", \"axis_formatter\": \"number\", \"show_legend\": 1, \"filter\": {\"language\": \"kuery\", \"query\": \"\"}, \"isModelInvalid\": false, \"id\": \"c9fd65d0-32e8-11ea-84f4-e9593f8ba8f6\", \"index_pattern\": \"metricbeat-*\", \"time_field\": \"@timestamp\", \"axis_min\": 0, \"axis_scale\": \"normal\", \"axis_position\": \"left\", \"default_timefield\": \"@timestamp\", \"type\": \"timeseries\", \"series\": [{\"terms_field\": \"iis.application_pool.name\", \"split_color_mode\": \"rainbow\", \"color\": \"rgba(0,98,177,1)\", \"line_width\": \"2\", \"axis_position\": \"right\", \"id\": \"c9fd8ce0-32e8-11ea-84f4-e9593f8ba8f6\", \"stacked\": \"none\", \"type\": \"timeseries\", \"split_mode\": \"terms\", \"metrics\": [{\"type\": \"avg\", \"field\": \"iis.application_pool.process.virtual_bytes\", \"id\": \"c9fd8ce1-32e8-11ea-84f4-e9593f8ba8f6\"}], \"separate_axis\": 0, \"point_size\": 0, \"value_template\": \"{{value}}\", \"chart_type\": \"line\", \"fill\": \"0\", \"formatter\": \"bytes\", \"label\": \"Virtual Bytes\"}], \"interval\": \"\", \"show_grid\": 1}}"
            },
            "id": "14300bf0-8620-11ea-91bc-ab084c7ec0e7",
            "migrationVersion": {
                "visualization": "7.4.2"
            },
            "references": [],
            "type": "visualization",
            "updated_at": "2020-04-24T11:38:12.399Z",
            "version": "WzkxMDEsMTNd"
        },
        {
            "attributes": {
                "description": "",
                "kibanaSavedObjectMeta": {
                    "searchSourceJSON": "{\"query\": {\"language\": \"kuery\", \"query\": \"\"}, \"filter\": []}"
                },
                "title": "Application Pool Private Bytes [Metricbeat IIS]",
                "uiStateJSON": "{}",
                "version": 1,
                "visState": "{\"aggs\": [], \"type\": \"metrics\", \"title\": \"Application Pool Private Bytes [Metricbeat IIS]\", \"params\": {\"default_index_pattern\": \"metricbeat-*\", \"axis_formatter\": \"number\", \"show_legend\": 1, \"filter\": {\"language\": \"kuery\", \"query\": \"\"}, \"isModelInvalid\": false, \"id\": \"c9fd65d0-32e8-11ea-84f4-e9593f8ba8f6\", \"index_pattern\": \"metricbeat-*\", \"time_field\": \"@timestamp\", \"axis_min\": 0, \"axis_scale\": \"normal\", \"axis_position\": \"left\", \"default_timefield\": \"@timestamp\", \"type\": \"timeseries\", \"series\": [{\"terms_field\": \"iis.application_pool.name\", \"split_color_mode\": \"rainbow\", \"color\": \"#3185FC\", \"line_width\": \"2\", \"axis_position\": \"right\", \"id\": \"c9fd8ce0-32e8-11ea-84f4-e9593f8ba8f6\", \"stacked\": \"none\", \"type\": \"timeseries\", \"split_mode\": \"terms\", \"metrics\": [{\"type\": \"avg\", \"field\": \"iis.application_pool.process.private_bytes\", \"id\": \"c9fd8ce1-32e8-11ea-84f4-e9593f8ba8f6\"}], \"separate_axis\": 0, \"point_size\": 0, \"value_template\": \"{{value}}\", \"chart_type\": \"line\", \"fill\": \"0\", \"formatter\": \"bytes\", \"label\": \"Private Bytes\"}], \"interval\": \"\", \"show_grid\": 1}}"
            },
            "id": "f7194cc0-861f-11ea-91bc-ab084c7ec0e7",
            "migrationVersion": {
                "visualization": "7.4.2"
            },
            "references": [],
            "type": "visualization",
            "updated_at": "2020-04-24T12:19:46.947Z",
            "version": "Wzk3MjQsMTNd"
        },
        {
            "attributes": {
                "description": "",
                "kibanaSavedObjectMeta": {
                    "searchSourceJSON": "{\"query\": {\"language\": \"kuery\", \"query\": \"\"}, \"filter\": []}"
                },
                "title": "Application Pool CPU Usage [Metricbeat IIS]",
                "uiStateJSON": "{}",
                "version": 1,
                "visState": "{\"aggs\": [], \"type\": \"metrics\", \"title\": \"Application Pool CPU Usage [Metricbeat IIS]\", \"params\": {\"default_index_pattern\": \"metricbeat-*\", \"axis_formatter\": \"number\", \"show_legend\": 1, \"filter\": {\"language\": \"kuery\", \"query\": \"\"}, \"isModelInvalid\": false, \"id\": \"c9fd65d0-32e8-11ea-84f4-e9593f8ba8f6\", \"index_pattern\": \"metricbeat-*\", \"time_field\": \"@timestamp\", \"axis_min\": 0, \"axis_scale\": \"normal\", \"axis_position\": \"left\", \"default_timefield\": \"@timestamp\", \"type\": \"timeseries\", \"series\": [{\"terms_field\": \"iis.application_pool.name\", \"split_color_mode\": \"rainbow\", \"color\": \"#3185FC\", \"line_width\": \"2\", \"axis_position\": \"right\", \"id\": \"c9fd8ce0-32e8-11ea-84f4-e9593f8ba8f6\", \"stacked\": \"none\", \"type\": \"timeseries\", \"split_mode\": \"terms\", \"metrics\": [{\"type\": \"avg\", \"field\": \"iis.application_pool.process.cpu_usage_perc\", \"id\": \"c9fd8ce1-32e8-11ea-84f4-e9593f8ba8f6\"}], \"separate_axis\": 0, \"point_size\": 0, \"value_template\": \"{{value}}\", \"chart_type\": \"line\", \"fill\": \"0\", \"formatter\": \"percent\", \"label\": \"CPU Usage\"}], \"interval\": \"\", \"show_grid\": 1}}"
            },
            "id": "90fe3b30-861f-11ea-91bc-ab084c7ec0e7",
            "migrationVersion": {
                "visualization": "7.4.2"
            },
            "references": [],
            "type": "visualization",
            "updated_at": "2020-04-24T11:34:32.291Z",
            "version": "WzkwODEsMTNd"
        }
    ],
    "version": "7.6.0"
}