{
    "objects": [
        {
            "attributes": {
                "description": "",
                "kibanaSavedObjectMeta": {
                    "searchSourceJSON": "{\"query\": {\"language\": \"kuery\", \"query\": \"\"}, \"filter\": []}"
                },
                "title": "Approximate data size [Metricbeat Zookeeper] ECS",
                "uiStateJSON": "{}",
                "version": 1,
                "visState": "{\"aggs\": [], \"type\": \"metrics\", \"title\": \"Approximate data size [Metricbeat Zookeeper] ECS\", \"params\": {\"axis_formatter\": \"number\", \"id\": \"61ca57f0-469d-11e7-af02-69e470af7417\", \"show_legend\": 1, \"index_pattern\": \"metricbeat-*\", \"time_field\": \"@timestamp\", \"axis_min\": \"0\", \"axis_scale\": \"normal\", \"axis_position\": \"left\", \"type\": \"timeseries\", \"series\": [{\"color\": \"#68BC00\", \"line_width\": 1, \"axis_position\": \"right\", \"id\": \"61ca57f1-469d-11e7-af02-69e470af7417\", \"stacked\": \"none\", \"split_mode\": \"everything\", \"metrics\": [{\"type\": \"avg\", \"field\": \"zookeeper.mntr.approximate_data_size\", \"id\": \"61ca57f2-469d-11e7-af02-69e470af7417\"}], \"separate_axis\": 0, \"point_size\": 1, \"chart_type\": \"line\", \"fill\": 0.5, \"formatter\": \"bytes\", \"label\": \"Approximate data size\"}], \"interval\": \"auto\", \"show_grid\": 1}}"
            },
            "id": "8d3b7770-2319-11e9-bb66-8baac426dfd4-ecs",
            "type": "visualization",
            "updated_at": "2019-01-30T13:29:19.163Z",
            "version": 2
        },
        {
            "attributes": {
                "description": "",
                "kibanaSavedObjectMeta": {
                    "searchSourceJSON": "{\"query\": {\"language\": \"kuery\", \"query\": \"\"}, \"filter\": []}"
                },
                "title": "Latency [Metricbeat Zookeeper] ECS",
                "uiStateJSON": "{}",
                "version": 1,
                "visState": "{\"aggs\": [], \"type\": \"metrics\", \"title\": \"Latency [Metricbeat Zookeeper] ECS\", \"params\": {\"axis_formatter\": \"number\", \"id\": \"61ca57f0-469d-11e7-af02-69e470af7417\", \"show_legend\": 1, \"index_pattern\": \"metricbeat-*\", \"time_field\": \"@timestamp\", \"axis_min\": \"0\", \"axis_scale\": \"normal\", \"axis_position\": \"left\", \"type\": \"timeseries\", \"series\": [{\"color\": \"#68BC00\", \"line_width\": 1, \"axis_position\": \"right\", \"id\": \"61ca57f1-469d-11e7-af02-69e470af7417\", \"stacked\": \"none\", \"split_mode\": \"everything\", \"metrics\": [{\"type\": \"avg\", \"field\": \"zookeeper.mntr.latency.avg\", \"id\": \"61ca57f2-469d-11e7-af02-69e470af7417\"}], \"separate_axis\": 0, \"point_size\": 1, \"chart_type\": \"line\", \"fill\": 0.5, \"formatter\": \"ms,ms,2\", \"label\": \"Latency\"}], \"interval\": \"auto\", \"show_grid\": 1}}"
            },
            "id": "c0be43c0-2319-11e9-bb66-8baac426dfd4-ecs",
            "type": "visualization",
            "updated_at": "2019-01-30T13:29:05.974Z",
            "version": 2
        },
        {
            "attributes": {
                "description": "",
                "kibanaSavedObjectMeta": {
                    "searchSourceJSON": "{\"query\": {\"language\": \"kuery\", \"query\": \"\"}, \"filter\": []}"
                },
                "title": "Alive Connections [Metricbeat Zookeeper] ECS",
                "uiStateJSON": "{}",
                "version": 1,
                "visState": "{\"aggs\": [], \"type\": \"metrics\", \"title\": \"Alive Connections [Metricbeat Zookeeper] ECS\", \"params\": {\"axis_formatter\": \"number\", \"id\": \"61ca57f0-469d-11e7-af02-69e470af7417\", \"show_legend\": 1, \"index_pattern\": \"metricbeat-*\", \"time_field\": \"@timestamp\", \"axis_min\": \"0\", \"axis_scale\": \"normal\", \"axis_position\": \"left\", \"type\": \"timeseries\", \"series\": [{\"color\": \"#68BC00\", \"line_width\": 1, \"axis_position\": \"right\", \"id\": \"61ca57f1-469d-11e7-af02-69e470af7417\", \"stacked\": \"none\", \"split_mode\": \"everything\", \"metrics\": [{\"type\": \"avg\", \"field\": \"zookeeper.mntr.num_alive_connections\", \"id\": \"61ca57f2-469d-11e7-af02-69e470af7417\"}], \"separate_axis\": 0, \"point_size\": 1, \"chart_type\": \"line\", \"fill\": 0.5, \"formatter\": \"0,0.[00]\", \"label\": \"Alive connections\"}], \"interval\": \"auto\", \"show_grid\": 1}}"
            },
            "id": "1c2f8930-231a-11e9-bb66-8baac426dfd4-ecs",
            "type": "visualization",
            "updated_at": "2019-01-30T13:28:52.034Z",
            "version": 3
        },
        {
            "attributes": {
                "description": "",
                "kibanaSavedObjectMeta": {
                    "searchSourceJSON": "{\"query\": {\"language\": \"kuery\", \"query\": \"\"}, \"filter\": []}"
                },
                "title": "Used file descriptors [Metricbeat Zookeeper] ECS",
                "uiStateJSON": "{}",
                "version": 1,
                "visState": "{\"aggs\": [], \"type\": \"metrics\", \"title\": \"Used file descriptors [Metricbeat Zookeeper] ECS\", \"params\": {\"time_field\": \"@timestamp\", \"type\": \"timeseries\", \"axis_formatter\": \"number\", \"interval\": \"auto\", \"axis_scale\": \"normal\", \"axis_position\": \"left\", \"show_legend\": 1, \"series\": [{\"color\": \"#68BC00\", \"line_width\": 1, \"axis_position\": \"left\", \"id\": \"61ca57f1-469d-11e7-af02-69e470af7417\", \"stacked\": \"none\", \"axis_min\": \"0\", \"split_mode\": \"everything\", \"metrics\": [{\"type\": \"avg\", \"field\": \"zookeeper.mntr.open_file_descriptor_count\", \"id\": \"b92e4550-231a-11e9-9e57-679640dc0c7c\", \"metric_agg\": \"avg\"}, {\"type\": \"avg\", \"field\": \"zookeeper.mntr.max_file_descriptor_count\", \"id\": \"918d0c60-231b-11e9-9e57-679640dc0c7c\"}, {\"script\": \"params.a/params.b\", \"type\": \"math\", \"id\": \"7e4d11e0-231b-11e9-9e57-679640dc0c7c\", \"variables\": [{\"field\": \"b92e4550-231a-11e9-9e57-679640dc0c7c\", \"id\": \"81c03fa0-231b-11e9-9e57-679640dc0c7c\", \"name\": \"a\"}, {\"field\": \"918d0c60-231b-11e9-9e57-679640dc0c7c\", \"id\": \"8a3af6c0-231b-11e9-9e57-679640dc0c7c\", \"name\": \"b\"}]}], \"separate_axis\": 1, \"point_size\": 1, \"value_template\": \"{{value}}\", \"chart_type\": \"line\", \"fill\": \"0.1\", \"formatter\": \"percent\", \"label\": \"Used file descriptors\"}, {\"color\": \"rgba(0,98,177,1)\", \"line_width\": \"1\", \"axis_position\": \"right\", \"id\": \"dffaffe0-23cc-11e9-b1ff-37c851471450\", \"stacked\": \"none\", \"axis_min\": \"0\", \"split_mode\": \"everything\", \"metrics\": [{\"type\": \"avg\", \"field\": \"zookeeper.mntr.open_file_descriptor_count\", \"id\": \"dffaffe1-23cc-11e9-b1ff-37c851471450\"}], \"separate_axis\": 1, \"point_size\": 1, \"chart_type\": \"line\", \"fill\": \"0\", \"formatter\": \"0,0.[00]\", \"label\": \"Open file descriptors\"}], \"id\": \"61ca57f0-469d-11e7-af02-69e470af7417\", \"index_pattern\": \"metricbeat-*\", \"show_grid\": 1}}"
            },
            "id": "ddb13c60-231b-11e9-bb66-8baac426dfd4-ecs",
            "type": "visualization",
            "updated_at": "2019-01-30T13:28:22.583Z",
            "version": 5
        },
        {
            "attributes": {
                "description": "",
                "kibanaSavedObjectMeta": {
                    "searchSourceJSON": "{\"query\": {\"language\": \"kuery\", \"query\": \"\"}, \"filter\": []}"
                },
                "title": "Packets received / sent [Metricbeat Zookeeper] ECS",
                "uiStateJSON": "{}",
                "version": 1,
                "visState": "{\"aggs\": [], \"type\": \"metrics\", \"title\": \"Packets received / sent [Metricbeat Zookeeper] ECS\", \"params\": {\"axis_formatter\": \"number\", \"id\": \"61ca57f0-469d-11e7-af02-69e470af7417\", \"show_legend\": 1, \"index_pattern\": \"metricbeat-*\", \"time_field\": \"@timestamp\", \"axis_min\": \"0\", \"axis_scale\": \"normal\", \"axis_position\": \"left\", \"type\": \"timeseries\", \"series\": [{\"split_filters\": [{\"id\": \"5811d190-231c-11e9-9707-f128cdaa3bf2\", \"color\": \"#68BC00\"}], \"color\": \"#68BC00\", \"line_width\": \"2\", \"axis_position\": \"right\", \"id\": \"61ca57f1-469d-11e7-af02-69e470af7417\", \"stacked\": \"none\", \"split_mode\": \"terms\", \"metrics\": [{\"type\": \"avg\", \"field\": \"zookeeper.mntr.packets.received\", \"id\": \"61ca57f2-469d-11e7-af02-69e470af7417\"}, {\"unit\": \"\", \"type\": \"derivative\", \"field\": \"61ca57f2-469d-11e7-af02-69e470af7417\", \"id\": \"34949540-231c-11e9-9707-f128cdaa3bf2\"}], \"separate_axis\": 0, \"point_size\": \"0\", \"chart_type\": \"line\", \"fill\": \"0\", \"formatter\": \"0,0.[00]\", \"label\": \"Packets received\"}, {\"color\": \"rgba(115,216,255,1)\", \"line_width\": \"2\", \"axis_position\": \"right\", \"id\": \"753b2e60-231c-11e9-9707-f128cdaa3bf2\", \"stacked\": \"none\", \"split_mode\": \"everything\", \"metrics\": [{\"type\": \"avg\", \"field\": \"zookeeper.mntr.packets.sent\", \"id\": \"753b2e61-231c-11e9-9707-f128cdaa3bf2\"}, {\"unit\": \"\", \"type\": \"derivative\", \"field\": \"753b2e61-231c-11e9-9707-f128cdaa3bf2\", \"id\": \"7ed33c60-231c-11e9-9707-f128cdaa3bf2\"}], \"separate_axis\": 0, \"point_size\": \"0\", \"chart_type\": \"line\", \"fill\": \"0\", \"formatter\": \"0,0.[00]\", \"label\": \"Packets sent\"}], \"interval\": \"auto\", \"show_grid\": 1}}"
            },
            "id": "d2f52b50-231c-11e9-bb66-8baac426dfd4-ecs",
            "type": "visualization",
            "updated_at": "2019-01-30T13:26:42.583Z",
            "version": 3
        },
        {
            "attributes": {
                "description": "Overview of Zookeeper",
                "hits": 0,
                "kibanaSavedObjectMeta": {
                    "searchSourceJSON": "{\"query\": {\"language\": \"kuery\", \"query\": \"\"}, \"filter\": []}"
                },
                "optionsJSON": "{\"useMargins\": true, \"darkTheme\": false, \"hidePanelTitles\": false}",
                "panelsJSON": "[{\"gridData\": {\"w\": 15, \"x\": 0, \"y\": 15, \"i\": \"1\", \"h\": 15}, \"panelIndex\": \"1\", \"type\": \"visualization\", \"title\": \"Approximate data size\", \"embeddableConfig\": {}, \"version\": \"7.0.0-alpha2\", \"id\": \"8d3b7770-2319-11e9-bb66-8baac426dfd4-ecs\"}, {\"gridData\": {\"w\": 17, \"x\": 15, \"y\": 15, \"i\": \"2\", \"h\": 15}, \"panelIndex\": \"2\", \"type\": \"visualization\", \"title\": \"Latency\", \"embeddableConfig\": {}, \"version\": \"7.0.0-alpha2\", \"id\": \"c0be43c0-2319-11e9-bb66-8baac426dfd4-ecs\"}, {\"gridData\": {\"w\": 16, \"x\": 32, \"y\": 15, \"i\": \"3\", \"h\": 15}, \"panelIndex\": \"3\", \"type\": \"visualization\", \"title\": \"Alive Connections\", \"embeddableConfig\": {}, \"version\": \"7.0.0-alpha2\", \"id\": \"1c2f8930-231a-11e9-bb66-8baac426dfd4-ecs\"}, {\"gridData\": {\"w\": 25, \"x\": 23, \"y\": 0, \"i\": \"4\", \"h\": 15}, \"panelIndex\": \"4\", \"type\": \"visualization\", \"title\": \"Used file descriptors\", \"embeddableConfig\": {}, \"version\": \"7.0.0-alpha2\", \"id\": \"ddb13c60-231b-11e9-bb66-8baac426dfd4-ecs\"}, {\"gridData\": {\"w\": 23, \"x\": 0, \"y\": 0, \"i\": \"5\", \"h\": 15}, \"panelIndex\": \"5\", \"type\": \"visualization\", \"title\": \"Packets received / sent\", \"embeddableConfig\": {}, \"version\": \"7.0.0-alpha2\", \"id\": \"d2f52b50-231c-11e9-bb66-8baac426dfd4-ecs\"}]",
                "timeRestore": false,
                "title": "[Metricbeat Zookeeper] Overview ECS",
                "version": 1
            },
            "id": "467207a0-231e-11e9-bb66-8baac426dfd4-ecs",
            "type": "dashboard",
            "updated_at": "2019-01-30T13:34:01.235Z",
            "version": 6
        }
    ],
    "version": "7.0.0-alpha2"
}