{
    "objects": [
        {
            "attributes": {
                "description": "This dashboard shows metrics for the IIS server.",
                "hits": 0,
                "kibanaSavedObjectMeta": {
                    "searchSourceJSON": "{\"query\": {\"language\": \"kuery\", \"query\": \"\"}, \"filter\": []}"
                },
                "optionsJSON": "{\"useMargins\": true, \"hidePanelTitles\": false}",
                "panelsJSON": "[{\"panelRefName\": \"panel_0\", \"gridData\": {\"w\": 10, \"x\": 0, \"y\": 0, \"i\": \"55b62196-f0fa-4473-a578-c5197ae7581c\", \"h\": 5}, \"panelIndex\": \"55b62196-f0fa-4473-a578-c5197ae7581c\", \"embeddableConfig\": {\"title\": \"\"}, \"version\": \"7.6.2\"}, {\"panelRefName\": \"panel_1\", \"gridData\": {\"w\": 9, \"x\": 10, \"y\": 0, \"i\": \"9f1c724a-e57a-4667-8930-b60997efeee5\", \"h\": 9}, \"panelIndex\": \"9f1c724a-e57a-4667-8930-b60997efeee5\", \"embeddableConfig\": {\"title\": \"\"}, \"version\": \"7.6.2\"}, {\"panelRefName\": \"panel_2\", \"gridData\": {\"w\": 10, \"x\": 19, \"y\": 0, \"i\": \"5aeeab99-314c-4732-b731-ebd390fa9210\", \"h\": 9}, \"panelIndex\": \"5aeeab99-314c-4732-b731-ebd390fa9210\", \"embeddableConfig\": {\"title\": \"\"}, \"version\": \"7.6.2\"}, {\"panelRefName\": \"panel_3\", \"gridData\": {\"w\": 10, \"x\": 29, \"y\": 0, \"i\": \"88113bca-98b0-4877-b768-46f9b1c29751\", \"h\": 9}, \"panelIndex\": \"88113bca-98b0-4877-b768-46f9b1c29751\", \"embeddableConfig\": {\"title\": \"\"}, \"version\": \"7.6.2\"}, {\"panelRefName\": \"panel_4\", \"gridData\": {\"w\": 9, \"x\": 39, \"y\": 0, \"i\": \"0add6210-d7d5-4b66-afaa-bcec0bc445d9\", \"h\": 9}, \"panelIndex\": \"0add6210-d7d5-4b66-afaa-bcec0bc445d9\", \"embeddableConfig\": {\"title\": \"\"}, \"version\": \"7.6.2\"}, {\"panelRefName\": \"panel_5\", \"gridData\": {\"w\": 5, \"x\": 0, \"y\": 5, \"i\": \"e809e015-29b2-496b-aaf1-f461d59b1568\", \"h\": 8}, \"panelIndex\": \"e809e015-29b2-496b-aaf1-f461d59b1568\", \"embeddableConfig\": {\"title\": \"\"}, \"version\": \"7.6.2\"}, {\"panelRefName\": \"panel_6\", \"gridData\": {\"w\": 5, \"x\": 5, \"y\": 5, \"i\": \"6ebec04f-3df0-4995-ae9c-836774f05ea7\", \"h\": 8}, \"panelIndex\": \"6ebec04f-3df0-4995-ae9c-836774f05ea7\", \"embeddableConfig\": {\"title\": \"\"}, \"version\": \"7.6.2\"}, {\"gridData\": {\"w\": 38, \"x\": 10, \"y\": 9, \"i\": \"41de633b-40aa-4456-967a-5737d139a374\", \"h\": 12}, \"panelIndex\": \"41de633b-40aa-4456-967a-5737d139a374\", \"title\": \"Total Requests\", \"embeddableConfig\": {\"title\": \"Total Requests\"}, \"panelRefName\": \"panel_7\", \"version\": \"7.6.2\"}, {\"panelRefName\": \"panel_8\", \"gridData\": {\"w\": 5, \"x\": 0, \"y\": 13, \"i\": \"3e1276ed-2f8f-4a07-948c-cf5ae0de9fc3\", \"h\": 8}, \"panelIndex\": \"3e1276ed-2f8f-4a07-948c-cf5ae0de9fc3\", \"embeddableConfig\": {\"title\": \"\"}, \"version\": \"7.6.2\"}, {\"panelRefName\": \"panel_9\", \"gridData\": {\"w\": 5, \"x\": 5, \"y\": 13, \"i\": \"983e0c36-04f7-4ec0-b6a6-8d2599a63065\", \"h\": 8}, \"panelIndex\": \"983e0c36-04f7-4ec0-b6a6-8d2599a63065\", \"embeddableConfig\": {\"title\": \"\"}, \"version\": \"7.6.2\"}, {\"gridData\": {\"w\": 24, \"x\": 24, \"y\": 21, \"i\": \"aa567463-86ec-4bbe-bf0f-b0d4d1d57bb0\", \"h\": 14}, \"panelIndex\": \"aa567463-86ec-4bbe-bf0f-b0d4d1d57bb0\", \"title\": \"Total Bytes Transferred\", \"embeddableConfig\": {\"title\": \"Total Bytes Transferred\"}, \"panelRefName\": \"panel_10\", \"version\": \"7.6.2\"}, {\"gridData\": {\"w\": 24, \"x\": 0, \"y\": 21, \"i\": \"623596fb-3f1f-4f2e-b15b-800d197ce1aa\", \"h\": 14}, \"panelIndex\": \"623596fb-3f1f-4f2e-b15b-800d197ce1aa\", \"title\": \"Bytes Transferred/sec\", \"embeddableConfig\": {\"title\": \"Bytes Transferred/sec\"}, \"panelRefName\": \"panel_11\", \"version\": \"7.6.2\"}]",
                "timeRestore": false,
                "title": "[Metricbeat IIS] Webserver Overview",
                "version": 1
            },
            "id": "ebc23240-8572-11ea-91bc-ab084c7ec0e7",
            "migrationVersion": {
                "dashboard": "7.3.0"
            },
            "references": [
                {
                    "id": "40614070-8573-11ea-91bc-ab084c7ec0e7",
                    "name": "panel_0",
                    "type": "visualization"
                },
                {
                    "id": "82f1d7d0-858a-11ea-91bc-ab084c7ec0e7",
                    "name": "panel_1",
                    "type": "visualization"
                },
                {
                    "id": "c92e0b80-8574-11ea-91bc-ab084c7ec0e7",
                    "name": "panel_2",
                    "type": "visualization"
                },
                {
                    "id": "348c4fe0-8575-11ea-91bc-ab084c7ec0e7",
                    "name": "panel_3",
                    "type": "visualization"
                },
                {
                    "id": "461a8640-8576-11ea-91bc-ab084c7ec0e7",
                    "name": "panel_4",
                    "type": "visualization"
                },
                {
                    "id": "c8e467d0-8d55-11ea-817c-a9b6d42fd8a0",
                    "name": "panel_5",
                    "type": "visualization"
                },
                {
                    "id": "df9d0e50-8d55-11ea-817c-a9b6d42fd8a0",
                    "name": "panel_6",
                    "type": "visualization"
                },
                {
                    "id": "75812480-857f-11ea-91bc-ab084c7ec0e7",
                    "name": "panel_7",
                    "type": "visualization"
                },
                {
                    "id": "14e77b40-8d56-11ea-817c-a9b6d42fd8a0",
                    "name": "panel_8",
                    "type": "visualization"
                },
                {
                    "id": "2d802c60-8d56-11ea-817c-a9b6d42fd8a0",
                    "name": "panel_9",
                    "type": "visualization"
                },
                {
                    "id": "68a9df20-8581-11ea-91bc-ab084c7ec0e7",
                    "name": "panel_10",
                    "type": "visualization"
                },
                {
                    "id": "92acc3e0-8582-11ea-91bc-ab084c7ec0e7",
                    "name": "panel_11",
                    "type": "visualization"
                }
            ],
            "type": "dashboard",
            "updated_at": "2020-05-03T16:20:16.383Z",
            "version": "WzEyNDUsMV0="
        },
        {
            "attributes": {
                "description": "",
                "kibanaSavedObjectMeta": {
                    "searchSourceJSON": "{\"query\": {\"language\": \"kuery\", \"query\": \"\"}, \"filter\": []}"
                },
                "title": "Navigation Webserver Overview [Metricbeat IIS]",
                "uiStateJSON": "{}",
                "version": 1,
                "visState": "{\"aggs\": [], \"type\": \"markdown\", \"title\": \"Navigation Webserver Overview [Metricbeat IIS]\", \"params\": {\"markdown\": \"### IIS\\n\\n[**Webserver**](#/dashboard/ebc23240-8572-11ea-91bc-ab084c7ec0e7)| [Webserver processes](#/dashboard/2c171500-858b-11ea-91bc-ab084c7ec0e7) | [Websites](#/dashboard/4b975820-85a1-11ea-91bc-ab084c7ec0e7) | [Application Pools](#/dashboard/b4108810-861c-11ea-91bc-ab084c7ec0e7) \\n\\n\\n\\n\", \"openLinksInNewTab\": false, \"fontSize\": 10}}"
            },
            "id": "40614070-8573-11ea-91bc-ab084c7ec0e7",
            "migrationVersion": {
                "visualization": "7.4.2"
            },
            "references": [],
            "type": "visualization",
            "updated_at": "2020-04-24T13:07:24.547Z",
            "version": "WzUwOSwxXQ=="
        },
        {
            "attributes": {
                "description": "",
                "kibanaSavedObjectMeta": {
                    "searchSourceJSON": "{\"query\": {\"language\": \"kuery\", \"query\": \"\"}, \"filter\": []}"
                },
                "title": "Webserver Service Uptime [Metricbeat IIS]",
                "uiStateJSON": "{}",
                "version": 1,
                "visState": "{\"aggs\": [], \"type\": \"metrics\", \"title\": \"Webserver Service Uptime [Metricbeat IIS]\", \"params\": {\"pivot_id\": \"cloud.instance.name\", \"axis_formatter\": \"number\", \"background_color\": null, \"isModelInvalid\": false, \"show_legend\": 1, \"index_pattern\": \"metricbeat-*\", \"gauge_color_rules\": [{\"id\": \"9c09ed50-32e4-11ea-af9e-d70582a45bda\"}], \"time_range_mode\": \"entire_time_range\", \"gauge_inner_color\": null, \"axis_min\": 0, \"axis_position\": \"left\", \"default_timefield\": \"@timestamp\", \"gauge_style\": \"circle\", \"pivot_type\": \"string\", \"time_field\": \"@timestamp\", \"default_index_pattern\": \"metricbeat-*\", \"bar_color_rules\": [{\"id\": \"f11cfd90-32e5-11ea-af9e-d70582a45bda\"}], \"filter\": {\"language\": \"kuery\", \"query\": \"\"}, \"pivot_rows\": \"30\", \"id\": \"61fb4190-32e4-11ea-b9f8-4d0b340ad993\", \"background_color_rules\": [{\"id\": \"71978870-32e4-11ea-af9e-d70582a45bda\"}], \"gauge_inner_width\": \"6\", \"type\": \"gauge\", \"interval\": \"60m\", \"axis_scale\": \"normal\", \"show_grid\": 1, \"gauge_width\": \"10\", \"drilldown_url\": \"\", \"pivot_label\": \"Resource Name\", \"series\": [{\"terms_field\": \"cloud.instance.name\", \"split_color_mode\": \"gradient\", \"color\": \"rgba(211,49,21,1)\", \"filter\": {\"language\": \"kuery\", \"query\": \"\"}, \"line_width\": 2, \"axis_position\": \"right\", \"id\": \"61fb4191-32e4-11ea-b9f8-4d0b340ad993\", \"terms_order_by\": \"61fb4192-32e4-11ea-b9f8-4d0b340ad993\", \"stacked\": \"none\", \"type\": \"timeseries\", \"split_mode\": \"everything\", \"metrics\": [{\"size\": 1, \"field\": \"iis.webserver.network.service_uptime\", \"order\": \"desc\", \"type\": \"top_hit\", \"agg_with\": \"avg\", \"id\": \"61fb4192-32e4-11ea-b9f8-4d0b340ad993\", \"order_by\": \"@timestamp\"}], \"separate_axis\": 0, \"point_size\": 0, \"value_template\": \"{{value}} h\", \"chart_type\": \"line\", \"fill\": \"1.2\", \"formatter\": \"s,h,\", \"label\": \"Service Uptime\"}]}}"
            },
            "id": "82f1d7d0-858a-11ea-91bc-ab084c7ec0e7",
            "migrationVersion": {
                "visualization": "7.4.2"
            },
            "references": [],
            "type": "visualization",
            "updated_at": "2020-04-24T13:07:24.547Z",
            "version": "WzUxMCwxXQ=="
        },
        {
            "attributes": {
                "description": "",
                "kibanaSavedObjectMeta": {
                    "searchSourceJSON": "{\"query\": {\"language\": \"kuery\", \"query\": \"\"}, \"filter\": []}"
                },
                "title": "Webserver Current Connections [Metricbeat IIS]",
                "uiStateJSON": "{}",
                "version": 1,
                "visState": "{\"aggs\": [], \"type\": \"metrics\", \"title\": \"Webserver Current Connections [Metricbeat IIS]\", \"params\": {\"pivot_id\": \"cloud.instance.name\", \"axis_formatter\": \"number\", \"background_color\": null, \"isModelInvalid\": false, \"show_legend\": 1, \"index_pattern\": \"metricbeat-*\", \"gauge_color_rules\": [{\"id\": \"9c09ed50-32e4-11ea-af9e-d70582a45bda\"}], \"time_range_mode\": \"entire_time_range\", \"gauge_inner_color\": null, \"axis_min\": 0, \"axis_position\": \"left\", \"default_timefield\": \"@timestamp\", \"gauge_style\": \"circle\", \"pivot_type\": \"string\", \"time_field\": \"@timestamp\", \"default_index_pattern\": \"metricbeat-*\", \"bar_color_rules\": [{\"id\": \"f11cfd90-32e5-11ea-af9e-d70582a45bda\"}], \"filter\": {\"language\": \"kuery\", \"query\": \"\"}, \"pivot_rows\": \"30\", \"id\": \"61fb4190-32e4-11ea-b9f8-4d0b340ad993\", \"background_color_rules\": [{\"id\": \"71978870-32e4-11ea-af9e-d70582a45bda\"}], \"gauge_inner_width\": \"6\", \"type\": \"gauge\", \"interval\": \"60m\", \"axis_scale\": \"normal\", \"show_grid\": 1, \"gauge_width\": \"10\", \"drilldown_url\": \"\", \"pivot_label\": \"Resource Name\", \"series\": [{\"terms_field\": \"cloud.instance.name\", \"split_color_mode\": \"gradient\", \"color\": \"rgba(104,188,0,1)\", \"filter\": {\"language\": \"kuery\", \"query\": \"\"}, \"line_width\": 2, \"axis_position\": \"right\", \"id\": \"61fb4191-32e4-11ea-b9f8-4d0b340ad993\", \"terms_order_by\": \"61fb4192-32e4-11ea-b9f8-4d0b340ad993\", \"stacked\": \"none\", \"type\": \"timeseries\", \"split_mode\": \"everything\", \"metrics\": [{\"size\": 1, \"field\": \"iis.webserver.network.current_connections\", \"order\": \"desc\", \"type\": \"top_hit\", \"agg_with\": \"avg\", \"id\": \"61fb4192-32e4-11ea-b9f8-4d0b340ad993\", \"order_by\": \"@timestamp\"}], \"separate_axis\": 0, \"point_size\": 0, \"value_template\": \"{{value}}\", \"chart_type\": \"line\", \"fill\": \"1.2\", \"formatter\": \"number\", \"label\": \"Current Connections\"}]}}"
            },
            "id": "c92e0b80-8574-11ea-91bc-ab084c7ec0e7",
            "migrationVersion": {
                "visualization": "7.4.2"
            },
            "references": [],
            "type": "visualization",
            "updated_at": "2020-04-24T13:07:24.547Z",
            "version": "WzUxMSwxXQ=="
        },
        {
            "attributes": {
                "description": "",
                "kibanaSavedObjectMeta": {
                    "searchSourceJSON": "{\"query\": {\"language\": \"kuery\", \"query\": \"\"}, \"filter\": []}"
                },
                "title": "Webserver Maximum Connections [Metricbeat IIS]",
                "uiStateJSON": "{}",
                "version": 1,
                "visState": "{\"aggs\": [], \"type\": \"metrics\", \"title\": \"Webserver Maximum Connections [Metricbeat IIS]\", \"params\": {\"pivot_id\": \"cloud.instance.name\", \"axis_formatter\": \"number\", \"background_color\": null, \"isModelInvalid\": false, \"show_legend\": 1, \"index_pattern\": \"metricbeat-*\", \"gauge_color_rules\": [{\"id\": \"9c09ed50-32e4-11ea-af9e-d70582a45bda\"}], \"time_range_mode\": \"entire_time_range\", \"gauge_inner_color\": null, \"axis_min\": 0, \"axis_position\": \"left\", \"default_timefield\": \"@timestamp\", \"gauge_style\": \"circle\", \"pivot_type\": \"string\", \"time_field\": \"@timestamp\", \"default_index_pattern\": \"metricbeat-*\", \"bar_color_rules\": [{\"id\": \"f11cfd90-32e5-11ea-af9e-d70582a45bda\"}], \"filter\": {\"language\": \"kuery\", \"query\": \"\"}, \"pivot_rows\": \"30\", \"id\": \"61fb4190-32e4-11ea-b9f8-4d0b340ad993\", \"background_color_rules\": [{\"id\": \"71978870-32e4-11ea-af9e-d70582a45bda\"}], \"gauge_inner_width\": \"6\", \"type\": \"gauge\", \"interval\": \"60m\", \"axis_scale\": \"normal\", \"show_grid\": 1, \"gauge_width\": \"10\", \"drilldown_url\": \"\", \"pivot_label\": \"Resource Name\", \"series\": [{\"terms_field\": \"cloud.instance.name\", \"split_color_mode\": \"gradient\", \"color\": \"rgba(104,204,202,1)\", \"filter\": {\"language\": \"kuery\", \"query\": \"\"}, \"line_width\": 2, \"axis_position\": \"right\", \"id\": \"61fb4191-32e4-11ea-b9f8-4d0b340ad993\", \"terms_order_by\": \"61fb4192-32e4-11ea-b9f8-4d0b340ad993\", \"stacked\": \"none\", \"type\": \"timeseries\", \"split_mode\": \"everything\", \"metrics\": [{\"size\": 1, \"field\": \"iis.webserver.network.maximum_connections\", \"order\": \"desc\", \"type\": \"top_hit\", \"agg_with\": \"avg\", \"id\": \"61fb4192-32e4-11ea-b9f8-4d0b340ad993\", \"order_by\": \"@timestamp\"}], \"separate_axis\": 0, \"point_size\": 0, \"value_template\": \"{{value}}\", \"chart_type\": \"line\", \"fill\": \"1.2\", \"formatter\": \"number\", \"label\": \"Maximum Connections\"}]}}"
            },
            "id": "348c4fe0-8575-11ea-91bc-ab084c7ec0e7",
            "migrationVersion": {
                "visualization": "7.4.2"
            },
            "references": [],
            "type": "visualization",
            "updated_at": "2020-04-24T13:07:24.547Z",
            "version": "WzUxMiwxXQ=="
        },
        {
            "attributes": {
                "description": "",
                "kibanaSavedObjectMeta": {
                    "searchSourceJSON": "{\"query\": {\"language\": \"kuery\", \"query\": \"\"}, \"filter\": []}"
                },
                "title": "Webserver Total Connection Attempts [Metricbeat IIS]",
                "uiStateJSON": "{}",
                "version": 1,
                "visState": "{\"aggs\": [], \"type\": \"metrics\", \"title\": \"Webserver Total Connection Attempts [Metricbeat IIS]\", \"params\": {\"pivot_id\": \"cloud.instance.name\", \"axis_formatter\": \"number\", \"background_color\": null, \"isModelInvalid\": false, \"show_legend\": 1, \"index_pattern\": \"metricbeat-*\", \"gauge_color_rules\": [{\"id\": \"9c09ed50-32e4-11ea-af9e-d70582a45bda\"}], \"time_range_mode\": \"entire_time_range\", \"gauge_inner_color\": null, \"axis_min\": 0, \"axis_position\": \"left\", \"default_timefield\": \"@timestamp\", \"gauge_style\": \"circle\", \"pivot_type\": \"string\", \"time_field\": \"@timestamp\", \"default_index_pattern\": \"metricbeat-*\", \"bar_color_rules\": [{\"id\": \"f11cfd90-32e5-11ea-af9e-d70582a45bda\"}], \"filter\": {\"language\": \"kuery\", \"query\": \"\"}, \"pivot_rows\": \"30\", \"id\": \"61fb4190-32e4-11ea-b9f8-4d0b340ad993\", \"background_color_rules\": [{\"id\": \"71978870-32e4-11ea-af9e-d70582a45bda\"}], \"gauge_inner_width\": \"6\", \"type\": \"gauge\", \"interval\": \"60m\", \"axis_scale\": \"normal\", \"show_grid\": 1, \"gauge_width\": \"10\", \"drilldown_url\": \"\", \"pivot_label\": \"Resource Name\", \"series\": [{\"terms_field\": \"cloud.instance.name\", \"split_color_mode\": \"gradient\", \"color\": \"rgba(251,158,0,1)\", \"filter\": {\"language\": \"kuery\", \"query\": \"\"}, \"line_width\": 2, \"axis_position\": \"right\", \"id\": \"61fb4191-32e4-11ea-b9f8-4d0b340ad993\", \"terms_order_by\": \"61fb4192-32e4-11ea-b9f8-4d0b340ad993\", \"stacked\": \"none\", \"type\": \"timeseries\", \"split_mode\": \"everything\", \"metrics\": [{\"size\": 1, \"field\": \"iis.webserver.network.total_connection_attempts\", \"order\": \"desc\", \"type\": \"top_hit\", \"agg_with\": \"avg\", \"id\": \"61fb4192-32e4-11ea-b9f8-4d0b340ad993\", \"order_by\": \"@timestamp\"}], \"separate_axis\": 0, \"point_size\": 0, \"value_template\": \"{{value}}\", \"chart_type\": \"line\", \"fill\": \"1.2\", \"formatter\": \"number\", \"label\": \"Total Connection Attempts\"}]}}"
            },
            "id": "461a8640-8576-11ea-91bc-ab084c7ec0e7",
            "migrationVersion": {
                "visualization": "7.4.2"
            },
            "references": [],
            "type": "visualization",
            "updated_at": "2020-04-24T13:07:24.547Z",
            "version": "WzUxMywxXQ=="
        },
        {
            "attributes": {
                "description": "",
                "kibanaSavedObjectMeta": {
                    "searchSourceJSON": "{\"query\": {\"language\": \"kuery\", \"query\": \"\"}, \"filter\": []}"
                },
                "title": "Webserver Overview Current Anonymous Users [Metricbeat IIS]",
                "uiStateJSON": "{}",
                "version": 1,
                "visState": "{\"aggs\": [], \"type\": \"metrics\", \"title\": \"Webserver Overview Current Anonymous Users [Metricbeat IIS]\", \"params\": {\"pivot_id\": \"cloud.instance.name\", \"axis_formatter\": \"number\", \"background_color\": null, \"isModelInvalid\": false, \"show_legend\": 1, \"index_pattern\": \"metricbeat-*\", \"gauge_color_rules\": [{\"id\": \"9c09ed50-32e4-11ea-af9e-d70582a45bda\"}], \"time_range_mode\": \"entire_time_range\", \"gauge_inner_color\": null, \"axis_min\": 0, \"axis_position\": \"left\", \"default_timefield\": \"@timestamp\", \"gauge_style\": \"circle\", \"pivot_type\": \"string\", \"time_field\": \"@timestamp\", \"default_index_pattern\": \"metricbeat-*\", \"bar_color_rules\": [{\"id\": \"f11cfd90-32e5-11ea-af9e-d70582a45bda\"}], \"filter\": {\"language\": \"kuery\", \"query\": \"\"}, \"pivot_rows\": \"30\", \"id\": \"61fb4190-32e4-11ea-b9f8-4d0b340ad993\", \"background_color_rules\": [{\"id\": \"71978870-32e4-11ea-af9e-d70582a45bda\"}], \"gauge_inner_width\": \"6\", \"type\": \"gauge\", \"interval\": \"60m\", \"axis_scale\": \"normal\", \"show_grid\": 1, \"gauge_width\": \"10\", \"drilldown_url\": \"\", \"pivot_label\": \"Resource Name\", \"series\": [{\"terms_field\": \"cloud.instance.name\", \"split_color_mode\": \"gradient\", \"color\": \"rgba(49,211,21,1)\", \"filter\": {\"language\": \"kuery\", \"query\": \"\"}, \"line_width\": 2, \"axis_position\": \"right\", \"id\": \"61fb4191-32e4-11ea-b9f8-4d0b340ad993\", \"terms_order_by\": \"61fb4192-32e4-11ea-b9f8-4d0b340ad993\", \"stacked\": \"none\", \"type\": \"timeseries\", \"split_mode\": \"everything\", \"metrics\": [{\"size\": 1, \"field\": \"iis.webserver.network.current_anonymous_users\", \"order\": \"desc\", \"type\": \"top_hit\", \"agg_with\": \"avg\", \"id\": \"61fb4192-32e4-11ea-b9f8-4d0b340ad993\", \"order_by\": \"@timestamp\"}], \"separate_axis\": 0, \"point_size\": 0, \"value_template\": \"{{value}} \", \"chart_type\": \"line\", \"fill\": \"1.2\", \"formatter\": \"number\", \"label\": \"Current Anonymous Users\"}]}}"
            },
            "id": "c8e467d0-8d55-11ea-817c-a9b6d42fd8a0",
            "migrationVersion": {
                "visualization": "7.4.2"
            },
            "references": [],
            "type": "visualization",
            "updated_at": "2020-05-03T15:50:17.034Z",
            "version": "WzEwNjcsMV0="
        },
        {
            "attributes": {
                "description": "",
                "kibanaSavedObjectMeta": {
                    "searchSourceJSON": "{\"query\": {\"language\": \"kuery\", \"query\": \"\"}, \"filter\": []}"
                },
                "title": "Webserver Overview Total Anonymous Users [Metricbeat IIS]",
                "uiStateJSON": "{}",
                "version": 1,
                "visState": "{\"aggs\": [], \"type\": \"metrics\", \"title\": \"Webserver Overview Total Anonymous Users [Metricbeat IIS]\", \"params\": {\"pivot_id\": \"cloud.instance.name\", \"axis_formatter\": \"number\", \"background_color\": null, \"isModelInvalid\": false, \"show_legend\": 1, \"index_pattern\": \"metricbeat-*\", \"gauge_color_rules\": [{\"id\": \"9c09ed50-32e4-11ea-af9e-d70582a45bda\"}], \"time_range_mode\": \"entire_time_range\", \"gauge_inner_color\": null, \"axis_min\": 0, \"axis_position\": \"left\", \"default_timefield\": \"@timestamp\", \"gauge_style\": \"circle\", \"pivot_type\": \"string\", \"time_field\": \"@timestamp\", \"default_index_pattern\": \"metricbeat-*\", \"bar_color_rules\": [{\"id\": \"f11cfd90-32e5-11ea-af9e-d70582a45bda\"}], \"filter\": {\"language\": \"kuery\", \"query\": \"\"}, \"pivot_rows\": \"30\", \"id\": \"61fb4190-32e4-11ea-b9f8-4d0b340ad993\", \"background_color_rules\": [{\"id\": \"71978870-32e4-11ea-af9e-d70582a45bda\"}], \"gauge_inner_width\": \"6\", \"type\": \"gauge\", \"interval\": \"60m\", \"axis_scale\": \"normal\", \"show_grid\": 1, \"gauge_width\": \"10\", \"drilldown_url\": \"\", \"pivot_label\": \"Resource Name\", \"series\": [{\"terms_field\": \"cloud.instance.name\", \"split_color_mode\": \"gradient\", \"color\": \"rgba(21,68,211,1)\", \"filter\": {\"language\": \"kuery\", \"query\": \"\"}, \"line_width\": 2, \"axis_position\": \"right\", \"id\": \"61fb4191-32e4-11ea-b9f8-4d0b340ad993\", \"terms_order_by\": \"61fb4192-32e4-11ea-b9f8-4d0b340ad993\", \"stacked\": \"none\", \"type\": \"timeseries\", \"split_mode\": \"everything\", \"metrics\": [{\"size\": 1, \"field\": \"iis.webserver.network.total_anonymous_users\", \"order\": \"desc\", \"type\": \"top_hit\", \"agg_with\": \"avg\", \"id\": \"61fb4192-32e4-11ea-b9f8-4d0b340ad993\", \"order_by\": \"@timestamp\"}], \"separate_axis\": 0, \"point_size\": 0, \"value_template\": \"{{value}} \", \"chart_type\": \"line\", \"fill\": \"1.2\", \"formatter\": \"number\", \"label\": \"Total Anonymous Users\"}]}}"
            },
            "id": "df9d0e50-8d55-11ea-817c-a9b6d42fd8a0",
            "migrationVersion": {
                "visualization": "7.4.2"
            },
            "references": [],
            "type": "visualization",
            "updated_at": "2020-05-03T15:50:55.156Z",
            "version": "WzEwNzMsMV0="
        },
        {
            "attributes": {
                "description": "",
                "kibanaSavedObjectMeta": {
                    "searchSourceJSON": "{\"query\": {\"language\": \"kuery\", \"query\": \"\"}, \"filter\": []}"
                },
                "title": "Webserver Total Requests [Metricbeat IIS]",
                "uiStateJSON": "{}",
                "version": 1,
                "visState": "{\"aggs\": [], \"type\": \"metrics\", \"title\": \"Webserver Total Requests [Metricbeat IIS]\", \"params\": {\"default_index_pattern\": \"metricbeat-*\", \"axis_formatter\": \"number\", \"show_legend\": 1, \"filter\": {\"language\": \"kuery\", \"query\": \"\"}, \"isModelInvalid\": false, \"id\": \"c9fd65d0-32e8-11ea-84f4-e9593f8ba8f6\", \"index_pattern\": \"metricbeat-*\", \"time_field\": \"@timestamp\", \"axis_min\": 0, \"axis_scale\": \"normal\", \"axis_position\": \"left\", \"default_timefield\": \"@timestamp\", \"type\": \"timeseries\", \"series\": [{\"terms_field\": null, \"split_color_mode\": \"rainbow\", \"color\": \"#3185FC\", \"line_width\": \"2\", \"axis_position\": \"right\", \"id\": \"c9fd8ce0-32e8-11ea-84f4-e9593f8ba8f6\", \"stacked\": \"none\", \"type\": \"timeseries\", \"split_mode\": \"everything\", \"metrics\": [{\"type\": \"avg\", \"field\": \"iis.webserver.network.total_get_requests\", \"id\": \"c9fd8ce1-32e8-11ea-84f4-e9593f8ba8f6\"}], \"separate_axis\": 0, \"point_size\": 0, \"value_template\": \"{{value}}\", \"chart_type\": \"line\", \"fill\": \"0\", \"formatter\": \"number\", \"label\": \"Total Get Requests\"}, {\"color\": \"#68BC00\", \"line_width\": \"2\", \"axis_position\": \"right\", \"id\": \"55ef6fb0-857e-11ea-87b6-db4d36ae5839\", \"stacked\": \"none\", \"type\": \"timeseries\", \"split_mode\": \"everything\", \"metrics\": [{\"type\": \"avg\", \"field\": \"iis.webserver.network.total_post_requests\", \"id\": \"55ef6fb1-857e-11ea-87b6-db4d36ae5839\"}], \"separate_axis\": 0, \"point_size\": \"0\", \"chart_type\": \"line\", \"fill\": \"0\", \"formatter\": \"number\", \"label\": \"Total Post Requests\"}, {\"color\": \"rgba(149,0,188,1)\", \"line_width\": \"2\", \"axis_position\": \"right\", \"id\": \"7501b0c0-857e-11ea-87b6-db4d36ae5839\", \"stacked\": \"none\", \"type\": \"timeseries\", \"split_mode\": \"everything\", \"metrics\": [{\"type\": \"avg\", \"field\": \"iis.webserver.network.total_delete_requests\", \"id\": \"7501b0c1-857e-11ea-87b6-db4d36ae5839\"}], \"separate_axis\": 0, \"point_size\": \"\", \"chart_type\": \"line\", \"fill\": \"0\", \"formatter\": \"number\", \"label\": \"Total Delete Requests\"}], \"interval\": \"\", \"show_grid\": 1}}"
            },
            "id": "75812480-857f-11ea-91bc-ab084c7ec0e7",
            "migrationVersion": {
                "visualization": "7.4.2"
            },
            "references": [],
            "type": "visualization",
            "updated_at": "2020-04-24T13:07:24.547Z",
            "version": "WzUxNSwxXQ=="
        },
        {
            "attributes": {
                "description": "",
                "kibanaSavedObjectMeta": {
                    "searchSourceJSON": "{\"query\": {\"language\": \"kuery\", \"query\": \"\"}, \"filter\": []}"
                },
                "title": "Webserver Overview Current Non Anonymous Users [Metricbeat IIS]",
                "uiStateJSON": "{}",
                "version": 1,
                "visState": "{\"aggs\": [], \"type\": \"metrics\", \"title\": \"Webserver Overview Current Non Anonymous Users [Metricbeat IIS]\", \"params\": {\"pivot_id\": \"cloud.instance.name\", \"axis_formatter\": \"number\", \"background_color\": null, \"isModelInvalid\": false, \"show_legend\": 1, \"index_pattern\": \"metricbeat-*\", \"gauge_color_rules\": [{\"id\": \"9c09ed50-32e4-11ea-af9e-d70582a45bda\"}], \"time_range_mode\": \"entire_time_range\", \"gauge_inner_color\": null, \"axis_min\": 0, \"axis_position\": \"left\", \"default_timefield\": \"@timestamp\", \"gauge_style\": \"circle\", \"pivot_type\": \"string\", \"time_field\": \"@timestamp\", \"default_index_pattern\": \"metricbeat-*\", \"bar_color_rules\": [{\"id\": \"f11cfd90-32e5-11ea-af9e-d70582a45bda\"}], \"filter\": {\"language\": \"kuery\", \"query\": \"\"}, \"pivot_rows\": \"30\", \"id\": \"61fb4190-32e4-11ea-b9f8-4d0b340ad993\", \"background_color_rules\": [{\"id\": \"71978870-32e4-11ea-af9e-d70582a45bda\"}], \"gauge_inner_width\": \"6\", \"type\": \"gauge\", \"interval\": \"60m\", \"axis_scale\": \"normal\", \"show_grid\": 1, \"gauge_width\": \"10\", \"drilldown_url\": \"\", \"pivot_label\": \"Resource Name\", \"series\": [{\"terms_field\": \"cloud.instance.name\", \"split_color_mode\": \"gradient\", \"color\": \"rgba(171,21,211,1)\", \"filter\": {\"language\": \"kuery\", \"query\": \"\"}, \"line_width\": 2, \"axis_position\": \"right\", \"id\": \"61fb4191-32e4-11ea-b9f8-4d0b340ad993\", \"terms_order_by\": \"61fb4192-32e4-11ea-b9f8-4d0b340ad993\", \"stacked\": \"none\", \"type\": \"timeseries\", \"split_mode\": \"everything\", \"metrics\": [{\"size\": 1, \"field\": \"iis.webserver.network.current_non_anonymous_users\", \"order\": \"desc\", \"type\": \"top_hit\", \"agg_with\": \"avg\", \"id\": \"61fb4192-32e4-11ea-b9f8-4d0b340ad993\", \"order_by\": \"@timestamp\"}], \"separate_axis\": 0, \"point_size\": 0, \"value_template\": \"{{value}} \", \"chart_type\": \"line\", \"fill\": \"1.2\", \"formatter\": \"number\", \"label\": \"Current Non Anonymous Users\"}]}}"
            },
            "id": "14e77b40-8d56-11ea-817c-a9b6d42fd8a0",
            "migrationVersion": {
                "visualization": "7.4.2"
            },
            "references": [],
            "type": "visualization",
            "updated_at": "2020-05-03T15:52:24.564Z",
            "version": "WzEwOTcsMV0="
        },
        {
            "attributes": {
                "description": "",
                "kibanaSavedObjectMeta": {
                    "searchSourceJSON": "{\"query\": {\"language\": \"kuery\", \"query\": \"\"}, \"filter\": []}"
                },
                "title": "Webserver Overview Total Non Anonymous Users [Metricbeat IIS]",
                "uiStateJSON": "{}",
                "version": 1,
                "visState": "{\"aggs\": [], \"type\": \"metrics\", \"title\": \"Webserver Overview Total Non Anonymous Users [Metricbeat IIS]\", \"params\": {\"pivot_id\": \"cloud.instance.name\", \"axis_formatter\": \"number\", \"background_color\": null, \"isModelInvalid\": false, \"show_legend\": 1, \"index_pattern\": \"metricbeat-*\", \"gauge_color_rules\": [{\"id\": \"9c09ed50-32e4-11ea-af9e-d70582a45bda\"}], \"time_range_mode\": \"entire_time_range\", \"gauge_inner_color\": null, \"axis_min\": 0, \"axis_position\": \"left\", \"default_timefield\": \"@timestamp\", \"gauge_style\": \"circle\", \"pivot_type\": \"string\", \"time_field\": \"@timestamp\", \"default_index_pattern\": \"metricbeat-*\", \"bar_color_rules\": [{\"id\": \"f11cfd90-32e5-11ea-af9e-d70582a45bda\"}], \"filter\": {\"language\": \"kuery\", \"query\": \"\"}, \"pivot_rows\": \"30\", \"id\": \"61fb4190-32e4-11ea-b9f8-4d0b340ad993\", \"background_color_rules\": [{\"id\": \"71978870-32e4-11ea-af9e-d70582a45bda\"}], \"gauge_inner_width\": \"6\", \"type\": \"gauge\", \"interval\": \"60m\", \"axis_scale\": \"normal\", \"show_grid\": 1, \"gauge_width\": \"10\", \"drilldown_url\": \"\", \"pivot_label\": \"Resource Name\", \"series\": [{\"terms_field\": \"cloud.instance.name\", \"split_color_mode\": \"gradient\", \"color\": \"rgba(211,21,105,1)\", \"filter\": {\"language\": \"kuery\", \"query\": \"\"}, \"line_width\": 2, \"axis_position\": \"right\", \"id\": \"61fb4191-32e4-11ea-b9f8-4d0b340ad993\", \"terms_order_by\": \"61fb4192-32e4-11ea-b9f8-4d0b340ad993\", \"stacked\": \"none\", \"type\": \"timeseries\", \"split_mode\": \"everything\", \"metrics\": [{\"size\": 1, \"field\": \"iis.webserver.network.total_non_anonymous_users\", \"order\": \"desc\", \"type\": \"top_hit\", \"agg_with\": \"avg\", \"id\": \"61fb4192-32e4-11ea-b9f8-4d0b340ad993\", \"order_by\": \"@timestamp\"}], \"separate_axis\": 0, \"point_size\": 0, \"value_template\": \"{{value}} \", \"chart_type\": \"line\", \"fill\": \"1.2\", \"formatter\": \"number\", \"label\": \"Total Non Anonymous Users\"}]}}"
            },
            "id": "2d802c60-8d56-11ea-817c-a9b6d42fd8a0",
            "migrationVersion": {
                "visualization": "7.4.2"
            },
            "references": [],
            "type": "visualization",
            "updated_at": "2020-05-03T15:53:05.830Z",
            "version": "WzExMDQsMV0="
        },
        {
            "attributes": {
                "description": "",
                "kibanaSavedObjectMeta": {
                    "searchSourceJSON": "{\"query\": {\"language\": \"kuery\", \"query\": \"\"}, \"filter\": []}"
                },
                "title": "Webserver Total Bytes Transfered [Metricbeat IIS]",
                "uiStateJSON": "{}",
                "version": 1,
                "visState": "{\"aggs\": [], \"type\": \"metrics\", \"title\": \"Webserver Total Bytes Transfered [Metricbeat IIS]\", \"params\": {\"pivot_id\": \"cloud.instance.name\", \"axis_formatter\": \"number\", \"background_color\": null, \"isModelInvalid\": false, \"show_legend\": 1, \"index_pattern\": \"metricbeat-*\", \"gauge_color_rules\": [{\"id\": \"9c09ed50-32e4-11ea-af9e-d70582a45bda\"}], \"time_range_mode\": \"entire_time_range\", \"gauge_inner_color\": null, \"axis_min\": 0, \"axis_position\": \"left\", \"default_timefield\": \"@timestamp\", \"gauge_style\": \"circle\", \"pivot_type\": \"string\", \"time_field\": \"@timestamp\", \"default_index_pattern\": \"metricbeat-*\", \"bar_color_rules\": [{\"id\": \"f11cfd90-32e5-11ea-af9e-d70582a45bda\"}], \"filter\": {\"language\": \"kuery\", \"query\": \"\"}, \"pivot_rows\": \"30\", \"id\": \"61fb4190-32e4-11ea-b9f8-4d0b340ad993\", \"background_color_rules\": [{\"id\": \"71978870-32e4-11ea-af9e-d70582a45bda\"}], \"gauge_inner_width\": \"6\", \"type\": \"timeseries\", \"interval\": \"\", \"axis_scale\": \"normal\", \"show_grid\": 1, \"gauge_width\": \"10\", \"drilldown_url\": \"\", \"pivot_label\": \"Resource Name\", \"series\": [{\"terms_field\": \"cloud.instance.name\", \"split_color_mode\": \"gradient\", \"color\": \"rgba(251,158,0,1)\", \"filter\": {\"language\": \"kuery\", \"query\": \"\"}, \"line_width\": 2, \"axis_position\": \"right\", \"id\": \"61fb4191-32e4-11ea-b9f8-4d0b340ad993\", \"terms_order_by\": \"61fb4192-32e4-11ea-b9f8-4d0b340ad993\", \"stacked\": \"none\", \"type\": \"timeseries\", \"split_mode\": \"everything\", \"metrics\": [{\"size\": 1, \"field\": \"iis.webserver.network.total_bytes_sent\", \"order\": \"desc\", \"type\": \"avg\", \"agg_with\": \"avg\", \"id\": \"61fb4192-32e4-11ea-b9f8-4d0b340ad993\", \"order_by\": \"@timestamp\"}], \"separate_axis\": 0, \"point_size\": 0, \"value_template\": \"{{value}}\", \"chart_type\": \"line\", \"fill\": \"0\", \"formatter\": \"bytes\", \"label\": \"Total Bytes Sent \"}, {\"color\": \"#68BC00\", \"line_width\": \"2\", \"axis_position\": \"right\", \"id\": \"cb6910f0-8580-11ea-8d9f-cf59f8572d31\", \"stacked\": \"none\", \"type\": \"timeseries\", \"split_mode\": \"everything\", \"metrics\": [{\"type\": \"avg\", \"field\": \"iis.webserver.network.total_bytes_received\", \"id\": \"cb693800-8580-11ea-8d9f-cf59f8572d31\"}], \"separate_axis\": 0, \"point_size\": \"\", \"chart_type\": \"line\", \"fill\": \"0\", \"formatter\": \"bytes\", \"label\": \"Total Bytes Received\"}]}}"
            },
            "id": "68a9df20-8581-11ea-91bc-ab084c7ec0e7",
            "migrationVersion": {
                "visualization": "7.4.2"
            },
            "references": [],
            "type": "visualization",
            "updated_at": "2020-04-24T13:07:24.547Z",
            "version": "WzUxNywxXQ=="
        },
        {
            "attributes": {
                "description": "",
                "kibanaSavedObjectMeta": {
                    "searchSourceJSON": "{\"query\": {\"language\": \"kuery\", \"query\": \"\"}, \"filter\": []}"
                },
                "title": "Webserver Bytes Transfered Per Sec [Metricbeat IIS]",
                "uiStateJSON": "{}",
                "version": 1,
                "visState": "{\"aggs\": [], \"type\": \"metrics\", \"title\": \"Webserver Bytes Transfered Per Sec [Metricbeat IIS]\", \"params\": {\"pivot_id\": \"cloud.instance.name\", \"axis_formatter\": \"number\", \"background_color\": null, \"isModelInvalid\": false, \"show_legend\": 1, \"index_pattern\": \"metricbeat-*\", \"gauge_color_rules\": [{\"id\": \"9c09ed50-32e4-11ea-af9e-d70582a45bda\"}], \"time_range_mode\": \"entire_time_range\", \"gauge_inner_color\": null, \"axis_min\": 0, \"axis_position\": \"left\", \"default_timefield\": \"@timestamp\", \"gauge_style\": \"circle\", \"pivot_type\": \"string\", \"time_field\": \"@timestamp\", \"default_index_pattern\": \"metricbeat-*\", \"bar_color_rules\": [{\"id\": \"f11cfd90-32e5-11ea-af9e-d70582a45bda\"}], \"filter\": {\"language\": \"kuery\", \"query\": \"\"}, \"pivot_rows\": \"30\", \"id\": \"61fb4190-32e4-11ea-b9f8-4d0b340ad993\", \"background_color_rules\": [{\"id\": \"71978870-32e4-11ea-af9e-d70582a45bda\"}], \"gauge_inner_width\": \"6\", \"type\": \"timeseries\", \"interval\": \"\", \"axis_scale\": \"normal\", \"show_grid\": 1, \"gauge_width\": \"10\", \"drilldown_url\": \"\", \"pivot_label\": \"Resource Name\", \"series\": [{\"terms_field\": \"cloud.instance.name\", \"split_color_mode\": \"gradient\", \"color\": \"rgba(22,165,165,1)\", \"filter\": {\"language\": \"kuery\", \"query\": \"\"}, \"line_width\": 2, \"axis_position\": \"right\", \"id\": \"61fb4191-32e4-11ea-b9f8-4d0b340ad993\", \"terms_order_by\": \"61fb4192-32e4-11ea-b9f8-4d0b340ad993\", \"stacked\": \"none\", \"type\": \"timeseries\", \"split_mode\": \"everything\", \"metrics\": [{\"size\": 1, \"field\": \"iis.webserver.network.bytes_sent_per_sec\", \"order\": \"desc\", \"type\": \"avg\", \"agg_with\": \"avg\", \"id\": \"61fb4192-32e4-11ea-b9f8-4d0b340ad993\", \"order_by\": \"@timestamp\"}], \"separate_axis\": 0, \"point_size\": 0, \"value_template\": \"{{value}}/s\", \"chart_type\": \"line\", \"fill\": \"0\", \"formatter\": \"number\", \"label\": \"Bytes Sent/sec\"}, {\"color\": \"rgba(250,40,255,1)\", \"line_width\": \"2\", \"axis_position\": \"right\", \"id\": \"cb6910f0-8580-11ea-8d9f-cf59f8572d31\", \"stacked\": \"none\", \"type\": \"timeseries\", \"split_mode\": \"everything\", \"metrics\": [{\"type\": \"avg\", \"field\": \"iis.webserver.network.bytes_received_per_sec\", \"id\": \"cb693800-8580-11ea-8d9f-cf59f8572d31\"}], \"separate_axis\": 0, \"point_size\": \"\", \"value_template\": \"{{value}}/s\", \"chart_type\": \"line\", \"fill\": \"0\", \"formatter\": \"number\", \"label\": \"Bytes Received/sec\"}]}}"
            },
            "id": "92acc3e0-8582-11ea-91bc-ab084c7ec0e7",
            "migrationVersion": {
                "visualization": "7.4.2"
            },
            "references": [],
            "type": "visualization",
            "updated_at": "2020-04-24T13:07:24.547Z",
            "version": "WzUxNiwxXQ=="
        }
    ],
    "version": "7.6.2"
}