{
    "objects": [
        {
            "attributes": {
                "description": "",
                "kibanaSavedObjectMeta": {
                    "searchSourceJSON": "{\"query\": {\"language\": \"kuery\", \"query\": \"\"}, \"filter\": []}"
                },
                "title": "Available pods per deployment [Metricbeat Kubernetes] ECS",
                "uiStateJSON": "{}",
                "version": 1,
                "visState": "{\"aggs\": [], \"type\": \"metrics\", \"title\": \"Available pods per deployment [Metricbeat Kubernetes] ECS\", \"params\": {\"time_field\": \"@timestamp\", \"type\": \"timeseries\", \"axis_formatter\": \"number\", \"interval\": \"auto\", \"axis_position\": \"left\", \"filter\": \"event.module:kubernetes AND metricset.name:state_deployment\", \"show_legend\": 1, \"series\": [{\"terms_field\": \"kubernetes.deployment.name\", \"seperate_axis\": 0, \"split_filters\": [{\"id\": \"53d35ad0-30df-11e7-8df8-6d3604a72912\", \"color\": \"#68BC00\"}], \"color\": \"rgba(104,188,0,1)\", \"line_width\": 1, \"axis_position\": \"right\", \"id\": \"64456840-30df-11e7-8df8-6d3604a72912\", \"stacked\": \"stacked\", \"terms_size\": \"10000\", \"split_mode\": \"terms\", \"metrics\": [{\"type\": \"avg\", \"field\": \"kubernetes.deployment.replicas.available\", \"id\": \"64456841-30df-11e7-8df8-6d3604a72912\"}], \"point_size\": 1, \"chart_type\": \"line\", \"fill\": 0.5, \"formatter\": \"number\", \"label\": \"Available pods\"}], \"id\": \"117fadf0-30df-11e7-8df8-6d3604a72912\", \"index_pattern\": \"metricbeat-*\", \"show_grid\": 1}}"
            },
            "id": "022a54c0-2bf5-11e7-859b-f78b612cde28-ecs",
            "type": "visualization",
            "updated_at": "2018-03-11T20:59:01.845Z",
            "version": 4
        },
        {
            "attributes": {
                "description": "",
                "kibanaSavedObjectMeta": {
                    "searchSourceJSON": "{\"query\": {\"language\": \"kuery\", \"query\": \"\"}, \"filter\": []}"
                },
                "title": "CPU usage by node  [Metricbeat Kubernetes] ECS",
                "uiStateJSON": "{}",
                "version": 1,
                "visState": "{\"aggs\": [], \"listeners\": {}, \"type\": \"metrics\", \"title\": \"CPU usage by node  [Metricbeat Kubernetes] ECS\", \"params\": {\"bar_color_rules\": [{\"id\": \"1373ddd0-2bf2-11e7-859b-f78b612cde28\"}], \"axis_formatter\": \"number\", \"show_legend\": 1, \"series\": [{\"series_time_field\": \"@timestamp\", \"seperate_axis\": 0, \"color\": \"#68BC00\", \"terms_size\": \"10000\", \"line_width\": 1, \"terms_field\": \"kubernetes.node.name\", \"id\": \"0d5c9220-2bf2-11e7-859b-f78b612cde28\", \"terms_order_by\": \"0d5c9221-2bf2-11e7-859b-f78b612cde28\", \"stacked\": \"none\", \"override_index_pattern\": 0, \"split_mode\": \"terms\", \"metrics\": [{\"type\": \"sum\", \"field\": \"kubernetes.container.cpu.usage.nanocores\", \"id\": \"0d5c9221-2bf2-11e7-859b-f78b612cde28\"}, {\"type\": \"avg\", \"field\": \"metricset.period\", \"id\": \"8b346300-bf95-11ea-a07c-851701f0d645\"}, {\"script\": \"params.sum_nanocores / (params._interval / params.avg_period)\", \"type\": \"calculation\", \"id\": \"25ae6580-bf95-11ea-a07c-851701f0d645\", \"variables\": [{\"field\": \"0d5c9221-2bf2-11e7-859b-f78b612cde28\", \"id\": \"39e40aa0-bf95-11ea-a07c-851701f0d645\", \"name\": \"sum_nanocores\"}, {\"field\": \"8b346300-bf95-11ea-a07c-851701f0d645\", \"id\": \"85213600-bf95-11ea-a07c-851701f0d645\", \"name\": \"avg_period\"}]}], \"point_size\": 1, \"value_template\": \"{{value}} nanocores\", \"chart_type\": \"line\", \"fill\": \"0.5\", \"formatter\": \"0.0a\", \"series_interval\": \"10s\", \"axis_position\": \"right\"}, {\"series_time_field\": \"@timestamp\", \"terms_field\": \"kubernetes.node.name\", \"seperate_axis\": 0, \"color\": \"rgba(211,49,21,1)\", \"terms_size\": \"10000\", \"line_width\": 1, \"axis_position\": \"right\", \"id\": \"22f65d40-31a7-11e7-84cc-096d2b38e6e5\", \"hide_in_legend\": 1, \"terms_order_by\": \"22f65d41-31a7-11e7-84cc-096d2b38e6e5\", \"stacked\": \"none\", \"override_index_pattern\": 0, \"split_mode\": \"terms\", \"metrics\": [{\"type\": \"avg\", \"field\": \"kubernetes.node.cpu.capacity.cores\", \"id\": \"22f65d41-31a7-11e7-84cc-096d2b38e6e5\"}, {\"script\": \"params.cores * 1000000000\", \"type\": \"calculation\", \"id\": \"4af4c390-34d6-11e7-be88-cb6a123dc1bb\", \"variables\": [{\"field\": \"22f65d41-31a7-11e7-84cc-096d2b38e6e5\", \"id\": \"4cd32080-34d6-11e7-be88-cb6a123dc1bb\", \"name\": \"cores\"}]}], \"point_size\": \"0\", \"value_template\": \"{{value}} nanocores\", \"chart_type\": \"line\", \"fill\": \"0\", \"formatter\": \"0.0a\", \"series_interval\": \"10s\", \"label\": \"\"}], \"filter\": \"event.module:kubernetes AND (metricset.name:container OR metricset.name:state_node)\", \"background_color_rules\": [{\"id\": \"12c1f2f0-2bf2-11e7-859b-f78b612cde28\"}], \"id\": \"0d5c6b10-2bf2-11e7-859b-f78b612cde28\", \"index_pattern\": \"metricbeat-*\", \"gauge_color_rules\": [{\"id\": \"140e4910-2bf2-11e7-859b-f78b612cde28\"}], \"gauge_inner_width\": 10, \"interval\": \"auto\", \"axis_position\": \"left\", \"gauge_width\": 10, \"type\": \"timeseries\", \"gauge_style\": \"half\", \"time_field\": \"@timestamp\"}}"
            },
            "id": "44f12b40-2bf4-11e7-859b-f78b612cde28-ecs",
            "type": "visualization",
            "updated_at": "2018-03-01T18:58:07.906Z",
            "version": 3
        },
        {
            "attributes": {
                "description": "",
                "kibanaSavedObjectMeta": {
                    "searchSourceJSON": "{\"query\": {\"language\": \"kuery\", \"query\": \"\"}, \"filter\": []}"
                },
                "title": "Deployments [Metricbeat Kubernetes] ECS",
                "uiStateJSON": "{}",
                "version": 1,
                "visState": "{\"aggs\": [], \"listeners\": {}, \"type\": \"metrics\", \"title\": \"Deployments [Metricbeat Kubernetes] ECS\", \"params\": {\"bar_color_rules\": [{\"id\": \"68cdba10-30e0-11e7-8df8-6d3604a72912\"}], \"axis_formatter\": \"number\", \"show_legend\": 1, \"series\": [{\"terms_field\": \"kubernetes.deployment.name\", \"seperate_axis\": 0, \"color\": \"#68BC00\", \"line_width\": 1, \"axis_position\": \"right\", \"id\": \"4c4690b1-30e0-11e7-8df8-6d3604a72912\", \"stacked\": \"none\", \"split_mode\": \"everything\", \"metrics\": [{\"type\": \"cardinality\", \"field\": \"kubernetes.deployment.name\", \"id\": \"4c4690b2-30e0-11e7-8df8-6d3604a72912\"}], \"point_size\": 1, \"chart_type\": \"line\", \"fill\": 0.5, \"formatter\": \"number\", \"label\": \"Deployments\"}], \"filter\": \"event.module:kubernetes AND metricset.name:state_deployment\", \"background_color_rules\": [{\"id\": \"67ee7da0-30e0-11e7-8df8-6d3604a72912\"}], \"id\": \"4c4690b0-30e0-11e7-8df8-6d3604a72912\", \"index_pattern\": \"metricbeat-*\", \"gauge_color_rules\": [{\"id\": \"69765620-30e0-11e7-8df8-6d3604a72912\"}], \"gauge_inner_width\": 10, \"interval\": \"auto\", \"axis_position\": \"left\", \"gauge_width\": 10, \"type\": \"metric\", \"gauge_style\": \"half\", \"time_field\": \"@timestamp\"}}"
            },
            "id": "cd059410-2bfb-11e7-859b-f78b612cde28-ecs",
            "type": "visualization",
            "updated_at": "2018-03-01T18:58:07.906Z",
            "version": 3
        },
        {
            "attributes": {
                "description": "",
                "kibanaSavedObjectMeta": {
                    "searchSourceJSON": "{\"query\": {\"language\": \"kuery\", \"query\": \"\"}, \"filter\": []}"
                },
                "title": "Desired pods [Metricbeat Kubernetes] ECS",
                "uiStateJSON": "{}",
                "version": 1,
                "visState": "{\"aggs\": [], \"listeners\": {}, \"type\": \"metrics\", \"title\": \"Desired pods [Metricbeat Kubernetes] ECS\", \"params\": {\"bar_color_rules\": [{\"id\": \"674d83b0-30d5-11e7-8df8-6d3604a72912\"}], \"axis_formatter\": \"number\", \"show_legend\": 1, \"series\": [{\"series_time_field\": \"@timestamp\", \"seperate_axis\": 0, \"color\": \"#68BC00\", \"line_width\": 1, \"axis_position\": \"right\", \"id\": \"2fe9d3b1-30d5-11e7-8df8-6d3604a72912\", \"stacked\": \"none\", \"override_index_pattern\": 1, \"split_mode\": \"everything\", \"metrics\": [{\"type\": \"sum\", \"field\": \"kubernetes.deployment.replicas.desired\", \"id\": \"54cf79a0-30d5-11e7-8df8-6d3604a72912\"}], \"point_size\": 1, \"chart_type\": \"line\", \"fill\": 0.5, \"formatter\": \"number\", \"series_interval\": \"10s\", \"label\": \"Desired Pods\"}], \"filter\": \"event.module:kubernetes AND metricset.name:state_deployment\", \"index_pattern\": \"metricbeat-*\", \"id\": \"2fe9d3b0-30d5-11e7-8df8-6d3604a72912\", \"background_color_rules\": [{\"id\": \"508ffb30-30d5-11e7-8df8-6d3604a72912\"}], \"gauge_color_rules\": [{\"id\": \"50f9b980-30d5-11e7-8df8-6d3604a72912\"}], \"gauge_inner_width\": \"10\", \"interval\": \"auto\", \"axis_position\": \"left\", \"gauge_max\": \"5\", \"gauge_width\": \"10\", \"type\": \"metric\", \"gauge_style\": \"half\", \"time_field\": \"@timestamp\"}}"
            },
            "id": "e1018b90-2bfb-11e7-859b-f78b612cde28-ecs",
            "type": "visualization",
            "updated_at": "2018-03-01T18:58:07.906Z",
            "version": 3
        },
        {
            "attributes": {
                "description": "",
                "kibanaSavedObjectMeta": {
                    "searchSourceJSON": "{\"query\": {\"language\": \"kuery\", \"query\": \"\"}, \"filter\": []}"
                },
                "title": "Memory usage by node  [Metricbeat Kubernetes] ECS",
                "uiStateJSON": "{}",
                "version": 1,
                "visState": "{\"aggs\": [], \"type\": \"metrics\", \"title\": \"Memory usage by node  [Metricbeat Kubernetes] ECS\", \"params\": {\"bar_color_rules\": [{\"id\": \"1373ddd0-2bf2-11e7-859b-f78b612cde28\"}], \"axis_formatter\": \"number\", \"show_legend\": 1, \"series\": [{\"seperate_axis\": 0, \"color\": \"#68BC00\", \"line_width\": 1, \"terms_field\": \"kubernetes.node.name\", \"id\": \"0d5c9220-2bf2-11e7-859b-f78b612cde28\", \"terms_order_by\": \"0d5c9221-2bf2-11e7-859b-f78b612cde28\", \"stacked\": \"none\", \"terms_size\": \"10000\", \"split_mode\": \"terms\", \"metrics\": [{\"type\": \"sum\", \"field\": \"kubernetes.container.memory.usage.bytes\", \"id\": \"0d5c9221-2bf2-11e7-859b-f78b612cde28\"}, {\"type\": \"cumulative_sum\", \"field\": \"0d5c9221-2bf2-11e7-859b-f78b612cde28\", \"id\": \"9f0cf900-1ffb-11e8-81f2-43be86397500\"}, {\"unit\": \"10s\", \"type\": \"derivative\", \"field\": \"9f0cf900-1ffb-11e8-81f2-43be86397500\", \"id\": \"a926e130-1ffb-11e8-81f2-43be86397500\"}], \"point_size\": 1, \"chart_type\": \"line\", \"fill\": 0.5, \"formatter\": \"bytes\", \"axis_position\": \"right\"}, {\"terms_field\": \"kubernetes.node.name\", \"seperate_axis\": 0, \"color\": \"rgba(211,49,21,1)\", \"line_width\": 1, \"axis_position\": \"right\", \"id\": \"8ba3b270-31a7-11e7-84cc-096d2b38e6e5\", \"hide_in_legend\": 1, \"terms_order_by\": \"8ba3b271-31a7-11e7-84cc-096d2b38e6e5\", \"stacked\": \"none\", \"terms_size\": \"10000\", \"split_mode\": \"terms\", \"metrics\": [{\"type\": \"sum\", \"field\": \"kubernetes.node.memory.capacity.bytes\", \"id\": \"8ba3b271-31a7-11e7-84cc-096d2b38e6e5\"}, {\"type\": \"cumulative_sum\", \"field\": \"8ba3b271-31a7-11e7-84cc-096d2b38e6e5\", \"id\": \"d1fb2670-1ffb-11e8-81f2-43be86397500\"}, {\"unit\": \"10s\", \"type\": \"derivative\", \"field\": \"d1fb2670-1ffb-11e8-81f2-43be86397500\", \"id\": \"dc8b01f0-1ffb-11e8-81f2-43be86397500\"}], \"point_size\": \"0\", \"chart_type\": \"line\", \"fill\": \"0\", \"formatter\": \"bytes\", \"label\": \"Node capacity\"}], \"filter\": \"event.module:kubernetes AND (metricset.name:container OR metricset.name:state_node)\", \"background_color_rules\": [{\"id\": \"12c1f2f0-2bf2-11e7-859b-f78b612cde28\"}], \"id\": \"0d5c6b10-2bf2-11e7-859b-f78b612cde28\", \"index_pattern\": \"metricbeat-*\", \"gauge_color_rules\": [{\"id\": \"140e4910-2bf2-11e7-859b-f78b612cde28\"}], \"gauge_inner_width\": 10, \"interval\": \"auto\", \"axis_position\": \"left\", \"time_field\": \"@timestamp\", \"gauge_width\": 10, \"type\": \"timeseries\", \"gauge_style\": \"half\", \"show_grid\": 1}}"
            },
            "id": "d6564360-2bfc-11e7-859b-f78b612cde28-ecs",
            "type": "visualization",
            "updated_at": "2018-03-04T23:15:29.035Z",
            "version": 4
        },
        {
            "attributes": {
                "description": "",
                "kibanaSavedObjectMeta": {
                    "searchSourceJSON": "{\"query\": {\"language\": \"kuery\", \"query\": \"\"}, \"filter\": []}"
                },
                "title": "Network in by node  [Metricbeat Kubernetes] ECS",
                "uiStateJSON": "{}",
                "version": 1,
                "visState": "{\"aggs\": [], \"listeners\": {}, \"type\": \"metrics\", \"title\": \"Network in by node  [Metricbeat Kubernetes] ECS\", \"params\": {\"bar_color_rules\": [{\"id\": \"1373ddd0-2bf2-11e7-859b-f78b612cde28\"}], \"axis_formatter\": \"number\", \"show_legend\": 1, \"series\": [{\"terms_field\": \"kubernetes.node.name\", \"seperate_axis\": 0, \"color\": \"rgba(104,188,0,1)\", \"line_width\": 1, \"axis_position\": \"right\", \"id\": \"0d5c9220-2bf2-11e7-859b-f78b612cde28\", \"terms_order_by\": \"0d5c9221-2bf2-11e7-859b-f78b612cde28\", \"stacked\": \"stacked\", \"terms_size\": \"100000\", \"split_mode\": \"terms\", \"metrics\": [{\"type\": \"max\", \"field\": \"kubernetes.pod.network.rx.bytes\", \"id\": \"0d5c9221-2bf2-11e7-859b-f78b612cde28\"}, {\"unit\": \"\", \"type\": \"derivative\", \"field\": \"0d5c9221-2bf2-11e7-859b-f78b612cde28\", \"id\": \"494fc310-2bf7-11e7-859b-f78b612cde28\"}, {\"unit\": \"\", \"type\": \"positive_only\", \"field\": \"494fc310-2bf7-11e7-859b-f78b612cde28\", \"id\": \"37c72a70-3598-11e7-aa4a-8313a0c92a88\"}], \"point_size\": 1, \"chart_type\": \"line\", \"fill\": 0.5, \"formatter\": \"bytes\", \"label\": \"\"}], \"filter\": \"event.module:kubernetes AND metricset.name:pod\", \"background_color_rules\": [{\"id\": \"12c1f2f0-2bf2-11e7-859b-f78b612cde28\"}], \"id\": \"0d5c6b10-2bf2-11e7-859b-f78b612cde28\", \"index_pattern\": \"metricbeat-*\", \"gauge_color_rules\": [{\"id\": \"140e4910-2bf2-11e7-859b-f78b612cde28\"}], \"gauge_inner_width\": 10, \"interval\": \"auto\", \"axis_position\": \"left\", \"gauge_width\": 10, \"type\": \"timeseries\", \"gauge_style\": \"half\", \"time_field\": \"@timestamp\"}}"
            },
            "id": "16fa4470-2bfd-11e7-859b-f78b612cde28-ecs",
            "type": "visualization",
            "updated_at": "2018-03-01T18:58:07.906Z",
            "version": 4
        },
        {
            "attributes": {
                "description": "",
                "kibanaSavedObjectMeta": {
                    "searchSourceJSON": "{\"query\": {\"language\": \"kuery\", \"query\": \"\"}, \"filter\": []}"
                },
                "title": "Network out by node  [Metricbeat Kubernetes] ECS",
                "uiStateJSON": "{}",
                "version": 1,
                "visState": "{\"aggs\": [], \"listeners\": {}, \"type\": \"metrics\", \"title\": \"Network out by node  [Metricbeat Kubernetes] ECS\", \"params\": {\"bar_color_rules\": [{\"id\": \"1373ddd0-2bf2-11e7-859b-f78b612cde28\"}], \"axis_formatter\": \"number\", \"show_legend\": 1, \"series\": [{\"terms_field\": \"kubernetes.node.name\", \"seperate_axis\": 0, \"color\": \"rgba(104,188,0,1)\", \"line_width\": 1, \"axis_position\": \"right\", \"id\": \"0d5c9220-2bf2-11e7-859b-f78b612cde28\", \"terms_order_by\": \"0d5c9221-2bf2-11e7-859b-f78b612cde28\", \"stacked\": \"stacked\", \"terms_size\": \"10000\", \"split_mode\": \"terms\", \"metrics\": [{\"type\": \"max\", \"field\": \"kubernetes.pod.network.tx.bytes\", \"id\": \"0d5c9221-2bf2-11e7-859b-f78b612cde28\"}, {\"unit\": \"\", \"type\": \"derivative\", \"field\": \"0d5c9221-2bf2-11e7-859b-f78b612cde28\", \"id\": \"494fc310-2bf7-11e7-859b-f78b612cde28\"}, {\"unit\": \"\", \"type\": \"positive_only\", \"field\": \"494fc310-2bf7-11e7-859b-f78b612cde28\", \"id\": \"244c70e0-3598-11e7-aa4a-8313a0c92a88\"}], \"point_size\": 1, \"chart_type\": \"line\", \"fill\": 0.5, \"formatter\": \"bytes\", \"label\": \"\"}], \"filter\": \"event.module:kubernetes AND metricset.name:pod\", \"background_color_rules\": [{\"id\": \"12c1f2f0-2bf2-11e7-859b-f78b612cde28\"}], \"id\": \"0d5c6b10-2bf2-11e7-859b-f78b612cde28\", \"index_pattern\": \"metricbeat-*\", \"gauge_color_rules\": [{\"id\": \"140e4910-2bf2-11e7-859b-f78b612cde28\"}], \"gauge_inner_width\": 10, \"interval\": \"auto\", \"axis_position\": \"left\", \"gauge_width\": 10, \"type\": \"timeseries\", \"gauge_style\": \"half\", \"time_field\": \"@timestamp\"}}"
            },
            "id": "294546b0-30d6-11e7-8df8-6d3604a72912-ecs",
            "type": "visualization",
            "updated_at": "2018-03-01T18:58:07.906Z",
            "version": 4
        },
        {
            "attributes": {
                "description": "",
                "kibanaSavedObjectMeta": {
                    "searchSourceJSON": "{\"query\": {\"language\": \"kuery\", \"query\": \"\"}, \"filter\": []}"
                },
                "title": "Nodes [Metricbeat Kubernetes] ECS",
                "uiStateJSON": "{}",
                "version": 1,
                "visState": "{\"aggs\": [], \"listeners\": {}, \"type\": \"metrics\", \"title\": \"Nodes [Metricbeat Kubernetes] ECS\", \"params\": {\"bar_color_rules\": [{\"id\": \"68cdba10-30e0-11e7-8df8-6d3604a72912\"}], \"axis_formatter\": \"number\", \"show_legend\": 1, \"series\": [{\"terms_field\": \"kubernetes.deployment.name\", \"seperate_axis\": 0, \"color\": \"#68BC00\", \"line_width\": 1, \"axis_position\": \"right\", \"id\": \"4c4690b1-30e0-11e7-8df8-6d3604a72912\", \"stacked\": \"none\", \"split_mode\": \"everything\", \"metrics\": [{\"type\": \"cardinality\", \"field\": \"kubernetes.node.name\", \"id\": \"4c4690b2-30e0-11e7-8df8-6d3604a72912\"}], \"point_size\": 1, \"chart_type\": \"line\", \"fill\": 0.5, \"formatter\": \"number\", \"label\": \"Nodes\"}], \"filter\": \"event.module:kubernetes AND metricset.name:state_node\", \"background_color_rules\": [{\"id\": \"67ee7da0-30e0-11e7-8df8-6d3604a72912\"}], \"id\": \"4c4690b0-30e0-11e7-8df8-6d3604a72912\", \"index_pattern\": \"metricbeat-*\", \"gauge_color_rules\": [{\"id\": \"69765620-30e0-11e7-8df8-6d3604a72912\"}], \"gauge_inner_width\": 10, \"interval\": \"auto\", \"axis_position\": \"left\", \"gauge_width\": 10, \"type\": \"metric\", \"gauge_style\": \"half\", \"time_field\": \"@timestamp\"}}"
            },
            "id": "408fccf0-30d6-11e7-8df8-6d3604a72912-ecs",
            "type": "visualization",
            "updated_at": "2018-03-01T18:58:07.906Z",
            "version": 3
        },
        {
            "attributes": {
                "description": "",
                "kibanaSavedObjectMeta": {
                    "searchSourceJSON": "{\"query\": {\"language\": \"kuery\", \"query\": \"\"}, \"filter\": []}"
                },
                "title": "Top CPU intensive pods  [Metricbeat Kubernetes] ECS",
                "uiStateJSON": "{}",
                "version": 1,
                "visState": "{\"aggs\": [], \"listeners\": {}, \"type\": \"metrics\", \"title\": \"Top CPU intensive pods  [Metricbeat Kubernetes] ECS\", \"params\": {\"time_field\": \"@timestamp\", \"bar_color_rules\": [{\"id\": \"802104d0-2bfc-11e7-859b-f78b612cde28\"}], \"axis_formatter\": \"number\", \"interval\": \"auto\", \"axis_position\": \"left\", \"filter\": \"event.module:kubernetes AND metricset.name:container\", \"show_legend\": 1, \"series\": [{\"seperate_axis\": 0, \"color\": \"#68BC00\", \"line_width\": 1, \"terms_field\": \"kubernetes.pod.name\", \"id\": \"5d3692a1-2bfc-11e7-859b-f78b612cde28\", \"terms_order_by\": \"5d3692a2-2bfc-11e7-859b-f78b612cde28\", \"stacked\": \"none\", \"override_index_pattern\": 0, \"split_mode\": \"terms\", \"metrics\": [{\"type\": \"max\", \"field\": \"kubernetes.container.cpu.usage.core.ns\", \"id\": \"5d3692a2-2bfc-11e7-859b-f78b612cde28\"}, {\"unit\": \"1s\", \"type\": \"derivative\", \"field\": \"5d3692a2-2bfc-11e7-859b-f78b612cde28\", \"id\": \"6c905240-2bfc-11e7-859b-f78b612cde28\"}, {\"unit\": \"\", \"type\": \"positive_only\", \"field\": \"6c905240-2bfc-11e7-859b-f78b612cde28\", \"id\": \"9a51f710-359d-11e7-aa4a-8313a0c92a88\"}], \"offset_time\": \"\", \"point_size\": 1, \"value_template\": \"{{value}} ns\", \"chart_type\": \"line\", \"fill\": 0.5, \"formatter\": \"0.0 a\", \"axis_position\": \"right\"}], \"id\": \"5d3692a0-2bfc-11e7-859b-f78b612cde28\", \"index_pattern\": \"metricbeat-*\", \"type\": \"top_n\"}}"
            },
            "id": "58e644f0-30d6-11e7-8df8-6d3604a72912-ecs",
            "type": "visualization",
            "updated_at": "2018-03-01T18:58:07.906Z",
            "version": 4
        },
        {
            "attributes": {
                "description": "",
                "kibanaSavedObjectMeta": {
                    "searchSourceJSON": "{\"query\": {\"language\": \"kuery\", \"query\": \"\"}, \"filter\": []}"
                },
                "title": "Top memory intensive pods  [Metricbeat Kubernetes] ECS",
                "uiStateJSON": "{}",
                "version": 1,
                "visState": "{\"aggs\": [], \"type\": \"metrics\", \"title\": \"Top memory intensive pods  [Metricbeat Kubernetes] ECS\", \"params\": {\"bar_color_rules\": [{\"id\": \"802104d0-2bfc-11e7-859b-f78b612cde28\"}], \"axis_formatter\": \"number\", \"id\": \"5d3692a0-2bfc-11e7-859b-f78b612cde28\", \"filter\": \"event.module:kubernetes AND metricset.name:container\", \"show_legend\": 1, \"index_pattern\": \"metricbeat-*\", \"time_field\": \"@timestamp\", \"interval\": \"auto\", \"axis_position\": \"left\", \"type\": \"top_n\", \"series\": [{\"seperate_axis\": 0, \"color\": \"#68BC00\", \"terms_size\": \"10\", \"line_width\": 1, \"terms_field\": \"kubernetes.pod.name\", \"id\": \"5d3692a1-2bfc-11e7-859b-f78b612cde28\", \"terms_order_by\": \"5d3692a2-2bfc-11e7-859b-f78b612cde28\", \"stacked\": \"none\", \"override_index_pattern\": 0, \"split_mode\": \"terms\", \"metrics\": [{\"type\": \"sum\", \"field\": \"kubernetes.container.memory.usage.bytes\", \"id\": \"5d3692a2-2bfc-11e7-859b-f78b612cde28\"}, {\"type\": \"cumulative_sum\", \"field\": \"5d3692a2-2bfc-11e7-859b-f78b612cde28\", \"id\": \"3972e9f0-256f-11e8-84e6-87221f87ae3b\"}, {\"unit\": \"10s\", \"type\": \"derivative\", \"field\": \"3972e9f0-256f-11e8-84e6-87221f87ae3b\", \"id\": \"3e9fd5a0-256f-11e8-84e6-87221f87ae3b\"}], \"offset_time\": \"\", \"point_size\": 1, \"value_template\": \"\", \"chart_type\": \"line\", \"fill\": 0.5, \"formatter\": \"bytes\", \"axis_position\": \"right\"}], \"show_grid\": 1}}"
            },
            "id": "a4c9d360-30df-11e7-8df8-6d3604a72912-ecs",
            "type": "visualization",
            "updated_at": "2018-03-11T21:00:49.028Z",
            "version": 4
        },
        {
            "attributes": {
                "description": "",
                "kibanaSavedObjectMeta": {
                    "searchSourceJSON": "{\"query\": {\"language\": \"kuery\", \"query\": \"\"}, \"filter\": []}"
                },
                "title": "Unavailable pods [Metricbeat Kubernetes] ECS",
                "uiStateJSON": "{}",
                "version": 1,
                "visState": "{\"aggs\": [], \"listeners\": {}, \"type\": \"metrics\", \"title\": \"Unavailable pods [Metricbeat Kubernetes] ECS\", \"params\": {\"bar_color_rules\": [{\"id\": \"674d83b0-30d5-11e7-8df8-6d3604a72912\"}], \"axis_formatter\": \"number\", \"show_legend\": 1, \"series\": [{\"seperate_axis\": 0, \"color\": \"#68BC00\", \"line_width\": 1, \"axis_position\": \"right\", \"id\": \"2fe9d3b1-30d5-11e7-8df8-6d3604a72912\", \"stacked\": \"none\", \"override_index_pattern\": 1, \"split_mode\": \"everything\", \"metrics\": [{\"type\": \"sum\", \"field\": \"kubernetes.deployment.replicas.unavailable\", \"id\": \"54cf79a0-30d5-11e7-8df8-6d3604a72912\"}], \"point_size\": 1, \"chart_type\": \"line\", \"fill\": 0.5, \"formatter\": \"number\", \"series_interval\": \"10s\", \"label\": \"Unavailable Pods\"}], \"filter\": \"event.module:kubernetes AND metricset.name:state_deployment\", \"index_pattern\": \"metricbeat-*\", \"id\": \"2fe9d3b0-30d5-11e7-8df8-6d3604a72912\", \"background_color_rules\": [{\"id\": \"508ffb30-30d5-11e7-8df8-6d3604a72912\"}], \"gauge_color_rules\": [{\"id\": \"50f9b980-30d5-11e7-8df8-6d3604a72912\"}], \"gauge_inner_width\": \"10\", \"interval\": \"auto\", \"axis_position\": \"left\", \"gauge_max\": \"\", \"gauge_width\": \"10\", \"type\": \"metric\", \"gauge_style\": \"half\", \"time_field\": \"@timestamp\"}}"
            },
            "id": "174a6ad0-30e0-11e7-8df8-6d3604a72912-ecs",
            "type": "visualization",
            "updated_at": "2018-03-01T18:58:07.906Z",
            "version": 3
        },
        {
            "attributes": {
                "description": "",
                "kibanaSavedObjectMeta": {
                    "searchSourceJSON": "{\"query\": {\"language\": \"kuery\", \"query\": \"\"}, \"filter\": []}"
                },
                "title": "Unavailable pods per deployment [Metricbeat Kubernetes] ECS",
                "uiStateJSON": "{}",
                "version": 1,
                "visState": "{\"aggs\": [], \"type\": \"metrics\", \"title\": \"Unavailable pods per deployment [Metricbeat Kubernetes] ECS\", \"params\": {\"time_field\": \"@timestamp\", \"type\": \"timeseries\", \"axis_formatter\": \"number\", \"interval\": \"auto\", \"axis_position\": \"left\", \"filter\": \"event.module:kubernetes AND metricset.name:state_deployment\", \"show_legend\": 1, \"series\": [{\"terms_field\": \"kubernetes.deployment.name\", \"seperate_axis\": 0, \"split_filters\": [{\"id\": \"53d35ad0-30df-11e7-8df8-6d3604a72912\", \"color\": \"#68BC00\"}], \"color\": \"rgba(254,146,0,1)\", \"line_width\": 1, \"axis_position\": \"right\", \"id\": \"64456840-30df-11e7-8df8-6d3604a72912\", \"stacked\": \"stacked\", \"terms_size\": \"10000\", \"split_mode\": \"terms\", \"metrics\": [{\"type\": \"avg\", \"field\": \"kubernetes.deployment.replicas.unavailable\", \"id\": \"64456841-30df-11e7-8df8-6d3604a72912\"}], \"point_size\": 1, \"chart_type\": \"line\", \"fill\": 0.5, \"formatter\": \"number\", \"label\": \"Unavailable pods\"}], \"id\": \"117fadf0-30df-11e7-8df8-6d3604a72912\", \"index_pattern\": \"metricbeat-*\", \"show_grid\": 1}}"
            },
            "id": "7aac4fd0-30e0-11e7-8df8-6d3604a72912-ecs",
            "type": "visualization",
            "updated_at": "2018-03-11T20:59:18.668Z",
            "version": 4
        },
        {
            "attributes": {
                "description": "",
                "kibanaSavedObjectMeta": {
                    "searchSourceJSON": "{\"query\": {\"language\": \"kuery\", \"query\": \"\"}, \"filter\": []}"
                },
                "title": "Available pods [Metricbeat Kubernetes] ECS",
                "uiStateJSON": "{}",
                "version": 1,
                "visState": "{\"aggs\": [], \"listeners\": {}, \"type\": \"metrics\", \"title\": \"Available pods [Metricbeat Kubernetes] ECS\", \"params\": {\"bar_color_rules\": [{\"id\": \"674d83b0-30d5-11e7-8df8-6d3604a72912\"}], \"axis_formatter\": \"number\", \"show_legend\": 1, \"series\": [{\"series_time_field\": \"@timestamp\", \"series_index_pattern\": \"*\", \"seperate_axis\": 0, \"color\": \"#68BC00\", \"line_width\": 1, \"axis_position\": \"right\", \"id\": \"2fe9d3b1-30d5-11e7-8df8-6d3604a72912\", \"stacked\": \"none\", \"override_index_pattern\": 1, \"split_mode\": \"everything\", \"metrics\": [{\"type\": \"sum\", \"field\": \"kubernetes.deployment.replicas.available\", \"id\": \"54cf79a0-30d5-11e7-8df8-6d3604a72912\"}], \"point_size\": 1, \"chart_type\": \"line\", \"fill\": 0.5, \"formatter\": \"number\", \"series_interval\": \"10s\", \"label\": \"Available Pods\"}], \"filter\": \"event.module:kubernetes AND metricset.name:state_deployment\", \"index_pattern\": \"metricbeat-*\", \"id\": \"2fe9d3b0-30d5-11e7-8df8-6d3604a72912\", \"background_color_rules\": [{\"id\": \"508ffb30-30d5-11e7-8df8-6d3604a72912\"}], \"gauge_color_rules\": [{\"id\": \"50f9b980-30d5-11e7-8df8-6d3604a72912\"}], \"gauge_inner_width\": \"10\", \"interval\": \"auto\", \"axis_position\": \"left\", \"gauge_max\": \"5\", \"gauge_width\": \"10\", \"type\": \"metric\", \"gauge_style\": \"half\", \"time_field\": \"@timestamp\"}}"
            },
            "id": "da1ff7c0-30ed-11e7-b9e5-2b5b07213ab3-ecs",
            "type": "visualization",
            "updated_at": "2018-03-01T18:58:07.906Z",
            "version": 3
        },
        {
            "attributes": {
                "description": "Overview of Kubernetes cluster metrics",
                "hits": 0,
                "kibanaSavedObjectMeta": {
                    "searchSourceJSON": "{\"version\": true, \"query\": {\"language\": \"kuery\", \"query\": \"\"}, \"highlightAll\": true, \"filter\": []}"
                },
                "optionsJSON": "{\"useMargins\": false, \"darkTheme\": false}",
                "panelsJSON": "[{\"version\": \"6.2.2\", \"gridData\": {\"w\": 6, \"x\": 6, \"y\": 0, \"i\": \"1\", \"h\": 3}, \"panelIndex\": \"1\", \"id\": \"022a54c0-2bf5-11e7-859b-f78b612cde28-ecs\", \"type\": \"visualization\"}, {\"version\": \"6.2.2\", \"gridData\": {\"w\": 6, \"x\": 0, \"y\": 6, \"i\": \"2\", \"h\": 3}, \"panelIndex\": \"2\", \"id\": \"44f12b40-2bf4-11e7-859b-f78b612cde28-ecs\", \"type\": \"visualization\"}, {\"version\": \"6.2.2\", \"gridData\": {\"w\": 3, \"x\": 3, \"y\": 0, \"i\": \"5\", \"h\": 3}, \"panelIndex\": \"5\", \"id\": \"cd059410-2bfb-11e7-859b-f78b612cde28-ecs\", \"type\": \"visualization\"}, {\"version\": \"6.2.2\", \"gridData\": {\"w\": 2, \"x\": 0, \"y\": 3, \"i\": \"6\", \"h\": 3}, \"panelIndex\": \"6\", \"id\": \"e1018b90-2bfb-11e7-859b-f78b612cde28-ecs\", \"type\": \"visualization\"}, {\"version\": \"6.2.2\", \"gridData\": {\"w\": 6, \"x\": 6, \"y\": 6, \"i\": \"7\", \"h\": 3}, \"panelIndex\": \"7\", \"id\": \"d6564360-2bfc-11e7-859b-f78b612cde28-ecs\", \"type\": \"visualization\"}, {\"version\": \"6.2.2\", \"gridData\": {\"w\": 6, \"x\": 6, \"y\": 9, \"i\": \"8\", \"h\": 3}, \"panelIndex\": \"8\", \"id\": \"16fa4470-2bfd-11e7-859b-f78b612cde28-ecs\", \"type\": \"visualization\"}, {\"version\": \"6.2.2\", \"gridData\": {\"w\": 6, \"x\": 0, \"y\": 9, \"i\": \"9\", \"h\": 3}, \"panelIndex\": \"9\", \"id\": \"294546b0-30d6-11e7-8df8-6d3604a72912-ecs\", \"type\": \"visualization\"}, {\"version\": \"6.2.2\", \"gridData\": {\"w\": 3, \"x\": 0, \"y\": 0, \"i\": \"10\", \"h\": 3}, \"panelIndex\": \"10\", \"id\": \"408fccf0-30d6-11e7-8df8-6d3604a72912-ecs\", \"type\": \"visualization\"}, {\"version\": \"6.2.2\", \"gridData\": {\"w\": 6, \"x\": 0, \"y\": 12, \"i\": \"11\", \"h\": 3}, \"panelIndex\": \"11\", \"id\": \"58e644f0-30d6-11e7-8df8-6d3604a72912-ecs\", \"type\": \"visualization\"}, {\"version\": \"6.2.2\", \"gridData\": {\"w\": 6, \"x\": 6, \"y\": 12, \"i\": \"12\", \"h\": 3}, \"panelIndex\": \"12\", \"id\": \"a4c9d360-30df-11e7-8df8-6d3604a72912-ecs\", \"type\": \"visualization\"}, {\"version\": \"6.2.2\", \"gridData\": {\"w\": 2, \"x\": 4, \"y\": 3, \"i\": \"13\", \"h\": 3}, \"panelIndex\": \"13\", \"id\": \"174a6ad0-30e0-11e7-8df8-6d3604a72912-ecs\", \"type\": \"visualization\"}, {\"version\": \"6.2.2\", \"gridData\": {\"w\": 6, \"x\": 6, \"y\": 3, \"i\": \"14\", \"h\": 3}, \"panelIndex\": \"14\", \"id\": \"7aac4fd0-30e0-11e7-8df8-6d3604a72912-ecs\", \"type\": \"visualization\"}, {\"version\": \"6.2.2\", \"gridData\": {\"w\": 2, \"x\": 2, \"y\": 3, \"i\": \"15\", \"h\": 3}, \"panelIndex\": \"15\", \"id\": \"da1ff7c0-30ed-11e7-b9e5-2b5b07213ab3-ecs\", \"type\": \"visualization\"}]",
                "timeRestore": false,
                "title": "[Metricbeat Kubernetes] Overview ECS",
                "version": 1
            },
            "id": "AV4RGUqo5NkDleZmzKuZ-ecs",
            "type": "dashboard",
            "updated_at": "2018-03-11T21:00:58.354Z",
            "version": 4
        }
    ],
    "version": "6.2.2"
}