{
    "objects": [
        {
            "attributes": {
                "description": "The dashboard presents metric data describing IBM MQ calls, collected by a queue manager.",
                "hits": 0,
                "kibanaSavedObjectMeta": {
                    "searchSourceJSON": "{\"query\": {\"language\": \"kuery\", \"query\": \"\"}, \"filter\": []}"
                },
                "optionsJSON": "{\"useMargins\": true, \"hidePanelTitles\": false}",
                "panelsJSON": "[{\"panelRefName\": \"panel_0\", \"gridData\": {\"w\": 16, \"x\": 0, \"y\": 0, \"i\": \"68140594-23bf-4e1e-a062-19b21e557e1a\", \"h\": 12}, \"panelIndex\": \"68140594-23bf-4e1e-a062-19b21e557e1a\", \"embeddableConfig\": {}, \"version\": \"7.4.0\"}, {\"panelRefName\": \"panel_1\", \"gridData\": {\"w\": 16, \"x\": 16, \"y\": 0, \"i\": \"2bb94f86-2fa8-4e3e-b91d-9838a29b9674\", \"h\": 12}, \"panelIndex\": \"2bb94f86-2fa8-4e3e-b91d-9838a29b9674\", \"embeddableConfig\": {}, \"version\": \"7.4.0\"}, {\"panelRefName\": \"panel_2\", \"gridData\": {\"w\": 16, \"x\": 32, \"y\": 0, \"i\": \"0b68733f-6f86-4686-9580-1354f5d6bc4d\", \"h\": 12}, \"panelIndex\": \"0b68733f-6f86-4686-9580-1354f5d6bc4d\", \"embeddableConfig\": {}, \"version\": \"7.4.0\"}, {\"panelRefName\": \"panel_3\", \"gridData\": {\"w\": 16, \"x\": 0, \"y\": 12, \"i\": \"0423a3f2-8f1f-4402-842b-9423008ac5c1\", \"h\": 12}, \"panelIndex\": \"0423a3f2-8f1f-4402-842b-9423008ac5c1\", \"embeddableConfig\": {}, \"version\": \"7.4.0\"}, {\"panelRefName\": \"panel_4\", \"gridData\": {\"w\": 16, \"x\": 16, \"y\": 12, \"i\": \"6936c053-8168-4eb9-9964-fc0e892b9130\", \"h\": 12}, \"panelIndex\": \"6936c053-8168-4eb9-9964-fc0e892b9130\", \"embeddableConfig\": {}, \"version\": \"7.4.0\"}, {\"panelRefName\": \"panel_5\", \"gridData\": {\"w\": 16, \"x\": 32, \"y\": 12, \"i\": \"084602cd-6b17-4f8f-97a8-c33ac2bafb14\", \"h\": 12}, \"panelIndex\": \"084602cd-6b17-4f8f-97a8-c33ac2bafb14\", \"embeddableConfig\": {}, \"version\": \"7.4.0\"}, {\"panelRefName\": \"panel_6\", \"gridData\": {\"w\": 16, \"x\": 0, \"y\": 24, \"i\": \"50a75e9d-e345-45c7-93fb-54e29d0863f2\", \"h\": 12}, \"panelIndex\": \"50a75e9d-e345-45c7-93fb-54e29d0863f2\", \"embeddableConfig\": {}, \"version\": \"7.4.0\"}, {\"panelRefName\": \"panel_7\", \"gridData\": {\"w\": 16, \"x\": 16, \"y\": 24, \"i\": \"9cae147d-66d9-4bff-b916-f3b82adc07be\", \"h\": 12}, \"panelIndex\": \"9cae147d-66d9-4bff-b916-f3b82adc07be\", \"embeddableConfig\": {}, \"version\": \"7.4.0\"}, {\"panelRefName\": \"panel_8\", \"gridData\": {\"w\": 16, \"x\": 32, \"y\": 24, \"i\": \"fc84cd97-80a9-406d-ab2b-c1d9ce5dca72\", \"h\": 12}, \"panelIndex\": \"fc84cd97-80a9-406d-ab2b-c1d9ce5dca72\", \"embeddableConfig\": {}, \"version\": \"7.4.0\"}, {\"panelRefName\": \"panel_9\", \"gridData\": {\"w\": 16, \"x\": 0, \"y\": 36, \"i\": \"d8c19a6d-a25b-4950-9ef4-6a15a894f725\", \"h\": 12}, \"panelIndex\": \"d8c19a6d-a25b-4950-9ef4-6a15a894f725\", \"embeddableConfig\": {}, \"version\": \"7.4.0\"}, {\"panelRefName\": \"panel_10\", \"gridData\": {\"w\": 16, \"x\": 16, \"y\": 36, \"i\": \"d76eb9f9-2198-475b-a058-7204244d5597\", \"h\": 12}, \"panelIndex\": \"d76eb9f9-2198-475b-a058-7204244d5597\", \"embeddableConfig\": {}, \"version\": \"7.4.0\"}]",
                "timeRestore": false,
                "title": "[Metricbeat IBM MQ] Calls Overview",
                "version": 1
            },
            "id": "fc5512c0-36d1-11ea-9f7a-097fe7ab3ddd",
            "migrationVersion": {
                "dashboard": "7.3.0"
            },
            "references": [
                {
                    "id": "07262080-36d3-11ea-9f7a-097fe7ab3ddd",
                    "name": "panel_0",
                    "type": "visualization"
                },
                {
                    "id": "1dba2700-36de-11ea-9f7a-097fe7ab3ddd",
                    "name": "panel_1",
                    "type": "visualization"
                },
                {
                    "id": "2fcbdab0-36de-11ea-9f7a-097fe7ab3ddd",
                    "name": "panel_2",
                    "type": "visualization"
                },
                {
                    "id": "d781db00-36df-11ea-9f7a-097fe7ab3ddd",
                    "name": "panel_3",
                    "type": "visualization"
                },
                {
                    "id": "fd0e16a0-36de-11ea-9f7a-097fe7ab3ddd",
                    "name": "panel_4",
                    "type": "visualization"
                },
                {
                    "id": "aa90ec20-36e0-11ea-9f7a-097fe7ab3ddd",
                    "name": "panel_5",
                    "type": "visualization"
                },
                {
                    "id": "fd0e16a0-36de-11ea-9f7a-097fe7ab3ddd",
                    "name": "panel_6",
                    "type": "visualization"
                },
                {
                    "id": "56b63f60-36e0-11ea-9f7a-097fe7ab3ddd",
                    "name": "panel_7",
                    "type": "visualization"
                },
                {
                    "id": "74874de0-36e0-11ea-9f7a-097fe7ab3ddd",
                    "name": "panel_8",
                    "type": "visualization"
                },
                {
                    "id": "92bf3480-36e0-11ea-9f7a-097fe7ab3ddd",
                    "name": "panel_9",
                    "type": "visualization"
                },
                {
                    "id": "c4be1ff0-36e0-11ea-9f7a-097fe7ab3ddd",
                    "name": "panel_10",
                    "type": "visualization"
                }
            ],
            "type": "dashboard",
            "updated_at": "2020-01-14T18:46:51.094Z",
            "version": "WzYyLDJd"
        },
        {
            "attributes": {
                "description": "",
                "kibanaSavedObjectMeta": {
                    "searchSourceJSON": "{\"query\": {\"language\": \"kuery\", \"query\": \"\"}, \"filter\": []}"
                },
                "title": "MQCB calls succeeded/failed [Metricbeat IBM MQ]",
                "uiStateJSON": "{}",
                "version": 1,
                "visState": "{\"aggs\": [], \"type\": \"metrics\", \"title\": \"MQCB calls succeeded/failed [Metricbeat IBM MQ]\", \"params\": {\"default_index_pattern\": \"metricbeat-*\", \"axis_formatter\": \"number\", \"show_legend\": 1, \"isModelInvalid\": false, \"id\": \"61ca57f0-469d-11e7-af02-69e470af7417\", \"index_pattern\": \"metricbeat-*\", \"time_field\": \"\", \"axis_min\": \"0\", \"axis_scale\": \"normal\", \"axis_position\": \"left\", \"default_timefield\": \"@timestamp\", \"type\": \"timeseries\", \"series\": [{\"terms_field\": \"prometheus.labels.qmgr\", \"color\": \"#68BC00\", \"line_width\": 1, \"axis_position\": \"right\", \"id\": \"61ca57f1-469d-11e7-af02-69e470af7417\", \"stacked\": \"none\", \"type\": \"timeseries\", \"split_mode\": \"terms\", \"metrics\": [{\"type\": \"max\", \"field\": \"prometheus.metrics.ibmmq_qmgr_mqcb_total\", \"id\": \"61ca57f2-469d-11e7-af02-69e470af7417\"}, {\"unit\": \"\", \"type\": \"derivative\", \"field\": \"61ca57f2-469d-11e7-af02-69e470af7417\", \"id\": \"92c00030-36d2-11ea-8b7d-bfeb3bd2cf33\"}], \"separate_axis\": 0, \"point_size\": 1, \"chart_type\": \"line\", \"fill\": 0.5, \"formatter\": \"number\", \"label\": \"\"}, {\"terms_field\": \"prometheus.labels.qmgr\", \"color\": \"rgba(211,49,21,1)\", \"line_width\": 1, \"axis_position\": \"right\", \"id\": \"a8f2add0-36d2-11ea-8b7d-bfeb3bd2cf33\", \"stacked\": \"none\", \"type\": \"timeseries\", \"split_mode\": \"terms\", \"metrics\": [{\"type\": \"max\", \"field\": \"prometheus.metrics.ibmmq_qmgr_failed_mqcb_total\", \"id\": \"a8f2add1-36d2-11ea-8b7d-bfeb3bd2cf33\"}, {\"unit\": \"\", \"type\": \"derivative\", \"field\": \"a8f2add1-36d2-11ea-8b7d-bfeb3bd2cf33\", \"id\": \"bb30c8b0-36d2-11ea-8b7d-bfeb3bd2cf33\"}], \"separate_axis\": 0, \"point_size\": 1, \"chart_type\": \"line\", \"fill\": 0.5, \"formatter\": \"number\", \"label\": \"\"}], \"legend_position\": \"bottom\", \"interval\": \"\", \"show_grid\": 1}}"
            },
            "id": "07262080-36d3-11ea-9f7a-097fe7ab3ddd",
            "migrationVersion": {
                "visualization": "7.3.1"
            },
            "references": [],
            "type": "visualization",
            "updated_at": "2020-01-14T13:37:37.416Z",
            "version": "WzI1LDJd"
        },
        {
            "attributes": {
                "description": "",
                "kibanaSavedObjectMeta": {
                    "searchSourceJSON": "{\"query\": {\"language\": \"kuery\", \"query\": \"\"}, \"filter\": []}"
                },
                "title": "MQCLOSE calls succeeded/failed [Metricbeat IBM MQ]",
                "uiStateJSON": "{}",
                "version": 1,
                "visState": "{\"aggs\": [], \"type\": \"metrics\", \"title\": \"MQCLOSE calls succeeded/failed [Metricbeat IBM MQ]\", \"params\": {\"default_index_pattern\": \"metricbeat-*\", \"axis_formatter\": \"number\", \"show_legend\": 1, \"isModelInvalid\": false, \"id\": \"61ca57f0-469d-11e7-af02-69e470af7417\", \"index_pattern\": \"metricbeat-*\", \"time_field\": \"\", \"axis_min\": \"0\", \"axis_scale\": \"normal\", \"axis_position\": \"left\", \"default_timefield\": \"@timestamp\", \"type\": \"timeseries\", \"series\": [{\"terms_field\": \"prometheus.labels.qmgr\", \"color\": \"#68BC00\", \"line_width\": 1, \"axis_position\": \"right\", \"id\": \"61ca57f1-469d-11e7-af02-69e470af7417\", \"stacked\": \"none\", \"type\": \"timeseries\", \"split_mode\": \"terms\", \"metrics\": [{\"type\": \"max\", \"field\": \"prometheus.metrics.ibmmq_qmgr_mqclose_total\", \"id\": \"61ca57f2-469d-11e7-af02-69e470af7417\"}, {\"unit\": \"\", \"type\": \"derivative\", \"field\": \"61ca57f2-469d-11e7-af02-69e470af7417\", \"id\": \"92c00030-36d2-11ea-8b7d-bfeb3bd2cf33\"}], \"separate_axis\": 0, \"point_size\": 1, \"chart_type\": \"line\", \"fill\": 0.5, \"formatter\": \"number\", \"label\": \"\"}, {\"terms_field\": \"prometheus.labels.qmgr\", \"color\": \"rgba(211,49,21,1)\", \"line_width\": 1, \"axis_position\": \"right\", \"id\": \"a8f2add0-36d2-11ea-8b7d-bfeb3bd2cf33\", \"stacked\": \"none\", \"type\": \"timeseries\", \"split_mode\": \"terms\", \"metrics\": [{\"type\": \"max\", \"field\": \"prometheus.metrics.ibmmq_qmgr_failed_mqclose_total\", \"id\": \"a8f2add1-36d2-11ea-8b7d-bfeb3bd2cf33\"}, {\"unit\": \"\", \"type\": \"derivative\", \"field\": \"a8f2add1-36d2-11ea-8b7d-bfeb3bd2cf33\", \"id\": \"bb30c8b0-36d2-11ea-8b7d-bfeb3bd2cf33\"}], \"separate_axis\": 0, \"point_size\": 1, \"chart_type\": \"line\", \"fill\": 0.5, \"formatter\": \"number\", \"label\": \"\"}], \"legend_position\": \"bottom\", \"interval\": \"\", \"show_grid\": 1}}"
            },
            "id": "1dba2700-36de-11ea-9f7a-097fe7ab3ddd",
            "migrationVersion": {
                "visualization": "7.3.1"
            },
            "references": [],
            "type": "visualization",
            "updated_at": "2020-01-14T14:56:59.760Z",
            "version": "WzI2LDJd"
        },
        {
            "attributes": {
                "description": "",
                "kibanaSavedObjectMeta": {
                    "searchSourceJSON": "{\"query\": {\"language\": \"kuery\", \"query\": \"\"}, \"filter\": []}"
                },
                "title": "MQCONN/MQCONNX calls succeeded/failed [Metricbeat IBM MQ]",
                "uiStateJSON": "{}",
                "version": 1,
                "visState": "{\"aggs\": [], \"type\": \"metrics\", \"title\": \"MQCONN/MQCONNX calls succeeded/failed [Metricbeat IBM MQ]\", \"params\": {\"default_index_pattern\": \"metricbeat-*\", \"axis_formatter\": \"number\", \"show_legend\": 1, \"isModelInvalid\": false, \"id\": \"61ca57f0-469d-11e7-af02-69e470af7417\", \"index_pattern\": \"metricbeat-*\", \"time_field\": \"\", \"axis_min\": \"0\", \"axis_scale\": \"normal\", \"axis_position\": \"left\", \"default_timefield\": \"@timestamp\", \"type\": \"timeseries\", \"series\": [{\"terms_field\": \"prometheus.labels.qmgr\", \"color\": \"#68BC00\", \"line_width\": 1, \"axis_position\": \"right\", \"id\": \"61ca57f1-469d-11e7-af02-69e470af7417\", \"stacked\": \"none\", \"type\": \"timeseries\", \"split_mode\": \"terms\", \"metrics\": [{\"type\": \"max\", \"field\": \"prometheus.metrics.ibmmq_qmgr_mqconn_mqconnx_total\", \"id\": \"61ca57f2-469d-11e7-af02-69e470af7417\"}, {\"unit\": \"\", \"type\": \"derivative\", \"field\": \"61ca57f2-469d-11e7-af02-69e470af7417\", \"id\": \"92c00030-36d2-11ea-8b7d-bfeb3bd2cf33\"}], \"separate_axis\": 0, \"point_size\": 1, \"chart_type\": \"line\", \"fill\": 0.5, \"formatter\": \"number\", \"label\": \"\"}, {\"terms_field\": \"prometheus.labels.qmgr\", \"color\": \"rgba(211,49,21,1)\", \"line_width\": 1, \"axis_position\": \"right\", \"id\": \"a8f2add0-36d2-11ea-8b7d-bfeb3bd2cf33\", \"stacked\": \"none\", \"type\": \"timeseries\", \"split_mode\": \"terms\", \"metrics\": [{\"type\": \"max\", \"field\": \"prometheus.metrics.ibmmq_qmgr_mqconn_mqconnx_total\", \"id\": \"a8f2add1-36d2-11ea-8b7d-bfeb3bd2cf33\"}, {\"unit\": \"\", \"type\": \"derivative\", \"field\": \"a8f2add1-36d2-11ea-8b7d-bfeb3bd2cf33\", \"id\": \"bb30c8b0-36d2-11ea-8b7d-bfeb3bd2cf33\"}], \"separate_axis\": 0, \"point_size\": 1, \"chart_type\": \"line\", \"fill\": 0.5, \"formatter\": \"number\", \"label\": \"\"}], \"legend_position\": \"bottom\", \"interval\": \"\", \"show_grid\": 1}}"
            },
            "id": "2fcbdab0-36de-11ea-9f7a-097fe7ab3ddd",
            "migrationVersion": {
                "visualization": "7.3.1"
            },
            "references": [],
            "type": "visualization",
            "updated_at": "2020-01-14T14:57:30.075Z",
            "version": "WzI3LDJd"
        },
        {
            "attributes": {
                "description": "",
                "kibanaSavedObjectMeta": {
                    "searchSourceJSON": "{\"query\": {\"language\": \"kuery\", \"query\": \"\"}, \"filter\": []}"
                },
                "title": "MQDISC calls succeeded [Metricbeat IBM MQ]",
                "uiStateJSON": "{}",
                "version": 1,
                "visState": "{\"aggs\": [], \"type\": \"metrics\", \"title\": \"MQDISC calls succeeded [Metricbeat IBM MQ]\", \"params\": {\"default_index_pattern\": \"metricbeat-*\", \"axis_formatter\": \"number\", \"show_legend\": 1, \"isModelInvalid\": false, \"id\": \"61ca57f0-469d-11e7-af02-69e470af7417\", \"index_pattern\": \"metricbeat-*\", \"time_field\": \"\", \"axis_min\": \"0\", \"axis_scale\": \"normal\", \"axis_position\": \"left\", \"default_timefield\": \"@timestamp\", \"type\": \"timeseries\", \"series\": [{\"terms_field\": \"prometheus.labels.qmgr\", \"color\": \"#68BC00\", \"line_width\": 1, \"axis_position\": \"right\", \"id\": \"61ca57f1-469d-11e7-af02-69e470af7417\", \"stacked\": \"none\", \"type\": \"timeseries\", \"split_mode\": \"terms\", \"metrics\": [{\"type\": \"max\", \"field\": \"prometheus.metrics.ibmmq_qmgr_mqdisc_total\", \"id\": \"61ca57f2-469d-11e7-af02-69e470af7417\"}, {\"unit\": \"\", \"type\": \"derivative\", \"field\": \"61ca57f2-469d-11e7-af02-69e470af7417\", \"id\": \"92c00030-36d2-11ea-8b7d-bfeb3bd2cf33\"}], \"separate_axis\": 0, \"point_size\": 1, \"chart_type\": \"line\", \"fill\": 0.5, \"formatter\": \"number\", \"label\": \"\"}], \"legend_position\": \"bottom\", \"interval\": \"\", \"show_grid\": 1}}"
            },
            "id": "d781db00-36df-11ea-9f7a-097fe7ab3ddd",
            "migrationVersion": {
                "visualization": "7.3.1"
            },
            "references": [],
            "type": "visualization",
            "updated_at": "2020-01-14T15:09:20.944Z",
            "version": "WzI5LDJd"
        },
        {
            "attributes": {
                "description": "",
                "kibanaSavedObjectMeta": {
                    "searchSourceJSON": "{\"query\": {\"language\": \"kuery\", \"query\": \"\"}, \"filter\": []}"
                },
                "title": "MQCTL calls succeeded [Metricbeat IBM MQ]",
                "uiStateJSON": "{}",
                "version": 1,
                "visState": "{\"aggs\": [], \"type\": \"metrics\", \"title\": \"MQCTL calls succeeded [Metricbeat IBM MQ]\", \"params\": {\"default_index_pattern\": \"metricbeat-*\", \"axis_formatter\": \"number\", \"show_legend\": 1, \"isModelInvalid\": false, \"id\": \"61ca57f0-469d-11e7-af02-69e470af7417\", \"index_pattern\": \"metricbeat-*\", \"time_field\": \"\", \"axis_min\": \"0\", \"axis_scale\": \"normal\", \"axis_position\": \"left\", \"default_timefield\": \"@timestamp\", \"type\": \"timeseries\", \"series\": [{\"terms_field\": \"prometheus.labels.qmgr\", \"color\": \"#68BC00\", \"line_width\": 1, \"axis_position\": \"right\", \"id\": \"61ca57f1-469d-11e7-af02-69e470af7417\", \"stacked\": \"none\", \"type\": \"timeseries\", \"split_mode\": \"terms\", \"metrics\": [{\"type\": \"max\", \"field\": \"prometheus.metrics.ibmmq_qmgr_mqctl_total\", \"id\": \"61ca57f2-469d-11e7-af02-69e470af7417\"}, {\"unit\": \"\", \"type\": \"derivative\", \"field\": \"61ca57f2-469d-11e7-af02-69e470af7417\", \"id\": \"92c00030-36d2-11ea-8b7d-bfeb3bd2cf33\"}], \"separate_axis\": 0, \"point_size\": 1, \"chart_type\": \"line\", \"fill\": 0.5, \"formatter\": \"number\", \"label\": \"\"}], \"legend_position\": \"bottom\", \"interval\": \"\", \"show_grid\": 1}}"
            },
            "id": "fd0e16a0-36de-11ea-9f7a-097fe7ab3ddd",
            "migrationVersion": {
                "visualization": "7.3.1"
            },
            "references": [],
            "type": "visualization",
            "updated_at": "2020-01-14T15:03:14.442Z",
            "version": "WzI4LDJd"
        },
        {
            "attributes": {
                "description": "",
                "kibanaSavedObjectMeta": {
                    "searchSourceJSON": "{\"query\": {\"language\": \"kuery\", \"query\": \"\"}, \"filter\": []}"
                },
                "title": "MQSTAT calls succeeded [Metricbeat IBM MQ]",
                "uiStateJSON": "{}",
                "version": 1,
                "visState": "{\"aggs\": [], \"type\": \"metrics\", \"title\": \"MQSTAT calls succeeded [Metricbeat IBM MQ]\", \"params\": {\"default_index_pattern\": \"metricbeat-*\", \"axis_formatter\": \"number\", \"show_legend\": 1, \"isModelInvalid\": false, \"id\": \"61ca57f0-469d-11e7-af02-69e470af7417\", \"index_pattern\": \"metricbeat-*\", \"time_field\": \"\", \"axis_min\": \"0\", \"axis_scale\": \"normal\", \"axis_position\": \"left\", \"default_timefield\": \"@timestamp\", \"type\": \"timeseries\", \"series\": [{\"terms_field\": \"prometheus.labels.qmgr\", \"color\": \"#68BC00\", \"line_width\": 1, \"axis_position\": \"right\", \"id\": \"61ca57f1-469d-11e7-af02-69e470af7417\", \"stacked\": \"none\", \"type\": \"timeseries\", \"split_mode\": \"terms\", \"metrics\": [{\"type\": \"max\", \"field\": \"prometheus.metrics.ibmmq_qmgr_mqstat_total\", \"id\": \"61ca57f2-469d-11e7-af02-69e470af7417\"}, {\"unit\": \"\", \"type\": \"derivative\", \"field\": \"61ca57f2-469d-11e7-af02-69e470af7417\", \"id\": \"92c00030-36d2-11ea-8b7d-bfeb3bd2cf33\"}], \"separate_axis\": 0, \"point_size\": 1, \"chart_type\": \"line\", \"fill\": 0.5, \"formatter\": \"number\", \"label\": \"\"}], \"legend_position\": \"bottom\", \"interval\": \"\", \"show_grid\": 1}}"
            },
            "id": "aa90ec20-36e0-11ea-9f7a-097fe7ab3ddd",
            "migrationVersion": {
                "visualization": "7.3.1"
            },
            "references": [],
            "type": "visualization",
            "updated_at": "2020-01-14T18:46:20.735Z",
            "version": "WzYxLDJd"
        },
        {
            "attributes": {
                "description": "",
                "kibanaSavedObjectMeta": {
                    "searchSourceJSON": "{\"query\": {\"language\": \"kuery\", \"query\": \"\"}, \"filter\": []}"
                },
                "title": "MQOPEN calls succeeded/failed [Metricbeat IBM MQ]",
                "uiStateJSON": "{}",
                "version": 1,
                "visState": "{\"aggs\": [], \"type\": \"metrics\", \"title\": \"MQOPEN calls succeeded/failed [Metricbeat IBM MQ]\", \"params\": {\"default_index_pattern\": \"metricbeat-*\", \"axis_formatter\": \"number\", \"show_legend\": 1, \"isModelInvalid\": false, \"id\": \"61ca57f0-469d-11e7-af02-69e470af7417\", \"index_pattern\": \"metricbeat-*\", \"time_field\": \"\", \"axis_min\": \"0\", \"axis_scale\": \"normal\", \"axis_position\": \"left\", \"default_timefield\": \"@timestamp\", \"type\": \"timeseries\", \"series\": [{\"terms_field\": \"prometheus.labels.qmgr\", \"color\": \"#68BC00\", \"line_width\": 1, \"axis_position\": \"right\", \"id\": \"61ca57f1-469d-11e7-af02-69e470af7417\", \"stacked\": \"none\", \"type\": \"timeseries\", \"split_mode\": \"terms\", \"metrics\": [{\"type\": \"max\", \"field\": \"prometheus.metrics.ibmmq_qmgr_mqopen_total\", \"id\": \"61ca57f2-469d-11e7-af02-69e470af7417\"}, {\"unit\": \"\", \"type\": \"derivative\", \"field\": \"61ca57f2-469d-11e7-af02-69e470af7417\", \"id\": \"92c00030-36d2-11ea-8b7d-bfeb3bd2cf33\"}], \"separate_axis\": 0, \"point_size\": 1, \"chart_type\": \"line\", \"fill\": 0.5, \"formatter\": \"number\", \"label\": \"\"}, {\"terms_field\": \"prometheus.labels.qmgr\", \"color\": \"rgba(211,49,21,1)\", \"line_width\": 1, \"axis_position\": \"right\", \"id\": \"a8f2add0-36d2-11ea-8b7d-bfeb3bd2cf33\", \"stacked\": \"none\", \"type\": \"timeseries\", \"split_mode\": \"terms\", \"metrics\": [{\"type\": \"max\", \"field\": \"prometheus.metrics.ibmmq_qmgr_failed_mqopen_total\", \"id\": \"a8f2add1-36d2-11ea-8b7d-bfeb3bd2cf33\"}, {\"unit\": \"\", \"type\": \"derivative\", \"field\": \"a8f2add1-36d2-11ea-8b7d-bfeb3bd2cf33\", \"id\": \"bb30c8b0-36d2-11ea-8b7d-bfeb3bd2cf33\"}], \"separate_axis\": 0, \"point_size\": 1, \"chart_type\": \"line\", \"fill\": 0.5, \"formatter\": \"number\", \"label\": \"\"}], \"legend_position\": \"bottom\", \"interval\": \"\", \"show_grid\": 1}}"
            },
            "id": "56b63f60-36e0-11ea-9f7a-097fe7ab3ddd",
            "migrationVersion": {
                "visualization": "7.3.1"
            },
            "references": [],
            "type": "visualization",
            "updated_at": "2020-01-14T15:13:24.521Z",
            "version": "WzMxLDJd"
        },
        {
            "attributes": {
                "description": "",
                "kibanaSavedObjectMeta": {
                    "searchSourceJSON": "{\"query\": {\"language\": \"kuery\", \"query\": \"\"}, \"filter\": []}"
                },
                "title": "MQINQ calls succeeded/failed [Metricbeat IBM MQ]",
                "uiStateJSON": "{}",
                "version": 1,
                "visState": "{\"aggs\": [], \"type\": \"metrics\", \"title\": \"MQINQ calls succeeded/failed [Metricbeat IBM MQ]\", \"params\": {\"default_index_pattern\": \"metricbeat-*\", \"axis_formatter\": \"number\", \"show_legend\": 1, \"isModelInvalid\": false, \"id\": \"61ca57f0-469d-11e7-af02-69e470af7417\", \"index_pattern\": \"metricbeat-*\", \"time_field\": \"\", \"axis_min\": \"0\", \"axis_scale\": \"normal\", \"axis_position\": \"left\", \"default_timefield\": \"@timestamp\", \"type\": \"timeseries\", \"series\": [{\"terms_field\": \"prometheus.labels.qmgr\", \"color\": \"#68BC00\", \"line_width\": 1, \"axis_position\": \"right\", \"id\": \"61ca57f1-469d-11e7-af02-69e470af7417\", \"stacked\": \"none\", \"type\": \"timeseries\", \"split_mode\": \"terms\", \"metrics\": [{\"type\": \"max\", \"field\": \"prometheus.metrics.ibmmq_qmgr_mqinq_total\", \"id\": \"61ca57f2-469d-11e7-af02-69e470af7417\"}, {\"unit\": \"\", \"type\": \"derivative\", \"field\": \"61ca57f2-469d-11e7-af02-69e470af7417\", \"id\": \"92c00030-36d2-11ea-8b7d-bfeb3bd2cf33\"}], \"separate_axis\": 0, \"point_size\": 1, \"chart_type\": \"line\", \"fill\": 0.5, \"formatter\": \"number\", \"label\": \"\"}, {\"terms_field\": \"prometheus.labels.qmgr\", \"color\": \"rgba(211,49,21,1)\", \"line_width\": 1, \"axis_position\": \"right\", \"id\": \"a8f2add0-36d2-11ea-8b7d-bfeb3bd2cf33\", \"stacked\": \"none\", \"type\": \"timeseries\", \"split_mode\": \"terms\", \"metrics\": [{\"type\": \"max\", \"field\": \"prometheus.metrics.ibmmq_qmgr_failed_mqinq_total\", \"id\": \"a8f2add1-36d2-11ea-8b7d-bfeb3bd2cf33\"}, {\"unit\": \"\", \"type\": \"derivative\", \"field\": \"a8f2add1-36d2-11ea-8b7d-bfeb3bd2cf33\", \"id\": \"bb30c8b0-36d2-11ea-8b7d-bfeb3bd2cf33\"}], \"separate_axis\": 0, \"point_size\": 1, \"chart_type\": \"line\", \"fill\": 0.5, \"formatter\": \"number\", \"label\": \"\"}], \"legend_position\": \"bottom\", \"interval\": \"\", \"show_grid\": 1}}"
            },
            "id": "74874de0-36e0-11ea-9f7a-097fe7ab3ddd",
            "migrationVersion": {
                "visualization": "7.3.1"
            },
            "references": [],
            "type": "visualization",
            "updated_at": "2020-01-14T15:14:01.330Z",
            "version": "WzMzLDJd"
        },
        {
            "attributes": {
                "description": "",
                "kibanaSavedObjectMeta": {
                    "searchSourceJSON": "{\"query\": {\"language\": \"kuery\", \"query\": \"\"}, \"filter\": []}"
                },
                "title": "MQSET calls succeeded/failed [Metricbeat IBM MQ]",
                "uiStateJSON": "{}",
                "version": 1,
                "visState": "{\"aggs\": [], \"type\": \"metrics\", \"title\": \"MQSET calls succeeded/failed [Metricbeat IBM MQ]\", \"params\": {\"default_index_pattern\": \"metricbeat-*\", \"axis_formatter\": \"number\", \"show_legend\": 1, \"isModelInvalid\": false, \"id\": \"61ca57f0-469d-11e7-af02-69e470af7417\", \"index_pattern\": \"metricbeat-*\", \"time_field\": \"\", \"axis_min\": \"0\", \"axis_scale\": \"normal\", \"axis_position\": \"left\", \"default_timefield\": \"@timestamp\", \"type\": \"timeseries\", \"series\": [{\"terms_field\": \"prometheus.labels.qmgr\", \"color\": \"#68BC00\", \"line_width\": 1, \"axis_position\": \"right\", \"id\": \"61ca57f1-469d-11e7-af02-69e470af7417\", \"stacked\": \"none\", \"type\": \"timeseries\", \"split_mode\": \"terms\", \"metrics\": [{\"type\": \"max\", \"field\": \"prometheus.metrics.ibmmq_qmgr_mqset_total\", \"id\": \"61ca57f2-469d-11e7-af02-69e470af7417\"}, {\"unit\": \"\", \"type\": \"derivative\", \"field\": \"61ca57f2-469d-11e7-af02-69e470af7417\", \"id\": \"92c00030-36d2-11ea-8b7d-bfeb3bd2cf33\"}], \"separate_axis\": 0, \"point_size\": 1, \"chart_type\": \"line\", \"fill\": 0.5, \"formatter\": \"number\", \"label\": \"\"}, {\"terms_field\": \"prometheus.labels.qmgr\", \"color\": \"rgba(211,49,21,1)\", \"line_width\": 1, \"axis_position\": \"right\", \"id\": \"a8f2add0-36d2-11ea-8b7d-bfeb3bd2cf33\", \"stacked\": \"none\", \"type\": \"timeseries\", \"split_mode\": \"terms\", \"metrics\": [{\"type\": \"max\", \"field\": \"prometheus.metrics.ibmmq_qmgr_failed_mqset_total\", \"id\": \"a8f2add1-36d2-11ea-8b7d-bfeb3bd2cf33\"}, {\"unit\": \"\", \"type\": \"derivative\", \"field\": \"a8f2add1-36d2-11ea-8b7d-bfeb3bd2cf33\", \"id\": \"bb30c8b0-36d2-11ea-8b7d-bfeb3bd2cf33\"}], \"separate_axis\": 0, \"point_size\": 1, \"chart_type\": \"line\", \"fill\": 0.5, \"formatter\": \"number\", \"label\": \"\"}], \"legend_position\": \"bottom\", \"interval\": \"\", \"show_grid\": 1}}"
            },
            "id": "92bf3480-36e0-11ea-9f7a-097fe7ab3ddd",
            "migrationVersion": {
                "visualization": "7.3.1"
            },
            "references": [],
            "type": "visualization",
            "updated_at": "2020-01-14T15:14:35.080Z",
            "version": "WzM0LDJd"
        },
        {
            "attributes": {
                "description": "",
                "kibanaSavedObjectMeta": {
                    "searchSourceJSON": "{\"query\": {\"language\": \"kuery\", \"query\": \"\"}, \"filter\": []}"
                },
                "title": "MQSUBRQ calls succeeded/failed [Metricbeat IBM MQ]",
                "uiStateJSON": "{}",
                "version": 1,
                "visState": "{\"aggs\": [], \"type\": \"metrics\", \"title\": \"MQSUBRQ calls succeeded/failed [Metricbeat IBM MQ]\", \"params\": {\"default_index_pattern\": \"metricbeat-*\", \"axis_formatter\": \"number\", \"show_legend\": 1, \"isModelInvalid\": false, \"id\": \"61ca57f0-469d-11e7-af02-69e470af7417\", \"index_pattern\": \"metricbeat-*\", \"time_field\": \"\", \"axis_min\": \"0\", \"axis_scale\": \"normal\", \"axis_position\": \"left\", \"default_timefield\": \"@timestamp\", \"type\": \"timeseries\", \"series\": [{\"terms_field\": \"prometheus.labels.qmgr\", \"color\": \"#68BC00\", \"line_width\": 1, \"axis_position\": \"right\", \"id\": \"61ca57f1-469d-11e7-af02-69e470af7417\", \"stacked\": \"none\", \"type\": \"timeseries\", \"split_mode\": \"terms\", \"metrics\": [{\"type\": \"max\", \"field\": \"prometheus.metrics.ibmmq_qmgr_mqsubrq_total\", \"id\": \"61ca57f2-469d-11e7-af02-69e470af7417\"}, {\"unit\": \"\", \"type\": \"derivative\", \"field\": \"61ca57f2-469d-11e7-af02-69e470af7417\", \"id\": \"92c00030-36d2-11ea-8b7d-bfeb3bd2cf33\"}], \"separate_axis\": 0, \"point_size\": 1, \"chart_type\": \"line\", \"fill\": 0.5, \"formatter\": \"number\", \"label\": \"\"}, {\"terms_field\": \"prometheus.labels.qmgr\", \"color\": \"rgba(211,49,21,1)\", \"line_width\": 1, \"axis_position\": \"right\", \"id\": \"a8f2add0-36d2-11ea-8b7d-bfeb3bd2cf33\", \"stacked\": \"none\", \"type\": \"timeseries\", \"split_mode\": \"terms\", \"metrics\": [{\"type\": \"max\", \"field\": \"prometheus.metrics.ibmmq_qmgr_failed_mqsubrq_total\", \"id\": \"a8f2add1-36d2-11ea-8b7d-bfeb3bd2cf33\"}, {\"unit\": \"\", \"type\": \"derivative\", \"field\": \"a8f2add1-36d2-11ea-8b7d-bfeb3bd2cf33\", \"id\": \"bb30c8b0-36d2-11ea-8b7d-bfeb3bd2cf33\"}], \"separate_axis\": 0, \"point_size\": 1, \"chart_type\": \"line\", \"fill\": 0.5, \"formatter\": \"number\", \"label\": \"\"}], \"legend_position\": \"bottom\", \"interval\": \"\", \"show_grid\": 1}}"
            },
            "id": "c4be1ff0-36e0-11ea-9f7a-097fe7ab3ddd",
            "migrationVersion": {
                "visualization": "7.3.1"
            },
            "references": [],
            "type": "visualization",
            "updated_at": "2020-01-14T15:15:58.959Z",
            "version": "WzM2LDJd"
        }
    ],
    "version": "7.4.0"
}