{
    "objects": [
        {
            "attributes": {
                "description": "Kubernetes Scheduler metrics",
                "hits": 0,
                "kibanaSavedObjectMeta": {
                    "searchSourceJSON": "{\"query\": {\"language\": \"kuery\", \"query\": \"\"}, \"filter\": [{\"query\": {\"match\": {\"event.dataset\": {\"query\": \"kubernetes.scheduler\", \"type\": \"phrase\"}}}, \"meta\": {\"alias\": null, \"type\": \"phrase\", \"indexRefName\": \"kibanaSavedObjectMeta.searchSourceJSON.filter[0].meta.index\", \"key\": \"event.dataset\", \"disabled\": false, \"params\": {\"query\": \"kubernetes.scheduler\"}, \"value\": \"kubernetes.scheduler\", \"negate\": false}, \"$state\": {\"store\": \"appState\"}}]}"
                },
                "optionsJSON": "{\"useMargins\": true, \"hidePanelTitles\": false}",
                "panelsJSON": "[{\"panelRefName\": \"panel_0\", \"gridData\": {\"w\": 14, \"x\": 0, \"y\": 0, \"i\": \"1\", \"h\": 14}, \"panelIndex\": \"1\", \"embeddableConfig\": {}, \"version\": \"7.2.0\"}, {\"panelRefName\": \"panel_1\", \"gridData\": {\"w\": 11, \"x\": 14, \"y\": 0, \"i\": \"2\", \"h\": 14}, \"panelIndex\": \"2\", \"embeddableConfig\": {}, \"version\": \"7.2.0\"}, {\"panelRefName\": \"panel_2\", \"gridData\": {\"w\": 23, \"x\": 25, \"y\": 0, \"i\": \"3\", \"h\": 14}, \"panelIndex\": \"3\", \"embeddableConfig\": {}, \"version\": \"7.2.0\"}, {\"panelRefName\": \"panel_3\", \"gridData\": {\"w\": 24, \"x\": 0, \"y\": 29, \"i\": \"4\", \"h\": 11}, \"panelIndex\": \"4\", \"embeddableConfig\": {}, \"version\": \"7.2.0\"}, {\"panelRefName\": \"panel_4\", \"gridData\": {\"w\": 24, \"x\": 24, \"y\": 29, \"i\": \"5\", \"h\": 11}, \"panelIndex\": \"5\", \"embeddableConfig\": {}, \"version\": \"7.2.0\"}, {\"panelRefName\": \"panel_5\", \"gridData\": {\"w\": 24, \"x\": 0, \"y\": 14, \"i\": \"6\", \"h\": 15}, \"panelIndex\": \"6\", \"embeddableConfig\": {}, \"version\": \"7.2.0\"}, {\"panelRefName\": \"panel_6\", \"gridData\": {\"w\": 24, \"x\": 24, \"y\": 14, \"i\": \"7\", \"h\": 15}, \"panelIndex\": \"7\", \"embeddableConfig\": {}, \"version\": \"7.2.0\"}]",
                "timeRestore": false,
                "title": "[Metricbeat Kubernetes] Scheduler",
                "version": 1
            },
            "id": "f5ab5510-9c94-11e9-94fd-c91206cd5249",
            "migrationVersion": {
                "dashboard": "7.0.0"
            },
            "references": [
                {
                    "id": "metricbeat-*",
                    "name": "kibanaSavedObjectMeta.searchSourceJSON.filter[0].meta.index",
                    "type": "index-pattern"
                },
                {
                    "id": "bcb194a0-9bf8-11e9-9dc8-fd27291d427f",
                    "name": "panel_0",
                    "type": "visualization"
                },
                {
                    "id": "826d80c0-9c97-11e9-94fd-c91206cd5249",
                    "name": "panel_1",
                    "type": "visualization"
                },
                {
                    "id": "15bd4420-9c9b-11e9-94fd-c91206cd5249",
                    "name": "panel_2",
                    "type": "visualization"
                },
                {
                    "id": "d9fc1b80-9c9c-11e9-94fd-c91206cd5249",
                    "name": "panel_3",
                    "type": "visualization"
                },
                {
                    "id": "95595810-9ca8-11e9-94fd-c91206cd5249",
                    "name": "panel_4",
                    "type": "visualization"
                },
                {
                    "id": "382ace30-9d98-11e9-b2ae-49acc4cbcea9",
                    "name": "panel_5",
                    "type": "visualization"
                },
                {
                    "id": "84d9b200-9d98-11e9-b2ae-49acc4cbcea9",
                    "name": "panel_6",
                    "type": "visualization"
                }
            ],
            "type": "dashboard",
            "updated_at": "2019-07-03T14:42:40.028Z",
            "version": "WzI4OSwyXQ=="
        },
        {
            "attributes": {
                "description": "",
                "kibanaSavedObjectMeta": {
                    "searchSourceJSON": "{\"query\": {\"language\": \"kuery\", \"query\": \"\"}, \"filter\": []}"
                },
                "title": "Host selector [Metricbeat Kubernetes]",
                "uiStateJSON": "{}",
                "version": 1,
                "visState": "{\"aggs\": [], \"type\": \"input_control_vis\", \"title\": \"Host selector [Metricbeat Kubernetes]\", \"params\": {\"controls\": [{\"indexPatternRefName\": \"control_0_index_pattern\", \"type\": \"list\", \"parent\": \"\", \"options\": {\"dynamicOptions\": true, \"size\": 5, \"multiselect\": true, \"order\": \"desc\", \"type\": \"terms\"}, \"id\": \"1561982488150\", \"fieldName\": \"host.hostname\", \"label\": \"Hostname\"}, {\"indexPatternRefName\": \"control_1_index_pattern\", \"type\": \"list\", \"parent\": \"\", \"options\": {\"dynamicOptions\": true, \"size\": 5, \"multiselect\": false, \"order\": \"desc\", \"type\": \"terms\"}, \"id\": \"1561982723711\", \"fieldName\": \"service.address\", \"label\": \"Service address\"}], \"updateFiltersOnChange\": false, \"pinFilters\": false, \"useTimeFilter\": false}}"
            },
            "id": "bcb194a0-9bf8-11e9-9dc8-fd27291d427f",
            "migrationVersion": {
                "visualization": "7.2.0"
            },
            "references": [
                {
                    "id": "metricbeat-*",
                    "name": "control_0_index_pattern",
                    "type": "index-pattern"
                },
                {
                    "id": "metricbeat-*",
                    "name": "control_1_index_pattern",
                    "type": "index-pattern"
                }
            ],
            "type": "visualization",
            "updated_at": "2019-07-03T07:20:34.226Z",
            "version": "WzEzMywxXQ=="
        },
        {
            "attributes": {
                "description": "",
                "kibanaSavedObjectMeta": {
                    "searchSourceJSON": "{\"query\": {\"language\": \"kuery\", \"query\": \"\"}, \"filter\": []}"
                },
                "title": "Process summary [Metricbeat Kubernetes]",
                "uiStateJSON": "{}",
                "version": 1,
                "visState": "{\"aggs\": [], \"type\": \"metrics\", \"title\": \"Process summary [Metricbeat Kubernetes]\", \"params\": {\"default_index_pattern\": \"metricbeat-*\", \"time_field\": \"\", \"axis_formatter\": \"number\", \"show_legend\": 1, \"filter\": \"_exists_:\\\"kubernetes.scheduler.process.started.sec\\\"\", \"markdown\": \"|  |   |\\n|---|---|\\n|**Days running**|{{ math.started.last.raw }}|\\n|**File descriptors open**|{{ max_of_kubernetes_scheduler_process_fds_open_count.fds.last.raw }}|\\n|**Resident Memory**|{{ max_of_kubernetes_scheduler_process_memory_resident_bytes.resident_memory.last.formatted }}|\\n|**Virtual Memory**|{{ max_of_kubernetes_scheduler_process_memory_virtual_bytes.virtual_memory.last.formatted }}|\\n\", \"id\": \"61ca57f0-469d-11e7-af02-69e470af7417\", \"index_pattern\": \"metricbeat-*\", \"drop_last_bucket\": 1, \"markdown_css\": \"#markdown-61ca57f0-469d-11e7-af02-69e470af7417 table,#markdown-61ca57f0-469d-11e7-af02-69e470af7417 tr,#markdown-61ca57f0-469d-11e7-af02-69e470af7417 td,#markdown-61ca57f0-469d-11e7-af02-69e470af7417 th{border:none}\", \"type\": \"markdown\", \"interval\": \"30s\", \"axis_scale\": \"normal\", \"axis_position\": \"left\", \"default_timefield\": \"@timestamp\", \"markdown_less\": \"\\ntable, tr, td, th {\\n    border: none;\\n}\\n\\n\", \"series\": [{\"color\": \"#68BC00\", \"line_width\": 1, \"axis_position\": \"right\", \"id\": \"61ca57f1-469d-11e7-af02-69e470af7417\", \"stacked\": \"none\", \"split_mode\": \"everything\", \"metrics\": [{\"type\": \"max\", \"field\": \"kubernetes.scheduler.process.started.sec\", \"id\": \"61ca57f2-469d-11e7-af02-69e470af7417\"}, {\"script\": \"round( (params._timestamp /1000 - params.started) / 86400, 2)\", \"type\": \"math\", \"id\": \"94b52370-9c95-11e9-87bc-455cc45f013a\", \"variables\": [{\"field\": \"61ca57f2-469d-11e7-af02-69e470af7417\", \"id\": \"97cc0060-9c95-11e9-87bc-455cc45f013a\", \"name\": \"started\"}]}], \"separate_axis\": 0, \"point_size\": 1, \"var_name\": \"started\", \"chart_type\": \"line\", \"fill\": 0.5, \"formatter\": \"number\", \"label\": \"\"}, {\"color\": \"#68BC00\", \"line_width\": 1, \"axis_position\": \"right\", \"id\": \"a8475ca0-9c95-11e9-87bc-455cc45f013a\", \"stacked\": \"none\", \"split_mode\": \"everything\", \"metrics\": [{\"type\": \"max\", \"field\": \"kubernetes.scheduler.process.fds.open.count\", \"id\": \"a8475ca1-9c95-11e9-87bc-455cc45f013a\"}], \"separate_axis\": 0, \"point_size\": 1, \"var_name\": \"fds\", \"chart_type\": \"line\", \"fill\": 0.5, \"formatter\": \"number\", \"label\": \"\"}, {\"color\": \"#68BC00\", \"line_width\": 1, \"axis_position\": \"right\", \"id\": \"cdc6d190-9c95-11e9-87bc-455cc45f013a\", \"stacked\": \"none\", \"split_mode\": \"everything\", \"metrics\": [{\"type\": \"max\", \"field\": \"kubernetes.scheduler.process.memory.resident.bytes\", \"id\": \"cdc6d191-9c95-11e9-87bc-455cc45f013a\"}], \"separate_axis\": 0, \"point_size\": 1, \"var_name\": \"resident_memory\", \"chart_type\": \"line\", \"fill\": 0.5, \"formatter\": \"bytes\", \"label\": \"\"}, {\"color\": \"#68BC00\", \"line_width\": 1, \"axis_position\": \"right\", \"id\": \"dfa0fa80-9c95-11e9-87bc-455cc45f013a\", \"stacked\": \"none\", \"split_mode\": \"everything\", \"metrics\": [{\"type\": \"max\", \"field\": \"kubernetes.scheduler.process.memory.virtual.bytes\", \"id\": \"dfa0fa81-9c95-11e9-87bc-455cc45f013a\"}], \"separate_axis\": 0, \"point_size\": 1, \"var_name\": \"virtual_memory\", \"chart_type\": \"line\", \"fill\": 0.5, \"formatter\": \"bytes\", \"label\": \"\"}], \"show_grid\": 1}}"
            },
            "id": "826d80c0-9c97-11e9-94fd-c91206cd5249",
            "migrationVersion": {
                "visualization": "7.2.0"
            },
            "references": [],
            "type": "visualization",
            "updated_at": "2019-07-03T14:45:05.521Z",
            "version": "WzI5MCwyXQ=="
        },
        {
            "attributes": {
                "description": "",
                "kibanaSavedObjectMeta": {
                    "searchSourceJSON": "{\"query\": {\"language\": \"kuery\", \"query\": \"\"}, \"filter\": []}"
                },
                "title": "Scheduler HTTP request duration [Metricbeat Kubernetes]",
                "uiStateJSON": "{}",
                "version": 1,
                "visState": "{\"aggs\": [], \"type\": \"metrics\", \"title\": \"Scheduler HTTP request duration [Metricbeat Kubernetes]\", \"params\": {\"default_index_pattern\": \"metricbeat-*\", \"axis_formatter\": \"number\", \"id\": \"61ca57f0-469d-11e7-af02-69e470af7417\", \"show_legend\": 1, \"index_pattern\": \"metricbeat-*\", \"time_field\": \"\", \"interval\": \"\", \"axis_scale\": \"normal\", \"axis_position\": \"left\", \"default_timefield\": \"@timestamp\", \"type\": \"timeseries\", \"series\": [{\"color\": \"rgba(165,228,85,1)\", \"line_width\": 1, \"axis_position\": \"right\", \"id\": \"61ca57f1-469d-11e7-af02-69e470af7417\", \"stacked\": \"none\", \"split_mode\": \"everything\", \"metrics\": [{\"type\": \"avg\", \"field\": \"kubernetes.scheduler.http.request.duration.us.percentile.99\", \"id\": \"61ca57f2-469d-11e7-af02-69e470af7417\"}], \"separate_axis\": 0, \"point_size\": 1, \"chart_type\": \"line\", \"fill\": 0.5, \"formatter\": \"us,ms,2\", \"label\": \"P99\"}, {\"color\": \"#68BC00\", \"line_width\": 1, \"axis_position\": \"right\", \"id\": \"708a5a50-9c9b-11e9-b248-53caaa33a2c5\", \"stacked\": \"none\", \"split_mode\": \"everything\", \"metrics\": [{\"type\": \"avg\", \"field\": \"kubernetes.scheduler.http.request.duration.us.percentile.90\", \"id\": \"708a8160-9c9b-11e9-b248-53caaa33a2c5\"}], \"separate_axis\": 0, \"point_size\": 1, \"chart_type\": \"line\", \"fill\": 0.5, \"formatter\": \"us,ms,2\", \"label\": \"P90\"}, {\"color\": \"rgba(65,117,0,1)\", \"line_width\": 1, \"axis_position\": \"right\", \"id\": \"9ba449d0-9c9b-11e9-b248-53caaa33a2c5\", \"stacked\": \"none\", \"split_mode\": \"everything\", \"metrics\": [{\"type\": \"avg\", \"field\": \"kubernetes.scheduler.http.request.duration.us.percentile.50\", \"id\": \"9ba449d1-9c9b-11e9-b248-53caaa33a2c5\"}], \"separate_axis\": 0, \"point_size\": 1, \"chart_type\": \"line\", \"fill\": 0.5, \"formatter\": \"us,ms,2\", \"label\": \"P50\"}], \"show_grid\": 1}}"
            },
            "id": "15bd4420-9c9b-11e9-94fd-c91206cd5249",
            "migrationVersion": {
                "visualization": "7.2.0"
            },
            "references": [],
            "type": "visualization",
            "updated_at": "2019-07-03T07:20:34.226Z",
            "version": "WzEzNSwxXQ=="
        },
        {
            "attributes": {
                "description": "",
                "kibanaSavedObjectMeta": {
                    "searchSourceJSON": "{\"query\": {\"language\": \"kuery\", \"query\": \"\"}, \"filter\": []}"
                },
                "title": "Scheduler end to end scheduling duration [Metricbeat Kubernetes]",
                "uiStateJSON": "{}",
                "version": 1,
                "visState": "{\"aggs\": [], \"type\": \"metrics\", \"title\": \"Scheduler end to end scheduling duration [Metricbeat Kubernetes]\", \"params\": {\"default_index_pattern\": \"metricbeat-*\", \"axis_formatter\": \"number\", \"show_legend\": 1, \"id\": \"61ca57f0-469d-11e7-af02-69e470af7417\", \"index_pattern\": \"metricbeat-*\", \"time_field\": \"\", \"axis_min\": \"0\", \"axis_scale\": \"normal\", \"axis_position\": \"left\", \"default_timefield\": \"@timestamp\", \"type\": \"timeseries\", \"series\": [{\"color\": \"rgba(63,112,2,1)\", \"line_width\": 1, \"axis_position\": \"right\", \"id\": \"61ca57f1-469d-11e7-af02-69e470af7417\", \"formatter\": \"number\", \"stacked\": \"none\", \"split_mode\": \"everything\", \"metrics\": [{\"type\": \"avg\", \"field\": \"kubernetes.scheduler.scheduling.e2e.duration.us.bucket.16000\", \"id\": \"61ca57f2-469d-11e7-af02-69e470af7417\"}, {\"unit\": \"\", \"type\": \"derivative\", \"field\": \"61ca57f2-469d-11e7-af02-69e470af7417\", \"id\": \"2a21d690-9c9d-11e9-8174-4589c2c40897\"}], \"separate_axis\": 0, \"point_size\": 1, \"hidden\": false, \"fill\": 0.5, \"chart_type\": \"line\", \"label\": \"Under 16ms\"}, {\"color\": \"rgba(138,223,24,1)\", \"line_width\": 1, \"axis_position\": \"right\", \"id\": \"a0344a80-9ca1-11e9-9b2f-4dae0cc2bdf1\", \"formatter\": \"number\", \"stacked\": \"none\", \"split_mode\": \"everything\", \"metrics\": [{\"type\": \"avg\", \"field\": \"kubernetes.scheduler.scheduling.e2e.duration.us.bucket.512000\", \"id\": \"a0347190-9ca1-11e9-9b2f-4dae0cc2bdf1\"}, {\"unit\": \"\", \"type\": \"derivative\", \"field\": \"a0347190-9ca1-11e9-9b2f-4dae0cc2bdf1\", \"id\": \"9a865d10-9ca3-11e9-9b2f-4dae0cc2bdf1\"}], \"separate_axis\": 0, \"point_size\": 1, \"hidden\": false, \"fill\": \"0.4\", \"chart_type\": \"line\", \"label\": \"Under 512ms\"}, {\"color\": \"rgba(174,161,255,1)\", \"line_width\": 1, \"axis_position\": \"right\", \"id\": \"c456c780-9ca1-11e9-9b2f-4dae0cc2bdf1\", \"formatter\": \"number\", \"stacked\": \"none\", \"split_mode\": \"everything\", \"metrics\": [{\"type\": \"avg\", \"field\": \"kubernetes.scheduler.scheduling.e2e.duration.us.bucket.1024000\", \"id\": \"c456c781-9ca1-11e9-9b2f-4dae0cc2bdf1\"}, {\"unit\": \"\", \"type\": \"derivative\", \"field\": \"c456c781-9ca1-11e9-9b2f-4dae0cc2bdf1\", \"id\": \"a77cd850-9ca3-11e9-9b2f-4dae0cc2bdf1\"}], \"separate_axis\": 0, \"point_size\": 1, \"hidden\": false, \"fill\": \"0.3\", \"chart_type\": \"line\", \"label\": \"Under 1024ms\"}, {\"color\": \"rgba(115,216,255,1)\", \"line_width\": 1, \"axis_position\": \"right\", \"id\": \"127a9810-9ca2-11e9-9b2f-4dae0cc2bdf1\", \"formatter\": \"number\", \"stacked\": \"none\", \"split_mode\": \"everything\", \"metrics\": [{\"type\": \"avg\", \"field\": \"kubernetes.scheduler.scheduling.e2e.duration.us.bucket.4096000\", \"id\": \"127a9811-9ca2-11e9-9b2f-4dae0cc2bdf1\"}, {\"unit\": \"\", \"type\": \"derivative\", \"field\": \"127a9811-9ca2-11e9-9b2f-4dae0cc2bdf1\", \"id\": \"b48a0fe0-9ca3-11e9-9b2f-4dae0cc2bdf1\"}], \"separate_axis\": 0, \"point_size\": 1, \"hidden\": false, \"fill\": \"0.2\", \"chart_type\": \"line\", \"label\": \"Under 4096ms\"}, {\"color\": \"rgba(252,196,0,1)\", \"line_width\": 1, \"axis_position\": \"right\", \"id\": \"6a2ba130-9ca2-11e9-9b2f-4dae0cc2bdf1\", \"formatter\": \"number\", \"stacked\": \"none\", \"split_mode\": \"everything\", \"metrics\": [{\"type\": \"avg\", \"field\": \"kubernetes.scheduler.scheduling.e2e.duration.us.bucket.8192000\", \"id\": \"6a2ba131-9ca2-11e9-9b2f-4dae0cc2bdf1\"}, {\"unit\": \"\", \"type\": \"derivative\", \"field\": \"6a2ba131-9ca2-11e9-9b2f-4dae0cc2bdf1\", \"id\": \"c727fe00-9ca3-11e9-9b2f-4dae0cc2bdf1\"}], \"separate_axis\": 0, \"point_size\": 1, \"hidden\": false, \"fill\": \"0.1\", \"chart_type\": \"line\", \"label\": \"Under 8192ms\"}, {\"color\": \"rgba(209,119,103,1)\", \"line_width\": 1, \"axis_position\": \"right\", \"id\": \"f93a66e0-9ca2-11e9-9b2f-4dae0cc2bdf1\", \"formatter\": \"number\", \"stacked\": \"none\", \"split_mode\": \"everything\", \"metrics\": [{\"type\": \"avg\", \"field\": \"kubernetes.scheduler.scheduling.e2e.duration.us.bucket.16384000\", \"id\": \"f93a66e1-9ca2-11e9-9b2f-4dae0cc2bdf1\"}, {\"unit\": \"\", \"type\": \"derivative\", \"field\": \"f93a66e1-9ca2-11e9-9b2f-4dae0cc2bdf1\", \"id\": \"ce42d700-9ca3-11e9-9b2f-4dae0cc2bdf1\"}], \"separate_axis\": 0, \"point_size\": 1, \"hidden\": false, \"fill\": \"0\", \"chart_type\": \"line\", \"label\": \"Under 16384ms\"}, {\"color\": \"rgba(104,188,0,1)\", \"line_width\": 1, \"axis_position\": \"right\", \"id\": \"310452c0-9ca3-11e9-9b2f-4dae0cc2bdf1\", \"formatter\": \"number\", \"stacked\": \"none\", \"split_mode\": \"everything\", \"metrics\": [{\"type\": \"avg\", \"field\": \"kubernetes.scheduler.scheduling.e2e.duration.us.bucket.+Inf\", \"id\": \"310452c1-9ca3-11e9-9b2f-4dae0cc2bdf1\"}, {\"unit\": \"\", \"type\": \"derivative\", \"field\": \"310452c1-9ca3-11e9-9b2f-4dae0cc2bdf1\", \"id\": \"e0692420-9ca3-11e9-9b2f-4dae0cc2bdf1\"}], \"separate_axis\": 0, \"point_size\": 1, \"hidden\": false, \"fill\": \"0\", \"chart_type\": \"line\", \"label\": \"All\"}], \"interval\": \"\", \"show_grid\": 1}}"
            },
            "id": "d9fc1b80-9c9c-11e9-94fd-c91206cd5249",
            "migrationVersion": {
                "visualization": "7.2.0"
            },
            "references": [],
            "type": "visualization",
            "updated_at": "2019-07-03T07:20:34.226Z",
            "version": "WzEzNiwxXQ=="
        },
        {
            "attributes": {
                "description": "",
                "kibanaSavedObjectMeta": {
                    "searchSourceJSON": "{\"query\": {\"language\": \"kuery\", \"query\": \"\"}, \"filter\": []}"
                },
                "title": "Scheduler scheduling attempts [Metricbeat Kubernetes]",
                "uiStateJSON": "{}",
                "version": 1,
                "visState": "{\"aggs\": [], \"type\": \"metrics\", \"title\": \"Scheduler scheduling attempts [Metricbeat Kubernetes]\", \"params\": {\"default_index_pattern\": \"metricbeat-*\", \"axis_formatter\": \"number\", \"show_legend\": 1, \"id\": \"61ca57f0-469d-11e7-af02-69e470af7417\", \"index_pattern\": \"metricbeat-*\", \"time_field\": \"\", \"axis_min\": \"0\", \"axis_scale\": \"normal\", \"axis_position\": \"left\", \"default_timefield\": \"@timestamp\", \"type\": \"timeseries\", \"series\": [{\"terms_field\": \"kubernetes.scheduler.result\", \"split_color_mode\": \"rainbow\", \"color\": \"#68BC00\", \"line_width\": 1, \"axis_position\": \"right\", \"id\": \"61ca57f1-469d-11e7-af02-69e470af7417\", \"terms_order_by\": \"61ca57f2-469d-11e7-af02-69e470af7417\", \"stacked\": \"none\", \"split_mode\": \"terms\", \"metrics\": [{\"type\": \"avg\", \"field\": \"kubernetes.scheduler.scheduling.pod.attempts.count\", \"id\": \"61ca57f2-469d-11e7-af02-69e470af7417\"}, {\"unit\": \"\", \"type\": \"derivative\", \"field\": \"61ca57f2-469d-11e7-af02-69e470af7417\", \"id\": \"18aae5d0-9ca9-11e9-b8ef-3ddf5d748ddb\"}], \"separate_axis\": 0, \"point_size\": 1, \"chart_type\": \"line\", \"fill\": 0.5, \"formatter\": \"number\", \"label\": \"Attempts\"}], \"interval\": \"\", \"show_grid\": 1}}"
            },
            "id": "95595810-9ca8-11e9-94fd-c91206cd5249",
            "migrationVersion": {
                "visualization": "7.2.0"
            },
            "references": [],
            "type": "visualization",
            "updated_at": "2019-07-03T07:20:34.226Z",
            "version": "WzEzNywxXQ=="
        },
        {
            "attributes": {
                "description": "",
                "kibanaSavedObjectMeta": {
                    "searchSourceJSON": "{\"query\": {\"language\": \"kuery\", \"query\": \"\"}, \"filter\": []}"
                },
                "title": "Scheduler CPU [Metricbeat Kubernetes]",
                "uiStateJSON": "{}",
                "version": 1,
                "visState": "{\"aggs\": [], \"type\": \"metrics\", \"title\": \"Scheduler CPU [Metricbeat Kubernetes]\", \"params\": {\"default_index_pattern\": \"metricbeat-*\", \"axis_formatter\": \"number\", \"show_legend\": 1, \"id\": \"61ca57f0-469d-11e7-af02-69e470af7417\", \"index_pattern\": \"metricbeat-*\", \"time_field\": \"\", \"axis_min\": \"0\", \"axis_scale\": \"normal\", \"axis_position\": \"left\", \"default_timefield\": \"@timestamp\", \"type\": \"timeseries\", \"series\": [{\"color\": \"#68BC00\", \"line_width\": 1, \"axis_position\": \"right\", \"id\": \"61ca57f1-469d-11e7-af02-69e470af7417\", \"stacked\": \"none\", \"split_mode\": \"everything\", \"metrics\": [{\"type\": \"avg\", \"field\": \"kubernetes.scheduler.process.cpu.sec\", \"id\": \"61ca57f2-469d-11e7-af02-69e470af7417\"}, {\"unit\": \"\", \"type\": \"derivative\", \"field\": \"61ca57f2-469d-11e7-af02-69e470af7417\", \"id\": \"11331120-9d98-11e9-9e81-115d18bcfeaa\"}], \"separate_axis\": 0, \"point_size\": 1, \"value_template\": \"{{value}} s\", \"chart_type\": \"line\", \"fill\": 0.5, \"formatter\": \"number\", \"label\": \"CPU time\"}], \"interval\": \"\", \"show_grid\": 1}}"
            },
            "id": "382ace30-9d98-11e9-b2ae-49acc4cbcea9",
            "migrationVersion": {
                "visualization": "7.2.0"
            },
            "references": [],
            "type": "visualization",
            "updated_at": "2019-07-03T14:10:38.608Z",
            "version": "WzI3NywyXQ=="
        },
        {
            "attributes": {
                "description": "",
                "kibanaSavedObjectMeta": {
                    "searchSourceJSON": "{\"query\": {\"language\": \"kuery\", \"query\": \"\"}, \"filter\": []}"
                },
                "title": "Scheduler Memory [Metricbeat Kubernetes]",
                "uiStateJSON": "{}",
                "version": 1,
                "visState": "{\"aggs\": [], \"type\": \"metrics\", \"title\": \"Scheduler Memory [Metricset Kubernetes]\", \"params\": {\"default_index_pattern\": \"metricbeat-*\", \"axis_formatter\": \"number\", \"id\": \"61ca57f0-469d-11e7-af02-69e470af7417\", \"show_legend\": 1, \"index_pattern\": \"metricbeat-*\", \"time_field\": \"\", \"interval\": \"\", \"axis_scale\": \"normal\", \"axis_position\": \"left\", \"default_timefield\": \"@timestamp\", \"type\": \"timeseries\", \"series\": [{\"color\": \"rgba(251,158,0,1)\", \"line_width\": 1, \"axis_position\": \"right\", \"id\": \"61ca57f1-469d-11e7-af02-69e470af7417\", \"stacked\": \"none\", \"split_mode\": \"everything\", \"metrics\": [{\"type\": \"avg\", \"field\": \"kubernetes.scheduler.process.memory.resident.bytes\", \"id\": \"61ca57f2-469d-11e7-af02-69e470af7417\"}], \"separate_axis\": 0, \"point_size\": 1, \"chart_type\": \"line\", \"fill\": 0.5, \"formatter\": \"bytes\", \"label\": \"Resident\"}, {\"color\": \"#68BC00\", \"line_width\": 1, \"axis_position\": \"right\", \"id\": \"a14defa0-9d98-11e9-9e81-115d18bcfeaa\", \"stacked\": \"none\", \"split_mode\": \"everything\", \"metrics\": [{\"type\": \"avg\", \"field\": \"kubernetes.scheduler.process.memory.virtual.bytes\", \"id\": \"a14defa1-9d98-11e9-9e81-115d18bcfeaa\"}], \"separate_axis\": 0, \"point_size\": 1, \"chart_type\": \"line\", \"fill\": 0.5, \"formatter\": \"bytes\", \"label\": \"Virtual\"}], \"show_grid\": 1}}"
            },
            "id": "84d9b200-9d98-11e9-b2ae-49acc4cbcea9",
            "migrationVersion": {
                "visualization": "7.2.0"
            },
            "references": [],
            "type": "visualization",
            "updated_at": "2019-07-03T13:45:33.315Z",
            "version": "WzI3MiwyXQ=="
        }
    ],
    "version": "7.2.0"
}