{
    "objects": [
        {
            "attributes": {
                "description": "Overview of AWS Transit Gateway Metrics",
                "hits": 0,
                "kibanaSavedObjectMeta": {
                    "searchSourceJSON": "{\"query\": {\"language\": \"kuery\", \"query\": \"\"}, \"filter\": []}"
                },
                "optionsJSON": "{\"useMargins\": true, \"hidePanelTitles\": false}",
                "panelsJSON": "[{\"gridData\": {\"w\": 48, \"x\": 0, \"y\": 0, \"i\": \"af1453d8-04d3-4b44-a3b0-138111255a23\", \"h\": 5}, \"panelIndex\": \"af1453d8-04d3-4b44-a3b0-138111255a23\", \"title\": \"filters\", \"embeddableConfig\": {\"title\": \"filters\"}, \"panelRefName\": \"panel_0\", \"version\": \"7.6.1\"}, {\"gridData\": {\"w\": 24, \"x\": 0, \"y\": 5, \"i\": \"14555108-559d-4c07-b240-6e6b14254f16\", \"h\": 12}, \"panelIndex\": \"14555108-559d-4c07-b240-6e6b14254f16\", \"title\": \"Bytes In\", \"embeddableConfig\": {\"title\": \"Bytes In\"}, \"panelRefName\": \"panel_1\", \"version\": \"7.6.1\"}, {\"gridData\": {\"w\": 24, \"x\": 24, \"y\": 5, \"i\": \"9c605367-60e3-4e9c-8036-a6191dbafe4a\", \"h\": 12}, \"panelIndex\": \"9c605367-60e3-4e9c-8036-a6191dbafe4a\", \"title\": \"Packets In\", \"embeddableConfig\": {\"title\": \"Packets In\"}, \"panelRefName\": \"panel_2\", \"version\": \"7.6.1\"}, {\"gridData\": {\"w\": 24, \"x\": 0, \"y\": 17, \"i\": \"271558e6-b208-4e2c-abfb-0a6b2dbb0c66\", \"h\": 12}, \"panelIndex\": \"271558e6-b208-4e2c-abfb-0a6b2dbb0c66\", \"title\": \"Bytes Out\", \"embeddableConfig\": {\"title\": \"Bytes Out\"}, \"panelRefName\": \"panel_3\", \"version\": \"7.6.1\"}, {\"gridData\": {\"w\": 24, \"x\": 24, \"y\": 17, \"i\": \"41002ab1-845b-469e-9283-8a46a90e4662\", \"h\": 12}, \"panelIndex\": \"41002ab1-845b-469e-9283-8a46a90e4662\", \"title\": \"Packets Out\", \"embeddableConfig\": {\"title\": \"Packets Out\"}, \"panelRefName\": \"panel_4\", \"version\": \"7.6.1\"}, {\"gridData\": {\"w\": 24, \"x\": 0, \"y\": 29, \"i\": \"b141f90b-739e-46f3-83c9-9c4661183837\", \"h\": 12}, \"panelIndex\": \"b141f90b-739e-46f3-83c9-9c4661183837\", \"title\": \"Bytes Dropped - no route\", \"embeddableConfig\": {\"title\": \"Bytes Dropped - no route\"}, \"panelRefName\": \"panel_5\", \"version\": \"7.6.1\"}, {\"gridData\": {\"w\": 24, \"x\": 24, \"y\": 29, \"i\": \"c6a76f92-248b-4cae-a03f-7d34d58098ae\", \"h\": 12}, \"panelIndex\": \"c6a76f92-248b-4cae-a03f-7d34d58098ae\", \"title\": \"Packets Dropped - no route\", \"embeddableConfig\": {\"title\": \"Packets Dropped - no route\"}, \"panelRefName\": \"panel_6\", \"version\": \"7.6.1\"}, {\"gridData\": {\"w\": 24, \"x\": 0, \"y\": 41, \"i\": \"1d08d3b8-3bd7-4f90-854d-be08cb119273\", \"h\": 12}, \"panelIndex\": \"1d08d3b8-3bd7-4f90-854d-be08cb119273\", \"title\": \"Bytes Dropped - black hole\", \"embeddableConfig\": {\"title\": \"Bytes Dropped - black hole\"}, \"panelRefName\": \"panel_7\", \"version\": \"7.6.1\"}, {\"gridData\": {\"w\": 24, \"x\": 24, \"y\": 41, \"i\": \"40e82e50-b30c-40eb-bbee-9bbfc3d3311f\", \"h\": 12}, \"panelIndex\": \"40e82e50-b30c-40eb-bbee-9bbfc3d3311f\", \"title\": \"Packets Dropped - black hole\", \"embeddableConfig\": {\"title\": \"Packets Dropped - black hole\"}, \"panelRefName\": \"panel_8\", \"version\": \"7.6.1\"}]",
                "timeRestore": false,
                "title": "[Metricbeat AWS] TransitGateway Overview",
                "version": 1
            },
            "id": "0eb5a6a0-694f-11ea-b0ac-95d4ecb1fecd",
            "migrationVersion": {
                "dashboard": "7.3.0"
            },
            "references": [
                {
                    "id": "415fed40-694f-11ea-b0ac-95d4ecb1fecd",
                    "name": "panel_0",
                    "type": "visualization"
                },
                {
                    "id": "cd6419c0-6949-11ea-b0ac-95d4ecb1fecd",
                    "name": "panel_1",
                    "type": "visualization"
                },
                {
                    "id": "0a36b590-694c-11ea-b0ac-95d4ecb1fecd",
                    "name": "panel_2",
                    "type": "visualization"
                },
                {
                    "id": "dc5f65b0-6949-11ea-b0ac-95d4ecb1fecd",
                    "name": "panel_3",
                    "type": "visualization"
                },
                {
                    "id": "10e0f270-694c-11ea-b0ac-95d4ecb1fecd",
                    "name": "panel_4",
                    "type": "visualization"
                },
                {
                    "id": "01ed5990-694a-11ea-b0ac-95d4ecb1fecd",
                    "name": "panel_5",
                    "type": "visualization"
                },
                {
                    "id": "007ceec0-694c-11ea-b0ac-95d4ecb1fecd",
                    "name": "panel_6",
                    "type": "visualization"
                },
                {
                    "id": "f7c17000-6949-11ea-b0ac-95d4ecb1fecd",
                    "name": "panel_7",
                    "type": "visualization"
                },
                {
                    "id": "c1db9b80-694b-11ea-b0ac-95d4ecb1fecd",
                    "name": "panel_8",
                    "type": "visualization"
                }
            ],
            "type": "dashboard",
            "updated_at": "2020-03-18T19:39:04.715Z",
            "version": "Wzk0MSwyXQ=="
        },
        {
            "attributes": {
                "description": "",
                "kibanaSavedObjectMeta": {
                    "searchSourceJSON": "{\"query\": {\"language\": \"kuery\", \"query\": \"\"}, \"filter\": []}"
                },
                "title": "TransitGateway Filters [Metricbeat AWS]",
                "uiStateJSON": "{}",
                "version": 1,
                "visState": "{\"aggs\": [], \"type\": \"input_control_vis\", \"title\": \"TransitGateway Filters [Metricbeat AWS]\", \"params\": {\"controls\": [{\"indexPatternRefName\": \"control_0_index_pattern\", \"type\": \"list\", \"parent\": \"\", \"options\": {\"dynamicOptions\": true, \"size\": 5, \"multiselect\": true, \"order\": \"desc\", \"type\": \"terms\"}, \"id\": \"1565034367477\", \"fieldName\": \"cloud.account.name\", \"label\": \"account name\"}, {\"indexPatternRefName\": \"control_1_index_pattern\", \"type\": \"list\", \"parent\": \"\", \"options\": {\"dynamicOptions\": true, \"size\": 5, \"multiselect\": true, \"order\": \"desc\", \"type\": \"terms\"}, \"id\": \"1584478324642\", \"fieldName\": \"cloud.region\", \"label\": \"region\"}, {\"indexPatternRefName\": \"control_2_index_pattern\", \"type\": \"list\", \"parent\": \"\", \"options\": {\"dynamicOptions\": true, \"size\": 5, \"multiselect\": true, \"order\": \"desc\", \"type\": \"terms\"}, \"id\": \"1584479118709\", \"fieldName\": \"aws.dimensions.TransitGateway\", \"label\": \"transit gateway\"}], \"updateFiltersOnChange\": true, \"pinFilters\": false, \"useTimeFilter\": true}}"
            },
            "id": "415fed40-694f-11ea-b0ac-95d4ecb1fecd",
            "migrationVersion": {
                "visualization": "7.4.2"
            },
            "references": [
                {
                    "id": "metricbeat-*",
                    "name": "control_0_index_pattern",
                    "type": "index-pattern"
                },
                {
                    "id": "metricbeat-*",
                    "name": "control_1_index_pattern",
                    "type": "index-pattern"
                },
                {
                    "id": "metricbeat-*",
                    "name": "control_2_index_pattern",
                    "type": "index-pattern"
                }
            ],
            "type": "visualization",
            "updated_at": "2020-03-18T19:32:50.836Z",
            "version": "Wzk0MCwyXQ=="
        },
        {
            "attributes": {
                "description": "",
                "kibanaSavedObjectMeta": {
                    "searchSourceJSON": "{}"
                },
                "title": "Transit Gateway Bytes In [Metricbeat AWS]",
                "uiStateJSON": "{}",
                "version": 1,
                "visState": "{\"aggs\": [], \"type\": \"metrics\", \"title\": \"Transit Gateway Bytes In [Metricbeat AWS]\", \"params\": {\"default_index_pattern\": \"metricbeat-*\", \"time_field\": \"\", \"axis_formatter\": \"number\", \"show_legend\": 1, \"isModelInvalid\": false, \"id\": \"61ca57f0-469d-11e7-af02-69e470af7417\", \"index_pattern\": \"metricbeat-*\", \"drop_last_bucket\": 0, \"interval\": \"1m\", \"axis_scale\": \"normal\", \"axis_position\": \"left\", \"default_timefield\": \"@timestamp\", \"type\": \"timeseries\", \"series\": [{\"terms_field\": \"aws.dimensions.TransitGateway\", \"color\": \"#68BC00\", \"line_width\": \"2\", \"axis_position\": \"right\", \"id\": \"61ca57f1-469d-11e7-af02-69e470af7417\", \"terms_order_by\": \"61ca57f2-469d-11e7-af02-69e470af7417\", \"stacked\": \"none\", \"type\": \"timeseries\", \"split_mode\": \"terms\", \"metrics\": [{\"type\": \"avg\", \"field\": \"aws.transitgateway.metrics.BytesIn.sum\", \"id\": \"61ca57f2-469d-11e7-af02-69e470af7417\"}], \"separate_axis\": 0, \"point_size\": \"3\", \"chart_type\": \"line\", \"fill\": \"0\", \"formatter\": \"bytes\", \"label\": \"\"}], \"show_grid\": 1}}"
            },
            "id": "cd6419c0-6949-11ea-b0ac-95d4ecb1fecd",
            "migrationVersion": {
                "visualization": "7.4.2"
            },
            "references": [],
            "type": "visualization",
            "updated_at": "2020-03-18T18:53:48.764Z",
            "version": "WzkyNCwyXQ=="
        },
        {
            "attributes": {
                "description": "",
                "kibanaSavedObjectMeta": {
                    "searchSourceJSON": "{}"
                },
                "title": "Transit Gateway Packets In [Metricbeat AWS]",
                "uiStateJSON": "{}",
                "version": 1,
                "visState": "{\"aggs\": [], \"type\": \"metrics\", \"title\": \"Transit Gateway Packets In [Metricbeat AWS]\", \"params\": {\"default_index_pattern\": \"metricbeat-*\", \"time_field\": \"\", \"axis_formatter\": \"number\", \"show_legend\": 1, \"isModelInvalid\": false, \"id\": \"61ca57f0-469d-11e7-af02-69e470af7417\", \"index_pattern\": \"metricbeat-*\", \"drop_last_bucket\": 0, \"interval\": \"1m\", \"axis_scale\": \"normal\", \"axis_position\": \"left\", \"default_timefield\": \"@timestamp\", \"type\": \"timeseries\", \"series\": [{\"terms_field\": \"aws.dimensions.TransitGateway\", \"color\": \"#68BC00\", \"line_width\": \"2\", \"axis_position\": \"right\", \"id\": \"61ca57f1-469d-11e7-af02-69e470af7417\", \"terms_order_by\": \"61ca57f2-469d-11e7-af02-69e470af7417\", \"stacked\": \"none\", \"type\": \"timeseries\", \"split_mode\": \"terms\", \"metrics\": [{\"type\": \"avg\", \"field\": \"aws.transitgateway.metrics.PacketsIn.sum\", \"id\": \"61ca57f2-469d-11e7-af02-69e470af7417\"}], \"separate_axis\": 0, \"point_size\": \"3\", \"chart_type\": \"line\", \"fill\": \"0\", \"formatter\": \"bytes\", \"label\": \"\"}], \"show_grid\": 1}}"
            },
            "id": "0a36b590-694c-11ea-b0ac-95d4ecb1fecd",
            "migrationVersion": {
                "visualization": "7.4.2"
            },
            "references": [],
            "type": "visualization",
            "updated_at": "2020-03-18T19:09:49.801Z",
            "version": "WzkzNCwyXQ=="
        },
        {
            "attributes": {
                "description": "",
                "kibanaSavedObjectMeta": {
                    "searchSourceJSON": "{}"
                },
                "title": "Transit Gateway Bytes Out [Metricbeat AWS]",
                "uiStateJSON": "{}",
                "version": 1,
                "visState": "{\"aggs\": [], \"type\": \"metrics\", \"title\": \"Transit Gateway Bytes Out [Metricbeat AWS]\", \"params\": {\"default_index_pattern\": \"metricbeat-*\", \"time_field\": \"\", \"axis_formatter\": \"number\", \"show_legend\": 1, \"isModelInvalid\": false, \"id\": \"61ca57f0-469d-11e7-af02-69e470af7417\", \"index_pattern\": \"metricbeat-*\", \"drop_last_bucket\": 0, \"interval\": \"1m\", \"axis_scale\": \"normal\", \"axis_position\": \"left\", \"default_timefield\": \"@timestamp\", \"type\": \"timeseries\", \"series\": [{\"terms_field\": \"aws.dimensions.TransitGateway\", \"color\": \"#68BC00\", \"line_width\": \"2\", \"axis_position\": \"right\", \"id\": \"61ca57f1-469d-11e7-af02-69e470af7417\", \"terms_order_by\": \"61ca57f2-469d-11e7-af02-69e470af7417\", \"stacked\": \"none\", \"type\": \"timeseries\", \"split_mode\": \"terms\", \"metrics\": [{\"type\": \"avg\", \"field\": \"aws.transitgateway.metrics.BytesOut.sum\", \"id\": \"61ca57f2-469d-11e7-af02-69e470af7417\"}], \"separate_axis\": 0, \"point_size\": \"3\", \"chart_type\": \"line\", \"fill\": \"0\", \"formatter\": \"bytes\", \"label\": \"\"}], \"show_grid\": 1}}"
            },
            "id": "dc5f65b0-6949-11ea-b0ac-95d4ecb1fecd",
            "migrationVersion": {
                "visualization": "7.4.2"
            },
            "references": [],
            "type": "visualization",
            "updated_at": "2020-03-18T18:54:13.899Z",
            "version": "WzkyNSwyXQ=="
        },
        {
            "attributes": {
                "description": "",
                "kibanaSavedObjectMeta": {
                    "searchSourceJSON": "{}"
                },
                "title": "Transit Gateway Packets Out [Metricbeat AWS]",
                "uiStateJSON": "{}",
                "version": 1,
                "visState": "{\"aggs\": [], \"type\": \"metrics\", \"title\": \"Transit Gateway Packets Out [Metricbeat AWS]\", \"params\": {\"default_index_pattern\": \"metricbeat-*\", \"time_field\": \"\", \"axis_formatter\": \"number\", \"show_legend\": 1, \"isModelInvalid\": false, \"id\": \"61ca57f0-469d-11e7-af02-69e470af7417\", \"index_pattern\": \"metricbeat-*\", \"drop_last_bucket\": 0, \"interval\": \"1m\", \"axis_scale\": \"normal\", \"axis_position\": \"left\", \"default_timefield\": \"@timestamp\", \"type\": \"timeseries\", \"series\": [{\"terms_field\": \"aws.dimensions.TransitGateway\", \"color\": \"#68BC00\", \"line_width\": \"2\", \"axis_position\": \"right\", \"id\": \"61ca57f1-469d-11e7-af02-69e470af7417\", \"terms_order_by\": \"61ca57f2-469d-11e7-af02-69e470af7417\", \"stacked\": \"none\", \"type\": \"timeseries\", \"split_mode\": \"terms\", \"metrics\": [{\"type\": \"avg\", \"field\": \"aws.transitgateway.metrics.PacketsOut.sum\", \"id\": \"61ca57f2-469d-11e7-af02-69e470af7417\"}], \"separate_axis\": 0, \"point_size\": \"3\", \"chart_type\": \"line\", \"fill\": \"0\", \"formatter\": \"bytes\", \"label\": \"\"}], \"show_grid\": 1}}"
            },
            "id": "10e0f270-694c-11ea-b0ac-95d4ecb1fecd",
            "migrationVersion": {
                "visualization": "7.4.2"
            },
            "references": [],
            "type": "visualization",
            "updated_at": "2020-03-18T19:10:00.983Z",
            "version": "WzkzNSwyXQ=="
        },
        {
            "attributes": {
                "description": "",
                "kibanaSavedObjectMeta": {
                    "searchSourceJSON": "{}"
                },
                "title": "Transit Gateway Bytes Drop Count No Route [Metricbeat AWS]",
                "uiStateJSON": "{}",
                "version": 1,
                "visState": "{\"aggs\": [], \"type\": \"metrics\", \"title\": \"Transit Gateway Bytes Drop Count No Route [Metricbeat AWS]\", \"params\": {\"default_index_pattern\": \"metricbeat-*\", \"time_field\": \"\", \"axis_formatter\": \"number\", \"show_legend\": 1, \"isModelInvalid\": false, \"id\": \"61ca57f0-469d-11e7-af02-69e470af7417\", \"index_pattern\": \"metricbeat-*\", \"drop_last_bucket\": 0, \"interval\": \"1m\", \"axis_scale\": \"normal\", \"axis_position\": \"left\", \"default_timefield\": \"@timestamp\", \"type\": \"timeseries\", \"series\": [{\"terms_field\": \"aws.dimensions.TransitGateway\", \"color\": \"#68BC00\", \"line_width\": \"2\", \"axis_position\": \"right\", \"id\": \"61ca57f1-469d-11e7-af02-69e470af7417\", \"terms_order_by\": \"61ca57f2-469d-11e7-af02-69e470af7417\", \"stacked\": \"none\", \"type\": \"timeseries\", \"split_mode\": \"terms\", \"metrics\": [{\"type\": \"avg\", \"field\": \"aws.transitgateway.metrics.BytesDropCountNoRoute.sum\", \"id\": \"61ca57f2-469d-11e7-af02-69e470af7417\"}], \"separate_axis\": 0, \"point_size\": \"3\", \"chart_type\": \"line\", \"fill\": \"0\", \"formatter\": \"bytes\", \"label\": \"\"}], \"show_grid\": 1}}"
            },
            "id": "01ed5990-694a-11ea-b0ac-95d4ecb1fecd",
            "migrationVersion": {
                "visualization": "7.4.2"
            },
            "references": [],
            "type": "visualization",
            "updated_at": "2020-03-18T18:55:16.905Z",
            "version": "WzkyNywyXQ=="
        },
        {
            "attributes": {
                "description": "",
                "kibanaSavedObjectMeta": {
                    "searchSourceJSON": "{}"
                },
                "title": "Transit Gateway Packets Drop Count No Route [Metricbeat AWS]",
                "uiStateJSON": "{}",
                "version": 1,
                "visState": "{\"aggs\": [], \"type\": \"metrics\", \"title\": \"Transit Gateway Packets Drop Count No Route [Metricbeat AWS]\", \"params\": {\"default_index_pattern\": \"metricbeat-*\", \"time_field\": \"\", \"axis_formatter\": \"number\", \"show_legend\": 1, \"isModelInvalid\": false, \"id\": \"61ca57f0-469d-11e7-af02-69e470af7417\", \"index_pattern\": \"metricbeat-*\", \"drop_last_bucket\": 0, \"interval\": \"1m\", \"axis_scale\": \"normal\", \"axis_position\": \"left\", \"default_timefield\": \"@timestamp\", \"type\": \"timeseries\", \"series\": [{\"terms_field\": \"aws.dimensions.TransitGateway\", \"color\": \"#68BC00\", \"line_width\": \"2\", \"axis_position\": \"right\", \"id\": \"61ca57f1-469d-11e7-af02-69e470af7417\", \"terms_order_by\": \"61ca57f2-469d-11e7-af02-69e470af7417\", \"stacked\": \"none\", \"type\": \"timeseries\", \"split_mode\": \"terms\", \"metrics\": [{\"type\": \"avg\", \"field\": \"aws.transitgateway.metrics.PacketDropCountNoRoute.sum\", \"id\": \"61ca57f2-469d-11e7-af02-69e470af7417\"}], \"separate_axis\": 0, \"point_size\": \"3\", \"chart_type\": \"line\", \"fill\": \"0\", \"formatter\": \"bytes\", \"label\": \"\"}], \"show_grid\": 1}}"
            },
            "id": "007ceec0-694c-11ea-b0ac-95d4ecb1fecd",
            "migrationVersion": {
                "visualization": "7.4.2"
            },
            "references": [],
            "type": "visualization",
            "updated_at": "2020-03-18T19:09:33.484Z",
            "version": "WzkzMywyXQ=="
        },
        {
            "attributes": {
                "description": "",
                "kibanaSavedObjectMeta": {
                    "searchSourceJSON": "{}"
                },
                "title": "Transit Gateway Bytes Drop Count Blackhole [Metricbeat AWS]",
                "uiStateJSON": "{}",
                "version": 1,
                "visState": "{\"aggs\": [], \"type\": \"metrics\", \"title\": \"Transit Gateway Bytes Drop Count Blackhole [Metricbeat AWS]\", \"params\": {\"default_index_pattern\": \"metricbeat-*\", \"time_field\": \"\", \"axis_formatter\": \"number\", \"show_legend\": 1, \"isModelInvalid\": false, \"id\": \"61ca57f0-469d-11e7-af02-69e470af7417\", \"index_pattern\": \"metricbeat-*\", \"drop_last_bucket\": 0, \"interval\": \"1m\", \"axis_scale\": \"normal\", \"axis_position\": \"left\", \"default_timefield\": \"@timestamp\", \"type\": \"timeseries\", \"series\": [{\"terms_field\": \"aws.dimensions.TransitGateway\", \"color\": \"#68BC00\", \"line_width\": \"2\", \"axis_position\": \"right\", \"id\": \"61ca57f1-469d-11e7-af02-69e470af7417\", \"terms_order_by\": \"61ca57f2-469d-11e7-af02-69e470af7417\", \"stacked\": \"none\", \"type\": \"timeseries\", \"split_mode\": \"terms\", \"metrics\": [{\"type\": \"avg\", \"field\": \"aws.transitgateway.metrics.BytesDropCountBlackhole.sum\", \"id\": \"61ca57f2-469d-11e7-af02-69e470af7417\"}], \"separate_axis\": 0, \"point_size\": \"3\", \"chart_type\": \"line\", \"fill\": \"0\", \"formatter\": \"bytes\", \"label\": \"\"}], \"show_grid\": 1}}"
            },
            "id": "f7c17000-6949-11ea-b0ac-95d4ecb1fecd",
            "migrationVersion": {
                "visualization": "7.4.2"
            },
            "references": [],
            "type": "visualization",
            "updated_at": "2020-03-18T18:54:59.840Z",
            "version": "WzkyNiwyXQ=="
        },
        {
            "attributes": {
                "description": "",
                "kibanaSavedObjectMeta": {
                    "searchSourceJSON": "{}"
                },
                "title": "Transit Gateway Packets Drop Count Blackhole [Metricbeat AWS]",
                "uiStateJSON": "{}",
                "version": 1,
                "visState": "{\"aggs\": [], \"type\": \"metrics\", \"title\": \"Transit Gateway Packets Drop Count Blackhole [Metricbeat AWS]\", \"params\": {\"default_index_pattern\": \"metricbeat-*\", \"time_field\": \"\", \"axis_formatter\": \"number\", \"show_legend\": 1, \"isModelInvalid\": false, \"id\": \"61ca57f0-469d-11e7-af02-69e470af7417\", \"index_pattern\": \"metricbeat-*\", \"drop_last_bucket\": 0, \"interval\": \"1m\", \"axis_scale\": \"normal\", \"axis_position\": \"left\", \"default_timefield\": \"@timestamp\", \"type\": \"timeseries\", \"series\": [{\"terms_field\": \"aws.dimensions.TransitGateway\", \"color\": \"#68BC00\", \"line_width\": \"2\", \"axis_position\": \"right\", \"id\": \"61ca57f1-469d-11e7-af02-69e470af7417\", \"terms_order_by\": \"61ca57f2-469d-11e7-af02-69e470af7417\", \"stacked\": \"none\", \"type\": \"timeseries\", \"split_mode\": \"terms\", \"metrics\": [{\"type\": \"avg\", \"field\": \"aws.transitgateway.metrics.PacketDropCountBlackhole.sum\", \"id\": \"61ca57f2-469d-11e7-af02-69e470af7417\"}], \"separate_axis\": 0, \"point_size\": \"3\", \"chart_type\": \"line\", \"fill\": \"0\", \"formatter\": \"bytes\", \"label\": \"\"}], \"show_grid\": 1}}"
            },
            "id": "c1db9b80-694b-11ea-b0ac-95d4ecb1fecd",
            "migrationVersion": {
                "visualization": "7.4.2"
            },
            "references": [],
            "type": "visualization",
            "updated_at": "2020-03-18T19:07:48.408Z",
            "version": "WzkzMiwyXQ=="
        }
    ],
    "version": "7.6.1"
}