{
    "objects": [
        {
            "attributes": {
                "description": "Overview of host metrics",
                "hits": 0,
                "kibanaSavedObjectMeta": {
                    "searchSourceJSON": "{\"version\": true, \"query\": {\"language\": \"kuery\", \"query\": \"host.name:\\\"CHANGEME_HOSTNAME\\\"\"}, \"highlightAll\": true, \"filter\": []}"
                },
                "optionsJSON": "{\"darkTheme\": false}",
                "panelsJSON": "[{\"panelRefName\": \"panel_0\", \"gridData\": {\"w\": 24, \"x\": 0, \"y\": 55, \"i\": \"1\", \"h\": 15}, \"panelIndex\": \"1\", \"embeddableConfig\": {}, \"version\": \"7.6.0\"}, {\"panelRefName\": \"panel_1\", \"gridData\": {\"w\": 24, \"x\": 24, \"y\": 25, \"i\": \"2\", \"h\": 15}, \"panelIndex\": \"2\", \"embeddableConfig\": {}, \"version\": \"7.6.0\"}, {\"panelRefName\": \"panel_2\", \"gridData\": {\"w\": 24, \"x\": 24, \"y\": 55, \"i\": \"3\", \"h\": 15}, \"panelIndex\": \"3\", \"embeddableConfig\": {}, \"version\": \"7.6.0\"}, {\"panelRefName\": \"panel_3\", \"gridData\": {\"w\": 24, \"x\": 0, \"y\": 40, \"i\": \"4\", \"h\": 15}, \"panelIndex\": \"4\", \"embeddableConfig\": {}, \"version\": \"7.6.0\"}, {\"panelRefName\": \"panel_4\", \"gridData\": {\"w\": 24, \"x\": 24, \"y\": 70, \"i\": \"5\", \"h\": 15}, \"panelIndex\": \"5\", \"embeddableConfig\": {}, \"version\": \"7.6.0\"}, {\"panelRefName\": \"panel_5\", \"gridData\": {\"w\": 24, \"x\": 0, \"y\": 70, \"i\": \"6\", \"h\": 15}, \"panelIndex\": \"6\", \"embeddableConfig\": {}, \"version\": \"7.6.0\"}, {\"panelRefName\": \"panel_6\", \"gridData\": {\"w\": 24, \"x\": 0, \"y\": 25, \"i\": \"7\", \"h\": 15}, \"panelIndex\": \"7\", \"embeddableConfig\": {}, \"version\": \"7.6.0\"}, {\"panelRefName\": \"panel_7\", \"gridData\": {\"w\": 24, \"x\": 24, \"y\": 40, \"i\": \"8\", \"h\": 15}, \"panelIndex\": \"8\", \"embeddableConfig\": {}, \"version\": \"7.6.0\"}, {\"panelRefName\": \"panel_8\", \"gridData\": {\"w\": 8, \"x\": 16, \"y\": 5, \"i\": \"9\", \"h\": 10}, \"panelIndex\": \"9\", \"embeddableConfig\": {}, \"version\": \"7.6.0\"}, {\"panelRefName\": \"panel_9\", \"gridData\": {\"w\": 8, \"x\": 0, \"y\": 5, \"i\": \"10\", \"h\": 10}, \"panelIndex\": \"10\", \"embeddableConfig\": {}, \"version\": \"7.6.0\"}, {\"panelRefName\": \"panel_10\", \"gridData\": {\"w\": 8, \"x\": 8, \"y\": 5, \"i\": \"11\", \"h\": 10}, \"panelIndex\": \"11\", \"embeddableConfig\": {}, \"version\": \"7.6.0\"}, {\"panelRefName\": \"panel_11\", \"gridData\": {\"w\": 8, \"x\": 24, \"y\": 5, \"i\": \"12\", \"h\": 10}, \"panelIndex\": \"12\", \"embeddableConfig\": {}, \"version\": \"7.6.0\"}, {\"panelRefName\": \"panel_12\", \"gridData\": {\"w\": 8, \"x\": 32, \"y\": 5, \"i\": \"13\", \"h\": 10}, \"panelIndex\": \"13\", \"embeddableConfig\": {}, \"version\": \"7.6.0\"}, {\"panelRefName\": \"panel_13\", \"gridData\": {\"w\": 16, \"x\": 32, \"y\": 15, \"i\": \"14\", \"h\": 10}, \"panelIndex\": \"14\", \"embeddableConfig\": {}, \"version\": \"7.6.0\"}, {\"panelRefName\": \"panel_14\", \"gridData\": {\"w\": 24, \"x\": 0, \"y\": 0, \"i\": \"16\", \"h\": 5}, \"panelIndex\": \"16\", \"embeddableConfig\": {}, \"version\": \"7.6.0\"}, {\"panelRefName\": \"panel_15\", \"gridData\": {\"w\": 8, \"x\": 0, \"y\": 15, \"i\": \"21\", \"h\": 10}, \"panelIndex\": \"21\", \"embeddableConfig\": {}, \"version\": \"7.6.0\"}, {\"panelRefName\": \"panel_16\", \"gridData\": {\"w\": 8, \"x\": 8, \"y\": 15, \"i\": \"22\", \"h\": 10}, \"panelIndex\": \"22\", \"embeddableConfig\": {}, \"version\": \"7.6.0\"}, {\"panelRefName\": \"panel_17\", \"gridData\": {\"w\": 8, \"x\": 24, \"y\": 15, \"i\": \"23\", \"h\": 10}, \"panelIndex\": \"23\", \"embeddableConfig\": {}, \"version\": \"7.6.0\"}, {\"panelRefName\": \"panel_18\", \"gridData\": {\"w\": 8, \"x\": 40, \"y\": 5, \"i\": \"25\", \"h\": 10}, \"panelIndex\": \"25\", \"embeddableConfig\": {}, \"version\": \"7.6.0\"}, {\"panelRefName\": \"panel_19\", \"gridData\": {\"w\": 24, \"x\": 0, \"y\": 85, \"i\": \"27\", \"h\": 15}, \"panelIndex\": \"27\", \"embeddableConfig\": {}, \"version\": \"7.6.0\"}, {\"panelRefName\": \"panel_20\", \"gridData\": {\"w\": 24, \"x\": 24, \"y\": 85, \"i\": \"28\", \"h\": 15}, \"panelIndex\": \"28\", \"embeddableConfig\": {}, \"version\": \"7.6.0\"}, {\"panelRefName\": \"panel_21\", \"gridData\": {\"w\": 8, \"x\": 16, \"y\": 15, \"i\": \"29\", \"h\": 10}, \"panelIndex\": \"29\", \"embeddableConfig\": {\"vis\": {\"defaultColors\": {\"0 - 100\": \"rgb(0,104,55)\"}}}, \"version\": \"7.6.0\"}, {\"panelRefName\": \"panel_22\", \"gridData\": {\"w\": 24, \"x\": 24, \"y\": 0, \"i\": \"30\", \"h\": 5}, \"panelIndex\": \"30\", \"embeddableConfig\": {}, \"version\": \"7.6.0\"}]",
                "timeRestore": false,
                "title": "[Metricbeat System] Host overview ECS",
                "version": 1
            },
            "id": "79ffd6e0-faa0-11e6-947f-177f697178b8-ecs",
            "migrationVersion": {
                "dashboard": "7.3.0"
            },
            "references": [
                {
                    "id": "6b7b9a40-faa1-11e6-86b1-cd7735ff7e23-ecs",
                    "name": "panel_0",
                    "type": "visualization"
                },
                {
                    "id": "4d546850-1b15-11e7-b09e-037021c4f8df-ecs",
                    "name": "panel_1",
                    "type": "visualization"
                },
                {
                    "id": "089b85d0-1b16-11e7-b09e-037021c4f8df-ecs",
                    "name": "panel_2",
                    "type": "visualization"
                },
                {
                    "id": "bfa5e400-1b16-11e7-b09e-037021c4f8df-ecs",
                    "name": "panel_3",
                    "type": "visualization"
                },
                {
                    "id": "e0f001c0-1b18-11e7-b09e-037021c4f8df-ecs",
                    "name": "panel_4",
                    "type": "visualization"
                },
                {
                    "id": "2e224660-1b19-11e7-b09e-037021c4f8df-ecs",
                    "name": "panel_5",
                    "type": "visualization"
                },
                {
                    "id": "ab2d1e90-1b1a-11e7-b09e-037021c4f8df-ecs",
                    "name": "panel_6",
                    "type": "visualization"
                },
                {
                    "id": "4e4bb1e0-1b1b-11e7-b09e-037021c4f8df-ecs",
                    "name": "panel_7",
                    "type": "visualization"
                },
                {
                    "id": "26732e20-1b91-11e7-bec4-a5e9ec5cab8b-ecs",
                    "name": "panel_8",
                    "type": "visualization"
                },
                {
                    "id": "83e12df0-1b91-11e7-bec4-a5e9ec5cab8b-ecs",
                    "name": "panel_9",
                    "type": "visualization"
                },
                {
                    "id": "d3166e80-1b91-11e7-bec4-a5e9ec5cab8b-ecs",
                    "name": "panel_10",
                    "type": "visualization"
                },
                {
                    "id": "522ee670-1b92-11e7-bec4-a5e9ec5cab8b-ecs",
                    "name": "panel_11",
                    "type": "visualization"
                },
                {
                    "id": "1aae9140-1b93-11e7-8ada-3df93aab833e-ecs",
                    "name": "panel_12",
                    "type": "visualization"
                },
                {
                    "id": "34f97ee0-1b96-11e7-8ada-3df93aab833e-ecs",
                    "name": "panel_13",
                    "type": "visualization"
                },
                {
                    "id": "System-Navigation-ecs",
                    "name": "panel_14",
                    "type": "visualization"
                },
                {
                    "id": "19e123b0-4d5a-11e7-aee5-fdc812cc3bec-ecs",
                    "name": "panel_15",
                    "type": "visualization"
                },
                {
                    "id": "d2e80340-4d5c-11e7-aa29-87a97a796de6-ecs",
                    "name": "panel_16",
                    "type": "visualization"
                },
                {
                    "id": "825fdb80-4d1d-11e7-b5f2-2b7c1895bf32-ecs",
                    "name": "panel_17",
                    "type": "visualization"
                },
                {
                    "id": "96976150-4d5d-11e7-aa29-87a97a796de6-ecs",
                    "name": "panel_18",
                    "type": "visualization"
                },
                {
                    "id": "99381c80-4d60-11e7-9a4c-ed99bbcaa42b-ecs",
                    "name": "panel_19",
                    "type": "visualization"
                },
                {
                    "id": "c5e3cf90-4d60-11e7-9a4c-ed99bbcaa42b-ecs",
                    "name": "panel_20",
                    "type": "visualization"
                },
                {
                    "id": "590a60f0-5d87-11e7-8884-1bb4c3b890e4-ecs",
                    "name": "panel_21",
                    "type": "visualization"
                },
                {
                    "id": "3d65d450-a9c3-11e7-af20-67db8aecb295-ecs",
                    "name": "panel_22",
                    "type": "visualization"
                }
            ],
            "type": "dashboard",
            "updated_at": "2020-03-26T18:07:09.250Z",
            "version": "WzY4MDMsN10="
        },
        {
            "attributes": {
                "description": "",
                "kibanaSavedObjectMeta": {
                    "searchSourceJSON": "{\"query\": {\"language\": \"kuery\", \"query\": \"\"}, \"filter\": []}"
                },
                "title": "Network Traffic (Packets) [Metricbeat System] ECS",
                "uiStateJSON": "{}",
                "version": 1,
                "visState": "{\"aggs\": [], \"listeners\": {}, \"type\": \"metrics\", \"title\": \"Mericbeat: Network Traffic (Packets) ECS\", \"params\": {\"time_field\": \"@timestamp\", \"axis_formatter\": \"number\", \"interval\": \"auto\", \"axis_position\": \"left\", \"filter\": {\"language\": \"lucene\", \"query\": \"-system.network.name:l*\"}, \"show_legend\": 1, \"series\": [{\"terms_field\": \"system.network.name\", \"seperate_axis\": 0, \"color\": \"rgba(0,156,224,1)\", \"line_width\": \"0\", \"axis_position\": \"right\", \"id\": \"da1046f1-faa0-11e6-86b1-cd7735ff7e23\", \"stacked\": \"none\", \"split_mode\": \"terms\", \"metrics\": [{\"type\": \"max\", \"field\": \"system.network.in.packets\", \"id\": \"da1046f2-faa0-11e6-86b1-cd7735ff7e23\"}, {\"unit\": \"1s\", \"type\": \"derivative\", \"field\": \"da1046f2-faa0-11e6-86b1-cd7735ff7e23\", \"id\": \"f41f9280-faa0-11e6-86b1-cd7735ff7e23\"}, {\"unit\": \"\", \"type\": \"positive_only\", \"field\": \"f41f9280-faa0-11e6-86b1-cd7735ff7e23\", \"id\": \"c0da3d80-1b93-11e7-8ada-3df93aab833e\"}, {\"type\": \"series_agg\", \"function\": \"sum\", \"id\": \"ecaad010-2c2c-11e7-be71-3162da85303f\"}], \"point_size\": \"0\", \"value_template\": \"{{value}}/s\", \"chart_type\": \"line\", \"fill\": \"1\", \"formatter\": \"0.[00]a\", \"label\": \"Inbound\"}, {\"terms_field\": \"system.network.name\", \"seperate_axis\": 0, \"color\": \"rgba(250,40,255,1)\", \"line_width\": \"0\", \"axis_position\": \"right\", \"id\": \"fbbd5720-faa0-11e6-86b1-cd7735ff7e23\", \"stacked\": \"none\", \"split_mode\": \"terms\", \"metrics\": [{\"type\": \"max\", \"field\": \"system.network.out.packets\", \"id\": \"fbbd7e30-faa0-11e6-86b1-cd7735ff7e23\"}, {\"unit\": \"1s\", \"type\": \"derivative\", \"field\": \"fbbd7e30-faa0-11e6-86b1-cd7735ff7e23\", \"id\": \"fbbd7e31-faa0-11e6-86b1-cd7735ff7e23\"}, {\"script\": \"params.rate != null && params.rate > 0 ? params.rate * -1 : null\", \"type\": \"calculation\", \"id\": \"17e597a0-faa1-11e6-86b1-cd7735ff7e23\", \"variables\": [{\"field\": \"fbbd7e31-faa0-11e6-86b1-cd7735ff7e23\", \"id\": \"1940bad0-faa1-11e6-86b1-cd7735ff7e23\", \"name\": \"rate\"}]}, {\"type\": \"series_agg\", \"function\": \"sum\", \"id\": \"fe5fbdc0-2c2c-11e7-be71-3162da85303f\"}], \"point_size\": \"0\", \"value_template\": \"{{value}}/s\", \"chart_type\": \"line\", \"fill\": \"1\", \"formatter\": \"0.[00]a\", \"label\": \"Outbound\"}], \"id\": \"da1046f0-faa0-11e6-86b1-cd7735ff7e23\", \"index_pattern\": \"metricbeat-*\", \"type\": \"timeseries\"}}"
            },
            "id": "6b7b9a40-faa1-11e6-86b1-cd7735ff7e23-ecs",
            "migrationVersion": {
                "visualization": "7.4.2"
            },
            "references": [],
            "type": "visualization",
            "updated_at": "2020-03-03T20:18:18.996Z",
            "version": "WzUxNjMsM10="
        },
        {
            "attributes": {
                "description": "",
                "kibanaSavedObjectMeta": {
                    "searchSourceJSON": "{\"query\": {\"language\": \"kuery\", \"query\": \"\"}, \"filter\": []}"
                },
                "title": "System Load [Metricbeat System] ECS",
                "uiStateJSON": "{}",
                "version": 1,
                "visState": "{\"aggs\": [], \"type\": \"metrics\", \"title\": \"System Load [Metricbeat System] ECS\", \"params\": {\"time_field\": \"@timestamp\", \"type\": \"timeseries\", \"axis_formatter\": \"number\", \"interval\": \"auto\", \"axis_position\": \"left\", \"show_legend\": 1, \"series\": [{\"seperate_axis\": 0, \"color\": \"rgba(115,216,255,1)\", \"line_width\": \"3\", \"axis_position\": \"right\", \"id\": \"f62671e0-1b14-11e7-b09e-037021c4f8df\", \"stacked\": \"none\", \"split_mode\": \"everything\", \"metrics\": [{\"type\": \"avg\", \"field\": \"system.load.1\", \"id\": \"f62671e1-1b14-11e7-b09e-037021c4f8df\"}], \"point_size\": 1, \"chart_type\": \"line\", \"fill\": \"0\", \"formatter\": \"number\", \"label\": \"1m\"}, {\"seperate_axis\": 0, \"color\": \"rgba(0,156,224,1)\", \"line_width\": \"3\", \"axis_position\": \"right\", \"id\": \"1c324850-1b15-11e7-b09e-037021c4f8df\", \"stacked\": \"none\", \"split_mode\": \"everything\", \"metrics\": [{\"type\": \"avg\", \"field\": \"system.load.5\", \"id\": \"1c324851-1b15-11e7-b09e-037021c4f8df\"}], \"point_size\": \"0\", \"chart_type\": \"line\", \"fill\": \"0\", \"formatter\": \"number\", \"label\": \"5m\"}, {\"seperate_axis\": 0, \"color\": \"rgba(0,98,177,1)\", \"line_width\": \"3\", \"axis_position\": \"right\", \"id\": \"3287e740-1b15-11e7-b09e-037021c4f8df\", \"stacked\": \"none\", \"split_mode\": \"everything\", \"metrics\": [{\"type\": \"avg\", \"field\": \"system.load.15\", \"id\": \"32880e50-1b15-11e7-b09e-037021c4f8df\"}], \"point_size\": \"0\", \"chart_type\": \"line\", \"fill\": \"0\", \"formatter\": \"number\", \"label\": \"15m\"}], \"id\": \"f6264ad0-1b14-11e7-b09e-037021c4f8df\", \"index_pattern\": \"metricbeat-*\", \"show_grid\": 1}}"
            },
            "id": "4d546850-1b15-11e7-b09e-037021c4f8df-ecs",
            "migrationVersion": {
                "visualization": "7.4.2"
            },
            "references": [],
            "type": "visualization",
            "updated_at": "2020-03-03T20:18:18.996Z",
            "version": "WzUxNjQsM10="
        },
        {
            "attributes": {
                "description": "",
                "kibanaSavedObjectMeta": {
                    "searchSourceJSON": "{\"query\": {\"language\": \"kuery\", \"query\": \"\"}, \"filter\": []}"
                },
                "title": "Network Traffic (Bytes) [Metricbeat System] ECS",
                "uiStateJSON": "{}",
                "version": 1,
                "visState": "{\"aggs\": [], \"listeners\": {}, \"type\": \"metrics\", \"title\": \"Mericbeat: Network Traffic (Bytes) ECS\", \"params\": {\"time_field\": \"@timestamp\", \"axis_formatter\": \"number\", \"interval\": \"auto\", \"axis_position\": \"left\", \"filter\": {\"language\": \"lucene\", \"query\": \"-system.network.name:l*\"}, \"show_legend\": 1, \"series\": [{\"terms_field\": \"system.network.name\", \"seperate_axis\": 0, \"color\": \"rgba(0,156,224,1)\", \"line_width\": \"0\", \"axis_position\": \"right\", \"id\": \"da1046f1-faa0-11e6-86b1-cd7735ff7e23\", \"stacked\": \"none\", \"split_mode\": \"terms\", \"metrics\": [{\"type\": \"max\", \"field\": \"system.network.in.bytes\", \"id\": \"da1046f2-faa0-11e6-86b1-cd7735ff7e23\"}, {\"unit\": \"1s\", \"type\": \"derivative\", \"field\": \"da1046f2-faa0-11e6-86b1-cd7735ff7e23\", \"id\": \"f41f9280-faa0-11e6-86b1-cd7735ff7e23\"}, {\"unit\": \"\", \"type\": \"positive_only\", \"field\": \"f41f9280-faa0-11e6-86b1-cd7735ff7e23\", \"id\": \"a87398e0-1b93-11e7-8ada-3df93aab833e\"}, {\"type\": \"series_agg\", \"function\": \"sum\", \"id\": \"2d533df0-2c2d-11e7-be71-3162da85303f\"}], \"point_size\": \"0\", \"value_template\": \"{{value}}/s\", \"chart_type\": \"line\", \"fill\": \"1\", \"formatter\": \"bytes\", \"label\": \"Inbound \"}, {\"terms_field\": \"system.network.name\", \"seperate_axis\": 0, \"color\": \"rgba(250,40,255,1)\", \"line_width\": \"0\", \"axis_position\": \"right\", \"id\": \"fbbd5720-faa0-11e6-86b1-cd7735ff7e23\", \"stacked\": \"none\", \"split_mode\": \"terms\", \"metrics\": [{\"type\": \"max\", \"field\": \"system.network.out.bytes\", \"id\": \"fbbd7e30-faa0-11e6-86b1-cd7735ff7e23\"}, {\"unit\": \"1s\", \"type\": \"derivative\", \"field\": \"fbbd7e30-faa0-11e6-86b1-cd7735ff7e23\", \"id\": \"fbbd7e31-faa0-11e6-86b1-cd7735ff7e23\"}, {\"script\": \"params.rate != null && params.rate > 0 ? params.rate * -1 : null\", \"type\": \"calculation\", \"id\": \"17e597a0-faa1-11e6-86b1-cd7735ff7e23\", \"variables\": [{\"field\": \"fbbd7e31-faa0-11e6-86b1-cd7735ff7e23\", \"id\": \"1940bad0-faa1-11e6-86b1-cd7735ff7e23\", \"name\": \"rate\"}]}, {\"type\": \"series_agg\", \"function\": \"sum\", \"id\": \"533da9b0-2c2d-11e7-be71-3162da85303f\"}], \"point_size\": \"0\", \"value_template\": \"{{value}}/s\", \"chart_type\": \"line\", \"fill\": \"1\", \"formatter\": \"bytes\", \"label\": \"Outbound \"}], \"id\": \"da1046f0-faa0-11e6-86b1-cd7735ff7e23\", \"index_pattern\": \"metricbeat-*\", \"type\": \"timeseries\"}}"
            },
            "id": "089b85d0-1b16-11e7-b09e-037021c4f8df-ecs",
            "migrationVersion": {
                "visualization": "7.4.2"
            },
            "references": [],
            "type": "visualization",
            "updated_at": "2020-03-03T20:18:18.996Z",
            "version": "WzUxNjUsM10="
        },
        {
            "attributes": {
                "description": "",
                "kibanaSavedObjectMeta": {
                    "searchSourceJSON": "{\"query\": {\"language\": \"kuery\", \"query\": \"\"}, \"filter\": []}"
                },
                "title": "Memory Usage [Metricbeat System] ECS",
                "uiStateJSON": "{}",
                "version": 1,
                "visState": "{\"aggs\": [], \"type\": \"metrics\", \"title\": \"Memory Usage [Metricbeat System] ECS\", \"params\": {\"time_field\": \"@timestamp\", \"type\": \"timeseries\", \"axis_formatter\": \"number\", \"interval\": \"auto\", \"axis_position\": \"left\", \"show_legend\": 1, \"series\": [{\"seperate_axis\": 0, \"color\": \"rgba(211,49,21,1)\", \"line_width\": 1, \"axis_position\": \"right\", \"id\": \"4ff61fd0-1b16-11e7-b09e-037021c4f8df\", \"stacked\": \"stacked\", \"split_mode\": \"everything\", \"metrics\": [{\"type\": \"avg\", \"field\": \"system.memory.actual.used.bytes\", \"id\": \"4ff61fd1-1b16-11e7-b09e-037021c4f8df\"}], \"point_size\": \"0\", \"chart_type\": \"line\", \"fill\": \"1\", \"formatter\": \"bytes\", \"label\": \"Used\"}, {\"seperate_axis\": 0, \"color\": \"rgba(0,156,224,1)\", \"line_width\": 1, \"axis_position\": \"right\", \"id\": \"753a6080-1b16-11e7-b09e-037021c4f8df\", \"stacked\": \"stacked\", \"split_mode\": \"everything\", \"metrics\": [{\"type\": \"avg\", \"field\": \"system.memory.actual.used.bytes\", \"id\": \"753a6081-1b16-11e7-b09e-037021c4f8df\"}, {\"type\": \"avg\", \"field\": \"system.memory.used.bytes\", \"id\": \"7c9d3f00-1b16-11e7-b09e-037021c4f8df\"}, {\"script\": \"params.actual != null && params.used != null ? params.used - params.actual : null\", \"type\": \"calculation\", \"id\": \"869cc160-1b16-11e7-b09e-037021c4f8df\", \"variables\": [{\"field\": \"753a6081-1b16-11e7-b09e-037021c4f8df\", \"id\": \"890f9620-1b16-11e7-b09e-037021c4f8df\", \"name\": \"actual\"}, {\"field\": \"7c9d3f00-1b16-11e7-b09e-037021c4f8df\", \"id\": \"8f3ab7f0-1b16-11e7-b09e-037021c4f8df\", \"name\": \"used\"}]}], \"point_size\": \"0\", \"chart_type\": \"line\", \"fill\": \"1\", \"formatter\": \"bytes\", \"label\": \"Cache\"}, {\"seperate_axis\": 0, \"color\": \"#68BC00\", \"line_width\": 1, \"axis_position\": \"right\", \"id\": \"32f46f41-1b16-11e7-b09e-037021c4f8df\", \"stacked\": \"stacked\", \"split_mode\": \"everything\", \"metrics\": [{\"type\": \"avg\", \"field\": \"system.memory.free\", \"id\": \"32f46f42-1b16-11e7-b09e-037021c4f8df\"}], \"point_size\": \"0\", \"chart_type\": \"line\", \"fill\": \"1\", \"formatter\": \"bytes\", \"label\": \"Free\"}], \"id\": \"32f46f40-1b16-11e7-b09e-037021c4f8df\", \"index_pattern\": \"metricbeat-*\", \"show_grid\": 1}}"
            },
            "id": "bfa5e400-1b16-11e7-b09e-037021c4f8df-ecs",
            "migrationVersion": {
                "visualization": "7.4.2"
            },
            "references": [],
            "type": "visualization",
            "updated_at": "2020-03-03T20:18:18.996Z",
            "version": "WzUxNjYsM10="
        },
        {
            "attributes": {
                "description": "",
                "kibanaSavedObjectMeta": {
                    "searchSourceJSON": "{\"query\": {\"language\": \"kuery\", \"query\": \"\"}, \"filter\": []}"
                },
                "title": "Top Processes By CPU [Metricbeat System] ECS",
                "uiStateJSON": "{}",
                "version": 1,
                "visState": "{\"aggs\": [], \"type\": \"metrics\", \"title\": \"Top Processes By CPU [Metricbeat System] ECS\", \"params\": {\"bar_color_rules\": [{\"bar_color\": \"rgba(104,188,0,1)\", \"id\": \"60e11be0-1b18-11e7-b09e-037021c4f8df\", \"value\": 0, \"operator\": \"gte\"}], \"axis_formatter\": \"number\", \"id\": \"5f5b8d50-1b18-11e7-b09e-037021c4f8df\", \"filter\": \"\", \"show_legend\": 1, \"index_pattern\": \"metricbeat-*\", \"time_field\": \"@timestamp\", \"type\": \"top_n\", \"interval\": \"auto\", \"axis_position\": \"left\", \"drilldown_url\": \"\", \"series\": [{\"seperate_axis\": 0, \"color\": \"#68BC00\", \"line_width\": 1, \"terms_field\": \"process.name\", \"id\": \"5f5b8d51-1b18-11e7-b09e-037021c4f8df\", \"terms_order_by\": \"5f5b8d52-1b18-11e7-b09e-037021c4f8df\", \"stacked\": \"none\", \"split_mode\": \"terms\", \"metrics\": [{\"type\": \"avg\", \"field\": \"system.process.cpu.total.pct\", \"id\": \"5f5b8d52-1b18-11e7-b09e-037021c4f8df\"}], \"point_size\": 1, \"chart_type\": \"line\", \"fill\": 0.5, \"formatter\": \"percent\", \"axis_position\": \"right\"}], \"show_grid\": 1}}"
            },
            "id": "e0f001c0-1b18-11e7-b09e-037021c4f8df-ecs",
            "migrationVersion": {
                "visualization": "7.4.2"
            },
            "references": [],
            "type": "visualization",
            "updated_at": "2020-03-03T20:18:18.996Z",
            "version": "WzUxNjcsM10="
        },
        {
            "attributes": {
                "description": "",
                "kibanaSavedObjectMeta": {
                    "searchSourceJSON": "{\"query\": {\"language\": \"kuery\", \"query\": \"\"}, \"filter\": []}"
                },
                "title": "Processes By Memory [Metricbeat System] ECS",
                "uiStateJSON": "{}",
                "version": 1,
                "visState": "{\"aggs\": [], \"type\": \"metrics\", \"title\": \"Processes By Memory [Metricbeat System] ECS\", \"params\": {\"bar_color_rules\": [{\"bar_color\": \"rgba(104,188,0,1)\", \"id\": \"efb9b660-1b18-11e7-b09e-037021c4f8df\", \"value\": 0, \"operator\": \"gte\"}, {\"bar_color\": \"rgba(254,146,0,1)\", \"id\": \"17fcb820-1b19-11e7-b09e-037021c4f8df\", \"value\": 0.7, \"operator\": \"gte\"}, {\"bar_color\": \"rgba(211,49,21,1)\", \"id\": \"1dd61070-1b19-11e7-b09e-037021c4f8df\", \"value\": 0.85, \"operator\": \"gte\"}], \"axis_formatter\": \"number\", \"id\": \"edfceb30-1b18-11e7-b09e-037021c4f8df\", \"filter\": \"\", \"show_legend\": 1, \"index_pattern\": \"metricbeat-*\", \"time_field\": \"@timestamp\", \"type\": \"top_n\", \"interval\": \"auto\", \"axis_position\": \"left\", \"drilldown_url\": \"\", \"series\": [{\"seperate_axis\": 0, \"color\": \"#68BC00\", \"line_width\": 1, \"terms_field\": \"process.name\", \"id\": \"edfceb31-1b18-11e7-b09e-037021c4f8df\", \"terms_order_by\": \"edfceb32-1b18-11e7-b09e-037021c4f8df\", \"stacked\": \"none\", \"split_mode\": \"terms\", \"metrics\": [{\"type\": \"avg\", \"field\": \"system.process.memory.rss.pct\", \"id\": \"edfceb32-1b18-11e7-b09e-037021c4f8df\"}], \"point_size\": 1, \"chart_type\": \"line\", \"fill\": 0.5, \"formatter\": \"percent\", \"axis_position\": \"right\"}], \"show_grid\": 1}}"
            },
            "id": "2e224660-1b19-11e7-b09e-037021c4f8df-ecs",
            "migrationVersion": {
                "visualization": "7.4.2"
            },
            "references": [],
            "type": "visualization",
            "updated_at": "2020-03-03T20:18:18.996Z",
            "version": "WzUxNjgsM10="
        },
        {
            "attributes": {
                "description": "",
                "kibanaSavedObjectMeta": {
                    "searchSourceJSON": "{\"query\": {\"language\": \"kuery\", \"query\": \"\"}, \"filter\": []}"
                },
                "title": "CPU Usage [Metricbeat System] ECS",
                "uiStateJSON": "{}",
                "version": 1,
                "visState": "{\"aggs\": [], \"type\": \"metrics\", \"title\": \"CPU Usage [Metricbeat System] ECS\", \"params\": {\"time_field\": \"@timestamp\", \"type\": \"timeseries\", \"axis_formatter\": \"number\", \"interval\": \"auto\", \"axis_position\": \"left\", \"show_legend\": 1, \"series\": [{\"seperate_axis\": 0, \"color\": \"#68BC00\", \"line_width\": 1, \"axis_position\": \"right\", \"id\": \"80a04951-1b19-11e7-b09e-037021c4f8df\", \"stacked\": \"stacked\", \"split_mode\": \"everything\", \"metrics\": [{\"type\": \"avg\", \"field\": \"system.cpu.user.pct\", \"id\": \"80a04952-1b19-11e7-b09e-037021c4f8df\"}], \"point_size\": \"0\", \"chart_type\": \"line\", \"fill\": \"1\", \"formatter\": \"percent\", \"label\": \"user\"}, {\"seperate_axis\": 0, \"color\": \"rgba(211,49,21,1)\", \"line_width\": 1, \"axis_position\": \"right\", \"id\": \"993acf30-1b19-11e7-b09e-037021c4f8df\", \"stacked\": \"stacked\", \"split_mode\": \"everything\", \"metrics\": [{\"type\": \"avg\", \"field\": \"system.cpu.system.pct\", \"id\": \"993acf31-1b19-11e7-b09e-037021c4f8df\"}], \"point_size\": \"0\", \"chart_type\": \"line\", \"fill\": \"1\", \"formatter\": \"percent\", \"label\": \"system\"}, {\"seperate_axis\": 0, \"color\": \"rgba(123,100,255,1)\", \"line_width\": 1, \"axis_position\": \"right\", \"id\": \"65ca35e0-1b1a-11e7-b09e-037021c4f8df\", \"stacked\": \"stacked\", \"split_mode\": \"everything\", \"metrics\": [{\"type\": \"avg\", \"field\": \"system.cpu.nice.pct\", \"id\": \"65ca5cf0-1b1a-11e7-b09e-037021c4f8df\"}], \"point_size\": \"0\", \"chart_type\": \"line\", \"fill\": \"1\", \"formatter\": \"percent\", \"label\": \"nice\"}, {\"seperate_axis\": 0, \"color\": \"rgba(226,115,0,1)\", \"line_width\": 1, \"axis_position\": \"right\", \"id\": \"741b5f20-1b1a-11e7-b09e-037021c4f8df\", \"stacked\": \"stacked\", \"split_mode\": \"everything\", \"metrics\": [{\"type\": \"avg\", \"field\": \"system.cpu.irq.pct\", \"id\": \"741b5f21-1b1a-11e7-b09e-037021c4f8df\"}], \"point_size\": \"0\", \"chart_type\": \"line\", \"fill\": \"1\", \"formatter\": \"percent\", \"label\": \"irq\"}, {\"seperate_axis\": 0, \"color\": \"rgba(176,188,0,1)\", \"line_width\": 1, \"axis_position\": \"right\", \"id\": \"2efc5d40-1b1a-11e7-b09e-037021c4f8df\", \"stacked\": \"stacked\", \"split_mode\": \"everything\", \"metrics\": [{\"type\": \"avg\", \"field\": \"system.cpu.softirq.pct\", \"id\": \"2efc5d41-1b1a-11e7-b09e-037021c4f8df\"}], \"point_size\": \"0\", \"chart_type\": \"line\", \"fill\": \"1\", \"formatter\": \"percent\", \"label\": \"softirq\"}, {\"seperate_axis\": 0, \"color\": \"rgba(15,20,25,1)\", \"line_width\": 1, \"axis_position\": \"right\", \"id\": \"ae644a30-1b19-11e7-b09e-037021c4f8df\", \"stacked\": \"stacked\", \"split_mode\": \"everything\", \"metrics\": [{\"type\": \"avg\", \"field\": \"system.cpu.iowait.pct\", \"id\": \"ae644a31-1b19-11e7-b09e-037021c4f8df\"}], \"point_size\": \"0\", \"chart_type\": \"line\", \"fill\": \"1\", \"formatter\": \"percent\", \"label\": \"iowait\"}], \"id\": \"80a04950-1b19-11e7-b09e-037021c4f8df\", \"index_pattern\": \"metricbeat-*\", \"show_grid\": 1}}"
            },
            "id": "ab2d1e90-1b1a-11e7-b09e-037021c4f8df-ecs",
            "migrationVersion": {
                "visualization": "7.4.2"
            },
            "references": [],
            "type": "visualization",
            "updated_at": "2020-03-03T20:18:18.996Z",
            "version": "WzUxNjksM10="
        },
        {
            "attributes": {
                "description": "",
                "kibanaSavedObjectMeta": {
                    "searchSourceJSON": "{\"query\": {\"language\": \"kuery\", \"query\": \"\"}, \"filter\": []}"
                },
                "title": "Disk IO (Bytes) [Metricbeat System] ECS",
                "uiStateJSON": "{}",
                "version": 1,
                "visState": "{\"aggs\": [], \"type\": \"metrics\", \"title\": \"Disk IO (Bytes) [Metricbeat System] ECS\", \"params\": {\"time_field\": \"@timestamp\", \"type\": \"timeseries\", \"axis_formatter\": \"number\", \"interval\": \"auto\", \"axis_position\": \"left\", \"filter\": \"\", \"show_legend\": 1, \"series\": [{\"seperate_axis\": 0, \"color\": \"rgba(22,165,165,1)\", \"line_width\": 1, \"axis_position\": \"right\", \"id\": \"d3c67db1-1b1a-11e7-b09e-037021c4f8df\", \"stacked\": \"none\", \"split_mode\": \"everything\", \"metrics\": [{\"type\": \"max\", \"field\": \"system.diskio.read.bytes\", \"id\": \"d3c67db2-1b1a-11e7-b09e-037021c4f8df\"}, {\"unit\": \"1s\", \"type\": \"derivative\", \"field\": \"d3c67db2-1b1a-11e7-b09e-037021c4f8df\", \"id\": \"f55b9910-1b1a-11e7-b09e-037021c4f8df\"}, {\"unit\": \"\", \"type\": \"positive_only\", \"field\": \"f55b9910-1b1a-11e7-b09e-037021c4f8df\", \"id\": \"dcbbb100-1b93-11e7-8ada-3df93aab833e\"}], \"point_size\": \"0\", \"value_template\": \"{{value}}/s\", \"chart_type\": \"line\", \"fill\": \"1\", \"formatter\": \"bytes\", \"label\": \"reads\"}, {\"seperate_axis\": 0, \"color\": \"rgba(251,158,0,1)\", \"line_width\": 1, \"axis_position\": \"right\", \"id\": \"144124d0-1b1b-11e7-b09e-037021c4f8df\", \"stacked\": \"none\", \"split_mode\": \"everything\", \"metrics\": [{\"type\": \"max\", \"field\": \"system.diskio.write.bytes\", \"id\": \"144124d1-1b1b-11e7-b09e-037021c4f8df\"}, {\"unit\": \"1s\", \"type\": \"derivative\", \"field\": \"144124d1-1b1b-11e7-b09e-037021c4f8df\", \"id\": \"144124d2-1b1b-11e7-b09e-037021c4f8df\"}, {\"script\": \"params.rate > 0 ? params.rate * -1 : 0\", \"type\": \"calculation\", \"id\": \"144124d4-1b1b-11e7-b09e-037021c4f8df\", \"variables\": [{\"field\": \"144124d2-1b1b-11e7-b09e-037021c4f8df\", \"id\": \"144124d3-1b1b-11e7-b09e-037021c4f8df\", \"name\": \"rate\"}]}], \"point_size\": \"0\", \"value_template\": \"{{value}}/s\", \"chart_type\": \"line\", \"fill\": \"1\", \"formatter\": \"bytes\", \"label\": \"writes\"}], \"id\": \"d3c67db0-1b1a-11e7-b09e-037021c4f8df\", \"index_pattern\": \"metricbeat-*\", \"show_grid\": 1}}"
            },
            "id": "4e4bb1e0-1b1b-11e7-b09e-037021c4f8df-ecs",
            "migrationVersion": {
                "visualization": "7.4.2"
            },
            "references": [],
            "type": "visualization",
            "updated_at": "2020-03-03T20:18:18.996Z",
            "version": "WzUxNzAsM10="
        },
        {
            "attributes": {
                "description": "",
                "kibanaSavedObjectMeta": {
                    "searchSourceJSON": "{\"query\": {\"language\": \"kuery\", \"query\": \"\"}, \"filter\": []}"
                },
                "title": "Load Gauge [Metricbeat System] ECS",
                "uiStateJSON": "{}",
                "version": 1,
                "visState": "{\"aggs\": [], \"type\": \"metrics\", \"title\": \"Load Gauge [Metricbeat System] ECS\", \"params\": {\"time_field\": \"@timestamp\", \"axis_formatter\": \"number\", \"show_legend\": 1, \"gauge_style\": \"half\", \"id\": \"fdcc6180-1b90-11e7-bec4-a5e9ec5cab8b\", \"index_pattern\": \"metricbeat-*\", \"gauge_color_rules\": [{\"id\": \"ffd94880-1b90-11e7-bec4-a5e9ec5cab8b\"}], \"gauge_inner_width\": 10, \"type\": \"gauge\", \"interval\": \"auto\", \"axis_position\": \"left\", \"gauge_width\": 10, \"background_color_rules\": [{\"id\": \"feefabd0-1b90-11e7-bec4-a5e9ec5cab8b\"}], \"series\": [{\"seperate_axis\": 0, \"color\": \"#68BC00\", \"line_width\": 1, \"axis_position\": \"right\", \"id\": \"fdcc6181-1b90-11e7-bec4-a5e9ec5cab8b\", \"stacked\": \"none\", \"split_mode\": \"everything\", \"metrics\": [{\"type\": \"avg\", \"field\": \"system.load.5\", \"id\": \"fdcc6182-1b90-11e7-bec4-a5e9ec5cab8b\"}], \"point_size\": 1, \"chart_type\": \"line\", \"fill\": 0.5, \"formatter\": \"number\", \"label\": \"5m Load\"}], \"show_grid\": 1}}"
            },
            "id": "26732e20-1b91-11e7-bec4-a5e9ec5cab8b-ecs",
            "migrationVersion": {
                "visualization": "7.4.2"
            },
            "references": [],
            "type": "visualization",
            "updated_at": "2020-03-03T20:18:18.996Z",
            "version": "WzUxNzEsM10="
        },
        {
            "attributes": {
                "description": "",
                "kibanaSavedObjectMeta": {
                    "searchSourceJSON": "{\"query\": {\"language\": \"kuery\", \"query\": \"\"}, \"filter\": []}"
                },
                "title": "CPU Usage Gauge [Metricbeat System] ECS",
                "uiStateJSON": "{}",
                "version": 1,
                "visState": "{\"aggs\": [], \"type\": \"metrics\", \"title\": \"CPU Usage Gauge [Metricbeat System] ECS\", \"params\": {\"time_field\": \"@timestamp\", \"axis_formatter\": \"number\", \"show_legend\": 1, \"filter\": \"\", \"series\": [{\"seperate_axis\": 0, \"color\": \"#68BC00\", \"line_width\": 1, \"axis_position\": \"right\", \"id\": \"4c9e2551-1b91-11e7-bec4-a5e9ec5cab8b\", \"stacked\": \"none\", \"split_mode\": \"everything\", \"metrics\": [{\"type\": \"avg\", \"field\": \"system.cpu.user.pct\", \"id\": \"4c9e2552-1b91-11e7-bec4-a5e9ec5cab8b\"}, {\"type\": \"avg\", \"field\": \"system.cpu.system.pct\", \"id\": \"225c2140-5fd7-11e7-a63a-a937b7c1a7e1\"}, {\"type\": \"avg\", \"field\": \"system.cpu.cores\", \"id\": \"837a30c0-5fd7-11e7-a63a-a937b7c1a7e1\"}, {\"script\": \"params.n > 0 ? (params.user+params.system)/params.n : null\", \"type\": \"calculation\", \"id\": \"587aa510-1b91-11e7-bec4-a5e9ec5cab8b\", \"variables\": [{\"field\": \"4c9e2552-1b91-11e7-bec4-a5e9ec5cab8b\", \"id\": \"5a19af10-1b91-11e7-bec4-a5e9ec5cab8b\", \"name\": \"user\"}, {\"field\": \"225c2140-5fd7-11e7-a63a-a937b7c1a7e1\", \"id\": \"32b54f80-5fd7-11e7-a63a-a937b7c1a7e1\", \"name\": \"system\"}, {\"field\": \"837a30c0-5fd7-11e7-a63a-a937b7c1a7e1\", \"id\": \"8ba6eef0-5fd7-11e7-a63a-a937b7c1a7e1\", \"name\": \"n\"}]}], \"point_size\": 1, \"chart_type\": \"line\", \"fill\": 0.5, \"formatter\": \"percent\", \"label\": \"CPU Usage\"}], \"id\": \"4c9e2550-1b91-11e7-bec4-a5e9ec5cab8b\", \"index_pattern\": \"metricbeat-*\", \"gauge_color_rules\": [{\"gauge\": \"rgba(104,188,0,1)\", \"id\": \"4ef2c3b0-1b91-11e7-bec4-a5e9ec5cab8b\", \"value\": 0, \"operator\": \"gte\"}, {\"gauge\": \"rgba(254,146,0,1)\", \"id\": \"e6561ae0-1b91-11e7-bec4-a5e9ec5cab8b\", \"value\": 0.7, \"operator\": \"gte\"}, {\"gauge\": \"rgba(211,49,21,1)\", \"id\": \"ec655040-1b91-11e7-bec4-a5e9ec5cab8b\", \"value\": 0.85, \"operator\": \"gte\"}], \"gauge_inner_width\": 10, \"interval\": \"auto\", \"axis_position\": \"left\", \"gauge_max\": \"1\", \"gauge_width\": 10, \"type\": \"gauge\", \"gauge_style\": \"half\", \"show_grid\": 1}}"
            },
            "id": "83e12df0-1b91-11e7-bec4-a5e9ec5cab8b-ecs",
            "migrationVersion": {
                "visualization": "7.4.2"
            },
            "references": [],
            "type": "visualization",
            "updated_at": "2020-03-03T20:18:44.291Z",
            "version": "WzUzODEsM10="
        },
        {
            "attributes": {
                "description": "",
                "kibanaSavedObjectMeta": {
                    "searchSourceJSON": "{\"query\": {\"language\": \"kuery\", \"query\": \"\"}, \"filter\": []}"
                },
                "title": "Memory Usage Gauge [Metricbeat System] ECS",
                "uiStateJSON": "{}",
                "version": 1,
                "visState": "{\"aggs\": [], \"type\": \"metrics\", \"title\": \"Memory Usage Gauge [Metricbeat System] ECS\", \"params\": {\"time_field\": \"@timestamp\", \"axis_formatter\": \"number\", \"show_legend\": 1, \"filter\": \"\", \"series\": [{\"seperate_axis\": 0, \"color\": \"#68BC00\", \"line_width\": 1, \"axis_position\": \"right\", \"id\": \"9f51b731-1b91-11e7-bec4-a5e9ec5cab8b\", \"stacked\": \"none\", \"split_mode\": \"everything\", \"metrics\": [{\"type\": \"avg\", \"field\": \"system.memory.actual.used.pct\", \"id\": \"9f51b732-1b91-11e7-bec4-a5e9ec5cab8b\"}], \"point_size\": 1, \"chart_type\": \"line\", \"fill\": 0.5, \"formatter\": \"percent\", \"label\": \"Memory Usage\"}], \"id\": \"9f51b730-1b91-11e7-bec4-a5e9ec5cab8b\", \"index_pattern\": \"metricbeat-*\", \"gauge_color_rules\": [{\"gauge\": \"rgba(104,188,0,1)\", \"id\": \"a0d522e0-1b91-11e7-bec4-a5e9ec5cab8b\", \"value\": 0, \"operator\": \"gte\"}, {\"gauge\": \"rgba(254,146,0,1)\", \"id\": \"b45ad8f0-1b91-11e7-bec4-a5e9ec5cab8b\", \"value\": 0.7, \"operator\": \"gte\"}, {\"gauge\": \"rgba(211,49,21,1)\", \"id\": \"c06e9550-1b91-11e7-bec4-a5e9ec5cab8b\", \"value\": 0.85, \"operator\": \"gte\"}], \"gauge_inner_width\": 10, \"interval\": \"auto\", \"axis_position\": \"left\", \"gauge_max\": \"1\", \"gauge_width\": 10, \"type\": \"gauge\", \"gauge_style\": \"half\", \"show_grid\": 1}}"
            },
            "id": "d3166e80-1b91-11e7-bec4-a5e9ec5cab8b-ecs",
            "migrationVersion": {
                "visualization": "7.4.2"
            },
            "references": [],
            "type": "visualization",
            "updated_at": "2020-03-03T20:18:44.291Z",
            "version": "WzUzODAsM10="
        },
        {
            "attributes": {
                "description": "",
                "kibanaSavedObjectMeta": {
                    "searchSourceJSON": "{\"query\": {\"language\": \"kuery\", \"query\": \"\"}, \"filter\": []}"
                },
                "title": "Inbound Traffic [Metricbeat System] ECS",
                "uiStateJSON": "{}",
                "version": 1,
                "visState": "{\"aggs\": [], \"type\": \"metrics\", \"title\": \"Inbound Traffic [Metricbeat System] ECS\", \"params\": {\"axis_formatter\": \"number\", \"id\": \"0c761590-1b92-11e7-bec4-a5e9ec5cab8b\", \"filter\": {\"language\": \"lucene\", \"query\": \"-system.network.name:l*\"}, \"background_color_rules\": [{\"id\": \"0e346760-1b92-11e7-bec4-a5e9ec5cab8b\"}], \"show_legend\": 1, \"index_pattern\": \"metricbeat-*\", \"time_field\": \"@timestamp\", \"interval\": \"auto\", \"axis_position\": \"left\", \"type\": \"metric\", \"series\": [{\"terms_field\": \"system.network.name\", \"seperate_axis\": 0, \"color\": \"#68BC00\", \"line_width\": 1, \"axis_position\": \"right\", \"id\": \"0c761591-1b92-11e7-bec4-a5e9ec5cab8b\", \"stacked\": \"none\", \"split_mode\": \"terms\", \"metrics\": [{\"type\": \"max\", \"field\": \"system.network.in.bytes\", \"id\": \"0c761592-1b92-11e7-bec4-a5e9ec5cab8b\"}, {\"unit\": \"1s\", \"type\": \"derivative\", \"field\": \"0c761592-1b92-11e7-bec4-a5e9ec5cab8b\", \"id\": \"1d659060-1b92-11e7-bec4-a5e9ec5cab8b\"}, {\"unit\": \"\", \"type\": \"positive_only\", \"field\": \"1d659060-1b92-11e7-bec4-a5e9ec5cab8b\", \"id\": \"f2074f70-1b92-11e7-a416-41f5ccdba2e6\"}, {\"type\": \"series_agg\", \"function\": \"sum\", \"id\": \"c40e18f0-2c55-11e7-a0ad-277ce466684d\"}], \"point_size\": 1, \"value_template\": \"{{value}}/s\", \"chart_type\": \"line\", \"fill\": 0.5, \"formatter\": \"bytes\", \"label\": \"Inbound Traffic\"}, {\"terms_field\": \"system.network.name\", \"seperate_axis\": 0, \"color\": \"#68BC00\", \"line_width\": 1, \"axis_position\": \"right\", \"id\": \"37f70440-1b92-11e7-bec4-a5e9ec5cab8b\", \"stacked\": \"none\", \"split_mode\": \"terms\", \"metrics\": [{\"type\": \"max\", \"field\": \"system.network.in.bytes\", \"id\": \"37f72b50-1b92-11e7-bec4-a5e9ec5cab8b\"}, {\"unit\": \"\", \"type\": \"derivative\", \"field\": \"37f72b50-1b92-11e7-bec4-a5e9ec5cab8b\", \"id\": \"37f72b51-1b92-11e7-bec4-a5e9ec5cab8b\"}, {\"unit\": \"\", \"type\": \"positive_only\", \"field\": \"37f72b51-1b92-11e7-bec4-a5e9ec5cab8b\", \"id\": \"f9da2dd0-1b92-11e7-a416-41f5ccdba2e6\"}, {\"type\": \"series_agg\", \"field\": \"f9da2dd0-1b92-11e7-a416-41f5ccdba2e6\", \"function\": \"overall_sum\", \"id\": \"3e63c2f0-1b92-11e7-bec4-a5e9ec5cab8b\", \"sigma\": \"\"}], \"point_size\": 1, \"value_template\": \"{{value}}\", \"chart_type\": \"line\", \"fill\": 0.5, \"formatter\": \"bytes\", \"label\": \"Total Transferred\"}], \"show_grid\": 1}}"
            },
            "id": "522ee670-1b92-11e7-bec4-a5e9ec5cab8b-ecs",
            "migrationVersion": {
                "visualization": "7.4.2"
            },
            "references": [],
            "type": "visualization",
            "updated_at": "2020-03-03T20:18:44.291Z",
            "version": "WzUzNzcsM10="
        },
        {
            "attributes": {
                "description": "",
                "kibanaSavedObjectMeta": {
                    "searchSourceJSON": "{\"query\": {\"language\": \"kuery\", \"query\": \"\"}, \"filter\": []}"
                },
                "title": "Outbound Traffic [Metricbeat System] ECS",
                "uiStateJSON": "{}",
                "version": 1,
                "visState": "{\"aggs\": [], \"type\": \"metrics\", \"title\": \"Outbound Traffic [Metricbeat System] ECS\", \"params\": {\"axis_formatter\": \"number\", \"id\": \"0c761590-1b92-11e7-bec4-a5e9ec5cab8b\", \"filter\": {\"language\": \"lucene\", \"query\": \"-system.network.name:l*\"}, \"background_color_rules\": [{\"id\": \"0e346760-1b92-11e7-bec4-a5e9ec5cab8b\"}], \"show_legend\": 1, \"index_pattern\": \"metricbeat-*\", \"time_field\": \"@timestamp\", \"interval\": \"auto\", \"axis_position\": \"left\", \"type\": \"metric\", \"series\": [{\"terms_field\": \"system.network.name\", \"seperate_axis\": 0, \"color\": \"#68BC00\", \"line_width\": 1, \"axis_position\": \"right\", \"id\": \"0c761591-1b92-11e7-bec4-a5e9ec5cab8b\", \"stacked\": \"none\", \"split_mode\": \"terms\", \"metrics\": [{\"type\": \"max\", \"field\": \"system.network.out.bytes\", \"id\": \"0c761592-1b92-11e7-bec4-a5e9ec5cab8b\"}, {\"unit\": \"1s\", \"type\": \"derivative\", \"field\": \"0c761592-1b92-11e7-bec4-a5e9ec5cab8b\", \"id\": \"1d659060-1b92-11e7-bec4-a5e9ec5cab8b\"}, {\"unit\": \"\", \"type\": \"positive_only\", \"field\": \"1d659060-1b92-11e7-bec4-a5e9ec5cab8b\", \"id\": \"f2074f70-1b92-11e7-a416-41f5ccdba2e6\"}, {\"type\": \"series_agg\", \"function\": \"sum\", \"id\": \"a1737470-2c55-11e7-a0ad-277ce466684d\"}], \"point_size\": 1, \"value_template\": \"{{value}}/s\", \"chart_type\": \"line\", \"fill\": 0.5, \"formatter\": \"bytes\", \"label\": \"Outbound Traffic\"}, {\"terms_field\": \"system.network.name\", \"seperate_axis\": 0, \"color\": \"#68BC00\", \"line_width\": 1, \"axis_position\": \"right\", \"id\": \"37f70440-1b92-11e7-bec4-a5e9ec5cab8b\", \"stacked\": \"none\", \"split_mode\": \"terms\", \"metrics\": [{\"type\": \"max\", \"field\": \"system.network.out.bytes\", \"id\": \"37f72b50-1b92-11e7-bec4-a5e9ec5cab8b\"}, {\"unit\": \"\", \"type\": \"derivative\", \"field\": \"37f72b50-1b92-11e7-bec4-a5e9ec5cab8b\", \"id\": \"37f72b51-1b92-11e7-bec4-a5e9ec5cab8b\"}, {\"unit\": \"\", \"type\": \"positive_only\", \"field\": \"37f72b51-1b92-11e7-bec4-a5e9ec5cab8b\", \"id\": \"f9da2dd0-1b92-11e7-a416-41f5ccdba2e6\"}, {\"type\": \"series_agg\", \"field\": \"f9da2dd0-1b92-11e7-a416-41f5ccdba2e6\", \"function\": \"overall_sum\", \"id\": \"3e63c2f0-1b92-11e7-bec4-a5e9ec5cab8b\", \"sigma\": \"\"}], \"point_size\": 1, \"value_template\": \"{{value}}\", \"chart_type\": \"line\", \"fill\": 0.5, \"formatter\": \"bytes\", \"label\": \"Total Transferred\"}], \"show_grid\": 1}}"
            },
            "id": "1aae9140-1b93-11e7-8ada-3df93aab833e-ecs",
            "migrationVersion": {
                "visualization": "7.4.2"
            },
            "references": [],
            "type": "visualization",
            "updated_at": "2020-03-03T20:18:44.291Z",
            "version": "WzUzNzgsM10="
        },
        {
            "attributes": {
                "description": "",
                "kibanaSavedObjectMeta": {
                    "searchSourceJSON": "{\"query\": {\"language\": \"kuery\", \"query\": \"\"}, \"filter\": []}"
                },
                "title": "Disk Usage [Metricbeat System] ECS",
                "uiStateJSON": "{}",
                "version": 1,
                "visState": "{\"aggs\": [], \"type\": \"metrics\", \"title\": \"Disk Usage [Metricbeat System] ECS\", \"params\": {\"default_index_pattern\": \"metricbeat-*\", \"bar_color_rules\": [{\"bar_color\": \"rgba(104,188,0,1)\", \"id\": \"bf525310-1b95-11e7-8ada-3df93aab833e\", \"value\": 0, \"operator\": \"gte\"}, {\"bar_color\": \"rgba(254,146,0,1)\", \"id\": \"125fc4c0-1b96-11e7-8ada-3df93aab833e\", \"value\": 0.7, \"operator\": \"gte\"}, {\"bar_color\": \"rgba(211,49,21,1)\", \"id\": \"1a5c7240-1b96-11e7-8ada-3df93aab833e\", \"value\": 0.85, \"operator\": \"gte\"}], \"axis_formatter\": \"number\", \"show_legend\": 1, \"filter\": {\"language\": \"lucene\", \"query\": \"-system.filesystem.mount_point:\\\\/run* AND -system.filesystem.mount_point:\\\\/sys* AND -system.filesystem.mount_point:\\\\/dev* AND -system.filesystem.mount_point:\\\\/proc* AND -system.filesystem.mount_point:\\\\/var* AND -system.filesystem.mount_point:\\\\/boot\"}, \"isModelInvalid\": false, \"id\": \"9f7e48a0-1b95-11e7-8ada-3df93aab833e\", \"index_pattern\": \"metricbeat-*\", \"time_range_mode\": \"entire_time_range\", \"time_field\": \"@timestamp\", \"type\": \"top_n\", \"interval\": \"auto\", \"axis_scale\": \"normal\", \"axis_position\": \"left\", \"default_timefield\": \"@timestamp\", \"drilldown_url\": \"\", \"series\": [{\"seperate_axis\": 0, \"color\": \"#68BC00\", \"line_width\": 1, \"terms_field\": \"system.filesystem.mount_point\", \"id\": \"9f7e48a1-1b95-11e7-8ada-3df93aab833e\", \"stacked\": \"none\", \"split_mode\": \"terms\", \"metrics\": [{\"size\": 1, \"field\": \"system.filesystem.used.pct\", \"order\": \"desc\", \"type\": \"top_hit\", \"agg_with\": \"avg\", \"id\": \"9f7e48a2-1b95-11e7-8ada-3df93aab833e\", \"order_by\": \"@timestamp\"}], \"point_size\": 1, \"chart_type\": \"line\", \"fill\": 0.5, \"formatter\": \"percent\", \"axis_position\": \"right\"}], \"show_grid\": 1}}"
            },
            "id": "34f97ee0-1b96-11e7-8ada-3df93aab833e-ecs",
            "migrationVersion": {
                "visualization": "7.4.2"
            },
            "references": [],
            "type": "visualization",
            "updated_at": "2020-03-26T17:26:35.781Z",
            "version": "WzY3NTEsN10="
        },
        {
            "attributes": {
                "description": "",
                "kibanaSavedObjectMeta": {
                    "searchSourceJSON": "{\"query\": {\"language\": \"kuery\", \"query\": \"\"}, \"filter\": []}"
                },
                "title": "System Navigation [Metricbeat System] ECS",
                "uiStateJSON": "{}",
                "version": 1,
                "visState": "{\"aggs\": [], \"type\": \"markdown\", \"title\": \"System Navigation [Metricbeat System] ECS\", \"params\": {\"markdown\": \"[System Overview](#/dashboard/Metricbeat-system-overview-ecs)  | [Host Overview](#/dashboard/79ffd6e0-faa0-11e6-947f-177f697178b8-ecs) |\\n[Containers overview](#/dashboard/CPU-slash-Memory-per-container-ecs)\", \"fontSize\": 12}}"
            },
            "id": "System-Navigation-ecs",
            "migrationVersion": {
                "visualization": "7.4.2"
            },
            "references": [],
            "type": "visualization",
            "updated_at": "2020-03-03T20:18:44.291Z",
            "version": "WzUzNzIsM10="
        },
        {
            "attributes": {
                "description": "",
                "kibanaSavedObjectMeta": {
                    "searchSourceJSON": "{\"query\": {\"language\": \"kuery\", \"query\": \"\"}, \"filter\": []}"
                },
                "title": "Swap usage [Metricbeat System] ECS",
                "uiStateJSON": "{}",
                "version": 1,
                "visState": "{\"aggs\": [], \"type\": \"metrics\", \"title\": \"Swap usage [Metricbeat System] ECS\", \"params\": {\"time_field\": \"@timestamp\", \"axis_formatter\": \"number\", \"show_legend\": 1, \"filter\": \"\", \"series\": [{\"seperate_axis\": 0, \"color\": \"#68BC00\", \"line_width\": 1, \"axis_position\": \"right\", \"id\": \"cee2fd21-4d59-11e7-aee5-fdc812cc3bec\", \"stacked\": \"none\", \"split_mode\": \"everything\", \"metrics\": [{\"type\": \"avg\", \"field\": \"system.memory.swap.used.pct\", \"id\": \"cee2fd22-4d59-11e7-aee5-fdc812cc3bec\"}], \"point_size\": 1, \"chart_type\": \"line\", \"fill\": 0.5, \"formatter\": \"percent\", \"label\": \"Swap usage\"}], \"id\": \"cee2fd20-4d59-11e7-aee5-fdc812cc3bec\", \"index_pattern\": \"metricbeat-*\", \"gauge_color_rules\": [{\"gauge\": \"rgba(104,188,0,1)\", \"id\": \"d17c1e90-4d59-11e7-aee5-fdc812cc3bec\", \"value\": 0, \"operator\": \"gte\"}, {\"gauge\": \"rgba(251,158,0,1)\", \"id\": \"fc1d3490-4d59-11e7-aee5-fdc812cc3bec\", \"value\": 0.7, \"operator\": \"gte\"}, {\"gauge\": \"rgba(211,49,21,1)\", \"id\": \"0e204240-4d5a-11e7-aee5-fdc812cc3bec\", \"value\": 0.85, \"operator\": \"gte\"}], \"gauge_inner_width\": 10, \"interval\": \"auto\", \"axis_position\": \"left\", \"gauge_max\": \"\", \"gauge_width\": 10, \"type\": \"gauge\", \"gauge_style\": \"half\", \"show_grid\": 1}}"
            },
            "id": "19e123b0-4d5a-11e7-aee5-fdc812cc3bec-ecs",
            "migrationVersion": {
                "visualization": "7.4.2"
            },
            "references": [],
            "type": "visualization",
            "updated_at": "2020-03-03T20:18:18.996Z",
            "version": "WzUxNzgsM10="
        },
        {
            "attributes": {
                "description": "",
                "kibanaSavedObjectMeta": {
                    "searchSourceJSON": "{\"query\": {\"language\": \"kuery\", \"query\": \"\"}, \"filter\": []}"
                },
                "title": "Memory usage vs total [Metricbeat System] ECS",
                "uiStateJSON": "{}",
                "version": 1,
                "visState": "{\"aggs\": [], \"listeners\": {}, \"type\": \"metrics\", \"title\": \"Memory usage vs total ECS\", \"params\": {\"series\": [{\"seperate_axis\": 0, \"color\": \"#68BC00\", \"line_width\": 1, \"axis_position\": \"right\", \"id\": \"6bc65721-4d5c-11e7-aa29-87a97a796de6\", \"stacked\": \"none\", \"split_mode\": \"everything\", \"metrics\": [{\"type\": \"avg\", \"field\": \"system.memory.actual.used.bytes\", \"id\": \"6bc65722-4d5c-11e7-aa29-87a97a796de6\"}], \"point_size\": 1, \"chart_type\": \"line\", \"fill\": 0.5, \"formatter\": \"bytes\", \"label\": \"Memory usage\"}, {\"seperate_axis\": 0, \"color\": \"#68BC00\", \"line_width\": 1, \"axis_position\": \"right\", \"id\": \"b8fe6820-4d5c-11e7-aa29-87a97a796de6\", \"stacked\": \"none\", \"split_mode\": \"everything\", \"metrics\": [{\"type\": \"avg\", \"field\": \"system.memory.total\", \"id\": \"b8fe6821-4d5c-11e7-aa29-87a97a796de6\"}], \"point_size\": 1, \"chart_type\": \"line\", \"fill\": 0.5, \"formatter\": \"bytes\", \"label\": \"Total Memory\"}], \"time_field\": \"@timestamp\", \"axis_formatter\": \"number\", \"interval\": \"auto\", \"axis_position\": \"left\", \"show_legend\": 1, \"background_color_rules\": [{\"id\": \"6f7618b0-4d5c-11e7-aa29-87a97a796de6\"}], \"id\": \"6bc65720-4d5c-11e7-aa29-87a97a796de6\", \"index_pattern\": \"metricbeat-*\", \"type\": \"metric\"}}"
            },
            "id": "d2e80340-4d5c-11e7-aa29-87a97a796de6-ecs",
            "migrationVersion": {
                "visualization": "7.4.2"
            },
            "references": [],
            "type": "visualization",
            "updated_at": "2020-03-03T20:18:18.996Z",
            "version": "WzUxNzksM10="
        },
        {
            "attributes": {
                "description": "",
                "kibanaSavedObjectMeta": {
                    "searchSourceJSON": "{\"query\": {\"language\": \"kuery\", \"query\": \"\"}, \"filter\": []}"
                },
                "title": "Disk used [Metricbeat System] ECS",
                "uiStateJSON": "{}",
                "version": 1,
                "visState": "{\"aggs\": [], \"type\": \"metrics\", \"title\": \"Disk used [Metricbeat System] ECS\", \"params\": {\"default_index_pattern\": \"metricbeat-*\", \"time_field\": \"@timestamp\", \"axis_formatter\": \"number\", \"show_legend\": 1, \"filter\": \"\", \"isModelInvalid\": false, \"series\": [{\"seperate_axis\": 0, \"color\": \"#68BC00\", \"line_width\": 1, \"axis_position\": \"right\", \"id\": \"4e4dee90-4d1d-11e7-b5f2-2b7c1895bf32\", \"stacked\": \"none\", \"split_mode\": \"everything\", \"metrics\": [{\"size\": 1, \"field\": \"system.fsstat.total_size.used\", \"order\": \"desc\", \"type\": \"top_hit\", \"agg_with\": \"avg\", \"id\": \"4e4dee91-4d1d-11e7-b5f2-2b7c1895bf32\", \"order_by\": \"@timestamp\"}, {\"size\": 1, \"field\": \"system.fsstat.total_size.total\", \"order\": \"desc\", \"type\": \"top_hit\", \"agg_with\": \"avg\", \"id\": \"57c96ee0-4d54-11e7-b5f2-2b7c1895bf32\", \"order_by\": \"@timestamp\"}, {\"script\": \"params.used/params.total \", \"type\": \"math\", \"id\": \"6304cca0-4d54-11e7-b5f2-2b7c1895bf32\", \"variables\": [{\"field\": \"4e4dee91-4d1d-11e7-b5f2-2b7c1895bf32\", \"id\": \"6da10430-4d54-11e7-b5f2-2b7c1895bf32\", \"name\": \"used\"}, {\"field\": \"57c96ee0-4d54-11e7-b5f2-2b7c1895bf32\", \"id\": \"73b8c510-4d54-11e7-b5f2-2b7c1895bf32\", \"name\": \"total\"}]}], \"point_size\": 1, \"chart_type\": \"line\", \"fill\": 0.5, \"formatter\": \"percent\", \"label\": \"Disk used\"}], \"id\": \"4e4dc780-4d1d-11e7-b5f2-2b7c1895bf32\", \"index_pattern\": \"metricbeat-*\", \"gauge_color_rules\": [{\"gauge\": \"rgba(104,188,0,1)\", \"id\": \"51921d10-4d1d-11e7-b5f2-2b7c1895bf32\", \"value\": 0, \"operator\": \"gte\"}, {\"gauge\": \"rgba(251,158,0,1)\", \"id\": \"f26de750-4d54-11e7-b5f2-2b7c1895bf32\", \"value\": 0.7, \"operator\": \"gte\"}, {\"gauge\": \"rgba(211,49,21,1)\", \"id\": \"fa31d190-4d54-11e7-b5f2-2b7c1895bf32\", \"value\": 0.85, \"operator\": \"gte\"}], \"time_range_mode\": \"entire_time_range\", \"gauge_inner_width\": 10, \"gauge_width\": 10, \"interval\": \"auto\", \"axis_scale\": \"normal\", \"axis_position\": \"left\", \"gauge_max\": \"1\", \"default_timefield\": \"@timestamp\", \"type\": \"gauge\", \"gauge_style\": \"half\", \"show_grid\": 1}}"
            },
            "id": "825fdb80-4d1d-11e7-b5f2-2b7c1895bf32-ecs",
            "migrationVersion": {
                "visualization": "7.4.2"
            },
            "references": [],
            "type": "visualization",
            "updated_at": "2020-03-26T17:22:09.379Z",
            "version": "WzY3MTksN10="
        },
        {
            "attributes": {
                "description": "",
                "kibanaSavedObjectMeta": {
                    "searchSourceJSON": "{\"query\": {\"language\": \"kuery\", \"query\": \"\"}, \"filter\": []}"
                },
                "title": "Packetloss [Metricbeat System] ECS",
                "uiStateJSON": "{}",
                "version": 1,
                "visState": "{\"aggs\": [], \"type\": \"metrics\", \"title\": \"Packetloss [Metricbeat System] ECS\", \"params\": {\"series\": [{\"seperate_axis\": 0, \"color\": \"#68BC00\", \"line_width\": 1, \"axis_position\": \"right\", \"id\": \"6984af11-4d5d-11e7-aa29-87a97a796de6\", \"stacked\": \"none\", \"split_mode\": \"everything\", \"metrics\": [{\"type\": \"max\", \"field\": \"system.network.in.dropped\", \"id\": \"6984af12-4d5d-11e7-aa29-87a97a796de6\"}], \"point_size\": 1, \"chart_type\": \"line\", \"fill\": 0.5, \"formatter\": \"number\", \"label\": \"In Packetloss\"}, {\"seperate_axis\": 0, \"color\": \"#68BC00\", \"line_width\": 1, \"axis_position\": \"right\", \"id\": \"ac2e6b30-4d5d-11e7-aa29-87a97a796de6\", \"stacked\": \"none\", \"split_mode\": \"everything\", \"metrics\": [{\"type\": \"max\", \"field\": \"system.network.out.dropped\", \"id\": \"ac2e6b31-4d5d-11e7-aa29-87a97a796de6\"}], \"point_size\": 1, \"chart_type\": \"line\", \"fill\": 0.5, \"formatter\": \"number\", \"label\": \"Out Packetloss\"}], \"time_field\": \"@timestamp\", \"axis_formatter\": \"number\", \"interval\": \"auto\", \"axis_position\": \"left\", \"show_legend\": 1, \"background_color_rules\": [{\"id\": \"6ba9b1f0-4d5d-11e7-aa29-87a97a796de6\"}], \"id\": \"6984af10-4d5d-11e7-aa29-87a97a796de6\", \"index_pattern\": \"metricbeat-*\", \"type\": \"metric\", \"show_grid\": 1}}"
            },
            "id": "96976150-4d5d-11e7-aa29-87a97a796de6-ecs",
            "migrationVersion": {
                "visualization": "7.4.2"
            },
            "references": [],
            "type": "visualization",
            "updated_at": "2020-03-03T20:18:18.996Z",
            "version": "WzUxODEsM10="
        },
        {
            "attributes": {
                "description": "",
                "kibanaSavedObjectMeta": {
                    "searchSourceJSON": "{\"query\": {\"language\": \"kuery\", \"query\": \"\"}, \"filter\": []}"
                },
                "title": "Interfaces by Incoming traffic [Metricbeat System] ECS",
                "uiStateJSON": "{}",
                "version": 1,
                "visState": "{\"aggs\": [], \"type\": \"metrics\", \"title\": \"Interfaces by Incoming traffic [Metricbeat System] ECS\", \"params\": {\"time_field\": \"@timestamp\", \"bar_color_rules\": [{\"id\": \"44596d40-4d60-11e7-9a4c-ed99bbcaa42b\"}], \"axis_formatter\": \"number\", \"interval\": \"auto\", \"axis_position\": \"left\", \"show_legend\": 1, \"series\": [{\"terms_field\": \"system.network.name\", \"seperate_axis\": 0, \"color\": \"#68BC00\", \"line_width\": 1, \"axis_position\": \"right\", \"id\": \"42ced5a0-4d60-11e7-9a4c-ed99bbcaa42b\", \"terms_order_by\": \"42ced5a1-4d60-11e7-9a4c-ed99bbcaa42b\", \"stacked\": \"none\", \"split_mode\": \"terms\", \"metrics\": [{\"type\": \"avg\", \"field\": \"system.network.in.bytes\", \"id\": \"42ced5a1-4d60-11e7-9a4c-ed99bbcaa42b\"}], \"point_size\": 1, \"chart_type\": \"line\", \"fill\": 0.5, \"formatter\": \"bytes\", \"label\": \"Interfaces by Incoming traffic\"}], \"id\": \"42ceae90-4d60-11e7-9a4c-ed99bbcaa42b\", \"index_pattern\": \"metricbeat-*\", \"type\": \"top_n\", \"show_grid\": 1}}"
            },
            "id": "99381c80-4d60-11e7-9a4c-ed99bbcaa42b-ecs",
            "migrationVersion": {
                "visualization": "7.4.2"
            },
            "references": [],
            "type": "visualization",
            "updated_at": "2020-03-03T20:18:18.996Z",
            "version": "WzUxODIsM10="
        },
        {
            "attributes": {
                "description": "",
                "kibanaSavedObjectMeta": {
                    "searchSourceJSON": "{\"query\": {\"language\": \"kuery\", \"query\": \"\"}, \"filter\": []}"
                },
                "title": "Interfaces by Outgoing traffic [Metricbeat System] ECS",
                "uiStateJSON": "{}",
                "version": 1,
                "visState": "{\"aggs\": [], \"type\": \"metrics\", \"title\": \"Interfaces by Outgoing traffic [Metricbeat System] ECS\", \"params\": {\"time_field\": \"@timestamp\", \"bar_color_rules\": [{\"id\": \"9db20be0-4d60-11e7-9a4c-ed99bbcaa42b\"}], \"axis_formatter\": \"number\", \"interval\": \"auto\", \"axis_position\": \"left\", \"show_legend\": 1, \"series\": [{\"terms_field\": \"system.network.name\", \"seperate_axis\": 0, \"color\": \"#68BC00\", \"line_width\": 1, \"axis_position\": \"right\", \"id\": \"9cdba911-4d60-11e7-9a4c-ed99bbcaa42b\", \"terms_order_by\": \"9cdba912-4d60-11e7-9a4c-ed99bbcaa42b\", \"stacked\": \"none\", \"split_mode\": \"terms\", \"metrics\": [{\"type\": \"avg\", \"field\": \"system.network.out.bytes\", \"id\": \"9cdba912-4d60-11e7-9a4c-ed99bbcaa42b\"}], \"point_size\": 1, \"chart_type\": \"line\", \"fill\": 0.5, \"formatter\": \"bytes\", \"label\": \"Interfaces by Outgoing traffic\"}], \"id\": \"9cdba910-4d60-11e7-9a4c-ed99bbcaa42b\", \"index_pattern\": \"metricbeat-*\", \"type\": \"top_n\", \"show_grid\": 1}}"
            },
            "id": "c5e3cf90-4d60-11e7-9a4c-ed99bbcaa42b-ecs",
            "migrationVersion": {
                "visualization": "7.4.2"
            },
            "references": [],
            "type": "visualization",
            "updated_at": "2020-03-03T20:18:18.996Z",
            "version": "WzUxODMsM10="
        },
        {
            "attributes": {
                "description": "",
                "kibanaSavedObjectMeta": {
                    "searchSourceJSON": "{\"query\": {\"language\": \"kuery\", \"query\": \"\"}, \"indexRefName\": \"kibanaSavedObjectMeta.searchSourceJSON.index\", \"filter\": []}"
                },
                "title": "Number of processes [Metricbeat System] ECS",
                "uiStateJSON": "{\"vis\": {\"defaultColors\": {\"0 - 100\": \"rgb(0,104,55)\"}}}",
                "version": 1,
                "visState": "{\"aggs\": [{\"type\": \"cardinality\", \"enabled\": true, \"id\": \"1\", \"schema\": \"metric\", \"params\": {\"field\": \"process.pid\", \"customLabel\": \"Processes\"}}], \"listeners\": {}, \"type\": \"metric\", \"title\": \"Number of processes ECS\", \"params\": {\"gauge\": {\"colorSchema\": \"Green to Red\", \"gaugeType\": \"Metric\", \"orientation\": \"vertical\", \"invertColors\": false, \"autoExtend\": false, \"percentageMode\": false, \"gaugeStyle\": \"Full\", \"useRange\": false, \"colorsRange\": [{\"from\": 0, \"to\": 100}], \"type\": \"simple\", \"labels\": {\"show\": true, \"color\": \"black\"}, \"verticalSplit\": false, \"scale\": {\"show\": false, \"labels\": false, \"color\": \"#333\", \"width\": 2}, \"gaugeColorMode\": \"None\", \"backStyle\": \"Full\", \"style\": {\"subText\": \"\", \"labelColor\": false, \"bgColor\": false, \"bgFill\": \"#000\", \"fontSize\": 60}}, \"type\": \"gauge\", \"addLegend\": false, \"addTooltip\": true}}"
            },
            "id": "590a60f0-5d87-11e7-8884-1bb4c3b890e4-ecs",
            "migrationVersion": {
                "visualization": "7.4.2"
            },
            "references": [
                {
                    "id": "metricbeat-*",
                    "name": "kibanaSavedObjectMeta.searchSourceJSON.index",
                    "type": "index-pattern"
                }
            ],
            "type": "visualization",
            "updated_at": "2020-03-03T20:18:18.996Z",
            "version": "WzUxODQsM10="
        },
        {
            "attributes": {
                "description": "",
                "kibanaSavedObjectMeta": {
                    "searchSourceJSON": "{}"
                },
                "title": "Tip [Metricbeat System] ECS",
                "uiStateJSON": "{}",
                "version": 1,
                "visState": "{\"aggs\": [], \"type\": \"markdown\", \"title\": \"Tip [Metricbeat System] ECS\", \"params\": {\"markdown\": \"**TIP:** To select another host, go to the [System Overview](#/dashboard/Metricbeat-system-overview-ecs) dashboard and double-click a host name.\", \"fontSize\": 12}}"
            },
            "id": "3d65d450-a9c3-11e7-af20-67db8aecb295-ecs",
            "migrationVersion": {
                "visualization": "7.4.2"
            },
            "references": [],
            "type": "visualization",
            "updated_at": "2020-03-03T20:18:18.996Z",
            "version": "WzUxODUsM10="
        }
    ],
    "version": "7.6.0"
}