{
    "objects": [
        {
            "attributes": {
                "description": "The dashboard presents metric data describing IBM MQ persistent and non-persistent messages. Metric data are collected by a queue manager.",
                "hits": 0,
                "kibanaSavedObjectMeta": {
                    "searchSourceJSON": "{\"query\": {\"language\": \"kuery\", \"query\": \"\"}, \"filter\": []}"
                },
                "optionsJSON": "{\"useMargins\": true, \"hidePanelTitles\": false}",
                "panelsJSON": "[{\"panelRefName\": \"panel_0\", \"gridData\": {\"w\": 16, \"x\": 0, \"y\": 0, \"i\": \"31635dc4-663e-4ad1-adae-eb96687c7810\", \"h\": 12}, \"panelIndex\": \"31635dc4-663e-4ad1-adae-eb96687c7810\", \"embeddableConfig\": {}, \"version\": \"7.4.0\"}, {\"panelRefName\": \"panel_1\", \"gridData\": {\"w\": 16, \"x\": 16, \"y\": 0, \"i\": \"5452998b-5149-4ac6-93df-b3fccab74f58\", \"h\": 12}, \"panelIndex\": \"5452998b-5149-4ac6-93df-b3fccab74f58\", \"embeddableConfig\": {}, \"version\": \"7.4.0\"}, {\"panelRefName\": \"panel_2\", \"gridData\": {\"w\": 16, \"x\": 32, \"y\": 0, \"i\": \"0e58849b-8742-4ed4-aae2-33ca19553ac2\", \"h\": 12}, \"panelIndex\": \"0e58849b-8742-4ed4-aae2-33ca19553ac2\", \"embeddableConfig\": {}, \"version\": \"7.4.0\"}, {\"panelRefName\": \"panel_3\", \"gridData\": {\"w\": 16, \"x\": 0, \"y\": 12, \"i\": \"45cd1f23-ef32-4785-b8c0-dcd4cf4c0c1f\", \"h\": 12}, \"panelIndex\": \"45cd1f23-ef32-4785-b8c0-dcd4cf4c0c1f\", \"embeddableConfig\": {}, \"version\": \"7.4.0\"}, {\"panelRefName\": \"panel_4\", \"gridData\": {\"w\": 16, \"x\": 16, \"y\": 12, \"i\": \"2fbdb686-f624-4b2d-a26d-4e7f70e8d902\", \"h\": 12}, \"panelIndex\": \"2fbdb686-f624-4b2d-a26d-4e7f70e8d902\", \"embeddableConfig\": {}, \"version\": \"7.4.0\"}, {\"panelRefName\": \"panel_5\", \"gridData\": {\"w\": 16, \"x\": 32, \"y\": 12, \"i\": \"355b12f6-56cb-4b8c-8498-b379d3e7d8b0\", \"h\": 12}, \"panelIndex\": \"355b12f6-56cb-4b8c-8498-b379d3e7d8b0\", \"embeddableConfig\": {}, \"version\": \"7.4.0\"}, {\"panelRefName\": \"panel_6\", \"gridData\": {\"w\": 16, \"x\": 0, \"y\": 24, \"i\": \"c1eed75c-610c-4741-b384-de866f30b79b\", \"h\": 12}, \"panelIndex\": \"c1eed75c-610c-4741-b384-de866f30b79b\", \"embeddableConfig\": {}, \"version\": \"7.4.0\"}, {\"panelRefName\": \"panel_7\", \"gridData\": {\"w\": 16, \"x\": 16, \"y\": 24, \"i\": \"78bd7680-0f3f-4d3f-994b-eeb58ef0a340\", \"h\": 12}, \"panelIndex\": \"78bd7680-0f3f-4d3f-994b-eeb58ef0a340\", \"embeddableConfig\": {}, \"version\": \"7.4.0\"}, {\"panelRefName\": \"panel_8\", \"gridData\": {\"w\": 16, \"x\": 32, \"y\": 24, \"i\": \"6edef0c3-4c5f-4d0a-8e58-076cb5249ca2\", \"h\": 12}, \"panelIndex\": \"6edef0c3-4c5f-4d0a-8e58-076cb5249ca2\", \"embeddableConfig\": {}, \"version\": \"7.4.0\"}, {\"panelRefName\": \"panel_9\", \"gridData\": {\"w\": 16, \"x\": 0, \"y\": 36, \"i\": \"0ecb7983-d4f9-453d-ade4-d02dfa6b6c72\", \"h\": 12}, \"panelIndex\": \"0ecb7983-d4f9-453d-ade4-d02dfa6b6c72\", \"embeddableConfig\": {}, \"version\": \"7.4.0\"}, {\"panelRefName\": \"panel_10\", \"gridData\": {\"w\": 16, \"x\": 32, \"y\": 36, \"i\": \"1c8071e7-c89a-45b1-aae6-31471939b73c\", \"h\": 12}, \"panelIndex\": \"1c8071e7-c89a-45b1-aae6-31471939b73c\", \"embeddableConfig\": {}, \"version\": \"7.4.0\"}, {\"panelRefName\": \"panel_11\", \"gridData\": {\"w\": 16, \"x\": 16, \"y\": 36, \"i\": \"e27955d6-ce96-48b9-b9d0-04f4d61a757f\", \"h\": 12}, \"panelIndex\": \"e27955d6-ce96-48b9-b9d0-04f4d61a757f\", \"embeddableConfig\": {}, \"version\": \"7.4.0\"}]",
                "timeRestore": false,
                "title": "[Metricbeat IBM MQ] Messages Overview",
                "version": 1
            },
            "id": "d2112e90-36ea-11ea-9f7a-097fe7ab3ddd",
            "migrationVersion": {
                "dashboard": "7.3.0"
            },
            "references": [
                {
                    "id": "49abed00-36eb-11ea-9f7a-097fe7ab3ddd",
                    "name": "panel_0",
                    "type": "visualization"
                },
                {
                    "id": "0abb72e0-36ec-11ea-9f7a-097fe7ab3ddd",
                    "name": "panel_1",
                    "type": "visualization"
                },
                {
                    "id": "195b5860-36ec-11ea-9f7a-097fe7ab3ddd",
                    "name": "panel_2",
                    "type": "visualization"
                },
                {
                    "id": "60b5a440-36ec-11ea-9f7a-097fe7ab3ddd",
                    "name": "panel_3",
                    "type": "visualization"
                },
                {
                    "id": "e98d7660-36ee-11ea-9f7a-097fe7ab3ddd",
                    "name": "panel_4",
                    "type": "visualization"
                },
                {
                    "id": "d82919b0-36ee-11ea-9f7a-097fe7ab3ddd",
                    "name": "panel_5",
                    "type": "visualization"
                },
                {
                    "id": "23c5f140-36ef-11ea-9f7a-097fe7ab3ddd",
                    "name": "panel_6",
                    "type": "visualization"
                },
                {
                    "id": "3ed28890-36ef-11ea-9f7a-097fe7ab3ddd",
                    "name": "panel_7",
                    "type": "visualization"
                },
                {
                    "id": "58abd000-36ef-11ea-9f7a-097fe7ab3ddd",
                    "name": "panel_8",
                    "type": "visualization"
                },
                {
                    "id": "67eeac40-36ef-11ea-9f7a-097fe7ab3ddd",
                    "name": "panel_9",
                    "type": "visualization"
                },
                {
                    "id": "96d27500-36ef-11ea-9f7a-097fe7ab3ddd",
                    "name": "panel_10",
                    "type": "visualization"
                },
                {
                    "id": "855debb0-36ef-11ea-9f7a-097fe7ab3ddd",
                    "name": "panel_11",
                    "type": "visualization"
                }
            ],
            "type": "dashboard",
            "updated_at": "2020-01-14T17:09:00.139Z",
            "version": "WzYwLDJd"
        },
        {
            "attributes": {
                "description": "",
                "kibanaSavedObjectMeta": {
                    "searchSourceJSON": "{\"query\": {\"language\": \"kuery\", \"query\": \"\"}, \"filter\": []}"
                },
                "title": "Message commits [Metricbeat IBM MQ]",
                "uiStateJSON": "{}",
                "version": 1,
                "visState": "{\"aggs\": [], \"type\": \"metrics\", \"title\": \"Message commits [Metricbeat IBM MQ]\", \"params\": {\"default_index_pattern\": \"metricbeat-*\", \"axis_formatter\": \"number\", \"show_legend\": 1, \"isModelInvalid\": false, \"background_color_rules\": [{\"id\": \"6fa6af70-36ca-11ea-b7bc-e7f346d59677\"}], \"id\": \"61ca57f0-469d-11e7-af02-69e470af7417\", \"index_pattern\": \"metricbeat-*\", \"time_field\": \"\", \"axis_min\": \"0\", \"axis_scale\": \"normal\", \"axis_position\": \"left\", \"default_timefield\": \"@timestamp\", \"type\": \"timeseries\", \"series\": [{\"terms_field\": \"prometheus.labels.qmgr\", \"color\": \"#68BC00\", \"line_width\": 1, \"axis_position\": \"right\", \"id\": \"61ca57f1-469d-11e7-af02-69e470af7417\", \"stacked\": \"none\", \"type\": \"timeseries\", \"split_mode\": \"terms\", \"metrics\": [{\"type\": \"max\", \"field\": \"prometheus.metrics.ibmmq_qmgr_commit_total\", \"id\": \"61ca57f2-469d-11e7-af02-69e470af7417\"}, {\"unit\": \"\", \"type\": \"derivative\", \"field\": \"61ca57f2-469d-11e7-af02-69e470af7417\", \"id\": \"3b91ade0-36cd-11ea-b7bc-e7f346d59677\"}], \"separate_axis\": 0, \"point_size\": 1, \"chart_type\": \"line\", \"fill\": 0.5, \"formatter\": \"number\", \"label\": \"\"}], \"legend_position\": \"bottom\", \"interval\": \"\", \"show_grid\": 1}}"
            },
            "id": "49abed00-36eb-11ea-9f7a-097fe7ab3ddd",
            "migrationVersion": {
                "visualization": "7.3.1"
            },
            "references": [],
            "type": "visualization",
            "updated_at": "2020-01-14T16:36:10.861Z",
            "version": "WzQwLDJd"
        },
        {
            "attributes": {
                "description": "",
                "kibanaSavedObjectMeta": {
                    "searchSourceJSON": "{\"query\": {\"language\": \"kuery\", \"query\": \"\"}, \"filter\": []}"
                },
                "title": "Expired messages [Metricbeat IBM MQ]",
                "uiStateJSON": "{}",
                "version": 1,
                "visState": "{\"aggs\": [], \"type\": \"metrics\", \"title\": \"Expired messages [Metricbeat IBM MQ]\", \"params\": {\"default_index_pattern\": \"metricbeat-*\", \"axis_formatter\": \"number\", \"show_legend\": 1, \"isModelInvalid\": false, \"background_color_rules\": [{\"id\": \"6fa6af70-36ca-11ea-b7bc-e7f346d59677\"}], \"id\": \"61ca57f0-469d-11e7-af02-69e470af7417\", \"index_pattern\": \"metricbeat-*\", \"time_field\": \"\", \"axis_min\": \"0\", \"axis_scale\": \"normal\", \"axis_position\": \"left\", \"default_timefield\": \"@timestamp\", \"type\": \"timeseries\", \"series\": [{\"terms_field\": \"prometheus.labels.qmgr\", \"color\": \"#68BC00\", \"line_width\": 1, \"axis_position\": \"right\", \"id\": \"61ca57f1-469d-11e7-af02-69e470af7417\", \"stacked\": \"none\", \"type\": \"timeseries\", \"split_mode\": \"terms\", \"metrics\": [{\"type\": \"max\", \"field\": \"prometheus.metrics.ibmmq_qmgr_expired_message_total\", \"id\": \"61ca57f2-469d-11e7-af02-69e470af7417\"}, {\"unit\": \"\", \"type\": \"derivative\", \"field\": \"61ca57f2-469d-11e7-af02-69e470af7417\", \"id\": \"3b91ade0-36cd-11ea-b7bc-e7f346d59677\"}], \"separate_axis\": 0, \"point_size\": 1, \"chart_type\": \"line\", \"fill\": 0.5, \"formatter\": \"number\", \"label\": \"\"}], \"legend_position\": \"bottom\", \"interval\": \"\", \"show_grid\": 1}}"
            },
            "id": "0abb72e0-36ec-11ea-9f7a-097fe7ab3ddd",
            "migrationVersion": {
                "visualization": "7.3.1"
            },
            "references": [],
            "type": "visualization",
            "updated_at": "2020-01-14T16:36:40.846Z",
            "version": "WzQxLDJd"
        },
        {
            "attributes": {
                "description": "",
                "kibanaSavedObjectMeta": {
                    "searchSourceJSON": "{\"query\": {\"language\": \"kuery\", \"query\": \"\"}, \"filter\": []}"
                },
                "title": "Purged queue [Metricbeat IBM MQ]",
                "uiStateJSON": "{}",
                "version": 1,
                "visState": "{\"aggs\": [], \"type\": \"metrics\", \"title\": \"Purged queue [Metricbeat IBM MQ]\", \"params\": {\"default_index_pattern\": \"metricbeat-*\", \"axis_formatter\": \"number\", \"show_legend\": 1, \"isModelInvalid\": false, \"background_color_rules\": [{\"id\": \"6fa6af70-36ca-11ea-b7bc-e7f346d59677\"}], \"id\": \"61ca57f0-469d-11e7-af02-69e470af7417\", \"index_pattern\": \"metricbeat-*\", \"time_field\": \"\", \"axis_min\": \"0\", \"axis_scale\": \"normal\", \"axis_position\": \"left\", \"default_timefield\": \"@timestamp\", \"type\": \"timeseries\", \"series\": [{\"terms_field\": \"prometheus.labels.qmgr\", \"color\": \"#68BC00\", \"line_width\": 1, \"axis_position\": \"right\", \"id\": \"61ca57f1-469d-11e7-af02-69e470af7417\", \"stacked\": \"none\", \"type\": \"timeseries\", \"split_mode\": \"terms\", \"metrics\": [{\"type\": \"max\", \"field\": \"prometheus.metrics.ibmmq_qmgr_purged_queue_total\", \"id\": \"61ca57f2-469d-11e7-af02-69e470af7417\"}, {\"unit\": \"\", \"type\": \"derivative\", \"field\": \"61ca57f2-469d-11e7-af02-69e470af7417\", \"id\": \"3b91ade0-36cd-11ea-b7bc-e7f346d59677\"}], \"separate_axis\": 0, \"point_size\": 1, \"chart_type\": \"line\", \"fill\": 0.5, \"formatter\": \"number\", \"label\": \"\"}], \"legend_position\": \"bottom\", \"interval\": \"\", \"show_grid\": 1}}"
            },
            "id": "195b5860-36ec-11ea-9f7a-097fe7ab3ddd",
            "migrationVersion": {
                "visualization": "7.3.1"
            },
            "references": [],
            "type": "visualization",
            "updated_at": "2020-01-14T16:37:05.382Z",
            "version": "WzQyLDJd"
        },
        {
            "attributes": {
                "description": "",
                "kibanaSavedObjectMeta": {
                    "searchSourceJSON": "{\"query\": {\"language\": \"kuery\", \"query\": \"\"}, \"filter\": []}"
                },
                "title": "Failed browse count [Metricbeat IBM MQ]",
                "uiStateJSON": "{}",
                "version": 1,
                "visState": "{\"aggs\": [], \"type\": \"metrics\", \"title\": \"Failed browse count [Metricbeat IBM MQ]\", \"params\": {\"default_index_pattern\": \"metricbeat-*\", \"axis_formatter\": \"number\", \"show_legend\": 1, \"isModelInvalid\": false, \"background_color_rules\": [{\"id\": \"6fa6af70-36ca-11ea-b7bc-e7f346d59677\"}], \"id\": \"61ca57f0-469d-11e7-af02-69e470af7417\", \"index_pattern\": \"metricbeat-*\", \"time_field\": \"\", \"axis_min\": \"0\", \"axis_scale\": \"normal\", \"axis_position\": \"left\", \"default_timefield\": \"@timestamp\", \"type\": \"timeseries\", \"series\": [{\"terms_field\": \"prometheus.labels.qmgr\", \"color\": \"rgba(211,49,21,1)\", \"line_width\": 1, \"axis_position\": \"right\", \"id\": \"61ca57f1-469d-11e7-af02-69e470af7417\", \"stacked\": \"none\", \"type\": \"timeseries\", \"split_mode\": \"terms\", \"metrics\": [{\"type\": \"max\", \"field\": \"prometheus.metrics.ibmmq_qmgr_failed_browse_total\", \"id\": \"61ca57f2-469d-11e7-af02-69e470af7417\"}, {\"unit\": \"\", \"type\": \"derivative\", \"field\": \"61ca57f2-469d-11e7-af02-69e470af7417\", \"id\": \"3b91ade0-36cd-11ea-b7bc-e7f346d59677\"}], \"separate_axis\": 0, \"point_size\": 1, \"chart_type\": \"line\", \"fill\": 0.5, \"formatter\": \"number\", \"label\": \"\"}], \"legend_position\": \"bottom\", \"interval\": \"\", \"show_grid\": 1}}"
            },
            "id": "60b5a440-36ec-11ea-9f7a-097fe7ab3ddd",
            "migrationVersion": {
                "visualization": "7.3.1"
            },
            "references": [],
            "type": "visualization",
            "updated_at": "2020-01-14T17:02:57.717Z",
            "version": "WzU5LDJd"
        },
        {
            "attributes": {
                "description": "",
                "kibanaSavedObjectMeta": {
                    "searchSourceJSON": "{\"query\": {\"language\": \"kuery\", \"query\": \"\"}, \"filter\": []}"
                },
                "title": "Non-persistent message MQPUT1 [Metricbeat IBM MQ]",
                "uiStateJSON": "{}",
                "version": 1,
                "visState": "{\"aggs\": [], \"type\": \"metrics\", \"title\": \"Non-persistent message MQPUT1 [Metricbeat IBM MQ]\", \"params\": {\"default_index_pattern\": \"metricbeat-*\", \"axis_formatter\": \"number\", \"show_legend\": 1, \"isModelInvalid\": false, \"background_color_rules\": [{\"id\": \"6fa6af70-36ca-11ea-b7bc-e7f346d59677\"}], \"id\": \"61ca57f0-469d-11e7-af02-69e470af7417\", \"index_pattern\": \"metricbeat-*\", \"time_field\": \"\", \"axis_min\": \"0\", \"axis_scale\": \"normal\", \"axis_position\": \"left\", \"default_timefield\": \"@timestamp\", \"type\": \"timeseries\", \"series\": [{\"terms_field\": \"prometheus.labels.qmgr\", \"color\": \"#68BC00\", \"line_width\": 1, \"axis_position\": \"right\", \"id\": \"61ca57f1-469d-11e7-af02-69e470af7417\", \"stacked\": \"none\", \"type\": \"timeseries\", \"split_mode\": \"terms\", \"metrics\": [{\"type\": \"max\", \"field\": \"prometheus.metrics.ibmmq_qmgr_non_persistent_message_mqput1_total\", \"id\": \"61ca57f2-469d-11e7-af02-69e470af7417\"}, {\"unit\": \"\", \"type\": \"derivative\", \"field\": \"61ca57f2-469d-11e7-af02-69e470af7417\", \"id\": \"3b91ade0-36cd-11ea-b7bc-e7f346d59677\"}], \"separate_axis\": 0, \"point_size\": 1, \"chart_type\": \"line\", \"fill\": 0.5, \"formatter\": \"number\", \"label\": \"\"}], \"legend_position\": \"bottom\", \"interval\": \"\", \"show_grid\": 1}}"
            },
            "id": "e98d7660-36ee-11ea-9f7a-097fe7ab3ddd",
            "migrationVersion": {
                "visualization": "7.3.1"
            },
            "references": [],
            "type": "visualization",
            "updated_at": "2020-01-14T16:58:23.452Z",
            "version": "WzQ5LDJd"
        },
        {
            "attributes": {
                "description": "",
                "kibanaSavedObjectMeta": {
                    "searchSourceJSON": "{\"query\": {\"language\": \"kuery\", \"query\": \"\"}, \"filter\": []}"
                },
                "title": "Non-persistent message MQPUT [Metricbeat IBM MQ]",
                "uiStateJSON": "{}",
                "version": 1,
                "visState": "{\"aggs\": [], \"type\": \"metrics\", \"title\": \"Non-persistent message MQPUT [Metricbeat IBM MQ]\", \"params\": {\"default_index_pattern\": \"metricbeat-*\", \"axis_formatter\": \"number\", \"show_legend\": 1, \"isModelInvalid\": false, \"background_color_rules\": [{\"id\": \"6fa6af70-36ca-11ea-b7bc-e7f346d59677\"}], \"id\": \"61ca57f0-469d-11e7-af02-69e470af7417\", \"index_pattern\": \"metricbeat-*\", \"time_field\": \"\", \"axis_min\": \"0\", \"axis_scale\": \"normal\", \"axis_position\": \"left\", \"default_timefield\": \"@timestamp\", \"type\": \"timeseries\", \"series\": [{\"terms_field\": \"prometheus.labels.qmgr\", \"color\": \"#68BC00\", \"line_width\": 1, \"axis_position\": \"right\", \"id\": \"61ca57f1-469d-11e7-af02-69e470af7417\", \"stacked\": \"none\", \"type\": \"timeseries\", \"split_mode\": \"terms\", \"metrics\": [{\"type\": \"max\", \"field\": \"prometheus.metrics.ibmmq_qmgr_non_persistent_message_mqput_total\", \"id\": \"61ca57f2-469d-11e7-af02-69e470af7417\"}, {\"unit\": \"\", \"type\": \"derivative\", \"field\": \"61ca57f2-469d-11e7-af02-69e470af7417\", \"id\": \"3b91ade0-36cd-11ea-b7bc-e7f346d59677\"}], \"separate_axis\": 0, \"point_size\": 1, \"chart_type\": \"line\", \"fill\": 0.5, \"formatter\": \"number\", \"label\": \"\"}], \"legend_position\": \"bottom\", \"interval\": \"\", \"show_grid\": 1}}"
            },
            "id": "d82919b0-36ee-11ea-9f7a-097fe7ab3ddd",
            "migrationVersion": {
                "visualization": "7.3.1"
            },
            "references": [],
            "type": "visualization",
            "updated_at": "2020-01-14T16:57:47.695Z",
            "version": "WzQ3LDJd"
        },
        {
            "attributes": {
                "description": "",
                "kibanaSavedObjectMeta": {
                    "searchSourceJSON": "{\"query\": {\"language\": \"kuery\", \"query\": \"\"}, \"filter\": []}"
                },
                "title": "Non-persistent message browse count [Metricbeat IBM MQ]",
                "uiStateJSON": "{}",
                "version": 1,
                "visState": "{\"aggs\": [], \"type\": \"metrics\", \"title\": \"Non-persistent message browse count [Metricbeat IBM MQ]\", \"params\": {\"default_index_pattern\": \"metricbeat-*\", \"axis_formatter\": \"number\", \"show_legend\": 1, \"isModelInvalid\": false, \"background_color_rules\": [{\"id\": \"6fa6af70-36ca-11ea-b7bc-e7f346d59677\"}], \"id\": \"61ca57f0-469d-11e7-af02-69e470af7417\", \"index_pattern\": \"metricbeat-*\", \"time_field\": \"\", \"axis_min\": \"0\", \"axis_scale\": \"normal\", \"axis_position\": \"left\", \"default_timefield\": \"@timestamp\", \"type\": \"timeseries\", \"series\": [{\"terms_field\": \"prometheus.labels.qmgr\", \"color\": \"#68BC00\", \"line_width\": 1, \"axis_position\": \"right\", \"id\": \"61ca57f1-469d-11e7-af02-69e470af7417\", \"stacked\": \"none\", \"type\": \"timeseries\", \"split_mode\": \"terms\", \"metrics\": [{\"type\": \"max\", \"field\": \"prometheus.metrics.ibmmq_qmgr_non_persistent_message_browse_total\", \"id\": \"61ca57f2-469d-11e7-af02-69e470af7417\"}, {\"unit\": \"\", \"type\": \"derivative\", \"field\": \"61ca57f2-469d-11e7-af02-69e470af7417\", \"id\": \"3b91ade0-36cd-11ea-b7bc-e7f346d59677\"}], \"separate_axis\": 0, \"point_size\": 1, \"chart_type\": \"line\", \"fill\": 0.5, \"formatter\": \"number\", \"label\": \"\"}], \"legend_position\": \"bottom\", \"interval\": \"\", \"show_grid\": 1}}"
            },
            "id": "23c5f140-36ef-11ea-9f7a-097fe7ab3ddd",
            "migrationVersion": {
                "visualization": "7.3.1"
            },
            "references": [],
            "type": "visualization",
            "updated_at": "2020-01-14T16:58:51.348Z",
            "version": "WzUwLDJd"
        },
        {
            "attributes": {
                "description": "",
                "kibanaSavedObjectMeta": {
                    "searchSourceJSON": "{\"query\": {\"language\": \"kuery\", \"query\": \"\"}, \"filter\": []}"
                },
                "title": "Non-persistent message destructive get count [Metricbeat IBM MQ]",
                "uiStateJSON": "{}",
                "version": 1,
                "visState": "{\"aggs\": [], \"type\": \"metrics\", \"title\": \"Non-persistent message destructive get count [Metricbeat IBM MQ]\", \"params\": {\"default_index_pattern\": \"metricbeat-*\", \"axis_formatter\": \"number\", \"show_legend\": 1, \"isModelInvalid\": false, \"background_color_rules\": [{\"id\": \"6fa6af70-36ca-11ea-b7bc-e7f346d59677\"}], \"id\": \"61ca57f0-469d-11e7-af02-69e470af7417\", \"index_pattern\": \"metricbeat-*\", \"time_field\": \"\", \"axis_min\": \"0\", \"axis_scale\": \"normal\", \"axis_position\": \"left\", \"default_timefield\": \"@timestamp\", \"type\": \"timeseries\", \"series\": [{\"terms_field\": \"prometheus.labels.qmgr\", \"color\": \"#68BC00\", \"line_width\": 1, \"axis_position\": \"right\", \"id\": \"61ca57f1-469d-11e7-af02-69e470af7417\", \"stacked\": \"none\", \"type\": \"timeseries\", \"split_mode\": \"terms\", \"metrics\": [{\"type\": \"max\", \"field\": \"prometheus.metrics.ibmmq_qmgr_non_persistent_message_destructive_get_total\", \"id\": \"61ca57f2-469d-11e7-af02-69e470af7417\"}, {\"unit\": \"\", \"type\": \"derivative\", \"field\": \"61ca57f2-469d-11e7-af02-69e470af7417\", \"id\": \"3b91ade0-36cd-11ea-b7bc-e7f346d59677\"}], \"separate_axis\": 0, \"point_size\": 1, \"chart_type\": \"line\", \"fill\": 0.5, \"formatter\": \"number\", \"label\": \"\"}], \"legend_position\": \"bottom\", \"interval\": \"\", \"show_grid\": 1}}"
            },
            "id": "3ed28890-36ef-11ea-9f7a-097fe7ab3ddd",
            "migrationVersion": {
                "visualization": "7.3.1"
            },
            "references": [],
            "type": "visualization",
            "updated_at": "2020-01-14T16:59:36.729Z",
            "version": "WzUxLDJd"
        },
        {
            "attributes": {
                "description": "",
                "kibanaSavedObjectMeta": {
                    "searchSourceJSON": "{\"query\": {\"language\": \"kuery\", \"query\": \"\"}, \"filter\": []}"
                },
                "title": "Persistent message MQPUT count [Metricbeat IBM MQ]",
                "uiStateJSON": "{}",
                "version": 1,
                "visState": "{\"aggs\": [], \"type\": \"metrics\", \"title\": \"Persistent message MQPUT count [Metricbeat IBM MQ]\", \"params\": {\"default_index_pattern\": \"metricbeat-*\", \"axis_formatter\": \"number\", \"show_legend\": 1, \"isModelInvalid\": false, \"background_color_rules\": [{\"id\": \"6fa6af70-36ca-11ea-b7bc-e7f346d59677\"}], \"id\": \"61ca57f0-469d-11e7-af02-69e470af7417\", \"index_pattern\": \"metricbeat-*\", \"time_field\": \"\", \"axis_min\": \"0\", \"axis_scale\": \"normal\", \"axis_position\": \"left\", \"default_timefield\": \"@timestamp\", \"type\": \"timeseries\", \"series\": [{\"terms_field\": \"prometheus.labels.qmgr\", \"color\": \"#68BC00\", \"line_width\": 1, \"axis_position\": \"right\", \"id\": \"61ca57f1-469d-11e7-af02-69e470af7417\", \"stacked\": \"none\", \"type\": \"timeseries\", \"split_mode\": \"terms\", \"metrics\": [{\"type\": \"max\", \"field\": \"prometheus.metrics.ibmmq_qmgr_persistent_message_mqput_total\", \"id\": \"61ca57f2-469d-11e7-af02-69e470af7417\"}, {\"unit\": \"\", \"type\": \"derivative\", \"field\": \"61ca57f2-469d-11e7-af02-69e470af7417\", \"id\": \"3b91ade0-36cd-11ea-b7bc-e7f346d59677\"}], \"separate_axis\": 0, \"point_size\": 1, \"chart_type\": \"line\", \"fill\": 0.5, \"formatter\": \"number\", \"label\": \"\"}], \"legend_position\": \"bottom\", \"interval\": \"\", \"show_grid\": 1}}"
            },
            "id": "58abd000-36ef-11ea-9f7a-097fe7ab3ddd",
            "migrationVersion": {
                "visualization": "7.3.1"
            },
            "references": [],
            "type": "visualization",
            "updated_at": "2020-01-14T17:01:06.699Z",
            "version": "WzU1LDJd"
        },
        {
            "attributes": {
                "description": "",
                "kibanaSavedObjectMeta": {
                    "searchSourceJSON": "{\"query\": {\"language\": \"kuery\", \"query\": \"\"}, \"filter\": []}"
                },
                "title": "Persistent message MQPUT1 count [Metricbeat IBM MQ]",
                "uiStateJSON": "{}",
                "version": 1,
                "visState": "{\"aggs\": [], \"type\": \"metrics\", \"title\": \"Persistent message MQPUT1 count [Metricbeat IBM MQ]\", \"params\": {\"default_index_pattern\": \"metricbeat-*\", \"axis_formatter\": \"number\", \"show_legend\": 1, \"isModelInvalid\": false, \"background_color_rules\": [{\"id\": \"6fa6af70-36ca-11ea-b7bc-e7f346d59677\"}], \"id\": \"61ca57f0-469d-11e7-af02-69e470af7417\", \"index_pattern\": \"metricbeat-*\", \"time_field\": \"\", \"axis_min\": \"0\", \"axis_scale\": \"normal\", \"axis_position\": \"left\", \"default_timefield\": \"@timestamp\", \"type\": \"timeseries\", \"series\": [{\"terms_field\": \"prometheus.labels.qmgr\", \"color\": \"#68BC00\", \"line_width\": 1, \"axis_position\": \"right\", \"id\": \"61ca57f1-469d-11e7-af02-69e470af7417\", \"stacked\": \"none\", \"type\": \"timeseries\", \"split_mode\": \"terms\", \"metrics\": [{\"type\": \"max\", \"field\": \"prometheus.metrics.ibmmq_qmgr_persistent_message_mqput1_total\", \"id\": \"61ca57f2-469d-11e7-af02-69e470af7417\"}, {\"unit\": \"\", \"type\": \"derivative\", \"field\": \"61ca57f2-469d-11e7-af02-69e470af7417\", \"id\": \"3b91ade0-36cd-11ea-b7bc-e7f346d59677\"}], \"separate_axis\": 0, \"point_size\": 1, \"chart_type\": \"line\", \"fill\": 0.5, \"formatter\": \"number\", \"label\": \"\"}], \"legend_position\": \"bottom\", \"interval\": \"\", \"show_grid\": 1}}"
            },
            "id": "67eeac40-36ef-11ea-9f7a-097fe7ab3ddd",
            "migrationVersion": {
                "visualization": "7.3.1"
            },
            "references": [],
            "type": "visualization",
            "updated_at": "2020-01-14T17:00:53.118Z",
            "version": "WzU0LDJd"
        },
        {
            "attributes": {
                "description": "",
                "kibanaSavedObjectMeta": {
                    "searchSourceJSON": "{\"query\": {\"language\": \"kuery\", \"query\": \"\"}, \"filter\": []}"
                },
                "title": "Persistent message destructive get count [Metricbeat IBM MQ]",
                "uiStateJSON": "{}",
                "version": 1,
                "visState": "{\"aggs\": [], \"type\": \"metrics\", \"title\": \"Persistent message destructive get count [Metricbeat IBM MQ]\", \"params\": {\"default_index_pattern\": \"metricbeat-*\", \"axis_formatter\": \"number\", \"show_legend\": 1, \"isModelInvalid\": false, \"background_color_rules\": [{\"id\": \"6fa6af70-36ca-11ea-b7bc-e7f346d59677\"}], \"id\": \"61ca57f0-469d-11e7-af02-69e470af7417\", \"index_pattern\": \"metricbeat-*\", \"time_field\": \"\", \"axis_min\": \"0\", \"axis_scale\": \"normal\", \"axis_position\": \"left\", \"default_timefield\": \"@timestamp\", \"type\": \"timeseries\", \"series\": [{\"terms_field\": \"prometheus.labels.qmgr\", \"color\": \"#68BC00\", \"line_width\": 1, \"axis_position\": \"right\", \"id\": \"61ca57f1-469d-11e7-af02-69e470af7417\", \"stacked\": \"none\", \"type\": \"timeseries\", \"split_mode\": \"terms\", \"metrics\": [{\"type\": \"max\", \"field\": \"prometheus.metrics.ibmmq_qmgr_persistent_message_destructive_get_total\", \"id\": \"61ca57f2-469d-11e7-af02-69e470af7417\"}, {\"unit\": \"\", \"type\": \"derivative\", \"field\": \"61ca57f2-469d-11e7-af02-69e470af7417\", \"id\": \"3b91ade0-36cd-11ea-b7bc-e7f346d59677\"}], \"separate_axis\": 0, \"point_size\": 1, \"chart_type\": \"line\", \"fill\": 0.5, \"formatter\": \"number\", \"label\": \"\"}], \"legend_position\": \"bottom\", \"interval\": \"\", \"show_grid\": 1}}"
            },
            "id": "96d27500-36ef-11ea-9f7a-097fe7ab3ddd",
            "migrationVersion": {
                "visualization": "7.3.1"
            },
            "references": [],
            "type": "visualization",
            "updated_at": "2020-01-14T17:02:14.424Z",
            "version": "WzU4LDJd"
        },
        {
            "attributes": {
                "description": "",
                "kibanaSavedObjectMeta": {
                    "searchSourceJSON": "{\"query\": {\"language\": \"kuery\", \"query\": \"\"}, \"filter\": []}"
                },
                "title": "Persistent message browse count [Metricbeat IBM MQ]",
                "uiStateJSON": "{}",
                "version": 1,
                "visState": "{\"aggs\": [], \"type\": \"metrics\", \"title\": \"Persistent message browse count [Metricbeat IBM MQ]\", \"params\": {\"default_index_pattern\": \"metricbeat-*\", \"axis_formatter\": \"number\", \"show_legend\": 1, \"isModelInvalid\": false, \"background_color_rules\": [{\"id\": \"6fa6af70-36ca-11ea-b7bc-e7f346d59677\"}], \"id\": \"61ca57f0-469d-11e7-af02-69e470af7417\", \"index_pattern\": \"metricbeat-*\", \"time_field\": \"\", \"axis_min\": \"0\", \"axis_scale\": \"normal\", \"axis_position\": \"left\", \"default_timefield\": \"@timestamp\", \"type\": \"timeseries\", \"series\": [{\"terms_field\": \"prometheus.labels.qmgr\", \"color\": \"#68BC00\", \"line_width\": 1, \"axis_position\": \"right\", \"id\": \"61ca57f1-469d-11e7-af02-69e470af7417\", \"stacked\": \"none\", \"type\": \"timeseries\", \"split_mode\": \"terms\", \"metrics\": [{\"type\": \"max\", \"field\": \"prometheus.metrics.ibmmq_qmgr_persistent_message_browse_total\", \"id\": \"61ca57f2-469d-11e7-af02-69e470af7417\"}, {\"unit\": \"\", \"type\": \"derivative\", \"field\": \"61ca57f2-469d-11e7-af02-69e470af7417\", \"id\": \"3b91ade0-36cd-11ea-b7bc-e7f346d59677\"}], \"separate_axis\": 0, \"point_size\": 1, \"chart_type\": \"line\", \"fill\": 0.5, \"formatter\": \"number\", \"label\": \"\"}], \"legend_position\": \"bottom\", \"interval\": \"\", \"show_grid\": 1}}"
            },
            "id": "855debb0-36ef-11ea-9f7a-097fe7ab3ddd",
            "migrationVersion": {
                "visualization": "7.3.1"
            },
            "references": [],
            "type": "visualization",
            "updated_at": "2020-01-14T17:01:35.083Z",
            "version": "WzU2LDJd"
        }
    ],
    "version": "7.4.0"
}