{
    "objects": [
        {
            "attributes": {
                "description": "Overview of AWS EC2 Metrics",
                "hits": 0,
                "kibanaSavedObjectMeta": {
                    "searchSourceJSON": "{\"query\": {\"language\": \"kuery\", \"query\": \"\"}, \"filter\": []}"
                },
                "optionsJSON": "{\"useMargins\": true, \"darkTheme\": false, \"hidePanelTitles\": false}",
                "panelsJSON": "[{\"gridData\": {\"w\": 24, \"x\": 24, \"y\": 16, \"i\": \"3\", \"h\": 15}, \"panelIndex\": \"3\", \"title\": \"DiskIO Write Bytes\", \"embeddableConfig\": {\"title\": \"DiskIO Write Bytes\"}, \"panelRefName\": \"panel_0\", \"version\": \"7.9.1\"}, {\"gridData\": {\"w\": 18, \"x\": 6, \"y\": 11, \"i\": \"5\", \"h\": 5}, \"panelIndex\": \"5\", \"title\": \"Status Check\", \"embeddableConfig\": {\"title\": \"Status Check\"}, \"panelRefName\": \"panel_1\", \"version\": \"7.9.1\"}, {\"gridData\": {\"w\": 24, \"x\": 0, \"y\": 31, \"i\": \"11\", \"h\": 15}, \"panelIndex\": \"11\", \"title\": \"Network In Bytes\", \"embeddableConfig\": {\"title\": \"Network In Bytes\"}, \"panelRefName\": \"panel_2\", \"version\": \"7.9.1\"}, {\"gridData\": {\"w\": 24, \"x\": 24, \"y\": 31, \"i\": \"12\", \"h\": 15}, \"panelIndex\": \"12\", \"title\": \"Network Out Bytes\", \"embeddableConfig\": {\"title\": \"Network Out Bytes\"}, \"panelRefName\": \"panel_3\", \"version\": \"7.9.1\"}, {\"gridData\": {\"w\": 24, \"x\": 0, \"y\": 16, \"i\": \"15\", \"h\": 15}, \"panelIndex\": \"15\", \"title\": \"DiskIO Read Bytes\", \"embeddableConfig\": {\"title\": \"DiskIO Read Bytes\"}, \"panelRefName\": \"panel_4\", \"version\": \"7.9.1\"}, {\"gridData\": {\"w\": 24, \"x\": 24, \"y\": 0, \"i\": \"17\", \"h\": 16}, \"panelIndex\": \"17\", \"title\": \"CPU Utilization\", \"embeddableConfig\": {\"title\": \"CPU Utilization\"}, \"panelRefName\": \"panel_5\", \"version\": \"7.9.1\"}, {\"gridData\": {\"w\": 6, \"x\": 0, \"y\": 0, \"i\": \"18\", \"h\": 16}, \"panelIndex\": \"18\", \"title\": \"Filters\", \"embeddableConfig\": {\"title\": \"Filters\"}, \"panelRefName\": \"panel_6\", \"version\": \"7.9.1\"}, {\"gridData\": {\"w\": 18, \"x\": 6, \"y\": 0, \"i\": \"19\", \"h\": 11}, \"panelIndex\": \"19\", \"title\": \"Instance State\", \"embeddableConfig\": {\"title\": \"Instance State\"}, \"panelRefName\": \"panel_7\", \"version\": \"7.9.1\"}]",
                "timeRestore": false,
                "title": "[Metricbeat AWS] EC2 Overview",
                "version": 1
            },
            "id": "c5846400-f7fb-11e8-af03-c999c9dea608-ecs",
            "migrationVersion": {
                "dashboard": "7.3.0"
            },
            "namespaces": [
                "default"
            ],
            "references": [
                {
                    "id": "fed59380-f7f8-11e8-af03-c999c9dea608-ecs",
                    "name": "panel_0",
                    "type": "visualization"
                },
                {
                    "id": "9e8c6030-f7f8-11e8-af03-c999c9dea608-ecs",
                    "name": "panel_1",
                    "type": "visualization"
                },
                {
                    "id": "15818fd0-f7f9-11e8-af03-c999c9dea608-ecs",
                    "name": "panel_2",
                    "type": "visualization"
                },
                {
                    "id": "233b3400-f7f9-11e8-af03-c999c9dea608-ecs",
                    "name": "panel_3",
                    "type": "visualization"
                },
                {
                    "id": "f1db6ec0-f7f8-11e8-af03-c999c9dea608-ecs",
                    "name": "panel_4",
                    "type": "visualization"
                },
                {
                    "id": "be8828d0-f7f6-11e8-af03-c999c9dea608-ecs",
                    "name": "panel_5",
                    "type": "visualization"
                },
                {
                    "id": "deab0260-2981-11e9-86eb-a3a07a77f530",
                    "name": "panel_6",
                    "type": "visualization"
                },
                {
                    "id": "09db13f0-2bdd-11e9-9fe1-cde861544141",
                    "name": "panel_7",
                    "type": "visualization"
                }
            ],
            "type": "dashboard",
            "updated_at": "2020-09-15T16:57:30.054Z",
            "version": "WzEyNjksMV0="
        },
        {
            "attributes": {
                "description": "",
                "kibanaSavedObjectMeta": {
                    "searchSourceJSON": "{\"query\": {\"language\": \"kuery\", \"query\": \"\"}, \"filter\": []}"
                },
                "title": "EC2 DiskIO Write Bytes [Metricbeat AWS]",
                "uiStateJSON": "{}",
                "version": 1,
                "visState": "{\"aggs\": [], \"type\": \"metrics\", \"title\": \"EC2 DiskIO Write Bytes [Metricbeat AWS]\", \"params\": {\"default_index_pattern\": \"metricbeat-*\", \"bar_color_rules\": [{\"id\": \"2592bcc0-f7f2-11e8-bff8-21537b07dd44\"}], \"axis_formatter\": \"number\", \"show_legend\": 1, \"isModelInvalid\": false, \"background_color_rules\": [{\"id\": \"23428b30-f7f2-11e8-bff8-21537b07dd44\"}], \"id\": \"61ca57f0-469d-11e7-af02-69e470af7417\", \"index_pattern\": \"metricbeat-*\", \"annotations\": [], \"time_field\": \"@timestamp\", \"interval\": \"5m\", \"axis_scale\": \"normal\", \"axis_position\": \"left\", \"default_timefield\": \"@timestamp\", \"type\": \"timeseries\", \"tooltip_mode\": \"show_all\", \"series\": [{\"series_drop_last_bucket\": 1, \"steps\": 0, \"split_color_mode\": \"rainbow\", \"color\": \"rgba(104,188,0,1)\", \"filter\": \"\", \"line_width\": \"2\", \"axis_position\": \"right\", \"id\": \"61ca57f1-469d-11e7-af02-69e470af7417\", \"terms_order_by\": \"61ca57f2-469d-11e7-af02-69e470af7417\", \"terms_field\": \"cloud.instance.id\", \"stacked\": \"none\", \"terms_size\": \"10\", \"split_mode\": \"terms\", \"metrics\": [{\"type\": \"avg\", \"field\": \"aws.ec2.diskio.write.bytes\", \"id\": \"61ca57f2-469d-11e7-af02-69e470af7417\"}], \"separate_axis\": 0, \"point_size\": \"3\", \"chart_type\": \"line\", \"fill\": \"0\", \"formatter\": \"number\", \"label\": \"AWS EC2 DiskIO Write Bytes\"}], \"show_grid\": 1}}"
            },
            "id": "fed59380-f7f8-11e8-af03-c999c9dea608-ecs",
            "migrationVersion": {
                "visualization": "7.8.0"
            },
            "namespaces": [
                "default"
            ],
            "references": [],
            "type": "visualization",
            "updated_at": "2020-09-15T16:55:57.556Z",
            "version": "WzEyNTQsMV0="
        },
        {
            "attributes": {
                "description": "",
                "kibanaSavedObjectMeta": {
                    "searchSourceJSON": "{\"query\": {\"language\": \"kuery\", \"query\": \"\"}, \"filter\": []}"
                },
                "title": "EC2 Status Check Failed [Metricbeat AWS]",
                "uiStateJSON": "{}",
                "version": 1,
                "visState": "{\"aggs\": [], \"type\": \"metrics\", \"title\": \"AWS EC2 Status Check Failed\", \"params\": {\"bar_color_rules\": [{\"id\": \"ad6d62d0-f7f7-11e8-bff8-21537b07dd44\"}], \"axis_formatter\": \"number\", \"show_legend\": 1, \"series\": [{\"terms_field\": \"cloud.instance.id\", \"split_color_mode\": \"gradient\", \"color\": \"#68BC00\", \"line_width\": 1, \"axis_position\": \"right\", \"id\": \"61ca57f1-469d-11e7-af02-69e470af7417\", \"terms_order_by\": \"61ca57f2-469d-11e7-af02-69e470af7417\", \"stacked\": \"none\", \"split_mode\": \"everything\", \"metrics\": [{\"type\": \"sum\", \"field\": \"aws.ec2.status.check_failed\", \"id\": \"61ca57f2-469d-11e7-af02-69e470af7417\"}], \"separate_axis\": 0, \"point_size\": 1, \"chart_type\": \"line\", \"fill\": 0.5, \"formatter\": \"number\", \"label\": \"EC2 Status Check Failed\"}], \"background_color_rules\": [{\"id\": \"d13f6b50-f7f6-11e8-bff8-21537b07dd44\"}], \"id\": \"61ca57f0-469d-11e7-af02-69e470af7417\", \"index_pattern\": \"metricbeat-*\", \"gauge_color_rules\": [{\"id\": \"b0c5b590-f7f7-11e8-bff8-21537b07dd44\"}], \"gauge_inner_width\": 10, \"interval\": \"auto\", \"axis_scale\": \"normal\", \"axis_position\": \"left\", \"time_field\": \"@timestamp\", \"gauge_width\": 10, \"type\": \"metric\", \"gauge_style\": \"half\", \"show_grid\": 1}}"
            },
            "id": "9e8c6030-f7f8-11e8-af03-c999c9dea608-ecs",
            "migrationVersion": {
                "visualization": "7.8.0"
            },
            "namespaces": [
                "default"
            ],
            "references": [],
            "type": "visualization",
            "updated_at": "2020-09-15T16:01:03.887Z",
            "version": "WzEwMiwxXQ=="
        },
        {
            "attributes": {
                "description": "",
                "kibanaSavedObjectMeta": {
                    "searchSourceJSON": "{\"query\": {\"language\": \"kuery\", \"query\": \"\"}, \"filter\": []}"
                },
                "title": "EC2 Network In Bytes [Metricbeat AWS]",
                "uiStateJSON": "{}",
                "version": 1,
                "visState": "{\"aggs\": [], \"type\": \"metrics\", \"title\": \"EC2 Network In Bytes [Metricbeat AWS]\", \"params\": {\"default_index_pattern\": \"metricbeat-*\", \"bar_color_rules\": [{\"id\": \"2592bcc0-f7f2-11e8-bff8-21537b07dd44\"}], \"axis_formatter\": \"number\", \"show_legend\": 1, \"isModelInvalid\": false, \"background_color_rules\": [{\"id\": \"23428b30-f7f2-11e8-bff8-21537b07dd44\"}], \"id\": \"61ca57f0-469d-11e7-af02-69e470af7417\", \"index_pattern\": \"metricbeat-*\", \"annotations\": [], \"time_field\": \"@timestamp\", \"interval\": \">=5m\", \"axis_scale\": \"normal\", \"axis_position\": \"left\", \"default_timefield\": \"@timestamp\", \"type\": \"timeseries\", \"tooltip_mode\": \"show_all\", \"series\": [{\"series_drop_last_bucket\": 1, \"steps\": 0, \"split_color_mode\": \"rainbow\", \"color\": \"rgba(104,188,0,1)\", \"filter\": \"\", \"line_width\": \"2\", \"axis_position\": \"right\", \"id\": \"61ca57f1-469d-11e7-af02-69e470af7417\", \"terms_order_by\": \"61ca57f2-469d-11e7-af02-69e470af7417\", \"terms_field\": \"cloud.instance.id\", \"stacked\": \"none\", \"terms_size\": \"10\", \"split_mode\": \"terms\", \"metrics\": [{\"type\": \"avg\", \"field\": \"aws.ec2.network.in.bytes\", \"id\": \"61ca57f2-469d-11e7-af02-69e470af7417\"}], \"separate_axis\": 0, \"point_size\": \"3\", \"chart_type\": \"line\", \"fill\": \"0\", \"formatter\": \"number\", \"label\": \"AWS EC2 Network In Bytes\"}], \"show_grid\": 1}}"
            },
            "id": "15818fd0-f7f9-11e8-af03-c999c9dea608-ecs",
            "migrationVersion": {
                "visualization": "7.8.0"
            },
            "namespaces": [
                "default"
            ],
            "references": [],
            "type": "visualization",
            "updated_at": "2020-09-15T16:50:36.078Z",
            "version": "WzExOTEsMV0="
        },
        {
            "attributes": {
                "description": "",
                "kibanaSavedObjectMeta": {
                    "searchSourceJSON": "{\"query\": {\"language\": \"kuery\", \"query\": \"\"}, \"filter\": []}"
                },
                "title": "EC2 Network Out Bytes [Metricbeat AWS]",
                "uiStateJSON": "{}",
                "version": 1,
                "visState": "{\"aggs\": [], \"type\": \"metrics\", \"title\": \"EC2 Network Out Bytes [Metricbeat AWS]\", \"params\": {\"default_index_pattern\": \"metricbeat-*\", \"bar_color_rules\": [{\"id\": \"2592bcc0-f7f2-11e8-bff8-21537b07dd44\"}], \"axis_formatter\": \"number\", \"show_legend\": 1, \"isModelInvalid\": false, \"background_color_rules\": [{\"id\": \"23428b30-f7f2-11e8-bff8-21537b07dd44\"}], \"id\": \"61ca57f0-469d-11e7-af02-69e470af7417\", \"index_pattern\": \"metricbeat-*\", \"annotations\": [], \"time_field\": \"@timestamp\", \"interval\": \">=5m\", \"axis_scale\": \"normal\", \"axis_position\": \"left\", \"default_timefield\": \"@timestamp\", \"type\": \"timeseries\", \"tooltip_mode\": \"show_all\", \"series\": [{\"series_drop_last_bucket\": 1, \"steps\": 0, \"split_color_mode\": \"rainbow\", \"color\": \"rgba(104,188,0,1)\", \"filter\": \"\", \"line_width\": \"2\", \"axis_position\": \"right\", \"id\": \"61ca57f1-469d-11e7-af02-69e470af7417\", \"terms_order_by\": \"61ca57f2-469d-11e7-af02-69e470af7417\", \"terms_field\": \"cloud.instance.id\", \"stacked\": \"none\", \"terms_size\": \"10\", \"split_mode\": \"terms\", \"metrics\": [{\"type\": \"avg\", \"field\": \"aws.ec2.network.out.bytes\", \"id\": \"61ca57f2-469d-11e7-af02-69e470af7417\"}], \"separate_axis\": 0, \"point_size\": \"3\", \"chart_type\": \"line\", \"fill\": \"0\", \"formatter\": \"number\", \"label\": \"AWS EC2 Network Out Bytes\"}], \"show_grid\": 1}}"
            },
            "id": "233b3400-f7f9-11e8-af03-c999c9dea608-ecs",
            "migrationVersion": {
                "visualization": "7.8.0"
            },
            "namespaces": [
                "default"
            ],
            "references": [],
            "type": "visualization",
            "updated_at": "2020-09-15T16:50:59.719Z",
            "version": "WzExOTMsMV0="
        },
        {
            "attributes": {
                "description": "",
                "kibanaSavedObjectMeta": {
                    "searchSourceJSON": "{\"query\": {\"language\": \"kuery\", \"query\": \"\"}, \"filter\": []}"
                },
                "title": "EC2 DiskIO Read Bytes [Metricbeat AWS]",
                "uiStateJSON": "{}",
                "version": 1,
                "visState": "{\"aggs\": [], \"type\": \"metrics\", \"title\": \"EC2 DiskIO Read Bytes [Metricbeat AWS]\", \"params\": {\"default_index_pattern\": \"metricbeat-*\", \"bar_color_rules\": [{\"id\": \"2592bcc0-f7f2-11e8-bff8-21537b07dd44\"}], \"axis_formatter\": \"number\", \"show_legend\": 1, \"isModelInvalid\": false, \"background_color_rules\": [{\"id\": \"23428b30-f7f2-11e8-bff8-21537b07dd44\"}], \"id\": \"61ca57f0-469d-11e7-af02-69e470af7417\", \"index_pattern\": \"metricbeat-*\", \"annotations\": [], \"time_field\": \"@timestamp\", \"interval\": \">=5m\", \"axis_scale\": \"normal\", \"axis_position\": \"left\", \"default_timefield\": \"@timestamp\", \"type\": \"timeseries\", \"tooltip_mode\": \"show_all\", \"series\": [{\"series_drop_last_bucket\": 1, \"steps\": 0, \"split_color_mode\": \"rainbow\", \"color\": \"rgba(104,188,0,1)\", \"filter\": {\"language\": \"kuery\", \"query\": \"\"}, \"line_width\": \"2\", \"axis_position\": \"right\", \"id\": \"61ca57f1-469d-11e7-af02-69e470af7417\", \"terms_order_by\": \"61ca57f2-469d-11e7-af02-69e470af7417\", \"terms_field\": \"cloud.instance.id\", \"stacked\": \"none\", \"terms_size\": \"10\", \"split_mode\": \"terms\", \"metrics\": [{\"type\": \"avg\", \"field\": \"aws.ec2.diskio.read.bytes\", \"id\": \"61ca57f2-469d-11e7-af02-69e470af7417\"}], \"separate_axis\": 0, \"point_size\": \"3\", \"chart_type\": \"line\", \"fill\": \"0\", \"formatter\": \"number\", \"label\": \"AWS EC2 DiskIO Read Bytes\"}], \"show_grid\": 1}}"
            },
            "id": "f1db6ec0-f7f8-11e8-af03-c999c9dea608-ecs",
            "migrationVersion": {
                "visualization": "7.8.0"
            },
            "namespaces": [
                "default"
            ],
            "references": [],
            "type": "visualization",
            "updated_at": "2020-09-15T16:55:49.460Z",
            "version": "WzEyNTMsMV0="
        },
        {
            "attributes": {
                "description": "",
                "kibanaSavedObjectMeta": {
                    "searchSourceJSON": "{\"query\": {\"language\": \"kuery\", \"query\": \"\"}, \"filter\": []}"
                },
                "title": "EC2 CPU Utilization [Metricbeat AWS] ECS",
                "uiStateJSON": "{}",
                "version": 1,
                "visState": "{\"aggs\": [], \"type\": \"metrics\", \"title\": \"EC2 CPU Utilization [Metricbeat AWS] ECS\", \"params\": {\"default_index_pattern\": \"metricbeat-*\", \"bar_color_rules\": [{\"id\": \"2592bcc0-f7f2-11e8-bff8-21537b07dd44\"}], \"axis_formatter\": \"number\", \"show_legend\": 1, \"isModelInvalid\": false, \"background_color_rules\": [{\"id\": \"23428b30-f7f2-11e8-bff8-21537b07dd44\"}], \"id\": \"61ca57f0-469d-11e7-af02-69e470af7417\", \"index_pattern\": \"metricbeat-*\", \"annotations\": [], \"time_field\": \"@timestamp\", \"interval\": \">=5m\", \"axis_scale\": \"normal\", \"axis_position\": \"left\", \"default_timefield\": \"@timestamp\", \"type\": \"timeseries\", \"tooltip_mode\": \"show_all\", \"series\": [{\"series_drop_last_bucket\": 1, \"steps\": 0, \"split_color_mode\": \"rainbow\", \"color\": \"rgba(104,188,0,1)\", \"filter\": \"\", \"line_width\": \"2\", \"axis_position\": \"right\", \"id\": \"61ca57f1-469d-11e7-af02-69e470af7417\", \"terms_order_by\": \"61ca57f2-469d-11e7-af02-69e470af7417\", \"terms_field\": \"cloud.instance.id\", \"stacked\": \"none\", \"terms_size\": \"10\", \"split_mode\": \"terms\", \"metrics\": [{\"type\": \"avg\", \"field\": \"aws.ec2.cpu.total.pct\", \"id\": \"61ca57f2-469d-11e7-af02-69e470af7417\"}], \"separate_axis\": 0, \"point_size\": \"3\", \"chart_type\": \"line\", \"fill\": \"0\", \"formatter\": \"number\", \"label\": \"AWS EC2 CPU Utilization ECS\"}], \"show_grid\": 1}}"
            },
            "id": "be8828d0-f7f6-11e8-af03-c999c9dea608-ecs",
            "migrationVersion": {
                "visualization": "7.8.0"
            },
            "namespaces": [
                "default"
            ],
            "references": [],
            "type": "visualization",
            "updated_at": "2020-09-15T16:57:23.961Z",
            "version": "WzEyNjgsMV0="
        },
        {
            "attributes": {
                "description": "",
                "kibanaSavedObjectMeta": {
                    "searchSourceJSON": "{\"query\": {\"language\": \"kuery\", \"query\": \"\"}, \"filter\": []}"
                },
                "title": "AWS Account Filter [Metricbeat AWS]",
                "uiStateJSON": "{}",
                "version": 1,
                "visState": "{\"aggs\": [], \"type\": \"input_control_vis\", \"title\": \"AWS Account Filter [Metricbeat AWS]\", \"params\": {\"controls\": [{\"indexPatternRefName\": \"control_0_index_pattern\", \"type\": \"list\", \"parent\": \"\", \"options\": {\"dynamicOptions\": true, \"size\": 5, \"multiselect\": true, \"order\": \"desc\", \"type\": \"terms\"}, \"id\": \"1549397251041\", \"fieldName\": \"cloud.account.name\", \"label\": \"account name\"}, {\"indexPatternRefName\": \"control_1_index_pattern\", \"type\": \"list\", \"parent\": \"\", \"options\": {\"dynamicOptions\": true, \"size\": 5, \"multiselect\": true, \"order\": \"desc\", \"type\": \"terms\"}, \"id\": \"1600187617334\", \"fieldName\": \"cloud.region\", \"label\": \"region\"}, {\"indexPatternRefName\": \"control_2_index_pattern\", \"type\": \"list\", \"parent\": \"\", \"options\": {\"dynamicOptions\": true, \"size\": 5, \"multiselect\": true, \"order\": \"desc\", \"type\": \"terms\"}, \"id\": \"1600187931107\", \"fieldName\": \"cloud.instance.name\", \"label\": \"instance name\"}], \"updateFiltersOnChange\": true, \"pinFilters\": false, \"useTimeFilter\": false}}"
            },
            "id": "deab0260-2981-11e9-86eb-a3a07a77f530",
            "migrationVersion": {
                "visualization": "7.8.0"
            },
            "namespaces": [
                "default"
            ],
            "references": [
                {
                    "id": "metricbeat-*",
                    "name": "control_0_index_pattern",
                    "type": "index-pattern"
                },
                {
                    "id": "metricbeat-*",
                    "name": "control_1_index_pattern",
                    "type": "index-pattern"
                },
                {
                    "id": "metricbeat-*",
                    "name": "control_2_index_pattern",
                    "type": "index-pattern"
                }
            ],
            "type": "visualization",
            "updated_at": "2020-09-15T16:39:11.261Z",
            "version": "WzEwNjYsMV0="
        },
        {
            "attributes": {
                "description": "",
                "kibanaSavedObjectMeta": {
                    "searchSourceJSON": "{\"query\": {\"language\": \"kuery\", \"query\": \"\"}, \"indexRefName\": \"kibanaSavedObjectMeta.searchSourceJSON.index\", \"filter\": []}"
                },
                "title": "EC2 Instance State [Metricbeat AWS] ECS",
                "uiStateJSON": "{\"vis\": {\"legendOpen\": true, \"colors\": {\"stopped\": \"#E24D42\", \"80\": \"#E24D42\", \"16\": \"#629E51\", \"running\": \"#7EB26D\", \"272\": \"#DEDAF7\"}}}",
                "version": 1,
                "visState": "{\"aggs\": [{\"type\": \"count\", \"enabled\": true, \"id\": \"1\", \"schema\": \"metric\", \"params\": {\"customLabel\": \"EC2 Instance State\"}}, {\"type\": \"terms\", \"enabled\": true, \"id\": \"2\", \"schema\": \"segment\", \"params\": {\"orderBy\": \"1\", \"otherBucketLabel\": \"Other\", \"field\": \"aws.ec2.instance.state.name\", \"order\": \"desc\", \"size\": 5, \"customLabel\": \"\", \"otherBucket\": false, \"missingBucketLabel\": \"Missing\", \"missingBucket\": false}}], \"type\": \"pie\", \"title\": \"EC2 Instance State [Metricbeat AWS] ECS\", \"params\": {\"labels\": {\"truncate\": 100, \"show\": true, \"values\": true, \"last_level\": true}, \"addLegend\": true, \"addTooltip\": true, \"type\": \"pie\", \"legendPosition\": \"right\", \"isDonut\": false}}"
            },
            "id": "09db13f0-2bdd-11e9-9fe1-cde861544141",
            "migrationVersion": {
                "visualization": "7.8.0"
            },
            "namespaces": [
                "default"
            ],
            "references": [
                {
                    "id": "metricbeat-*",
                    "name": "kibanaSavedObjectMeta.searchSourceJSON.index",
                    "type": "index-pattern"
                }
            ],
            "type": "visualization",
            "updated_at": "2020-09-15T16:01:08.017Z",
            "version": "WzE0MywxXQ=="
        }
    ],
    "version": "7.9.1"
}