{
    "objects": [
        {
            "attributes": {
                "description": "Various stats for Prometheus Server",
                "hits": 0,
                "kibanaSavedObjectMeta": {
                    "searchSourceJSON": "{\"query\": {\"language\": \"kuery\", \"query\": \"\"}, \"filter\": []}"
                },
                "optionsJSON": "{\"useMargins\": true, \"hidePanelTitles\": false}",
                "panelsJSON": "[{\"gridData\": {\"w\": 24, \"x\": 0, \"y\": 0, \"i\": \"1\", \"h\": 15}, \"panelIndex\": \"1\", \"title\": \"HTTP Requests\", \"embeddableConfig\": {}, \"panelRefName\": \"panel_0\", \"version\": \"7.3.0\"}, {\"gridData\": {\"w\": 24, \"x\": 24, \"y\": 0, \"i\": \"2\", \"h\": 15}, \"panelIndex\": \"2\", \"title\": \"Query Durations\", \"embeddableConfig\": {}, \"panelRefName\": \"panel_1\", \"version\": \"7.3.0\"}, {\"gridData\": {\"w\": 24, \"x\": 24, \"y\": 15, \"i\": \"3\", \"h\": 7}, \"panelIndex\": \"3\", \"title\": \"Number of Targets\", \"embeddableConfig\": {}, \"panelRefName\": \"panel_2\", \"version\": \"7.3.0\"}, {\"gridData\": {\"w\": 24, \"x\": 0, \"y\": 22, \"i\": \"4\", \"h\": 15}, \"panelIndex\": \"4\", \"title\": \"Head Chunks\", \"embeddableConfig\": {}, \"panelRefName\": \"panel_3\", \"version\": \"7.3.0\"}, {\"gridData\": {\"w\": 11, \"x\": 0, \"y\": 15, \"i\": \"5\", \"h\": 7}, \"panelIndex\": \"5\", \"title\": \"WAL Stats\", \"embeddableConfig\": {}, \"panelRefName\": \"panel_4\", \"version\": \"7.3.0\"}, {\"gridData\": {\"w\": 13, \"x\": 11, \"y\": 15, \"i\": \"6\", \"h\": 7}, \"panelIndex\": \"6\", \"title\": \"Reload Count\", \"embeddableConfig\": {}, \"panelRefName\": \"panel_5\", \"version\": \"7.3.0\"}, {\"gridData\": {\"w\": 10, \"x\": 24, \"y\": 22, \"i\": \"7\", \"h\": 15}, \"panelIndex\": \"7\", \"title\": \"Remote API Reads\", \"embeddableConfig\": {}, \"panelRefName\": \"panel_6\", \"version\": \"7.3.0\"}, {\"gridData\": {\"w\": 14, \"x\": 34, \"y\": 22, \"i\": \"8\", \"h\": 15}, \"panelIndex\": \"8\", \"title\": \"Alert Notifications\", \"embeddableConfig\": {}, \"panelRefName\": \"panel_7\", \"version\": \"7.3.0\"}]",
                "timeRestore": false,
                "title": "[Metricbeat Prometheus] Overview",
                "version": 1
            },
            "id": "6a9b80c0-b2ed-11e9-9a23-67ee28886a4b",
            "migrationVersion": {
                "dashboard": "7.3.0"
            },
            "references": [
                {
                    "id": "19886730-b2e7-11e9-9a23-67ee28886a4b",
                    "name": "panel_0",
                    "type": "visualization"
                },
                {
                    "id": "f77c5900-b2e4-11e9-9a23-67ee28886a4b",
                    "name": "panel_1",
                    "type": "visualization"
                },
                {
                    "id": "ffb70040-b2ec-11e9-9a23-67ee28886a4b",
                    "name": "panel_2",
                    "type": "visualization"
                },
                {
                    "id": "79345b00-b2e5-11e9-9a23-67ee28886a4b",
                    "name": "panel_3",
                    "type": "visualization"
                },
                {
                    "id": "138704c0-b2f8-11e9-9a23-67ee28886a4b",
                    "name": "panel_4",
                    "type": "visualization"
                },
                {
                    "id": "d7740b40-b2fc-11e9-9a23-67ee28886a4b",
                    "name": "panel_5",
                    "type": "visualization"
                },
                {
                    "id": "edd33100-b305-11e9-9a23-67ee28886a4b",
                    "name": "panel_6",
                    "type": "visualization"
                },
                {
                    "id": "0b356630-b308-11e9-9a23-67ee28886a4b",
                    "name": "panel_7",
                    "type": "visualization"
                }
            ],
            "type": "dashboard",
            "updated_at": "2019-08-02T10:59:13.474Z",
            "version": "WzYxMCwxXQ=="
        },
        {
            "attributes": {
                "description": "",
                "kibanaSavedObjectMeta": {
                    "searchSourceJSON": "{\"query\": {\"language\": \"kuery\", \"query\": \"\"}, \"filter\": []}"
                },
                "title": "HTTP Requests [Metricbeat Prometheus]",
                "uiStateJSON": "{}",
                "version": 1,
                "visState": "{\"aggs\": [], \"type\": \"metrics\", \"title\": \"HTTP Requests [Metricbeat Prometheus]\", \"params\": {\"default_index_pattern\": \"metricbeat-*\", \"axis_formatter\": \"number\", \"show_legend\": 1, \"filter\": {\"language\": \"kuery\", \"query\": \"\"}, \"id\": \"b2579fe0-b2e6-11e9-96a9-535735f478e7\", \"index_pattern\": \"metricbeat-*\", \"time_field\": \"@timestamp\", \"interval\": \"auto\", \"axis_scale\": \"normal\", \"axis_position\": \"left\", \"default_timefield\": \"@timestamp\", \"type\": \"timeseries\", \"series\": [{\"terms_field\": \"prometheus.labels.handler\", \"color\": \"rgba(219,223,0,1)\", \"line_width\": 2, \"axis_position\": \"right\", \"id\": \"b2579fe1-b2e6-11e9-96a9-535735f478e7\", \"stacked\": \"none\", \"terms_size\": \"5\", \"split_mode\": \"terms\", \"metrics\": [{\"type\": \"max\", \"field\": \"prometheus.metrics.prometheus_http_requests_total\", \"id\": \"b2579fe2-b2e6-11e9-96a9-535735f478e7\"}, {\"unit\": \"1s\", \"type\": \"derivative\", \"field\": \"b2579fe2-b2e6-11e9-96a9-535735f478e7\", \"id\": \"4ff83340-b445-11e9-88c2-81f27aea5920\"}], \"separate_axis\": 0, \"point_size\": 0, \"value_template\": \"{{value}}\", \"chart_type\": \"line\", \"fill\": 0, \"formatter\": \"number\", \"label\": \"HTTP Requests\"}], \"show_grid\": 1}}"
            },
            "id": "19886730-b2e7-11e9-9a23-67ee28886a4b",
            "migrationVersion": {
                "visualization": "7.3.0"
            },
            "references": [],
            "type": "visualization",
            "updated_at": "2019-08-01T10:16:22.004Z",
            "version": "WzUwMCwxXQ=="
        },
        {
            "attributes": {
                "description": "",
                "kibanaSavedObjectMeta": {
                    "searchSourceJSON": "{\"query\": {\"language\": \"kuery\", \"query\": \"\"}, \"filter\": []}"
                },
                "title": "Query Durations [Metricbeat Prometheus]",
                "uiStateJSON": "{}",
                "version": 1,
                "visState": "{\"aggs\": [], \"type\": \"metrics\", \"title\": \"Query Durations [Metricbeat Prometheus]\", \"params\": {\"default_index_pattern\": \"metricbeat-*\", \"axis_formatter\": \"number\", \"show_legend\": 1, \"filter\": {\"language\": \"kuery\", \"query\": \"prometheus.labels.quantile : \\\"0.99\\\"\"}, \"id\": \"0fa40ac0-b2e3-11e9-9d48-591d2f459020\", \"index_pattern\": \"metricbeat-*\", \"time_field\": \"@timestamp\", \"interval\": \"auto\", \"axis_scale\": \"normal\", \"axis_position\": \"left\", \"default_timefield\": \"@timestamp\", \"type\": \"timeseries\", \"series\": [{\"terms_field\": \"prometheus.labels.slice\", \"split_filters\": [{\"id\": \"5089a8b0-b2e3-11e9-a478-1744b9617108\", \"color\": \"#3185FC\", \"filter\": {\"language\": \"kuery\", \"query\": \"prometheus.labels.slice : \\\"inner_eval\\\" \"}, \"label\": \"Inner\"}], \"color\": \"rgba(0,156,224,1)\", \"filter\": {\"language\": \"kuery\", \"query\": \"prometheus.labels.quantile : \\\"0.99\\\" \"}, \"line_width\": 2, \"axis_position\": \"right\", \"id\": \"0fa40ac1-b2e3-11e9-9d48-591d2f459020\", \"terms_order_by\": \"_count\", \"stacked\": \"none\", \"split_mode\": \"terms\", \"metrics\": [{\"type\": \"max\", \"field\": \"prometheus.metrics.prometheus_engine_query_duration_seconds\", \"id\": \"0fa40ac2-b2e3-11e9-9d48-591d2f459020\"}], \"separate_axis\": 0, \"point_size\": 0, \"value_template\": \"{{value}}\", \"chart_type\": \"line\", \"fill\": 0, \"formatter\": \"'0.0[0000]'\", \"label\": \"Query Durations p99\"}], \"show_grid\": 1}}"
            },
            "id": "f77c5900-b2e4-11e9-9a23-67ee28886a4b",
            "migrationVersion": {
                "visualization": "7.3.0"
            },
            "references": [],
            "type": "visualization",
            "updated_at": "2019-07-31T12:29:35.301Z",
            "version": "WzQ0MSwxXQ=="
        },
        {
            "attributes": {
                "description": "",
                "kibanaSavedObjectMeta": {
                    "searchSourceJSON": "{\"query\": {\"language\": \"kuery\", \"query\": \"\"}, \"filter\": []}"
                },
                "title": "Number of Targets [Metricbeat Prometheus]",
                "uiStateJSON": "{}",
                "version": 1,
                "visState": "{\"aggs\": [], \"type\": \"metrics\", \"title\": \"Number of Targets [Metricbeat Prometheus]\", \"params\": {\"default_index_pattern\": \"metricbeat-*\", \"axis_formatter\": \"number\", \"show_legend\": 1, \"filter\": {\"language\": \"kuery\", \"query\": \"\"}, \"id\": \"08298160-b2ea-11e9-a1e3-dd90a90fb461\", \"index_pattern\": \"metricbeat-*\", \"time_field\": \"@timestamp\", \"interval\": \"auto\", \"axis_scale\": \"normal\", \"axis_position\": \"left\", \"default_timefield\": \"@timestamp\", \"type\": \"timeseries\", \"series\": [{\"steps\": 1, \"color\": \"rgba(0,156,224,1)\", \"filter\": {\"language\": \"kuery\", \"query\": \"\"}, \"line_width\": \"1\", \"axis_position\": \"right\", \"id\": \"08298161-b2ea-11e9-a1e3-dd90a90fb461\", \"terms_order_by\": \"08298162-b2ea-11e9-a1e3-dd90a90fb461\", \"terms_field\": \"prometheus.labels.name\", \"stacked\": \"none\", \"split_mode\": \"terms\", \"metrics\": [{\"type\": \"max\", \"field\": \"prometheus.metrics.prometheus_sd_discovered_targets\", \"id\": \"08298162-b2ea-11e9-a1e3-dd90a90fb461\"}], \"separate_axis\": 0, \"point_size\": \"0\", \"value_template\": \"{{value}}\", \"chart_type\": \"line\", \"fill\": \"0.2\", \"terms_direction\": \"desc\", \"formatter\": \"number\", \"label\": \"Total Number of Discovered Targets\"}], \"show_grid\": 1}}"
            },
            "id": "ffb70040-b2ec-11e9-9a23-67ee28886a4b",
            "migrationVersion": {
                "visualization": "7.3.0"
            },
            "references": [],
            "type": "visualization",
            "updated_at": "2019-07-31T12:34:36.214Z",
            "version": "WzQ2MiwxXQ=="
        },
        {
            "attributes": {
                "description": "",
                "kibanaSavedObjectMeta": {
                    "searchSourceJSON": "{\"query\": {\"language\": \"kuery\", \"query\": \"\"}, \"filter\": []}"
                },
                "title": "Head Chunks [Metricbeat Prometheus]",
                "uiStateJSON": "{}",
                "version": 1,
                "visState": "{\"aggs\": [], \"type\": \"metrics\", \"title\": \"Head Chunks [Metricbeat Prometheus]\", \"params\": {\"default_index_pattern\": \"metricbeat-*\", \"axis_formatter\": \"number\", \"show_legend\": 1, \"filter\": {\"language\": \"kuery\", \"query\": \"\"}, \"id\": \"2f5a6920-b2e5-11e9-b248-0162f01eb4ee\", \"index_pattern\": \"metricbeat-*\", \"time_field\": \"@timestamp\", \"interval\": \"auto\", \"axis_scale\": \"normal\", \"axis_position\": \"left\", \"default_timefield\": \"@timestamp\", \"type\": \"timeseries\", \"series\": [{\"color\": \"rgba(101,50,148,1)\", \"line_width\": 2, \"axis_position\": \"right\", \"id\": \"2f5a9030-b2e5-11e9-b248-0162f01eb4ee\", \"stacked\": \"none\", \"split_mode\": \"everything\", \"metrics\": [{\"type\": \"max\", \"field\": \"prometheus.metrics.prometheus_tsdb_head_chunks\", \"id\": \"2f5a9031-b2e5-11e9-b248-0162f01eb4ee\"}], \"separate_axis\": 0, \"point_size\": 0, \"value_template\": \"{{value}}\", \"chart_type\": \"line\", \"fill\": 0, \"formatter\": \"number\", \"label\": \"Head Chunks\"}], \"show_grid\": 1}}"
            },
            "id": "79345b00-b2e5-11e9-9a23-67ee28886a4b",
            "migrationVersion": {
                "visualization": "7.3.0"
            },
            "references": [],
            "type": "visualization",
            "updated_at": "2019-07-31T12:35:36.349Z",
            "version": "WzQ2OSwxXQ=="
        },
        {
            "attributes": {
                "description": "",
                "kibanaSavedObjectMeta": {
                    "searchSourceJSON": "{\"query\": {\"language\": \"kuery\", \"query\": \"\"}, \"filter\": []}"
                },
                "title": "WAL [Metricbeat Prometheus]",
                "uiStateJSON": "{}",
                "version": 1,
                "visState": "{\"aggs\": [], \"type\": \"metrics\", \"title\": \"WAL [Metricbeat Prometheus]\", \"params\": {\"default_index_pattern\": \"metricbeat-*\", \"bar_color_rules\": [{\"id\": \"f4985140-b2f7-11e9-8481-37d39feabbb2\"}], \"axis_formatter\": \"number\", \"show_legend\": 1, \"filter\": {\"language\": \"kuery\", \"query\": \"\"}, \"id\": \"ce91d200-b2f7-11e9-9e3f-5b12e64d4361\", \"index_pattern\": \"metricbeat-*\", \"time_field\": \"@timestamp\", \"interval\": \"auto\", \"axis_scale\": \"normal\", \"axis_position\": \"left\", \"default_timefield\": \"@timestamp\", \"type\": \"top_n\", \"series\": [{\"color\": \"rgba(247,75,56,1)\", \"line_width\": 2, \"axis_position\": \"right\", \"id\": \"ce91f910-b2f7-11e9-9e3f-5b12e64d4361\", \"stacked\": \"none\", \"split_mode\": \"everything\", \"metrics\": [{\"type\": \"max\", \"field\": \"prometheus.metrics.prometheus_tsdb_wal_truncations_failed_total\", \"id\": \"ce91f911-b2f7-11e9-9e3f-5b12e64d4361\"}], \"separate_axis\": 0, \"point_size\": 0, \"value_template\": \"{{value}}\", \"chart_type\": \"line\", \"fill\": 0, \"formatter\": \"number\", \"label\": \"Failed WAL Truncations\"}, {\"color\": \"rgba(251,158,0,1)\", \"line_width\": 2, \"axis_position\": \"right\", \"id\": \"ce91f912-b2f7-11e9-9e3f-5b12e64d4361\", \"stacked\": \"none\", \"split_mode\": \"everything\", \"metrics\": [{\"type\": \"max\", \"field\": \"prometheus.metrics.prometheus_tsdb_wal_corruptions_total\", \"id\": \"ce91f913-b2f7-11e9-9e3f-5b12e64d4361\"}], \"separate_axis\": 0, \"point_size\": 0, \"value_template\": \"{{value}}\", \"chart_type\": \"line\", \"fill\": 0, \"formatter\": \"number\", \"label\": \"WAL Corruptions Total\"}], \"show_grid\": 1}}"
            },
            "id": "138704c0-b2f8-11e9-9a23-67ee28886a4b",
            "migrationVersion": {
                "visualization": "7.3.0"
            },
            "references": [],
            "type": "visualization",
            "updated_at": "2019-07-31T12:31:29.355Z",
            "version": "WzQ0NywxXQ=="
        },
        {
            "attributes": {
                "description": "",
                "kibanaSavedObjectMeta": {
                    "searchSourceJSON": "{\"query\": {\"language\": \"kuery\", \"query\": \"\"}, \"filter\": []}"
                },
                "title": "Reload Count [Metricbeat Prometheus]",
                "uiStateJSON": "{}",
                "version": 1,
                "visState": "{\"aggs\": [], \"type\": \"metrics\", \"title\": \"Reload Count [Metricbeat Prometheus]\", \"params\": {\"default_index_pattern\": \"metricbeat-*\", \"axis_formatter\": \"number\", \"show_legend\": 1, \"filter\": {\"language\": \"kuery\", \"query\": \"\"}, \"id\": \"6acaf760-b2fc-11e9-86ff-9300d5a00260\", \"index_pattern\": \"metricbeat-*\", \"time_field\": \"@timestamp\", \"interval\": \"auto\", \"axis_scale\": \"normal\", \"axis_position\": \"left\", \"default_timefield\": \"@timestamp\", \"type\": \"timeseries\", \"series\": [{\"steps\": 1, \"color\": \"rgba(12,121,125,1)\", \"line_width\": \"1\", \"axis_position\": \"right\", \"id\": \"6acaf761-b2fc-11e9-86ff-9300d5a00260\", \"stacked\": \"none\", \"split_mode\": \"everything\", \"metrics\": [{\"type\": \"max\", \"field\": \"prometheus.metrics.prometheus_tsdb_reloads_total\", \"id\": \"6acaf762-b2fc-11e9-86ff-9300d5a00260\"}, {\"unit\": \"1s\", \"type\": \"derivative\", \"field\": \"6acaf762-b2fc-11e9-86ff-9300d5a00260\", \"id\": \"6acaf764-b2fc-11e9-86ff-9300d5a00260\"}, {\"type\": \"positive_only\", \"field\": \"6acaf764-b2fc-11e9-86ff-9300d5a00260\", \"id\": \"6acaf763-b2fc-11e9-86ff-9300d5a00260\"}], \"separate_axis\": 0, \"point_size\": 0, \"value_template\": \"{{value}}\", \"chart_type\": \"line\", \"fill\": \"0.2\", \"formatter\": \"'0.0[0000]'\", \"label\": \"reloads\"}, {\"steps\": 1, \"color\": \"#DB1374\", \"line_width\": \"1\", \"axis_position\": \"right\", \"id\": \"6acaf765-b2fc-11e9-86ff-9300d5a00260\", \"stacked\": \"none\", \"split_mode\": \"everything\", \"metrics\": [{\"type\": \"max\", \"field\": \"prometheus.metrics.prometheus_tsdb_reloads_failures_total\", \"id\": \"6acaf766-b2fc-11e9-86ff-9300d5a00260\"}, {\"unit\": \"1s\", \"type\": \"derivative\", \"field\": \"6acaf766-b2fc-11e9-86ff-9300d5a00260\", \"id\": \"6acaf768-b2fc-11e9-86ff-9300d5a00260\"}, {\"type\": \"positive_only\", \"field\": \"6acaf768-b2fc-11e9-86ff-9300d5a00260\", \"id\": \"6acaf767-b2fc-11e9-86ff-9300d5a00260\"}], \"separate_axis\": 0, \"point_size\": 0, \"value_template\": \"{{value}}\", \"chart_type\": \"line\", \"fill\": \"0.2\", \"formatter\": \"'0.0[0000]'\", \"label\": \"failures\"}], \"show_grid\": 1}}"
            },
            "id": "d7740b40-b2fc-11e9-9a23-67ee28886a4b",
            "migrationVersion": {
                "visualization": "7.3.0"
            },
            "references": [],
            "type": "visualization",
            "updated_at": "2019-07-30T19:05:35.833Z",
            "version": "WzM3OSwxXQ=="
        },
        {
            "attributes": {
                "description": "",
                "kibanaSavedObjectMeta": {
                    "searchSourceJSON": "{\"query\": {\"language\": \"kuery\", \"query\": \"\"}, \"filter\": []}"
                },
                "title": "Remote API Reads [Metricbeat Prometheus]",
                "uiStateJSON": "{}",
                "version": 1,
                "visState": "{\"aggs\": [], \"type\": \"metrics\", \"title\": \"Remote API Reads [Metricbeat Prometheus]\", \"params\": {\"default_index_pattern\": \"metricbeat-*\", \"axis_formatter\": \"number\", \"show_legend\": 1, \"filter\": {\"language\": \"kuery\", \"query\": \"\"}, \"id\": \"a3dbf320-b305-11e9-a86d-99bede5bfcc3\", \"index_pattern\": \"metricbeat-*\", \"time_field\": \"@timestamp\", \"interval\": \"auto\", \"axis_scale\": \"normal\", \"axis_position\": \"left\", \"default_timefield\": \"@timestamp\", \"type\": \"timeseries\", \"series\": [{\"color\": \"rgba(219,223,0,1)\", \"line_width\": 2, \"axis_position\": \"right\", \"id\": \"a3dbf321-b305-11e9-a86d-99bede5bfcc3\", \"stacked\": \"none\", \"split_mode\": \"everything\", \"metrics\": [{\"type\": \"max\", \"field\": \"prometheus.metrics.prometheus_api_remote_read_queries\", \"id\": \"a3dbf322-b305-11e9-a86d-99bede5bfcc3\"}, {\"unit\": \"1s\", \"type\": \"derivative\", \"field\": \"a3dbf322-b305-11e9-a86d-99bede5bfcc3\", \"id\": \"a3dbf324-b305-11e9-a86d-99bede5bfcc3\"}, {\"type\": \"positive_only\", \"field\": \"a3dbf324-b305-11e9-a86d-99bede5bfcc3\", \"id\": \"a3dbf323-b305-11e9-a86d-99bede5bfcc3\"}], \"separate_axis\": 0, \"point_size\": 0, \"value_template\": \"{{value}}\", \"chart_type\": \"line\", \"fill\": 0, \"formatter\": \"number\", \"label\": \"# of remote read queries\"}], \"show_grid\": 1}}"
            },
            "id": "edd33100-b305-11e9-9a23-67ee28886a4b",
            "migrationVersion": {
                "visualization": "7.3.0"
            },
            "references": [],
            "type": "visualization",
            "updated_at": "2019-07-30T20:09:25.775Z",
            "version": "WzM5NCwxXQ=="
        },
        {
            "attributes": {
                "description": "",
                "kibanaSavedObjectMeta": {
                    "searchSourceJSON": "{\"query\": {\"language\": \"kuery\", \"query\": \"\"}, \"filter\": []}"
                },
                "title": "Alert Notifications [Metricbeat Prometheus]",
                "uiStateJSON": "{}",
                "version": 1,
                "visState": "{\"aggs\": [], \"type\": \"metrics\", \"title\": \"Alert Notifications [Metricbeat Prometheus]\", \"params\": {\"default_index_pattern\": \"metricbeat-*\", \"axis_formatter\": \"number\", \"show_legend\": 1, \"filter\": {\"language\": \"kuery\", \"query\": \"\"}, \"id\": \"b1741ab0-b307-11e9-95cd-c3f5589dc7d2\", \"index_pattern\": \"metricbeat-*\", \"time_field\": \"@timestamp\", \"interval\": \"auto\", \"axis_scale\": \"normal\", \"axis_position\": \"left\", \"default_timefield\": \"@timestamp\", \"type\": \"timeseries\", \"series\": [{\"color\": \"rgba(211,49,21,1)\", \"line_width\": 2, \"axis_position\": \"right\", \"id\": \"b1741ab1-b307-11e9-95cd-c3f5589dc7d2\", \"stacked\": \"none\", \"split_mode\": \"everything\", \"metrics\": [{\"type\": \"max\", \"field\": \"prometheus.metrics.prometheus_notifications_queue_capacity\", \"id\": \"b1741ab2-b307-11e9-95cd-c3f5589dc7d2\"}], \"separate_axis\": 0, \"point_size\": 0, \"value_template\": \"{{value}}\", \"chart_type\": \"line\", \"fill\": 0, \"formatter\": \"number\", \"label\": \"Capacity of the alert notifications queue\"}, {\"color\": \"rgba(176,188,0,1)\", \"line_width\": \"1\", \"axis_position\": \"right\", \"id\": \"b1741ab3-b307-11e9-95cd-c3f5589dc7d2\", \"stacked\": \"none\", \"split_mode\": \"everything\", \"metrics\": [{\"type\": \"max\", \"field\": \"prometheus.metrics.prometheus_notifications_queue_length\", \"id\": \"b1741ab4-b307-11e9-95cd-c3f5589dc7d2\"}], \"separate_axis\": 0, \"point_size\": 0, \"value_template\": \"{{value}}\", \"chart_type\": \"line\", \"fill\": \"0.2\", \"formatter\": \"number\", \"label\": \"Alert notifications in the queue\"}], \"show_grid\": 1}}"
            },
            "id": "0b356630-b308-11e9-9a23-67ee28886a4b",
            "migrationVersion": {
                "visualization": "7.3.0"
            },
            "references": [],
            "type": "visualization",
            "updated_at": "2019-07-30T20:24:34.067Z",
            "version": "WzQwMiwxXQ=="
        }
    ],
    "version": "7.3.0"
}