{
    "objects": [
        {
            "attributes": {
                "description": "Overview of AWS RDS Metrics",
                "hits": 0,
                "kibanaSavedObjectMeta": {
                    "searchSourceJSON": "{\"query\": {\"language\": \"kuery\", \"query\": \"\"}, \"filter\": []}"
                },
                "optionsJSON": "{\"useMargins\": true, \"hidePanelTitles\": false}",
                "panelsJSON": "[{\"gridData\": {\"w\": 19, \"x\": 10, \"y\": 0, \"i\": \"1\", \"h\": 6}, \"panelIndex\": \"1\", \"title\": \"Database Connections\", \"embeddableConfig\": {\"title\": \"Database Connections\"}, \"panelRefName\": \"panel_0\", \"version\": \"7.3.0\"}, {\"gridData\": {\"w\": 24, \"x\": 0, \"y\": 6, \"i\": \"3\", \"h\": 10}, \"panelIndex\": \"3\", \"title\": \"Insert Latency in Milliseconds\", \"embeddableConfig\": {\"title\": \"Insert Latency in Milliseconds\"}, \"panelRefName\": \"panel_1\", \"version\": \"7.3.0\"}, {\"gridData\": {\"w\": 24, \"x\": 24, \"y\": 6, \"i\": \"4\", \"h\": 10}, \"panelIndex\": \"4\", \"title\": \"Select Latency in Milliseconds\", \"embeddableConfig\": {\"title\": \"Select Latency in Milliseconds\"}, \"panelRefName\": \"panel_2\", \"version\": \"7.3.0\"}, {\"gridData\": {\"w\": 19, \"x\": 29, \"y\": 0, \"i\": \"5\", \"h\": 6}, \"panelIndex\": \"5\", \"title\": \"Transaction Blocked\", \"embeddableConfig\": {\"title\": \"Transaction Blocked\"}, \"panelRefName\": \"panel_3\", \"version\": \"7.3.0\"}, {\"panelRefName\": \"panel_4\", \"gridData\": {\"w\": 10, \"x\": 0, \"y\": 0, \"i\": \"6\", \"h\": 6}, \"panelIndex\": \"6\", \"embeddableConfig\": {}, \"version\": \"7.3.0\"}, {\"gridData\": {\"w\": 24, \"x\": 0, \"y\": 16, \"i\": \"7\", \"h\": 11}, \"panelIndex\": \"7\", \"title\": \"Insert Throughput in Count/Second\", \"embeddableConfig\": {\"title\": \"Insert Throughput in Count/Second\"}, \"panelRefName\": \"panel_5\", \"version\": \"7.3.0\"}, {\"gridData\": {\"w\": 24, \"x\": 24, \"y\": 16, \"i\": \"8\", \"h\": 11}, \"panelIndex\": \"8\", \"title\": \"Select Throughput in Count/Second\", \"embeddableConfig\": {\"title\": \"Select Throughput in Count/Second\"}, \"panelRefName\": \"panel_6\", \"version\": \"7.3.0\"}, {\"gridData\": {\"w\": 48, \"x\": 0, \"y\": 27, \"i\": \"132653bc-2669-4e8c-b536-06c680e9acf0\", \"h\": 12}, \"panelIndex\": \"132653bc-2669-4e8c-b536-06c680e9acf0\", \"title\": \"Disk Queue Depth\", \"embeddableConfig\": {\"title\": \"Disk Queue Depth\"}, \"panelRefName\": \"panel_7\", \"version\": \"7.3.0\"}]",
                "timeRestore": false,
                "title": "[Metricbeat AWS] RDS Overview",
                "version": 1
            },
            "id": "3367c170-921f-11e9-aa19-159bf182e06f",
            "migrationVersion": {
                "dashboard": "7.3.0"
            },
            "references": [
                {
                    "id": "17fcda50-921b-11e9-aa19-159bf182e06f",
                    "name": "panel_0",
                    "type": "visualization"
                },
                {
                    "id": "8b8a7f80-921c-11e9-aa19-159bf182e06f",
                    "name": "panel_1",
                    "type": "visualization"
                },
                {
                    "id": "cc3a1950-921c-11e9-aa19-159bf182e06f",
                    "name": "panel_2",
                    "type": "visualization"
                },
                {
                    "id": "00b29040-921d-11e9-aa19-159bf182e06f",
                    "name": "panel_3",
                    "type": "visualization"
                },
                {
                    "id": "b5308940-7347-11e9-816b-07687310a99a",
                    "name": "panel_4",
                    "type": "visualization"
                },
                {
                    "id": "c1afd130-921e-11e9-aa19-159bf182e06f",
                    "name": "panel_5",
                    "type": "visualization"
                },
                {
                    "id": "e06e4cf0-921e-11e9-aa19-159bf182e06f",
                    "name": "panel_6",
                    "type": "visualization"
                },
                {
                    "id": "966ae990-d979-11e9-9458-bbef63ad717b",
                    "name": "panel_7",
                    "type": "visualization"
                }
            ],
            "type": "dashboard",
            "updated_at": "2019-09-17T18:35:03.575Z",
            "version": "WzExNTk3LDhd"
        },
        {
            "attributes": {
                "description": "",
                "kibanaSavedObjectMeta": {
                    "searchSourceJSON": "{\"query\": {\"language\": \"kuery\", \"query\": \"\"}, \"filter\": []}"
                },
                "title": "RDS Database Connections [Metricbeat AWS]",
                "uiStateJSON": "{}",
                "version": 1,
                "visState": "{\"aggs\": [], \"type\": \"metrics\", \"title\": \"RDS Database Connections [Metricbeat AWS]\", \"params\": {\"default_index_pattern\": \"metricbeat-*\", \"bar_color_rules\": [{\"id\": \"f8196690-921a-11e9-badf-4b42bd1ef543\"}], \"axis_formatter\": \"number\", \"show_legend\": 1, \"isModelInvalid\": false, \"background_color_rules\": [{\"id\": \"10bc2760-d978-11e9-aff2-99c15d8b7da1\"}], \"id\": \"61ca57f0-469d-11e7-af02-69e470af7417\", \"index_pattern\": \"metricbeat-*\", \"time_field\": \"\", \"interval\": \"1m\", \"axis_scale\": \"normal\", \"axis_position\": \"left\", \"default_timefield\": \"@timestamp\", \"type\": \"metric\", \"series\": [{\"terms_field\": \"aws.rds.db_instance.identifier\", \"color\": \"#68BC00\", \"line_width\": 1, \"axis_position\": \"right\", \"id\": \"61ca57f1-469d-11e7-af02-69e470af7417\", \"hide_in_legend\": 0, \"terms_order_by\": \"61ca57f2-469d-11e7-af02-69e470af7417\", \"stacked\": \"none\", \"split_mode\": \"everything\", \"metrics\": [{\"type\": \"sum\", \"field\": \"aws.rds.database_connections\", \"id\": \"61ca57f2-469d-11e7-af02-69e470af7417\"}], \"separate_axis\": 0, \"point_size\": 1, \"chart_type\": \"bar\", \"fill\": 0.5, \"formatter\": \"number\", \"label\": \"Database Connections\"}], \"show_grid\": 1}}"
            },
            "id": "17fcda50-921b-11e9-aa19-159bf182e06f",
            "migrationVersion": {
                "visualization": "7.2.0"
            },
            "references": [],
            "type": "visualization",
            "updated_at": "2019-09-17T18:22:36.018Z",
            "version": "WzExNTc3LDhd"
        },
        {
            "attributes": {
                "description": "",
                "kibanaSavedObjectMeta": {
                    "searchSourceJSON": "{\"query\": {\"language\": \"kuery\", \"query\": \"\"}, \"filter\": []}"
                },
                "title": "RDS Insert Latency in Milliseconds [Metricbeat AWS]",
                "uiStateJSON": "{}",
                "version": 1,
                "visState": "{\"aggs\": [], \"type\": \"metrics\", \"title\": \"RDS Insert Latency in Milliseconds [Metricbeat AWS]\", \"params\": {\"default_index_pattern\": \"metricbeat-*\", \"bar_color_rules\": [{\"id\": \"f8196690-921a-11e9-badf-4b42bd1ef543\"}], \"axis_formatter\": \"number\", \"show_legend\": 1, \"isModelInvalid\": false, \"background_color_rules\": [{\"id\": \"28cacdf0-921c-11e9-badf-4b42bd1ef543\"}], \"id\": \"61ca57f0-469d-11e7-af02-69e470af7417\", \"index_pattern\": \"metricbeat-*\", \"time_field\": \"\", \"axis_min\": \"0\", \"axis_scale\": \"normal\", \"axis_position\": \"left\", \"default_timefield\": \"@timestamp\", \"type\": \"timeseries\", \"series\": [{\"terms_field\": \"aws.rds.db_instance.identifier\", \"split_color_mode\": \"rainbow\", \"color\": \"#68BC00\", \"line_width\": \"2\", \"axis_position\": \"right\", \"id\": \"61ca57f1-469d-11e7-af02-69e470af7417\", \"terms_order_by\": \"61ca57f2-469d-11e7-af02-69e470af7417\", \"stacked\": \"none\", \"split_mode\": \"terms\", \"metrics\": [{\"type\": \"avg\", \"field\": \"aws.rds.latency.insert\", \"id\": \"61ca57f2-469d-11e7-af02-69e470af7417\"}], \"separate_axis\": 0, \"point_size\": \"5\", \"chart_type\": \"line\", \"fill\": \"0\", \"formatter\": \"ms,ms,\", \"label\": \"Insert Latency in Milliseconds\"}], \"interval\": \"1m\", \"show_grid\": 1}}"
            },
            "id": "8b8a7f80-921c-11e9-aa19-159bf182e06f",
            "migrationVersion": {
                "visualization": "7.2.0"
            },
            "references": [],
            "type": "visualization",
            "updated_at": "2019-09-17T18:27:15.143Z",
            "version": "WzExNTg1LDhd"
        },
        {
            "attributes": {
                "description": "",
                "kibanaSavedObjectMeta": {
                    "searchSourceJSON": "{\"query\": {\"language\": \"kuery\", \"query\": \"\"}, \"filter\": []}"
                },
                "title": "RDS Select Latency in Milliseconds [Metricbeat AWS]",
                "uiStateJSON": "{}",
                "version": 1,
                "visState": "{\"aggs\": [], \"type\": \"metrics\", \"title\": \"RDS Select Latency in Milliseconds [Metricbeat AWS]\", \"params\": {\"default_index_pattern\": \"metricbeat-*\", \"bar_color_rules\": [{\"id\": \"f8196690-921a-11e9-badf-4b42bd1ef543\"}], \"axis_formatter\": \"number\", \"show_legend\": 1, \"isModelInvalid\": false, \"background_color_rules\": [{\"id\": \"28cacdf0-921c-11e9-badf-4b42bd1ef543\"}], \"id\": \"61ca57f0-469d-11e7-af02-69e470af7417\", \"index_pattern\": \"metricbeat-*\", \"time_field\": \"\", \"interval\": \"1m\", \"axis_scale\": \"normal\", \"axis_position\": \"left\", \"default_timefield\": \"@timestamp\", \"type\": \"timeseries\", \"series\": [{\"terms_field\": \"aws.rds.db_instance.identifier\", \"split_color_mode\": \"rainbow\", \"color\": \"#68BC00\", \"line_width\": \"2\", \"axis_position\": \"right\", \"id\": \"61ca57f1-469d-11e7-af02-69e470af7417\", \"terms_order_by\": \"61ca57f2-469d-11e7-af02-69e470af7417\", \"stacked\": \"none\", \"split_mode\": \"terms\", \"metrics\": [{\"type\": \"avg\", \"field\": \"aws.rds.latency.select\", \"id\": \"61ca57f2-469d-11e7-af02-69e470af7417\"}], \"separate_axis\": 0, \"point_size\": \"5\", \"chart_type\": \"line\", \"fill\": \"0\", \"formatter\": \"ms,ms,\", \"label\": \"Select Latency in Milliseconds\"}], \"show_grid\": 1}}"
            },
            "id": "cc3a1950-921c-11e9-aa19-159bf182e06f",
            "migrationVersion": {
                "visualization": "7.2.0"
            },
            "references": [],
            "type": "visualization",
            "updated_at": "2019-09-17T18:26:36.223Z",
            "version": "WzExNTgzLDhd"
        },
        {
            "attributes": {
                "description": "",
                "kibanaSavedObjectMeta": {
                    "searchSourceJSON": "{\"query\": {\"language\": \"kuery\", \"query\": \"\"}, \"filter\": []}"
                },
                "title": "RDS Transaction Blocked [Metricbeat AWS]",
                "uiStateJSON": "{}",
                "version": 1,
                "visState": "{\"aggs\": [], \"type\": \"metrics\", \"title\": \"RDS Transaction Blocked [Metricbeat AWS]\", \"params\": {\"default_index_pattern\": \"metricbeat-*\", \"bar_color_rules\": [{\"bar_color\": \"rgba(211,49,21,1)\", \"id\": \"f8196690-921a-11e9-badf-4b42bd1ef543\", \"value\": 0, \"operator\": \"gt\"}], \"axis_formatter\": \"number\", \"show_legend\": 1, \"filter\": \"\", \"isModelInvalid\": false, \"background_color_rules\": [{\"background_color\": \"rgba(164,221,0,1)\", \"id\": \"27aaf910-d978-11e9-aff2-99c15d8b7da1\", \"value\": 0, \"operator\": \"lte\"}, {\"id\": \"3526a9e0-d978-11e9-aff2-99c15d8b7da1\", \"color\": \"rgba(244,78,59,1)\", \"value\": 0, \"operator\": \"gt\"}], \"id\": \"61ca57f0-469d-11e7-af02-69e470af7417\", \"index_pattern\": \"metricbeat-*\", \"time_field\": \"\", \"type\": \"metric\", \"interval\": \"1m\", \"axis_scale\": \"normal\", \"axis_position\": \"left\", \"default_timefield\": \"@timestamp\", \"drilldown_url\": \"\", \"series\": [{\"terms_field\": \"aws.rds.db_instance.identifier\", \"color\": \"#68BC00\", \"line_width\": 1, \"axis_position\": \"right\", \"id\": \"61ca57f1-469d-11e7-af02-69e470af7417\", \"hide_in_legend\": 0, \"terms_order_by\": \"61ca57f2-469d-11e7-af02-69e470af7417\", \"stacked\": \"none\", \"split_mode\": \"everything\", \"metrics\": [{\"type\": \"sum\", \"field\": \"aws.rds.transactions.blocked\", \"id\": \"61ca57f2-469d-11e7-af02-69e470af7417\"}], \"separate_axis\": 0, \"point_size\": 1, \"chart_type\": \"bar\", \"fill\": 0.5, \"formatter\": \"number\", \"label\": \"Transaction Blocked\"}], \"show_grid\": 1}}"
            },
            "id": "00b29040-921d-11e9-aa19-159bf182e06f",
            "migrationVersion": {
                "visualization": "7.2.0"
            },
            "references": [],
            "type": "visualization",
            "updated_at": "2019-09-17T18:23:33.361Z",
            "version": "WzExNTc5LDhd"
        },
        {
            "attributes": {
                "description": "",
                "kibanaSavedObjectMeta": {
                    "searchSourceJSON": "{\"query\": {\"language\": \"kuery\", \"query\": \"\"}, \"filter\": []}"
                },
                "title": "Region Filter [Metricbeat AWS]",
                "uiStateJSON": "{}",
                "version": 1,
                "visState": "{\"aggs\": [], \"type\": \"input_control_vis\", \"title\": \"AWS Region Filter\", \"params\": {\"controls\": [{\"indexPatternRefName\": \"control_0_index_pattern\", \"type\": \"list\", \"parent\": \"\", \"options\": {\"dynamicOptions\": true, \"size\": 5, \"multiselect\": true, \"order\": \"desc\", \"type\": \"terms\"}, \"id\": \"1549397251041\", \"fieldName\": \"cloud.region\", \"label\": \"region\"}], \"updateFiltersOnChange\": true, \"pinFilters\": false, \"useTimeFilter\": false}}"
            },
            "id": "b5308940-7347-11e9-816b-07687310a99a",
            "migrationVersion": {
                "visualization": "7.2.0"
            },
            "references": [
                {
                    "id": "metricbeat-*",
                    "name": "control_0_index_pattern",
                    "type": "index-pattern"
                }
            ],
            "type": "visualization",
            "updated_at": "2019-09-17T18:20:56.488Z",
            "version": "WzExMjUzLDhd"
        },
        {
            "attributes": {
                "description": "",
                "kibanaSavedObjectMeta": {
                    "searchSourceJSON": "{\"query\": {\"language\": \"kuery\", \"query\": \"\"}, \"filter\": []}"
                },
                "title": "RDS Insert Throughput in Count/Second [Metricbeat AWS]",
                "uiStateJSON": "{}",
                "version": 1,
                "visState": "{\"aggs\": [], \"type\": \"metrics\", \"title\": \"RDS Insert Throughput in Count/Second [Metricbeat AWS]\", \"params\": {\"default_index_pattern\": \"metricbeat-*\", \"bar_color_rules\": [{\"id\": \"f8196690-921a-11e9-badf-4b42bd1ef543\"}], \"axis_formatter\": \"number\", \"show_legend\": 1, \"isModelInvalid\": false, \"background_color_rules\": [{\"id\": \"28cacdf0-921c-11e9-badf-4b42bd1ef543\"}], \"id\": \"61ca57f0-469d-11e7-af02-69e470af7417\", \"index_pattern\": \"metricbeat-*\", \"time_field\": \"\", \"axis_min\": \"0\", \"axis_scale\": \"normal\", \"axis_position\": \"left\", \"default_timefield\": \"@timestamp\", \"type\": \"timeseries\", \"series\": [{\"terms_field\": \"aws.rds.db_instance.identifier\", \"split_color_mode\": \"rainbow\", \"color\": \"#68BC00\", \"line_width\": \"2\", \"axis_position\": \"right\", \"id\": \"61ca57f1-469d-11e7-af02-69e470af7417\", \"terms_order_by\": \"61ca57f2-469d-11e7-af02-69e470af7417\", \"stacked\": \"none\", \"split_mode\": \"terms\", \"metrics\": [{\"type\": \"avg\", \"field\": \"aws.rds.throughput.insert\", \"id\": \"61ca57f2-469d-11e7-af02-69e470af7417\"}], \"separate_axis\": 0, \"point_size\": \"5\", \"chart_type\": \"line\", \"fill\": \"0\", \"formatter\": \"'0.0'\", \"label\": \"Insert Throughput Count/Second\"}], \"interval\": \"1m\", \"show_grid\": 1}}"
            },
            "id": "c1afd130-921e-11e9-aa19-159bf182e06f",
            "migrationVersion": {
                "visualization": "7.2.0"
            },
            "references": [],
            "type": "visualization",
            "updated_at": "2019-09-17T18:31:36.123Z",
            "version": "WzExNTkzLDhd"
        },
        {
            "attributes": {
                "description": "",
                "kibanaSavedObjectMeta": {
                    "searchSourceJSON": "{\"query\": {\"language\": \"kuery\", \"query\": \"\"}, \"filter\": []}"
                },
                "title": "RDS Select Throughput in Count/Second [Metricbeat AWS]",
                "uiStateJSON": "{}",
                "version": 1,
                "visState": "{\"aggs\": [], \"type\": \"metrics\", \"title\": \"RDS Select Throughput in Count/Second [Metricbeat AWS]\", \"params\": {\"default_index_pattern\": \"metricbeat-*\", \"bar_color_rules\": [{\"id\": \"f8196690-921a-11e9-badf-4b42bd1ef543\"}], \"axis_formatter\": \"number\", \"show_legend\": 1, \"isModelInvalid\": false, \"background_color_rules\": [{\"id\": \"28cacdf0-921c-11e9-badf-4b42bd1ef543\"}], \"id\": \"61ca57f0-469d-11e7-af02-69e470af7417\", \"index_pattern\": \"metricbeat-*\", \"time_field\": \"\", \"axis_min\": \"\", \"axis_scale\": \"normal\", \"axis_position\": \"left\", \"default_timefield\": \"@timestamp\", \"type\": \"timeseries\", \"series\": [{\"terms_field\": \"aws.rds.db_instance.identifier\", \"split_color_mode\": \"rainbow\", \"color\": \"#68BC00\", \"line_width\": \"2\", \"axis_position\": \"right\", \"id\": \"61ca57f1-469d-11e7-af02-69e470af7417\", \"terms_order_by\": \"61ca57f2-469d-11e7-af02-69e470af7417\", \"stacked\": \"none\", \"split_mode\": \"terms\", \"metrics\": [{\"type\": \"avg\", \"field\": \"aws.rds.throughput.select\", \"id\": \"61ca57f2-469d-11e7-af02-69e470af7417\"}], \"separate_axis\": 0, \"point_size\": \"5\", \"chart_type\": \"line\", \"fill\": \"0\", \"formatter\": \"'0.0'\", \"label\": \"Select Throughput Count/Second\"}], \"interval\": \"1m\", \"show_grid\": 1}}"
            },
            "id": "e06e4cf0-921e-11e9-aa19-159bf182e06f",
            "migrationVersion": {
                "visualization": "7.2.0"
            },
            "references": [],
            "type": "visualization",
            "updated_at": "2019-09-17T18:31:01.587Z",
            "version": "WzExNTkyLDhd"
        },
        {
            "attributes": {
                "description": "",
                "kibanaSavedObjectMeta": {
                    "searchSourceJSON": "{\"query\": {\"language\": \"kuery\", \"query\": \"\"}, \"filter\": []}"
                },
                "title": "RDS Disk Queue Depth [Metricbeat AWS]",
                "uiStateJSON": "{}",
                "version": 1,
                "visState": "{\"aggs\": [], \"type\": \"metrics\", \"title\": \"RDS Disk Queue Depth [Metricbeat AWS]\", \"params\": {\"default_index_pattern\": \"metricbeat-*\", \"bar_color_rules\": [{\"id\": \"f8196690-921a-11e9-badf-4b42bd1ef543\"}], \"axis_formatter\": \"number\", \"show_legend\": 1, \"isModelInvalid\": false, \"background_color_rules\": [{\"id\": \"28cacdf0-921c-11e9-badf-4b42bd1ef543\"}], \"id\": \"61ca57f0-469d-11e7-af02-69e470af7417\", \"index_pattern\": \"metricbeat-*\", \"time_field\": \"\", \"axis_min\": \"0\", \"axis_scale\": \"normal\", \"axis_position\": \"left\", \"default_timefield\": \"@timestamp\", \"type\": \"timeseries\", \"series\": [{\"terms_field\": \"aws.rds.db_instance.identifier\", \"split_color_mode\": \"rainbow\", \"color\": \"#68BC00\", \"line_width\": \"2\", \"axis_position\": \"right\", \"id\": \"61ca57f1-469d-11e7-af02-69e470af7417\", \"terms_order_by\": \"61ca57f2-469d-11e7-af02-69e470af7417\", \"stacked\": \"none\", \"type\": \"timeseries\", \"split_mode\": \"terms\", \"metrics\": [{\"type\": \"avg\", \"field\": \"aws.rds.disk_queue_depth\", \"id\": \"61ca57f2-469d-11e7-af02-69e470af7417\"}], \"separate_axis\": 0, \"point_size\": \"5\", \"chart_type\": \"line\", \"fill\": \"0\", \"formatter\": \"'0.000'\", \"label\": \"Select Throughput Count/Second\"}], \"interval\": \"1m\", \"show_grid\": 1}}"
            },
            "id": "966ae990-d979-11e9-9458-bbef63ad717b",
            "migrationVersion": {
                "visualization": "7.2.0"
            },
            "references": [],
            "type": "visualization",
            "updated_at": "2019-09-17T18:33:04.936Z",
            "version": "WzExNTk1LDhd"
        }
    ],
    "version": "7.3.0"
}