{
    "objects": [
        {
            "attributes": {
                "description": "An overview of key metrics from all Metricsets in the Oracle database Metricbeat module",
                "hits": 0,
                "kibanaSavedObjectMeta": {
                    "searchSourceJSON": "{\"query\": {\"language\": \"kuery\", \"query\": \"\"}, \"filter\": []}"
                },
                "optionsJSON": "{\"useMargins\": true, \"hidePanelTitles\": false}",
                "panelsJSON": "[{\"gridData\": {\"w\": 17, \"x\": 18, \"y\": 31, \"i\": \"1\", \"h\": 8}, \"panelIndex\": \"1\", \"title\": \"Tablespace Total Size\", \"embeddableConfig\": {}, \"panelRefName\": \"panel_0\", \"version\": \"8.0.0-SNAPSHOT\"}, {\"gridData\": {\"w\": 12, \"x\": 28, \"y\": 0, \"i\": \"2\", \"h\": 8}, \"panelIndex\": \"2\", \"title\": \"Ratio of used space in Tablespaces\", \"embeddableConfig\": {}, \"panelRefName\": \"panel_1\", \"version\": \"8.0.0-SNAPSHOT\"}, {\"gridData\": {\"w\": 28, \"x\": 20, \"y\": 18, \"i\": \"3\", \"h\": 13}, \"panelIndex\": \"3\", \"title\": \"Avg data file size by filename\", \"embeddableConfig\": {}, \"panelRefName\": \"panel_2\", \"version\": \"8.0.0-SNAPSHOT\"}, {\"gridData\": {\"w\": 20, \"x\": 0, \"y\": 8, \"i\": \"5\", \"h\": 7}, \"panelIndex\": \"5\", \"title\": \"Total Cursors by machine (Top 10)\", \"embeddableConfig\": {}, \"panelRefName\": \"panel_3\", \"version\": \"8.0.0-SNAPSHOT\"}, {\"gridData\": {\"w\": 8, \"x\": 20, \"y\": 0, \"i\": \"6\", \"h\": 8}, \"panelIndex\": \"6\", \"title\": \"Cache Buffer Hit Ratio gauge\", \"embeddableConfig\": {}, \"panelRefName\": \"panel_4\", \"version\": \"8.0.0-SNAPSHOT\"}, {\"gridData\": {\"w\": 20, \"x\": 0, \"y\": 15, \"i\": \"9\", \"h\": 8}, \"panelIndex\": \"9\", \"title\": \"Current opened cursors\", \"embeddableConfig\": {}, \"panelRefName\": \"panel_5\", \"version\": \"8.0.0-SNAPSHOT\"}, {\"gridData\": {\"w\": 13, \"x\": 35, \"y\": 31, \"i\": \"10\", \"h\": 8}, \"panelIndex\": \"10\", \"title\": \"Session cache hits\", \"embeddableConfig\": {}, \"panelRefName\": \"panel_6\", \"version\": \"8.0.0-SNAPSHOT\"}, {\"gridData\": {\"w\": 20, \"x\": 0, \"y\": 0, \"i\": \"11\", \"h\": 8}, \"panelIndex\": \"11\", \"title\": \"Average Cursors by machine (Top 10)\", \"embeddableConfig\": {}, \"panelRefName\": \"panel_7\", \"version\": \"8.0.0-SNAPSHOT\"}, {\"gridData\": {\"w\": 18, \"x\": 0, \"y\": 31, \"i\": \"12\", \"h\": 8}, \"panelIndex\": \"12\", \"title\": \"Max Cursors by machine (Top 10)\", \"embeddableConfig\": {}, \"panelRefName\": \"panel_8\", \"version\": \"8.0.0-SNAPSHOT\"}, {\"gridData\": {\"w\": 20, \"x\": 0, \"y\": 23, \"i\": \"13\", \"h\": 8}, \"panelIndex\": \"13\", \"title\": \"DB Blocks Gets by buffer pool (Top 10)\", \"embeddableConfig\": {}, \"panelRefName\": \"panel_9\", \"version\": \"8.0.0-SNAPSHOT\"}, {\"gridData\": {\"w\": 30, \"x\": 18, \"y\": 39, \"i\": \"14\", \"h\": 10}, \"panelIndex\": \"14\", \"title\": \"Consistent Gets by buffer pool (Top 10)\", \"embeddableConfig\": {}, \"panelRefName\": \"panel_10\", \"version\": \"8.0.0-SNAPSHOT\"}, {\"gridData\": {\"w\": 18, \"x\": 0, \"y\": 39, \"i\": \"15\", \"h\": 10}, \"panelIndex\": \"15\", \"title\": \"Total / Real parsed cursors\", \"embeddableConfig\": {}, \"panelRefName\": \"panel_11\", \"version\": \"8.0.0-SNAPSHOT\"}, {\"gridData\": {\"w\": 28, \"x\": 20, \"y\": 8, \"i\": \"16\", \"h\": 10}, \"panelIndex\": \"16\", \"title\": \"Lock/Pin requests and IO reloads ratios\", \"embeddableConfig\": {}, \"panelRefName\": \"panel_12\", \"version\": \"8.0.0-SNAPSHOT\"}, {\"gridData\": {\"w\": 8, \"x\": 40, \"y\": 0, \"i\": \"17\", \"h\": 8}, \"panelIndex\": \"17\", \"title\": \"Cursors cache hit ratio gauge\", \"embeddableConfig\": {}, \"panelRefName\": \"panel_13\", \"version\": \"8.0.0-SNAPSHOT\"}]",
                "timeRestore": false,
                "title": "[Metricbeat Oracle] Overview",
                "version": 1
            },
            "id": "3f018af0-ec08-11e9-a4bb-7b5324058fcc",
            "migrationVersion": {
                "dashboard": "7.3.0"
            },
            "references": [
                {
                    "id": "05acae50-9bf0-11e9-a61b-f742ed613c57",
                    "name": "panel_0",
                    "type": "visualization"
                },
                {
                    "id": "981779d0-9bfc-11e9-a61b-f742ed613c57",
                    "name": "panel_1",
                    "type": "visualization"
                },
                {
                    "id": "c92efe60-9bef-11e9-a61b-f742ed613c57",
                    "name": "panel_2",
                    "type": "visualization"
                },
                {
                    "id": "62fb9430-ec0f-11e9-a4bb-7b5324058fcc",
                    "name": "panel_3",
                    "type": "visualization"
                },
                {
                    "id": "ec2b2010-ec0d-11e9-a4bb-7b5324058fcc",
                    "name": "panel_4",
                    "type": "visualization"
                },
                {
                    "id": "43369a60-ec0e-11e9-a4bb-7b5324058fcc",
                    "name": "panel_5",
                    "type": "visualization"
                },
                {
                    "id": "234013d0-ec0e-11e9-a4bb-7b5324058fcc",
                    "name": "panel_6",
                    "type": "visualization"
                },
                {
                    "id": "5a422660-ec0f-11e9-a4bb-7b5324058fcc",
                    "name": "panel_7",
                    "type": "visualization"
                },
                {
                    "id": "4f569650-ec0f-11e9-a4bb-7b5324058fcc",
                    "name": "panel_8",
                    "type": "visualization"
                },
                {
                    "id": "68ce1940-ec10-11e9-a4bb-7b5324058fcc",
                    "name": "panel_9",
                    "type": "visualization"
                },
                {
                    "id": "3ae419d0-ec10-11e9-a4bb-7b5324058fcc",
                    "name": "panel_10",
                    "type": "visualization"
                },
                {
                    "id": "c46de8c0-ec10-11e9-a4bb-7b5324058fcc",
                    "name": "panel_11",
                    "type": "visualization"
                },
                {
                    "id": "0b1da750-ec12-11e9-a4bb-7b5324058fcc",
                    "name": "panel_12",
                    "type": "visualization"
                },
                {
                    "id": "bc977600-ec12-11e9-a4bb-7b5324058fcc",
                    "name": "panel_13",
                    "type": "visualization"
                }
            ],
            "type": "dashboard",
            "updated_at": "2019-10-11T13:24:58.324Z",
            "version": "WzQ1MiwzXQ=="
        },
        {
            "attributes": {
                "description": "",
                "kibanaSavedObjectMeta": {
                    "searchSourceJSON": "{\"query\": {\"language\": \"kuery\", \"query\": \"\"}, \"filter\": []}"
                },
                "title": "Tablespace Total Size [Metricbeat Oracle]",
                "uiStateJSON": "{}",
                "version": 1,
                "visState": "{\"aggs\": [], \"type\": \"metrics\", \"title\": \"Tablespace Total Size [Metricbeat Oracle]\", \"params\": {\"default_index_pattern\": \"metricbeat-*\", \"axis_formatter\": \"number\", \"id\": \"61ca57f0-469d-11e7-af02-69e470af7417\", \"show_legend\": 1, \"index_pattern\": \"metricbeat-*\", \"time_field\": \"@timestamp\", \"interval\": \"auto\", \"axis_scale\": \"normal\", \"axis_position\": \"left\", \"type\": \"timeseries\", \"series\": [{\"terms_field\": \"oracle.tablespace.name\", \"color\": \"rgba(115,216,255,1)\", \"line_width\": 1, \"axis_position\": \"right\", \"id\": \"61ca57f1-469d-11e7-af02-69e470af7417\", \"terms_order_by\": \"61ca57f2-469d-11e7-af02-69e470af7417\", \"stacked\": \"stacked\", \"split_mode\": \"terms\", \"metrics\": [{\"type\": \"avg\", \"field\": \"oracle.tablespace.space.total.bytes\", \"id\": \"61ca57f2-469d-11e7-af02-69e470af7417\"}], \"separate_axis\": 0, \"point_size\": 1, \"chart_type\": \"line\", \"fill\": 0.5, \"formatter\": \"bytes\", \"label\": \"Tablespace total size\"}], \"show_grid\": 1}}"
            },
            "id": "05acae50-9bf0-11e9-a61b-f742ed613c57",
            "migrationVersion": {
                "visualization": "7.3.0"
            },
            "references": [],
            "type": "visualization",
            "updated_at": "2019-10-11T09:17:37.972Z",
            "version": "WzM4OSwzXQ=="
        },
        {
            "attributes": {
                "description": "",
                "kibanaSavedObjectMeta": {
                    "searchSourceJSON": "{\"query\": {\"language\": \"kuery\", \"query\": \"\"}, \"filter\": []}"
                },
                "title": "Ratio of used space in Tablespaces [Metricbeat Oracle]",
                "uiStateJSON": "{}",
                "version": 1,
                "visState": "{\"aggs\": [], \"type\": \"metrics\", \"title\": \"Ratio of used space in Tablespaces [Metricbeat Oracle]\", \"params\": {\"default_index_pattern\": \"metricbeat-*\", \"bar_color_rules\": [{\"id\": \"70de46f0-9bfc-11e9-baad-815beb8da1b5\"}], \"axis_formatter\": \"number\", \"id\": \"61ca57f0-469d-11e7-af02-69e470af7417\", \"show_legend\": 1, \"index_pattern\": \"metricbeat-*\", \"time_field\": \"@timestamp\", \"interval\": \"auto\", \"axis_scale\": \"normal\", \"axis_position\": \"left\", \"type\": \"top_n\", \"series\": [{\"terms_field\": \"oracle.tablespace.name\", \"color\": \"#68BC00\", \"line_width\": 1, \"axis_position\": \"right\", \"id\": \"61ca57f1-469d-11e7-af02-69e470af7417\", \"terms_order_by\": \"61ca57f2-469d-11e7-af02-69e470af7417\", \"stacked\": \"none\", \"split_mode\": \"terms\", \"metrics\": [{\"type\": \"avg\", \"field\": \"oracle.tablespace.space.used.bytes\", \"id\": \"61ca57f2-469d-11e7-af02-69e470af7417\"}, {\"type\": \"avg\", \"field\": \"oracle.tablespace.space.total.bytes\", \"id\": \"37c93d70-9bfc-11e9-baad-815beb8da1b5\"}, {\"script\": \"params.used / params.total\", \"field\": \"oracle.tablespace.space.total.bytes\", \"type\": \"math\", \"denominator\": \"2\", \"variables\": [{\"field\": \"61ca57f2-469d-11e7-af02-69e470af7417\", \"id\": \"34e8d9d0-9bfc-11e9-baad-815beb8da1b5\", \"name\": \"used\"}, {\"field\": \"37c93d70-9bfc-11e9-baad-815beb8da1b5\", \"id\": \"467fdf40-9bfc-11e9-baad-815beb8da1b5\", \"name\": \"total\"}], \"id\": \"0d474830-9bfc-11e9-baad-815beb8da1b5\", \"numerator\": \"1\"}], \"separate_axis\": 0, \"point_size\": 1, \"chart_type\": \"line\", \"fill\": 0.5, \"formatter\": \"percent\", \"label\": \"\"}], \"show_grid\": 1}}"
            },
            "id": "981779d0-9bfc-11e9-a61b-f742ed613c57",
            "migrationVersion": {
                "visualization": "7.3.0"
            },
            "references": [],
            "type": "visualization",
            "updated_at": "2019-10-11T09:17:37.972Z",
            "version": "WzM5MSwzXQ=="
        },
        {
            "attributes": {
                "description": "",
                "kibanaSavedObjectMeta": {
                    "searchSourceJSON": "{\"query\": {\"language\": \"kuery\", \"query\": \"\"}, \"filter\": []}"
                },
                "title": "Avg data file size by filename [Metricbeat Oracle]",
                "uiStateJSON": "{}",
                "version": 1,
                "visState": "{\"aggs\": [], \"type\": \"metrics\", \"title\": \"Avg data file size by filename [Metricbeat Oracle]\", \"params\": {\"default_index_pattern\": \"metricbeat-*\", \"axis_formatter\": \"number\", \"id\": \"61ca57f0-469d-11e7-af02-69e470af7417\", \"show_legend\": 1, \"index_pattern\": \"metricbeat-*\", \"time_field\": \"@timestamp\", \"interval\": \"auto\", \"axis_scale\": \"normal\", \"axis_position\": \"left\", \"type\": \"timeseries\", \"series\": [{\"terms_field\": \"oracle.tablespace.data_file.name\", \"color\": \"#68BC00\", \"line_width\": 1, \"axis_position\": \"right\", \"id\": \"61ca57f1-469d-11e7-af02-69e470af7417\", \"terms_order_by\": \"61ca57f2-469d-11e7-af02-69e470af7417\", \"stacked\": \"stacked\", \"split_mode\": \"terms\", \"metrics\": [{\"size\": 1, \"field\": \"oracle.tablespace.data_file.size.bytes\", \"order\": \"desc\", \"type\": \"avg\", \"agg_with\": \"noop\", \"id\": \"61ca57f2-469d-11e7-af02-69e470af7417\"}], \"separate_axis\": 0, \"point_size\": 1, \"chart_type\": \"line\", \"fill\": 0.5, \"formatter\": \"bytes\", \"label\": \"Data file size by filename\"}], \"legend_position\": \"bottom\", \"show_grid\": 1}}"
            },
            "id": "c92efe60-9bef-11e9-a61b-f742ed613c57",
            "migrationVersion": {
                "visualization": "7.3.0"
            },
            "references": [],
            "type": "visualization",
            "updated_at": "2019-10-11T09:17:37.972Z",
            "version": "WzM4OCwzXQ=="
        },
        {
            "attributes": {
                "description": "",
                "kibanaSavedObjectMeta": {
                    "searchSourceJSON": "{\"query\": {\"language\": \"kuery\", \"query\": \"\"}, \"filter\": []}"
                },
                "title": "Total Cursors by machine (Top 10) [Metricbeat Oracle]",
                "uiStateJSON": "{}",
                "version": 1,
                "visState": "{\"aggs\": [], \"type\": \"metrics\", \"title\": \"Total Cursors by machine (Top 10) [Metricbeat Oracle]\", \"params\": {\"default_index_pattern\": \"metricbeat-*\", \"axis_formatter\": \"number\", \"id\": \"61ca57f0-469d-11e7-af02-69e470af7417\", \"show_legend\": 1, \"index_pattern\": \"metricbeat-*\", \"time_field\": \"\", \"interval\": \"\", \"axis_scale\": \"normal\", \"axis_position\": \"left\", \"default_timefield\": \"@timestamp\", \"type\": \"timeseries\", \"series\": [{\"steps\": 0, \"color\": \"rgba(104,188,0,1)\", \"line_width\": 1, \"axis_position\": \"right\", \"id\": \"78091830-ec0e-11e9-bea4-bdae5d622976\", \"terms_field\": \"oracle.performance.machine\", \"stacked\": \"stacked_within_series\", \"split_mode\": \"terms\", \"metrics\": [{\"type\": \"avg\", \"field\": \"oracle.performance.cursors.total\", \"id\": \"78091831-ec0e-11e9-bea4-bdae5d622976\"}], \"separate_axis\": 0, \"point_size\": 1, \"chart_type\": \"line\", \"fill\": 0.5, \"formatter\": \"number\", \"label\": \"Top 10 Total cursors\"}], \"show_grid\": 1}}"
            },
            "id": "62fb9430-ec0f-11e9-a4bb-7b5324058fcc",
            "migrationVersion": {
                "visualization": "7.3.0"
            },
            "references": [],
            "type": "visualization",
            "updated_at": "2019-10-11T10:12:28.094Z",
            "version": "WzQyNywzXQ=="
        },
        {
            "attributes": {
                "description": "",
                "kibanaSavedObjectMeta": {
                    "searchSourceJSON": "{\"query\": {\"language\": \"kuery\", \"query\": \"\"}, \"indexRefName\": \"kibanaSavedObjectMeta.searchSourceJSON.index\", \"filter\": []}"
                },
                "title": "Cache Buffer Hit Ratio gauge [Metricbeat Oracle]",
                "uiStateJSON": "{\"vis\": {\"defaultColors\": {\"0 - 50\": \"rgb(165,0,38)\", \"75 - 100\": \"rgb(0,104,55)\", \"50 - 75\": \"rgb(255,255,190)\"}}}",
                "version": 1,
                "visState": "{\"aggs\": [{\"type\": \"avg\", \"enabled\": true, \"id\": \"1\", \"schema\": \"metric\", \"params\": {\"field\": \"oracle.performance.cache.buffer.hit.pct\", \"customLabel\": \"Cache Buffer Hit Ratio\"}}], \"type\": \"gauge\", \"title\": \"Cache Buffer Hit Ratio gauge [Metricbeat Oracle]\", \"params\": {\"gauge\": {\"colorSchema\": \"Green to Red\", \"gaugeType\": \"Arc\", \"orientation\": \"vertical\", \"invertColors\": true, \"extendRange\": true, \"alignment\": \"automatic\", \"colorsRange\": [{\"from\": 0, \"to\": 0.5}, {\"from\": 0.5, \"to\": 0.75}, {\"from\": 0.75, \"to\": 1}], \"labels\": {\"show\": true, \"color\": \"black\"}, \"type\": \"meter\", \"gaugeStyle\": \"Full\", \"percentageMode\": true, \"scale\": {\"show\": true, \"labels\": false, \"color\": \"rgba(105,112,125,0.2)\"}, \"gaugeColorMode\": \"Labels\", \"backStyle\": \"Full\", \"style\": {\"subText\": \"\", \"bgMask\": false, \"bgColor\": true, \"mask\": false, \"bgWidth\": 0.9, \"fontSize\": 60, \"labelColor\": true, \"width\": 0.9, \"bgFill\": \"rgba(105,112,125,0.2)\", \"maskBars\": 50}}, \"dimensions\": {\"x\": null, \"y\": [{\"accessor\": 0, \"format\": {\"id\": \"number\"}, \"aggType\": \"avg\", \"params\": {}}]}, \"type\": \"gauge\", \"addLegend\": false, \"addTooltip\": true, \"isDisplayWarning\": false}}"
            },
            "id": "ec2b2010-ec0d-11e9-a4bb-7b5324058fcc",
            "migrationVersion": {
                "visualization": "7.3.0"
            },
            "references": [
                {
                    "id": "metricbeat-*",
                    "name": "kibanaSavedObjectMeta.searchSourceJSON.index",
                    "type": "index-pattern"
                }
            ],
            "type": "visualization",
            "updated_at": "2019-10-11T10:32:03.372Z",
            "version": "WzQ0MywzXQ=="
        },
        {
            "attributes": {
                "description": "",
                "kibanaSavedObjectMeta": {
                    "searchSourceJSON": "{\"query\": {\"language\": \"kuery\", \"query\": \"\"}, \"filter\": []}"
                },
                "title": "Current opened cursors [Metricbeat Oracle]",
                "uiStateJSON": "{}",
                "version": 1,
                "visState": "{\"aggs\": [], \"type\": \"metrics\", \"title\": \"Current opened cursors [Metricbeat Oracle]\", \"params\": {\"default_index_pattern\": \"metricbeat-*\", \"axis_formatter\": \"number\", \"id\": \"61ca57f0-469d-11e7-af02-69e470af7417\", \"show_legend\": 0, \"index_pattern\": \"metricbeat-*\", \"time_field\": \"\", \"interval\": \"\", \"axis_scale\": \"normal\", \"axis_position\": \"left\", \"default_timefield\": \"@timestamp\", \"type\": \"timeseries\", \"series\": [{\"color\": \"rgba(104,204,202,1)\", \"line_width\": 1, \"axis_position\": \"right\", \"id\": \"61ca57f1-469d-11e7-af02-69e470af7417\", \"stacked\": \"none\", \"split_mode\": \"everything\", \"metrics\": [{\"type\": \"avg\", \"field\": \"oracle.performance.cursors.opened.current\", \"id\": \"61ca57f2-469d-11e7-af02-69e470af7417\"}], \"separate_axis\": 0, \"point_size\": 1, \"chart_type\": \"line\", \"fill\": 0.5, \"formatter\": \"number\", \"label\": \"Current opened cursors\"}], \"show_grid\": 1}}"
            },
            "id": "43369a60-ec0e-11e9-a4bb-7b5324058fcc",
            "migrationVersion": {
                "visualization": "7.3.0"
            },
            "references": [],
            "type": "visualization",
            "updated_at": "2019-10-11T10:43:29.383Z",
            "version": "WzQ0OSwzXQ=="
        },
        {
            "attributes": {
                "description": "",
                "kibanaSavedObjectMeta": {
                    "searchSourceJSON": "{\"query\": {\"language\": \"kuery\", \"query\": \"\"}, \"filter\": []}"
                },
                "title": "Session cache hits [Metricbeat Oracle]",
                "uiStateJSON": "{}",
                "version": 1,
                "visState": "{\"aggs\": [], \"type\": \"metrics\", \"title\": \"Session cache hits [Metricbeat Oracle]\", \"params\": {\"default_index_pattern\": \"metricbeat-*\", \"axis_formatter\": \"number\", \"id\": \"61ca57f0-469d-11e7-af02-69e470af7417\", \"show_legend\": 0, \"index_pattern\": \"metricbeat-*\", \"time_field\": \"\", \"interval\": \"\", \"axis_scale\": \"normal\", \"axis_position\": \"left\", \"default_timefield\": \"@timestamp\", \"type\": \"timeseries\", \"series\": [{\"color\": \"rgba(219,223,0,1)\", \"line_width\": 1, \"axis_position\": \"right\", \"id\": \"61ca57f1-469d-11e7-af02-69e470af7417\", \"hide_in_legend\": 0, \"stacked\": \"none\", \"split_mode\": \"everything\", \"metrics\": [{\"type\": \"avg\", \"field\": \"oracle.performance.cursors.session.cache_hits\", \"id\": \"61ca57f2-469d-11e7-af02-69e470af7417\"}], \"separate_axis\": 0, \"point_size\": 1, \"chart_type\": \"line\", \"fill\": 0.5, \"formatter\": \"number\", \"label\": \"Session cache hits\"}], \"show_grid\": 1}}"
            },
            "id": "234013d0-ec0e-11e9-a4bb-7b5324058fcc",
            "migrationVersion": {
                "visualization": "7.3.0"
            },
            "references": [],
            "type": "visualization",
            "updated_at": "2019-10-11T10:35:45.888Z",
            "version": "WzQ0NiwzXQ=="
        },
        {
            "attributes": {
                "description": "",
                "kibanaSavedObjectMeta": {
                    "searchSourceJSON": "{\"query\": {\"language\": \"kuery\", \"query\": \"\"}, \"filter\": []}"
                },
                "title": "Average Cursors by machine (Top 10) [Metricbeat Oracle]",
                "uiStateJSON": "{}",
                "version": 1,
                "visState": "{\"aggs\": [], \"type\": \"metrics\", \"title\": \"Average Cursors by machine (Top 10) [Metricbeat Oracle]\", \"params\": {\"default_index_pattern\": \"metricbeat-*\", \"axis_formatter\": \"number\", \"id\": \"61ca57f0-469d-11e7-af02-69e470af7417\", \"show_legend\": 1, \"index_pattern\": \"metricbeat-*\", \"time_field\": \"\", \"interval\": \"\", \"axis_scale\": \"normal\", \"axis_position\": \"left\", \"default_timefield\": \"@timestamp\", \"type\": \"timeseries\", \"series\": [{\"terms_field\": \"oracle.performance.machine\", \"split_color_mode\": \"gradient\", \"split_filters\": [{\"id\": \"15889d10-ec0f-11e9-bea4-bdae5d622976\", \"color\": \"rgba(254,146,0,1)\", \"filter\": {\"language\": \"kuery\", \"query\": \"\"}}], \"color\": \"rgba(115,216,255,1)\", \"line_width\": 1, \"axis_position\": \"right\", \"id\": \"61ca57f1-469d-11e7-af02-69e470af7417\", \"stacked\": \"stacked\", \"split_mode\": \"terms\", \"metrics\": [{\"type\": \"avg\", \"field\": \"oracle.performance.cursors.avg\", \"id\": \"61ca57f2-469d-11e7-af02-69e470af7417\"}], \"separate_axis\": 0, \"point_size\": 1, \"chart_type\": \"line\", \"fill\": 0.5, \"formatter\": \"number\", \"label\": \"Average cursors\"}], \"show_grid\": 1}}"
            },
            "id": "5a422660-ec0f-11e9-a4bb-7b5324058fcc",
            "migrationVersion": {
                "visualization": "7.3.0"
            },
            "references": [],
            "type": "visualization",
            "updated_at": "2019-10-11T10:14:31.128Z",
            "version": "WzQzMCwzXQ=="
        },
        {
            "attributes": {
                "description": "",
                "kibanaSavedObjectMeta": {
                    "searchSourceJSON": "{\"query\": {\"language\": \"kuery\", \"query\": \"\"}, \"filter\": []}"
                },
                "title": "Max Cursors by machine (Top 10) [Metricbeat Oracle]",
                "uiStateJSON": "{}",
                "version": 1,
                "visState": "{\"aggs\": [], \"type\": \"metrics\", \"title\": \"Max Cursors by machine (Top 10) [Metricbeat Oracle]\", \"params\": {\"default_index_pattern\": \"metricbeat-*\", \"axis_formatter\": \"number\", \"id\": \"61ca57f0-469d-11e7-af02-69e470af7417\", \"show_legend\": 1, \"index_pattern\": \"metricbeat-*\", \"time_field\": \"\", \"interval\": \"\", \"axis_scale\": \"normal\", \"axis_position\": \"left\", \"default_timefield\": \"@timestamp\", \"type\": \"timeseries\", \"series\": [{\"terms_field\": \"oracle.performance.machine\", \"color\": \"rgba(104,204,202,1)\", \"line_width\": 1, \"axis_position\": \"right\", \"id\": \"6e3a42c0-ec0e-11e9-bea4-bdae5d622976\", \"stacked\": \"stacked\", \"split_mode\": \"terms\", \"metrics\": [{\"type\": \"avg\", \"field\": \"oracle.performance.cursors.max\", \"id\": \"6e3a42c1-ec0e-11e9-bea4-bdae5d622976\"}], \"separate_axis\": 0, \"point_size\": 1, \"chart_type\": \"line\", \"fill\": 0.5, \"formatter\": \"number\", \"label\": \"Top 10 Max cursors\"}], \"show_grid\": 1}}"
            },
            "id": "4f569650-ec0f-11e9-a4bb-7b5324058fcc",
            "migrationVersion": {
                "visualization": "7.3.0"
            },
            "references": [],
            "type": "visualization",
            "updated_at": "2019-10-11T10:13:39.343Z",
            "version": "WzQyOSwzXQ=="
        },
        {
            "attributes": {
                "description": "",
                "kibanaSavedObjectMeta": {
                    "searchSourceJSON": "{\"query\": {\"language\": \"kuery\", \"query\": \"\"}, \"filter\": []}"
                },
                "title": "DB Blocks Gets by buffer pool (Top 10) [Metricbeat Oracle]",
                "uiStateJSON": "{}",
                "version": 1,
                "visState": "{\"aggs\": [], \"type\": \"metrics\", \"title\": \"DB Blocks Gets by buffer pool (Top 10) [Metricbeat Oracle]\", \"params\": {\"default_index_pattern\": \"metricbeat-*\", \"axis_formatter\": \"number\", \"id\": \"61ca57f0-469d-11e7-af02-69e470af7417\", \"show_legend\": 1, \"index_pattern\": \"metricbeat-*\", \"time_field\": \"\", \"interval\": \"\", \"axis_scale\": \"normal\", \"axis_position\": \"left\", \"default_timefield\": \"@timestamp\", \"type\": \"timeseries\", \"series\": [{\"terms_field\": \"oracle.performance.buffer_pool\", \"color\": \"rgba(115,216,255,1)\", \"line_width\": 1, \"axis_position\": \"right\", \"id\": \"1547f520-ec10-11e9-bea4-bdae5d622976\", \"stacked\": \"none\", \"split_mode\": \"terms\", \"metrics\": [{\"type\": \"avg\", \"field\": \"oracle.performance.cache.get.db_blocks\", \"id\": \"1547f521-ec10-11e9-bea4-bdae5d622976\"}], \"separate_axis\": 0, \"point_size\": 1, \"chart_type\": \"line\", \"fill\": 0.5, \"formatter\": \"number\", \"label\": \"DB Blocks gets\"}], \"show_grid\": 1}}"
            },
            "id": "68ce1940-ec10-11e9-a4bb-7b5324058fcc",
            "migrationVersion": {
                "visualization": "7.3.0"
            },
            "references": [],
            "type": "visualization",
            "updated_at": "2019-10-11T10:18:28.007Z",
            "version": "WzQzOCwzXQ=="
        },
        {
            "attributes": {
                "description": "",
                "kibanaSavedObjectMeta": {
                    "searchSourceJSON": "{\"query\": {\"language\": \"kuery\", \"query\": \"\"}, \"filter\": []}"
                },
                "title": "Consistent Gets by buffer pool (Top 10) [Metricbeat Oracle]",
                "uiStateJSON": "{}",
                "version": 1,
                "visState": "{\"aggs\": [], \"type\": \"metrics\", \"title\": \"Consistent Gets by buffer pool (Top 10) [Metricbeat Oracle]\", \"params\": {\"default_index_pattern\": \"metricbeat-*\", \"axis_formatter\": \"number\", \"id\": \"61ca57f0-469d-11e7-af02-69e470af7417\", \"show_legend\": 1, \"index_pattern\": \"metricbeat-*\", \"time_field\": \"\", \"interval\": \"\", \"axis_scale\": \"normal\", \"axis_position\": \"left\", \"default_timefield\": \"@timestamp\", \"type\": \"timeseries\", \"series\": [{\"terms_field\": \"oracle.performance.buffer_pool\", \"color\": \"#68BC00\", \"line_width\": 1, \"axis_position\": \"right\", \"id\": \"61ca57f1-469d-11e7-af02-69e470af7417\", \"stacked\": \"none\", \"split_mode\": \"terms\", \"metrics\": [{\"type\": \"avg\", \"field\": \"oracle.performance.cache.get.consistent\", \"id\": \"61ca57f2-469d-11e7-af02-69e470af7417\"}], \"separate_axis\": 0, \"point_size\": 1, \"chart_type\": \"line\", \"fill\": 0.5, \"formatter\": \"number\", \"label\": \"Consistent Gets\"}], \"show_grid\": 1}}"
            },
            "id": "3ae419d0-ec10-11e9-a4bb-7b5324058fcc",
            "migrationVersion": {
                "visualization": "7.3.0"
            },
            "references": [],
            "type": "visualization",
            "updated_at": "2019-10-11T10:18:51.246Z",
            "version": "WzQzOSwzXQ=="
        },
        {
            "attributes": {
                "description": "",
                "kibanaSavedObjectMeta": {
                    "searchSourceJSON": "{\"query\": {\"language\": \"kuery\", \"query\": \"\"}, \"filter\": []}"
                },
                "title": "Total / Real parsed cursors [Metricbeat Oracle]",
                "uiStateJSON": "{}",
                "version": 1,
                "visState": "{\"aggs\": [], \"type\": \"metrics\", \"title\": \"Total / Real parsed cursors [Metricbeat Oracle]\", \"params\": {\"default_index_pattern\": \"metricbeat-*\", \"axis_formatter\": \"number\", \"id\": \"61ca57f0-469d-11e7-af02-69e470af7417\", \"show_legend\": 1, \"index_pattern\": \"metricbeat-*\", \"time_field\": \"\", \"interval\": \"\", \"axis_scale\": \"normal\", \"axis_position\": \"left\", \"default_timefield\": \"@timestamp\", \"type\": \"timeseries\", \"series\": [{\"color\": \"#68BC00\", \"line_width\": 1, \"axis_position\": \"right\", \"id\": \"61ca57f1-469d-11e7-af02-69e470af7417\", \"stacked\": \"none\", \"split_mode\": \"everything\", \"metrics\": [{\"type\": \"avg\", \"field\": \"oracle.performance.cursors.parse.real\", \"id\": \"61ca57f2-469d-11e7-af02-69e470af7417\"}], \"separate_axis\": 0, \"point_size\": 1, \"chart_type\": \"line\", \"fill\": 0.5, \"formatter\": \"number\", \"label\": \"Real parsed cursors\"}, {\"color\": \"rgba(115,216,255,1)\", \"line_width\": 1, \"axis_position\": \"right\", \"id\": \"a1dae560-ec10-11e9-bea4-bdae5d622976\", \"stacked\": \"none\", \"split_mode\": \"everything\", \"metrics\": [{\"type\": \"avg\", \"field\": \"oracle.performance.cursors.parse.total\", \"id\": \"a1dae561-ec10-11e9-bea4-bdae5d622976\"}], \"separate_axis\": 0, \"point_size\": 1, \"chart_type\": \"line\", \"fill\": 0.5, \"formatter\": \"number\", \"label\": \"Total parsed cursors\"}], \"show_grid\": 1}}"
            },
            "id": "c46de8c0-ec10-11e9-a4bb-7b5324058fcc",
            "migrationVersion": {
                "visualization": "7.3.0"
            },
            "references": [],
            "type": "visualization",
            "updated_at": "2019-10-11T10:20:37.067Z",
            "version": "WzQ0MCwzXQ=="
        },
        {
            "attributes": {
                "description": "",
                "kibanaSavedObjectMeta": {
                    "searchSourceJSON": "{\"query\": {\"language\": \"kuery\", \"query\": \"\"}, \"indexRefName\": \"kibanaSavedObjectMeta.searchSourceJSON.index\", \"filter\": []}"
                },
                "title": "Lock/Pin requests and IO reloads ratios [Metricbeat Oracle]",
                "uiStateJSON": "{\"vis\": {\"defaultColors\": {\"0 - 50\": \"rgb(247,251,255)\", \"75 - 100\": \"rgb(8,48,107)\", \"50 - 75\": \"rgb(107,174,214)\"}}}",
                "version": 1,
                "visState": "{\"aggs\": [{\"type\": \"avg\", \"enabled\": true, \"id\": \"1\", \"schema\": \"metric\", \"params\": {\"field\": \"oracle.performance.io_reloads\", \"customLabel\": \"IO Reloads\"}}, {\"type\": \"avg\", \"enabled\": true, \"id\": \"2\", \"schema\": \"metric\", \"params\": {\"field\": \"oracle.performance.lock_requests\", \"customLabel\": \"Lock requests\"}}, {\"type\": \"avg\", \"enabled\": true, \"id\": \"3\", \"schema\": \"metric\", \"params\": {\"field\": \"oracle.performance.pin_requests\", \"customLabel\": \"Pin requests\"}}], \"type\": \"gauge\", \"title\": \"Lock/Pin requests and IO reloads ratios [Metricbeat Oracle]\", \"params\": {\"gauge\": {\"colorSchema\": \"Blues\", \"gaugeType\": \"Arc\", \"orientation\": \"vertical\", \"invertColors\": false, \"extendRange\": true, \"alignment\": \"automatic\", \"colorsRange\": [{\"from\": 0, \"to\": 0.5}, {\"from\": 0.5, \"to\": 0.75}, {\"from\": 0.75, \"to\": 1}], \"labels\": {\"show\": true, \"color\": \"black\"}, \"type\": \"meter\", \"gaugeStyle\": \"Full\", \"percentageMode\": true, \"scale\": {\"show\": true, \"labels\": false, \"color\": \"rgba(105,112,125,0.2)\"}, \"gaugeColorMode\": \"Labels\", \"backStyle\": \"Full\", \"style\": {\"subText\": \"\", \"bgMask\": false, \"bgColor\": true, \"mask\": false, \"bgWidth\": 0.9, \"fontSize\": 60, \"width\": 0.9, \"bgFill\": \"rgba(105,112,125,0.2)\", \"maskBars\": 50}}, \"dimensions\": {\"x\": null, \"y\": [{\"accessor\": 0, \"format\": {\"id\": \"number\"}, \"aggType\": \"avg\", \"params\": {}}, {\"accessor\": 1, \"format\": {\"id\": \"number\"}, \"aggType\": \"avg\", \"params\": {}}, {\"accessor\": 2, \"format\": {\"id\": \"number\"}, \"aggType\": \"avg\", \"params\": {}}]}, \"type\": \"gauge\", \"addLegend\": false, \"addTooltip\": true, \"isDisplayWarning\": false}}"
            },
            "id": "0b1da750-ec12-11e9-a4bb-7b5324058fcc",
            "migrationVersion": {
                "visualization": "7.3.0"
            },
            "references": [
                {
                    "id": "metricbeat-*",
                    "name": "kibanaSavedObjectMeta.searchSourceJSON.index",
                    "type": "index-pattern"
                }
            ],
            "type": "visualization",
            "updated_at": "2019-10-11T10:29:45.157Z",
            "version": "WzQ0MSwzXQ=="
        },
        {
            "attributes": {
                "description": "",
                "kibanaSavedObjectMeta": {
                    "searchSourceJSON": "{\"query\": {\"language\": \"kuery\", \"query\": \"\"}, \"indexRefName\": \"kibanaSavedObjectMeta.searchSourceJSON.index\", \"filter\": []}"
                },
                "title": "Cursors cache hit ratio gauge [Metricbeat Oracle]",
                "uiStateJSON": "{\"vis\": {\"defaultColors\": {\"0 - 50\": \"rgb(0,104,55)\", \"75 - 100\": \"rgb(165,0,38)\", \"50 - 75\": \"rgb(255,255,190)\"}}}",
                "version": 1,
                "visState": "{\"aggs\": [{\"type\": \"avg\", \"enabled\": true, \"id\": \"1\", \"schema\": \"metric\", \"params\": {\"field\": \"oracle.performance.cursors.cache_hit.pct\", \"customLabel\": \"Cursors cache hit ratio\"}}], \"type\": \"gauge\", \"title\": \"Cursors cache hit ratio gauge [Metricbeat Oracle]\", \"params\": {\"gauge\": {\"colorSchema\": \"Green to Red\", \"gaugeType\": \"Arc\", \"orientation\": \"vertical\", \"invertColors\": false, \"extendRange\": true, \"alignment\": \"automatic\", \"colorsRange\": [{\"from\": 0, \"to\": 0.5}, {\"from\": 0.5, \"to\": 0.75}, {\"from\": 0.75, \"to\": 1}], \"labels\": {\"show\": false, \"color\": \"black\"}, \"type\": \"meter\", \"gaugeStyle\": \"Full\", \"percentageMode\": true, \"scale\": {\"show\": true, \"labels\": false, \"color\": \"rgba(105,112,125,0.2)\"}, \"gaugeColorMode\": \"Labels\", \"backStyle\": \"Full\", \"style\": {\"subText\": \"\", \"bgMask\": false, \"bgColor\": true, \"mask\": false, \"bgWidth\": 0.9, \"fontSize\": 60, \"width\": 0.9, \"bgFill\": \"rgba(105,112,125,0.2)\", \"maskBars\": 50}}, \"dimensions\": {\"x\": null, \"y\": [{\"accessor\": 0, \"format\": {\"id\": \"number\"}, \"aggType\": \"avg\", \"params\": {}}]}, \"type\": \"gauge\", \"addLegend\": false, \"addTooltip\": true, \"isDisplayWarning\": false}}"
            },
            "id": "bc977600-ec12-11e9-a4bb-7b5324058fcc",
            "migrationVersion": {
                "visualization": "7.3.0"
            },
            "references": [
                {
                    "id": "metricbeat-*",
                    "name": "kibanaSavedObjectMeta.searchSourceJSON.index",
                    "type": "index-pattern"
                }
            ],
            "type": "visualization",
            "updated_at": "2019-10-11T10:34:42.911Z",
            "version": "WzQ0NSwzXQ=="
        }
    ],
    "version": "8.0.0-SNAPSHOT"
}