{
    "objects": [
        {
            "attributes": {
                "description": "Overview of VSphere host and cluster metrics",
                "hits": 0,
                "kibanaSavedObjectMeta": {
                    "searchSourceJSON": "{\"query\": {\"language\": \"kuery\", \"query\": \"\"}, \"filter\": []}"
                },
                "optionsJSON": "{\"useMargins\": true, \"hidePanelTitles\": false}",
                "panelsJSON": "[{\"panelRefName\": \"panel_0\", \"gridData\": {\"w\": 24, \"x\": 0, \"y\": 0, \"i\": \"5a175530-7b6d-4d40-af46-5c0c518a97bb\", \"h\": 15}, \"panelIndex\": \"5a175530-7b6d-4d40-af46-5c0c518a97bb\", \"embeddableConfig\": {}, \"version\": \"7.4.0\"}, {\"panelRefName\": \"panel_1\", \"gridData\": {\"w\": 24, \"x\": 24, \"y\": 0, \"i\": \"39b334e1-c61e-42c3-8e2f-ac534a19a986\", \"h\": 15}, \"panelIndex\": \"39b334e1-c61e-42c3-8e2f-ac534a19a986\", \"embeddableConfig\": {}, \"version\": \"7.4.0\"}, {\"panelRefName\": \"panel_2\", \"gridData\": {\"w\": 24, \"x\": 0, \"y\": 15, \"i\": \"5eb32eda-4f81-490e-a86f-6fc65ea3892a\", \"h\": 15}, \"panelIndex\": \"5eb32eda-4f81-490e-a86f-6fc65ea3892a\", \"embeddableConfig\": {}, \"version\": \"7.4.0\"}, {\"panelRefName\": \"panel_3\", \"gridData\": {\"w\": 48, \"x\": 0, \"y\": 30, \"i\": \"1c91b931-f2ec-4284-90eb-4b257f6f7904\", \"h\": 20}, \"panelIndex\": \"1c91b931-f2ec-4284-90eb-4b257f6f7904\", \"embeddableConfig\": {}, \"version\": \"7.4.0\"}, {\"panelRefName\": \"panel_4\", \"gridData\": {\"w\": 48, \"x\": 0, \"y\": 50, \"i\": \"712d4e28-54ad-452f-9f00-525764d4850d\", \"h\": 18}, \"panelIndex\": \"712d4e28-54ad-452f-9f00-525764d4850d\", \"embeddableConfig\": {}, \"version\": \"7.4.0\"}, {\"panelRefName\": \"panel_5\", \"gridData\": {\"w\": 48, \"x\": 0, \"y\": 68, \"i\": \"b8b5096a-30e1-4249-b8ca-eb4509b4ba59\", \"h\": 18}, \"panelIndex\": \"b8b5096a-30e1-4249-b8ca-eb4509b4ba59\", \"embeddableConfig\": {}, \"version\": \"7.4.0\"}, {\"panelRefName\": \"panel_6\", \"gridData\": {\"w\": 24, \"x\": 24, \"y\": 15, \"i\": \"e561ff05-9f8f-4412-a2e1-d656cb965e96\", \"h\": 15}, \"panelIndex\": \"e561ff05-9f8f-4412-a2e1-d656cb965e96\", \"embeddableConfig\": {}, \"version\": \"7.4.0\"}]",
                "timeRestore": false,
                "title": "[Metricbeat VSphere] Hosts Overview ECS",
                "version": 1
            },
            "id": "0ebd0be0-f049-11e9-aaf3-15199b632da7",
            "migrationVersion": {
                "dashboard": "7.3.0"
            },
            "references": [
                {
                    "id": "ab07c5d0-f03f-11e9-aaf3-15199b632da7",
                    "name": "panel_0",
                    "type": "visualization"
                },
                {
                    "id": "47125df0-f040-11e9-aaf3-15199b632da7",
                    "name": "panel_1",
                    "type": "visualization"
                },
                {
                    "id": "783f2c50-f040-11e9-aaf3-15199b632da7",
                    "name": "panel_2",
                    "type": "visualization"
                },
                {
                    "id": "867e0c70-f048-11e9-aaf3-15199b632da7",
                    "name": "panel_3",
                    "type": "visualization"
                },
                {
                    "id": "5f74c330-f048-11e9-aaf3-15199b632da7",
                    "name": "panel_4",
                    "type": "visualization"
                },
                {
                    "id": "79dcd290-f047-11e9-aaf3-15199b632da7",
                    "name": "panel_5",
                    "type": "visualization"
                },
                {
                    "id": "d6370680-f049-11e9-aaf3-15199b632da7",
                    "name": "panel_6",
                    "type": "visualization"
                }
            ],
            "type": "dashboard",
            "updated_at": "2019-10-19T09:21:42.191Z",
            "version": "WzY4NiwxXQ=="
        },
        {
            "attributes": {
                "description": "",
                "kibanaSavedObjectMeta": {
                    "searchSourceJSON": "{\"query\": {\"language\": \"kuery\", \"query\": \"\"}, \"filter\": []}"
                },
                "savedSearchRefName": "search_0",
                "title": "Free vs Used CPU on Cluster stacked [Metricbeat VSphere] ECS",
                "uiStateJSON": "{}",
                "version": 1,
                "visState": "{\"aggs\": [{\"type\": \"max\", \"enabled\": true, \"id\": \"1\", \"schema\": \"metric\", \"params\": {\"field\": \"vsphere.host.cpu.free.mhz\", \"customLabel\": \"Free\"}}, {\"type\": \"date_histogram\", \"enabled\": true, \"id\": \"2\", \"schema\": \"segment\", \"params\": {\"useNormalizedEsInterval\": true, \"extended_bounds\": {}, \"field\": \"@timestamp\", \"interval\": \"auto\", \"min_doc_count\": 1, \"drop_partials\": false, \"timeRange\": {\"from\": \"now-15m\", \"to\": \"now\"}}}, {\"type\": \"max\", \"enabled\": true, \"id\": \"3\", \"schema\": \"metric\", \"params\": {\"field\": \"vsphere.host.cpu.used.mhz\", \"customLabel\": \"Used\"}}], \"type\": \"area\", \"title\": \"Free vs Used CPU on Cluster stacked [Metricbeat VSphere] ECS\", \"params\": {\"addLegend\": true, \"seriesParams\": [{\"valueAxis\": \"ValueAxis-1\", \"drawLinesBetweenPoints\": true, \"type\": \"area\", \"interpolate\": \"linear\", \"mode\": \"normal\", \"data\": {\"id\": \"1\", \"label\": \"Free\"}, \"show\": \"true\", \"showCircles\": true}, {\"valueAxis\": \"ValueAxis-1\", \"drawLinesBetweenPoints\": true, \"type\": \"area\", \"interpolate\": \"linear\", \"mode\": \"stacked\", \"data\": {\"id\": \"3\", \"label\": \"Used\"}, \"show\": true, \"showCircles\": true}], \"addTooltip\": true, \"times\": [], \"addTimeMarker\": false, \"dimensions\": {\"x\": {\"accessor\": 0, \"format\": {\"id\": \"date\", \"params\": {\"pattern\": \"HH:mm:ss\"}}, \"aggType\": \"date_histogram\", \"params\": {\"bounds\": {\"min\": \"2019-10-16T17:49:26.629Z\", \"max\": \"2019-10-16T18:04:26.629Z\"}, \"date\": true, \"interval\": \"PT30S\", \"format\": \"HH:mm:ss\"}}, \"y\": [{\"accessor\": 1, \"format\": {\"id\": \"number\"}, \"aggType\": \"max\", \"params\": {}}, {\"accessor\": 2, \"format\": {\"id\": \"number\"}, \"aggType\": \"max\", \"params\": {}}]}, \"labels\": {}, \"grid\": {\"categoryLines\": false}, \"valueAxes\": [{\"show\": true, \"labels\": {\"truncate\": 100, \"show\": true, \"rotate\": 0, \"filter\": false}, \"title\": {\"text\": \"Free\"}, \"style\": {}, \"position\": \"left\", \"scale\": {\"type\": \"linear\", \"mode\": \"normal\"}, \"id\": \"ValueAxis-1\", \"name\": \"LeftAxis-1\", \"type\": \"value\"}], \"type\": \"area\", \"thresholdLine\": {\"width\": 1, \"show\": false, \"value\": 10, \"color\": \"#34130C\", \"style\": \"full\"}, \"legendPosition\": \"right\", \"categoryAxes\": [{\"show\": true, \"labels\": {\"truncate\": 100, \"show\": true, \"filter\": true}, \"title\": {}, \"style\": {}, \"scale\": {\"type\": \"linear\"}, \"id\": \"CategoryAxis-1\", \"position\": \"bottom\", \"type\": \"category\"}]}}"
            },
            "id": "ab07c5d0-f03f-11e9-aaf3-15199b632da7",
            "migrationVersion": {
                "visualization": "7.3.1"
            },
            "references": [
                {
                    "id": "1411b690-f017-11e9-aaf3-15199b632da7",
                    "name": "search_0",
                    "type": "search"
                }
            ],
            "type": "visualization",
            "updated_at": "2019-10-19T09:14:27.107Z",
            "version": "WzMwNywxXQ=="
        },
        {
            "attributes": {
                "description": "",
                "kibanaSavedObjectMeta": {
                    "searchSourceJSON": "{\"query\": {\"language\": \"kuery\", \"query\": \"\"}, \"filter\": []}"
                },
                "savedSearchRefName": "search_0",
                "title": "Cluster Memory free vs used stacked [Metricbeat VSphere] ECS",
                "uiStateJSON": "{}",
                "version": 1,
                "visState": "{\"aggs\": [{\"type\": \"max\", \"enabled\": true, \"id\": \"2\", \"schema\": \"metric\", \"params\": {\"field\": \"vsphere.host.memory.used.bytes\", \"customLabel\": \"Used\"}}, {\"type\": \"date_histogram\", \"enabled\": true, \"id\": \"3\", \"schema\": \"segment\", \"params\": {\"useNormalizedEsInterval\": true, \"extended_bounds\": {}, \"field\": \"@timestamp\", \"interval\": \"auto\", \"min_doc_count\": 1, \"drop_partials\": false, \"timeRange\": {\"from\": \"now-15m\", \"to\": \"now\"}}}, {\"type\": \"max\", \"enabled\": true, \"id\": \"1\", \"schema\": \"metric\", \"params\": {\"field\": \"vsphere.host.memory.free.bytes\", \"customLabel\": \"Free\"}}], \"type\": \"area\", \"title\": \"Cluster Memory free vs used stacked [Metricbeat VSphere] ECS\", \"params\": {\"addLegend\": true, \"seriesParams\": [{\"valueAxis\": \"ValueAxis-1\", \"drawLinesBetweenPoints\": true, \"type\": \"area\", \"interpolate\": \"cardinal\", \"mode\": \"stacked\", \"data\": {\"id\": \"2\", \"label\": \"Used\"}, \"show\": true, \"showCircles\": true}, {\"valueAxis\": \"ValueAxis-1\", \"drawLinesBetweenPoints\": true, \"type\": \"area\", \"interpolate\": \"cardinal\", \"mode\": \"stacked\", \"data\": {\"id\": \"1\", \"label\": \"Free\"}, \"show\": \"true\", \"showCircles\": true}], \"addTooltip\": true, \"times\": [], \"addTimeMarker\": false, \"dimensions\": {\"x\": {\"accessor\": 0, \"format\": {\"id\": \"date\", \"params\": {\"pattern\": \"HH:mm:ss\"}}, \"aggType\": \"date_histogram\", \"params\": {\"bounds\": {\"min\": \"2019-10-16T17:55:00.451Z\", \"max\": \"2019-10-16T18:10:00.451Z\"}, \"date\": true, \"interval\": \"PT30S\", \"format\": \"HH:mm:ss\"}}, \"y\": [{\"accessor\": 1, \"format\": {\"id\": \"bytes\"}, \"aggType\": \"max\", \"params\": {}}, {\"accessor\": 2, \"format\": {\"id\": \"bytes\"}, \"aggType\": \"max\", \"params\": {}}]}, \"labels\": {}, \"grid\": {\"categoryLines\": false}, \"valueAxes\": [{\"show\": true, \"labels\": {\"truncate\": 100, \"show\": true, \"rotate\": 0, \"filter\": false}, \"title\": {\"text\": \"\"}, \"style\": {}, \"position\": \"left\", \"scale\": {\"type\": \"linear\", \"mode\": \"normal\"}, \"id\": \"ValueAxis-1\", \"name\": \"LeftAxis-1\", \"type\": \"value\"}], \"type\": \"area\", \"thresholdLine\": {\"width\": 1, \"show\": false, \"value\": 10, \"color\": \"#34130C\", \"style\": \"full\"}, \"legendPosition\": \"right\", \"categoryAxes\": [{\"show\": true, \"labels\": {\"truncate\": 100, \"show\": true, \"filter\": true}, \"title\": {}, \"style\": {}, \"scale\": {\"type\": \"linear\"}, \"id\": \"CategoryAxis-1\", \"position\": \"bottom\", \"type\": \"category\"}]}}"
            },
            "id": "47125df0-f040-11e9-aaf3-15199b632da7",
            "migrationVersion": {
                "visualization": "7.3.1"
            },
            "references": [
                {
                    "id": "1411b690-f017-11e9-aaf3-15199b632da7",
                    "name": "search_0",
                    "type": "search"
                }
            ],
            "type": "visualization",
            "updated_at": "2019-10-19T09:14:27.107Z",
            "version": "WzMwOCwxXQ=="
        },
        {
            "attributes": {
                "description": "",
                "kibanaSavedObjectMeta": {
                    "searchSourceJSON": "{\"query\": {\"language\": \"kuery\", \"query\": \"\"}, \"filter\": []}"
                },
                "savedSearchRefName": "search_0",
                "title": "Free vs Used Datastore [Metricbeat VSphere] ECS",
                "uiStateJSON": "{}",
                "version": 1,
                "visState": "{\"aggs\": [{\"type\": \"max\", \"enabled\": true, \"id\": \"2\", \"schema\": \"metric\", \"params\": {\"field\": \"vsphere.datastore.capacity.used.bytes\", \"customLabel\": \"Used\"}}, {\"type\": \"date_histogram\", \"enabled\": true, \"id\": \"3\", \"schema\": \"segment\", \"params\": {\"useNormalizedEsInterval\": true, \"extended_bounds\": {}, \"field\": \"@timestamp\", \"interval\": \"auto\", \"min_doc_count\": 1, \"drop_partials\": false, \"timeRange\": {\"from\": \"now-15m\", \"to\": \"now\"}}}, {\"type\": \"max\", \"enabled\": true, \"id\": \"1\", \"schema\": \"metric\", \"params\": {\"field\": \"vsphere.datastore.capacity.free.bytes\", \"customLabel\": \"Free\"}}], \"type\": \"area\", \"title\": \"Free vs Used Datastore [Metricbeat VSphere] ECS\", \"params\": {\"addLegend\": true, \"seriesParams\": [{\"valueAxis\": \"ValueAxis-1\", \"drawLinesBetweenPoints\": true, \"type\": \"area\", \"interpolate\": \"linear\", \"mode\": \"stacked\", \"data\": {\"id\": \"2\", \"label\": \"Used\"}, \"show\": true, \"showCircles\": true}, {\"valueAxis\": \"ValueAxis-1\", \"drawLinesBetweenPoints\": true, \"type\": \"area\", \"interpolate\": \"linear\", \"mode\": \"stacked\", \"data\": {\"id\": \"1\", \"label\": \"Free\"}, \"show\": \"true\", \"showCircles\": true}], \"addTooltip\": true, \"times\": [], \"addTimeMarker\": false, \"dimensions\": {\"x\": {\"accessor\": 0, \"format\": {\"id\": \"date\", \"params\": {\"pattern\": \"HH:mm:ss\"}}, \"aggType\": \"date_histogram\", \"params\": {\"bounds\": {\"min\": \"2019-10-16T17:56:40.605Z\", \"max\": \"2019-10-16T18:11:40.605Z\"}, \"date\": true, \"interval\": \"PT30S\", \"format\": \"HH:mm:ss\"}}, \"y\": [{\"accessor\": 1, \"format\": {\"id\": \"bytes\"}, \"aggType\": \"max\", \"params\": {}}, {\"accessor\": 2, \"format\": {\"id\": \"bytes\"}, \"aggType\": \"max\", \"params\": {}}]}, \"labels\": {}, \"grid\": {\"categoryLines\": false}, \"valueAxes\": [{\"show\": true, \"labels\": {\"truncate\": 100, \"show\": true, \"rotate\": 0, \"filter\": false}, \"title\": {\"text\": \"Free\"}, \"style\": {}, \"position\": \"left\", \"scale\": {\"type\": \"linear\", \"mode\": \"normal\"}, \"id\": \"ValueAxis-1\", \"name\": \"LeftAxis-1\", \"type\": \"value\"}], \"type\": \"area\", \"thresholdLine\": {\"width\": 1, \"show\": false, \"value\": 10, \"color\": \"#34130C\", \"style\": \"full\"}, \"legendPosition\": \"right\", \"categoryAxes\": [{\"show\": true, \"labels\": {\"truncate\": 100, \"show\": true, \"filter\": true}, \"title\": {}, \"style\": {}, \"scale\": {\"type\": \"linear\"}, \"id\": \"CategoryAxis-1\", \"position\": \"bottom\", \"type\": \"category\"}]}}"
            },
            "id": "783f2c50-f040-11e9-aaf3-15199b632da7",
            "migrationVersion": {
                "visualization": "7.3.1"
            },
            "references": [
                {
                    "id": "1411b690-f017-11e9-aaf3-15199b632da7",
                    "name": "search_0",
                    "type": "search"
                }
            ],
            "type": "visualization",
            "updated_at": "2019-10-19T09:14:27.107Z",
            "version": "WzMwOSwxXQ=="
        },
        {
            "attributes": {
                "description": "",
                "kibanaSavedObjectMeta": {
                    "searchSourceJSON": "{\"query\": {\"language\": \"kuery\", \"query\": \"\"}, \"filter\": []}"
                },
                "title": "Host top RAM util [Metricbeat VSphere] ECS",
                "uiStateJSON": "{}",
                "version": 1,
                "visState": "{\"aggs\": [], \"type\": \"metrics\", \"title\": \"Host top RAM util [Metricbeat VSphere] ECS\", \"params\": {\"axis_formatter\": \"number\", \"background_color\": null, \"isModelInvalid\": false, \"show_legend\": 1, \"index_pattern\": \"metricbeat-*\", \"gauge_color_rules\": [{\"gauge\": \"rgba(252,220,0,1)\", \"id\": \"3e4e64a0-f047-11e9-8ffe-6377df51c23d\", \"value\": 0.35, \"operator\": \"gt\"}, {\"gauge\": \"rgba(251,158,0,1)\", \"id\": \"8e4a5090-f047-11e9-8ffe-6377df51c23d\", \"value\": 0.7, \"operator\": \"gte\"}, {\"gauge\": \"rgba(159,5,0,1)\", \"id\": \"93d7d2d0-f047-11e9-8ffe-6377df51c23d\", \"text\": null, \"value\": 0.95, \"operator\": \"gte\"}], \"time_field\": \"\", \"axis_position\": \"left\", \"gauge_max\": \"1\", \"default_timefield\": \"@timestamp\", \"gauge_style\": \"half\", \"type\": \"gauge\", \"default_index_pattern\": \"metricbeat-*\", \"filter\": {\"language\": \"kuery\", \"query\": \"event.module : \\\"vsphere\\\" \"}, \"id\": \"61ca57f0-469d-11e7-af02-69e470af7417\", \"gauge_inner_width\": 10, \"interval\": \"\", \"axis_scale\": \"normal\", \"show_grid\": 1, \"gauge_width\": 10, \"ignore_global_filter\": 0, \"series\": [{\"terms_field\": \"vsphere.host.name\", \"color\": \"rgba(59,244,64,1)\", \"filter\": {\"language\": \"kuery\", \"query\": \"\"}, \"line_width\": 1, \"axis_position\": \"right\", \"id\": \"61ca57f1-469d-11e7-af02-69e470af7417\", \"terms_order_by\": \"51de05c0-f047-11e9-8ffe-6377df51c23d\", \"stacked\": \"none\", \"split_mode\": \"terms\", \"metrics\": [{\"type\": \"max\", \"field\": \"vsphere.host.memory.total.bytes\", \"id\": \"61ca57f2-469d-11e7-af02-69e470af7417\"}, {\"type\": \"max\", \"field\": \"vsphere.host.memory.free.bytes\", \"id\": \"51de05c0-f047-11e9-8ffe-6377df51c23d\"}, {\"script\": \"params.used / params.total\", \"type\": \"calculation\", \"id\": \"5e69b140-f047-11e9-8ffe-6377df51c23d\", \"variables\": [{\"field\": \"61ca57f2-469d-11e7-af02-69e470af7417\", \"id\": \"5fadf110-f047-11e9-8ffe-6377df51c23d\", \"name\": \"total\"}, {\"field\": \"51de05c0-f047-11e9-8ffe-6377df51c23d\", \"id\": \"61c84590-f047-11e9-8ffe-6377df51c23d\", \"name\": \"used\"}]}], \"separate_axis\": 0, \"point_size\": 1, \"chart_type\": \"line\", \"fill\": 0.5, \"formatter\": \"percent\", \"label\": \"\"}]}}"
            },
            "id": "867e0c70-f048-11e9-aaf3-15199b632da7",
            "migrationVersion": {
                "visualization": "7.3.1"
            },
            "references": [],
            "type": "visualization",
            "updated_at": "2019-10-19T09:14:27.107Z",
            "version": "WzMxMCwxXQ=="
        },
        {
            "attributes": {
                "description": "",
                "kibanaSavedObjectMeta": {
                    "searchSourceJSON": "{\"query\": {\"language\": \"kuery\", \"query\": \"\"}, \"filter\": []}"
                },
                "title": "Host top CPU util [Metricbeat VSphere] ECS",
                "uiStateJSON": "{}",
                "version": 1,
                "visState": "{\"aggs\": [], \"type\": \"metrics\", \"title\": \"Host top CPU util [Metricbeat VSphere] ECS\", \"params\": {\"axis_formatter\": \"number\", \"background_color\": null, \"isModelInvalid\": false, \"show_legend\": 1, \"index_pattern\": \"metricbeat-*\", \"gauge_color_rules\": [{\"gauge\": \"rgba(252,220,0,1)\", \"id\": \"3e4e64a0-f047-11e9-8ffe-6377df51c23d\", \"value\": 0.35, \"operator\": \"gt\"}, {\"gauge\": \"rgba(251,158,0,1)\", \"id\": \"8e4a5090-f047-11e9-8ffe-6377df51c23d\", \"value\": 0.7, \"operator\": \"gte\"}, {\"gauge\": \"rgba(159,5,0,1)\", \"id\": \"93d7d2d0-f047-11e9-8ffe-6377df51c23d\", \"text\": null, \"value\": 0.95, \"operator\": \"gte\"}], \"time_field\": \"\", \"axis_position\": \"left\", \"gauge_max\": \"1\", \"default_timefield\": \"@timestamp\", \"gauge_style\": \"half\", \"type\": \"gauge\", \"default_index_pattern\": \"metricbeat-*\", \"filter\": {\"language\": \"kuery\", \"query\": \"event.module : \\\"vsphere\\\" \"}, \"id\": \"61ca57f0-469d-11e7-af02-69e470af7417\", \"gauge_inner_width\": 10, \"interval\": \"\", \"axis_scale\": \"normal\", \"show_grid\": 1, \"gauge_width\": 10, \"ignore_global_filter\": 0, \"series\": [{\"terms_field\": \"vsphere.host.name\", \"color\": \"rgba(59,244,64,1)\", \"filter\": {\"language\": \"kuery\", \"query\": \"\"}, \"line_width\": 1, \"axis_position\": \"right\", \"id\": \"61ca57f1-469d-11e7-af02-69e470af7417\", \"terms_order_by\": \"51de05c0-f047-11e9-8ffe-6377df51c23d\", \"stacked\": \"none\", \"split_mode\": \"terms\", \"metrics\": [{\"type\": \"max\", \"field\": \"vsphere.host.cpu.total.mhz\", \"id\": \"61ca57f2-469d-11e7-af02-69e470af7417\"}, {\"type\": \"max\", \"field\": \"vsphere.host.cpu.used.mhz\", \"id\": \"51de05c0-f047-11e9-8ffe-6377df51c23d\"}, {\"script\": \"params.used / params.total\", \"type\": \"calculation\", \"id\": \"5e69b140-f047-11e9-8ffe-6377df51c23d\", \"variables\": [{\"field\": \"61ca57f2-469d-11e7-af02-69e470af7417\", \"id\": \"5fadf110-f047-11e9-8ffe-6377df51c23d\", \"name\": \"total\"}, {\"field\": \"51de05c0-f047-11e9-8ffe-6377df51c23d\", \"id\": \"61c84590-f047-11e9-8ffe-6377df51c23d\", \"name\": \"used\"}]}], \"separate_axis\": 0, \"point_size\": 1, \"chart_type\": \"line\", \"fill\": 0.5, \"formatter\": \"percent\", \"label\": \"\"}]}}"
            },
            "id": "5f74c330-f048-11e9-aaf3-15199b632da7",
            "migrationVersion": {
                "visualization": "7.3.1"
            },
            "references": [],
            "type": "visualization",
            "updated_at": "2019-10-19T09:14:27.107Z",
            "version": "WzMxMSwxXQ=="
        },
        {
            "attributes": {
                "description": "",
                "kibanaSavedObjectMeta": {
                    "searchSourceJSON": "{\"query\": {\"language\": \"kuery\", \"query\": \"\"}, \"filter\": []}"
                },
                "title": "Top Datastore Used [Metricbeat VSphere] ECS",
                "uiStateJSON": "{}",
                "version": 1,
                "visState": "{\"aggs\": [], \"type\": \"metrics\", \"title\": \"Top Datastore Used [Metricbeat VSphere] ECS\", \"params\": {\"axis_formatter\": \"number\", \"background_color\": null, \"isModelInvalid\": false, \"show_legend\": 1, \"index_pattern\": \"metricbeat-*\", \"gauge_color_rules\": [{\"gauge\": \"rgba(252,220,0,1)\", \"id\": \"3e4e64a0-f047-11e9-8ffe-6377df51c23d\", \"value\": 0.35, \"operator\": \"gt\"}, {\"gauge\": \"rgba(251,158,0,1)\", \"id\": \"8e4a5090-f047-11e9-8ffe-6377df51c23d\", \"value\": 0.7, \"operator\": \"gte\"}, {\"gauge\": \"rgba(159,5,0,1)\", \"id\": \"93d7d2d0-f047-11e9-8ffe-6377df51c23d\", \"text\": null, \"value\": 0.95, \"operator\": \"gte\"}], \"time_field\": \"\", \"axis_position\": \"left\", \"gauge_max\": \"1\", \"default_timefield\": \"@timestamp\", \"gauge_style\": \"half\", \"type\": \"gauge\", \"default_index_pattern\": \"metricbeat-*\", \"filter\": {\"language\": \"kuery\", \"query\": \"event.module : \\\"vsphere\\\" \"}, \"id\": \"61ca57f0-469d-11e7-af02-69e470af7417\", \"gauge_inner_width\": 10, \"interval\": \"\", \"axis_scale\": \"normal\", \"show_grid\": 1, \"gauge_width\": 10, \"ignore_global_filter\": 0, \"series\": [{\"terms_field\": \"vsphere.datastore.name\", \"color\": \"rgba(59,244,64,1)\", \"filter\": {\"language\": \"kuery\", \"query\": \"\"}, \"line_width\": 1, \"axis_position\": \"right\", \"id\": \"61ca57f1-469d-11e7-af02-69e470af7417\", \"terms_order_by\": \"5aec7160-f047-11e9-8ffe-6377df51c23d\", \"stacked\": \"none\", \"split_mode\": \"terms\", \"metrics\": [{\"type\": \"max\", \"field\": \"vsphere.datastore.capacity.total.bytes\", \"id\": \"61ca57f2-469d-11e7-af02-69e470af7417\"}, {\"type\": \"max\", \"field\": \"vsphere.datastore.capacity.used.bytes\", \"id\": \"51de05c0-f047-11e9-8ffe-6377df51c23d\"}, {\"type\": \"max\", \"field\": \"vsphere.datastore.capacity.used.pct\", \"id\": \"5aec7160-f047-11e9-8ffe-6377df51c23d\"}, {\"script\": \"params.used / params.total\", \"type\": \"calculation\", \"id\": \"5e69b140-f047-11e9-8ffe-6377df51c23d\", \"variables\": [{\"field\": \"61ca57f2-469d-11e7-af02-69e470af7417\", \"id\": \"5fadf110-f047-11e9-8ffe-6377df51c23d\", \"name\": \"total\"}, {\"field\": \"51de05c0-f047-11e9-8ffe-6377df51c23d\", \"id\": \"61c84590-f047-11e9-8ffe-6377df51c23d\", \"name\": \"used\"}]}], \"separate_axis\": 0, \"point_size\": 1, \"chart_type\": \"line\", \"fill\": 0.5, \"formatter\": \"percent\", \"label\": \"\"}]}}"
            },
            "id": "79dcd290-f047-11e9-aaf3-15199b632da7",
            "migrationVersion": {
                "visualization": "7.3.1"
            },
            "references": [],
            "type": "visualization",
            "updated_at": "2019-10-19T09:14:27.107Z",
            "version": "WzMxMiwxXQ=="
        },
        {
            "attributes": {
                "description": "",
                "kibanaSavedObjectMeta": {
                    "searchSourceJSON": "{\"query\": {\"language\": \"kuery\", \"query\": \"\"}, \"filter\": []}"
                },
                "savedSearchRefName": "search_0",
                "title": "Datastore Types [Metricbeat VSphere] ECS",
                "uiStateJSON": "{}",
                "version": 1,
                "visState": "{\"aggs\": [{\"type\": \"count\", \"enabled\": true, \"id\": \"1\", \"schema\": \"metric\", \"params\": {}}, {\"type\": \"terms\", \"enabled\": true, \"id\": \"2\", \"schema\": \"segment\", \"params\": {\"orderBy\": \"1\", \"otherBucketLabel\": \"Other\", \"field\": \"vsphere.datastore.fstype\", \"order\": \"desc\", \"size\": 5, \"otherBucket\": false, \"missingBucketLabel\": \"Missing\", \"missingBucket\": false}}], \"type\": \"pie\", \"title\": \"Datastore types [Metricbeat VSphere] ECS\", \"params\": {\"dimensions\": {\"metric\": {\"accessor\": 0, \"format\": {\"id\": \"number\"}, \"aggType\": \"count\", \"params\": {}}}, \"labels\": {\"truncate\": 100, \"show\": false, \"values\": true, \"last_level\": true}, \"addLegend\": true, \"addTooltip\": true, \"type\": \"pie\", \"legendPosition\": \"right\", \"isDonut\": true}}"
            },
            "id": "d6370680-f049-11e9-aaf3-15199b632da7",
            "migrationVersion": {
                "visualization": "7.3.1"
            },
            "references": [
                {
                    "id": "1411b690-f017-11e9-aaf3-15199b632da7",
                    "name": "search_0",
                    "type": "search"
                }
            ],
            "type": "visualization",
            "updated_at": "2019-10-19T09:14:27.107Z",
            "version": "WzMxMywxXQ=="
        },
        {
            "attributes": {
                "columns": [
                    "_source"
                ],
                "description": "",
                "hits": 0,
                "kibanaSavedObjectMeta": {
                    "searchSourceJSON": "{\"version\": true, \"query\": {\"language\": \"kuery\", \"query\": \"event.module: \\\"vsphere\\\" \"}, \"highlightAll\": true, \"filter\": [], \"indexRefName\": \"kibanaSavedObjectMeta.searchSourceJSON.index\"}"
                },
                "sort": [
                    [
                        "@timestamp",
                        "desc"
                    ]
                ],
                "title": "search for event module vsphere [Metricbeat VSphere] ECS",
                "version": 1
            },
            "id": "1411b690-f017-11e9-aaf3-15199b632da7",
            "migrationVersion": {
                "search": "7.4.0"
            },
            "references": [
                {
                    "id": "metricbeat-*",
                    "name": "kibanaSavedObjectMeta.searchSourceJSON.index",
                    "type": "index-pattern"
                }
            ],
            "type": "search",
            "updated_at": "2019-10-19T09:14:27.107Z",
            "version": "WzMwNiwxXQ=="
        }
    ],
    "version": "7.4.0"
}