{
    "objects": [
        {
            "attributes": {
                "description": "Overview of Redis Enterprise dashboard",
                "hits": 0,
                "kibanaSavedObjectMeta": {
                    "searchSourceJSON": "{\"query\": {\"language\": \"kuery\", \"query\": \"\"}, \"filter\": []}"
                },
                "optionsJSON": "{\"useMargins\": true, \"hidePanelTitles\": false}",
                "panelsJSON": "[{\"panelRefName\": \"panel_0\", \"gridData\": {\"w\": 9, \"x\": 0, \"y\": 0, \"i\": \"bdd26554-0293-4928-9751-f7304d9fbc74\", \"h\": 8}, \"panelIndex\": \"bdd26554-0293-4928-9751-f7304d9fbc74\", \"embeddableConfig\": {\"title\": \"\"}, \"version\": \"7.1.0\"}, {\"gridData\": {\"w\": 8, \"x\": 9, \"y\": 0, \"i\": \"4aa7a92c-1705-40ee-9f53-478610ea34f0\", \"h\": 8}, \"panelIndex\": \"4aa7a92c-1705-40ee-9f53-478610ea34f0\", \"title\": \"System CPU time\", \"embeddableConfig\": {\"title\": \"System CPU time\"}, \"panelRefName\": \"panel_1\", \"version\": \"7.1.0\"}, {\"gridData\": {\"w\": 8, \"x\": 17, \"y\": 0, \"i\": \"431e4d28-f8be-46a3-8079-d562e644bae1\", \"h\": 8}, \"panelIndex\": \"431e4d28-f8be-46a3-8079-d562e644bae1\", \"title\": \"User CPU time\", \"embeddableConfig\": {\"title\": \"User CPU time\"}, \"panelRefName\": \"panel_2\", \"version\": \"7.1.0\"}, {\"gridData\": {\"w\": 7, \"x\": 25, \"y\": 0, \"i\": \"192540d9-3c81-495d-ba22-2b1d96841ba7\", \"h\": 8}, \"panelIndex\": \"192540d9-3c81-495d-ba22-2b1d96841ba7\", \"title\": \"Node free memory\", \"embeddableConfig\": {\"title\": \"Node free memory\"}, \"panelRefName\": \"panel_3\", \"version\": \"7.1.0\"}, {\"gridData\": {\"w\": 8, \"x\": 32, \"y\": 0, \"i\": \"666f6222-3542-42b0-9085-7e93224c3998\", \"h\": 8}, \"panelIndex\": \"666f6222-3542-42b0-9085-7e93224c3998\", \"title\": \"Free persistent disk space\", \"embeddableConfig\": {\"title\": \"Free persistent disk space\"}, \"panelRefName\": \"panel_4\", \"version\": \"7.1.0\"}, {\"gridData\": {\"w\": 8, \"x\": 40, \"y\": 0, \"i\": \"9d84abb9-cc6d-4d78-b2a4-ca77b942cf5c\", \"h\": 8}, \"panelIndex\": \"9d84abb9-cc6d-4d78-b2a4-ca77b942cf5c\", \"title\": \"Free ephemeral disk space\", \"embeddableConfig\": {\"title\": \"Free ephemeral disk space\"}, \"panelRefName\": \"panel_5\", \"version\": \"7.1.0\"}, {\"gridData\": {\"w\": 16, \"x\": 0, \"y\": 8, \"i\": \"86afca72-c2a2-4d20-af63-7e74220df79c\", \"h\": 17}, \"panelIndex\": \"86afca72-c2a2-4d20-af63-7e74220df79c\", \"title\": \"Rate of incoming/outgoing network traffic\", \"embeddableConfig\": {\"title\": \"Rate of incoming/outgoing network traffic\"}, \"panelRefName\": \"panel_6\", \"version\": \"7.1.0\"}, {\"gridData\": {\"w\": 16, \"x\": 16, \"y\": 8, \"i\": \"aab5878f-0105-4be9-aaea-1951de591ec8\", \"h\": 17}, \"panelIndex\": \"aab5878f-0105-4be9-aaea-1951de591ec8\", \"title\": \"Total requests\", \"embeddableConfig\": {\"title\": \"Total requests\"}, \"panelRefName\": \"panel_7\", \"version\": \"7.1.0\"}, {\"gridData\": {\"w\": 16, \"x\": 32, \"y\": 8, \"i\": \"c520c103-f16f-4490-ab07-3fbd38681c94\", \"h\": 17}, \"panelIndex\": \"c520c103-f16f-4490-ab07-3fbd38681c94\", \"title\": \"Connections\", \"embeddableConfig\": {\"title\": \"Connections\"}, \"panelRefName\": \"panel_8\", \"version\": \"7.1.0\"}, {\"gridData\": {\"w\": 16, \"x\": 0, \"y\": 25, \"i\": \"52d5e0f2-8c7d-42a0-b0d7-3bff758034bd\", \"h\": 17}, \"panelIndex\": \"52d5e0f2-8c7d-42a0-b0d7-3bff758034bd\", \"title\": \"GET/SET commands\", \"embeddableConfig\": {\"title\": \"GET/SET commands\"}, \"panelRefName\": \"panel_9\", \"version\": \"7.1.0\"}, {\"gridData\": {\"w\": 16, \"x\": 16, \"y\": 25, \"i\": \"8d97e4fa-7929-42b6-bcd1-c73a0ec6ceea\", \"h\": 17}, \"panelIndex\": \"8d97e4fa-7929-42b6-bcd1-c73a0ec6ceea\", \"title\": \"Other commands\", \"embeddableConfig\": {\"title\": \"Other commands\"}, \"panelRefName\": \"panel_10\", \"version\": \"7.1.0\"}, {\"gridData\": {\"w\": 16, \"x\": 32, \"y\": 25, \"i\": \"0f739671-dfbe-4ec9-8468-d5b2b9aad001\", \"h\": 17}, \"panelIndex\": \"0f739671-dfbe-4ec9-8468-d5b2b9aad001\", \"title\": \"Listener latency\", \"embeddableConfig\": {\"title\": \"Listener latency\"}, \"panelRefName\": \"panel_11\", \"version\": \"7.1.0\"}]",
                "timeRestore": false,
                "title": "[Metricbeat Redis Enterprise] Overview",
                "version": 1
            },
            "id": "8da53a40-5a2f-11ea-bc69-cdcc68092a57",
            "migrationVersion": {
                "dashboard": "7.3.0"
            },
            "references": [
                {
                    "id": "b96c3b00-5c92-11ea-b0b5-8133f1152545",
                    "name": "panel_0",
                    "type": "visualization"
                },
                {
                    "id": "8cba84c0-5a32-11ea-bc69-cdcc68092a57",
                    "name": "panel_1",
                    "type": "visualization"
                },
                {
                    "id": "9ddea420-5a32-11ea-bc69-cdcc68092a57",
                    "name": "panel_2",
                    "type": "visualization"
                },
                {
                    "id": "49c7dbf0-5a36-11ea-bc69-cdcc68092a57",
                    "name": "panel_3",
                    "type": "visualization"
                },
                {
                    "id": "14f6de30-5c7a-11ea-b0b5-8133f1152545",
                    "name": "panel_4",
                    "type": "visualization"
                },
                {
                    "id": "2d7ec670-5c7a-11ea-b0b5-8133f1152545",
                    "name": "panel_5",
                    "type": "visualization"
                },
                {
                    "id": "f6c6d0e0-5a36-11ea-bc69-cdcc68092a57",
                    "name": "panel_6",
                    "type": "visualization"
                },
                {
                    "id": "6c861200-5c7b-11ea-b0b5-8133f1152545",
                    "name": "panel_7",
                    "type": "visualization"
                },
                {
                    "id": "b5621150-5c7a-11ea-b0b5-8133f1152545",
                    "name": "panel_8",
                    "type": "visualization"
                },
                {
                    "id": "3c776b90-5c80-11ea-b0b5-8133f1152545",
                    "name": "panel_9",
                    "type": "visualization"
                },
                {
                    "id": "837f9fd0-5c80-11ea-b0b5-8133f1152545",
                    "name": "panel_10",
                    "type": "visualization"
                },
                {
                    "id": "a452c8c0-5c96-11ea-b0b5-8133f1152545",
                    "name": "panel_11",
                    "type": "visualization"
                }
            ],
            "type": "dashboard",
            "updated_at": "2020-03-03T15:48:26.671Z",
            "version": "WzgwNCw0XQ=="
        },
        {
            "attributes": {
                "description": "Select cluster/node based on its name",
                "kibanaSavedObjectMeta": {
                    "searchSourceJSON": "{\"query\": {\"language\": \"kuery\", \"query\": \"\"}, \"filter\": []}"
                },
                "title": "Cluster/node selector [Metricbeat Redis Enterprise]",
                "uiStateJSON": "{}",
                "version": 1,
                "visState": "{\"aggs\": [], \"type\": \"input_control_vis\", \"title\": \"Cluster/node selector [Metricbeat Redis Enterprise]\", \"params\": {\"controls\": [{\"indexPatternRefName\": \"control_0_index_pattern\", \"type\": \"list\", \"parent\": \"\", \"options\": {\"dynamicOptions\": true, \"size\": 5, \"multiselect\": false, \"order\": \"desc\", \"type\": \"terms\"}, \"id\": \"1583159394252\", \"fieldName\": \"prometheus.labels.cluster\", \"label\": \"cluster name\"}, {\"indexPatternRefName\": \"control_1_index_pattern\", \"type\": \"list\", \"parent\": \"\", \"options\": {\"dynamicOptions\": true, \"size\": 5, \"multiselect\": true, \"order\": \"desc\", \"type\": \"terms\"}, \"id\": \"1583250395046\", \"fieldName\": \"prometheus.labels.node\", \"label\": \"node name\"}], \"updateFiltersOnChange\": true, \"pinFilters\": false, \"useTimeFilter\": false}}"
            },
            "id": "b96c3b00-5c92-11ea-b0b5-8133f1152545",
            "migrationVersion": {
                "visualization": "7.4.2"
            },
            "references": [
                {
                    "id": "metricbeat-*",
                    "name": "control_0_index_pattern",
                    "type": "index-pattern"
                },
                {
                    "id": "metricbeat-*",
                    "name": "control_1_index_pattern",
                    "type": "index-pattern"
                }
            ],
            "type": "visualization",
            "updated_at": "2020-03-03T15:47:18.669Z",
            "version": "WzgwMyw0XQ=="
        },
        {
            "attributes": {
                "description": "System CPU time",
                "kibanaSavedObjectMeta": {
                    "searchSourceJSON": "{\"query\": {\"language\": \"kuery\", \"query\": \"\"}, \"filter\": []}"
                },
                "title": "System CPU time [Metricbeat Redis Enterprise]",
                "uiStateJSON": "{}",
                "version": 1,
                "visState": "{\"aggs\": [], \"type\": \"metrics\", \"title\": \"System CPU time [Metricbeat Redis Enterprise]\", \"params\": {\"axis_formatter\": \"number\", \"id\": \"61ca57f0-469d-11e7-af02-69e470af7417\", \"isModelInvalid\": false, \"index_pattern\": \"metricbeat-*\", \"annotations\": [{\"ignore_panel_filters\": 1, \"color\": \"#F00\", \"ignore_global_filters\": 1, \"query_string\": {\"language\": \"kuery\", \"query\": \"\"}, \"id\": \"5cc43a90-5a32-11ea-94fe-9d9d001ff143\", \"index_pattern\": \"*\", \"fields\": \"\", \"template\": \"\", \"icon\": \"fa-tag\"}], \"gauge_color_rules\": [{\"id\": \"c743b7b0-5a32-11ea-89da-eba74ed7a082\"}], \"time_field\": \"\", \"axis_min\": \"0\", \"axis_position\": \"left\", \"default_timefield\": \"@timestamp\", \"gauge_style\": \"half\", \"legend_position\": \"bottom\", \"default_index_pattern\": \"metricbeat-*\", \"show_legend\": 1, \"gauge_inner_width\": 10, \"interval\": \"1m\", \"axis_scale\": \"normal\", \"show_grid\": 1, \"gauge_width\": 10, \"type\": \"gauge\", \"series\": [{\"steps\": 0, \"color\": \"#68BC00\", \"line_width\": \"1\", \"axis_position\": \"right\", \"id\": \"61ca57f1-469d-11e7-af02-69e470af7417\", \"terms_field\": \"prometheus.labels.node\", \"stacked\": \"none\", \"type\": \"timeseries\", \"split_mode\": \"everything\", \"metrics\": [{\"type\": \"avg\", \"field\": \"prometheus.metrics.node_cpu_system\", \"id\": \"61ca57f2-469d-11e7-af02-69e470af7417\"}], \"separate_axis\": 0, \"point_size\": \"1\", \"chart_type\": \"line\", \"fill\": \"0.5\", \"formatter\": \"percent\", \"label\": \"system\"}], \"axis_max\": \"1\"}}"
            },
            "id": "8cba84c0-5a32-11ea-bc69-cdcc68092a57",
            "migrationVersion": {
                "visualization": "7.4.2"
            },
            "references": [],
            "type": "visualization",
            "updated_at": "2020-03-02T14:26:48.851Z",
            "version": "Wzc2MiwzXQ=="
        },
        {
            "attributes": {
                "description": "User CPU time",
                "kibanaSavedObjectMeta": {
                    "searchSourceJSON": "{\"query\": {\"language\": \"kuery\", \"query\": \"\"}, \"filter\": []}"
                },
                "title": "User CPU time [Metricbeat Redis Enterprise]",
                "uiStateJSON": "{}",
                "version": 1,
                "visState": "{\"aggs\": [], \"type\": \"metrics\", \"title\": \"User CPU time [Metricbeat Redis Enterprise]\", \"params\": {\"axis_formatter\": \"number\", \"id\": \"61ca57f0-469d-11e7-af02-69e470af7417\", \"isModelInvalid\": false, \"index_pattern\": \"metricbeat-*\", \"annotations\": [{\"ignore_panel_filters\": 1, \"color\": \"#F00\", \"ignore_global_filters\": 1, \"query_string\": {\"language\": \"kuery\", \"query\": \"\"}, \"id\": \"5cc43a90-5a32-11ea-94fe-9d9d001ff143\", \"index_pattern\": \"*\", \"fields\": \"\", \"template\": \"\", \"icon\": \"fa-tag\"}], \"gauge_color_rules\": [{\"id\": \"d5c40740-5a32-11ea-94fe-9d9d001ff143\"}], \"time_field\": \"\", \"axis_min\": \"0\", \"axis_position\": \"left\", \"default_timefield\": \"@timestamp\", \"gauge_style\": \"half\", \"legend_position\": \"bottom\", \"default_index_pattern\": \"metricbeat-*\", \"show_legend\": 1, \"gauge_inner_width\": 10, \"interval\": \"1m\", \"axis_scale\": \"normal\", \"show_grid\": 1, \"gauge_width\": 10, \"type\": \"gauge\", \"series\": [{\"steps\": 0, \"color\": \"rgba(104,204,202,1)\", \"line_width\": \"1\", \"axis_position\": \"right\", \"id\": \"61ca57f1-469d-11e7-af02-69e470af7417\", \"terms_field\": \"prometheus.labels.node\", \"stacked\": \"none\", \"type\": \"timeseries\", \"split_mode\": \"everything\", \"metrics\": [{\"type\": \"avg\", \"field\": \"prometheus.metrics.node_cpu_user\", \"id\": \"61ca57f2-469d-11e7-af02-69e470af7417\"}], \"separate_axis\": 0, \"point_size\": \"1\", \"chart_type\": \"line\", \"fill\": \"0.5\", \"formatter\": \"percent\", \"label\": \"user\"}], \"axis_max\": \"1\"}}"
            },
            "id": "9ddea420-5a32-11ea-bc69-cdcc68092a57",
            "migrationVersion": {
                "visualization": "7.4.2"
            },
            "references": [],
            "type": "visualization",
            "updated_at": "2020-03-02T14:27:31.125Z",
            "version": "Wzc2MywzXQ=="
        },
        {
            "attributes": {
                "description": "Node free memory",
                "kibanaSavedObjectMeta": {
                    "searchSourceJSON": "{\"query\": {\"language\": \"kuery\", \"query\": \"\"}, \"filter\": []}"
                },
                "title": "Node free memory [Metricbeat Redis Enterprise]",
                "uiStateJSON": "{}",
                "version": 1,
                "visState": "{\"aggs\": [], \"type\": \"metrics\", \"title\": \"Node free memory [Metricbeat Redis Enterprise]\", \"params\": {\"axis_formatter\": \"number\", \"id\": \"61ca57f0-469d-11e7-af02-69e470af7417\", \"isModelInvalid\": false, \"index_pattern\": \"metricbeat-*\", \"annotations\": [{\"ignore_panel_filters\": 1, \"color\": \"#F00\", \"ignore_global_filters\": 1, \"query_string\": {\"language\": \"kuery\", \"query\": \"\"}, \"id\": \"5cc43a90-5a32-11ea-94fe-9d9d001ff143\", \"index_pattern\": \"*\", \"fields\": \"\", \"template\": \"\", \"icon\": \"fa-tag\"}], \"gauge_color_rules\": [{\"id\": \"d5c40740-5a32-11ea-94fe-9d9d001ff143\"}], \"time_field\": \"\", \"axis_min\": \"0\", \"axis_position\": \"left\", \"default_timefield\": \"@timestamp\", \"gauge_style\": \"half\", \"legend_position\": \"bottom\", \"default_index_pattern\": \"metricbeat-*\", \"show_legend\": 1, \"background_color_rules\": [{\"id\": \"4493a7d0-5a37-11ea-83f4-dbbc99caa7c0\"}], \"gauge_inner_width\": 10, \"interval\": \"1m\", \"axis_scale\": \"normal\", \"show_grid\": 1, \"gauge_width\": 10, \"type\": \"metric\", \"series\": [{\"steps\": 0, \"color\": \"rgba(164,221,0,1)\", \"line_width\": \"1\", \"axis_position\": \"right\", \"id\": \"61ca57f1-469d-11e7-af02-69e470af7417\", \"terms_field\": \"prometheus.labels.node\", \"stacked\": \"none\", \"type\": \"timeseries\", \"split_mode\": \"everything\", \"metrics\": [{\"type\": \"avg\", \"field\": \"prometheus.metrics.node_free_memory\", \"id\": \"61ca57f2-469d-11e7-af02-69e470af7417\"}], \"separate_axis\": 0, \"point_size\": \"1\", \"chart_type\": \"line\", \"fill\": \"0.5\", \"formatter\": \"bytes\", \"label\": \"Free memory\"}], \"axis_max\": \"\"}}"
            },
            "id": "49c7dbf0-5a36-11ea-bc69-cdcc68092a57",
            "migrationVersion": {
                "visualization": "7.4.2"
            },
            "references": [],
            "type": "visualization",
            "updated_at": "2020-03-02T14:27:48.934Z",
            "version": "Wzc2NCwzXQ=="
        },
        {
            "attributes": {
                "description": "Free disk space on configured persistent disk",
                "kibanaSavedObjectMeta": {
                    "searchSourceJSON": "{\"query\": {\"language\": \"kuery\", \"query\": \"\"}, \"filter\": []}"
                },
                "title": "Free persistent disk space [Metricbeat Redis Enterprise]",
                "uiStateJSON": "{}",
                "version": 1,
                "visState": "{\"aggs\": [], \"type\": \"metrics\", \"title\": \"Free persistent disk space [Metricbeat Redis Enterprise]\", \"params\": {\"axis_formatter\": \"number\", \"id\": \"61ca57f0-469d-11e7-af02-69e470af7417\", \"isModelInvalid\": false, \"index_pattern\": \"metricbeat-*\", \"annotations\": [{\"ignore_panel_filters\": 1, \"color\": \"#F00\", \"ignore_global_filters\": 1, \"query_string\": {\"language\": \"kuery\", \"query\": \"\"}, \"id\": \"5cc43a90-5a32-11ea-94fe-9d9d001ff143\", \"index_pattern\": \"*\", \"fields\": \"\", \"template\": \"\", \"icon\": \"fa-tag\"}], \"gauge_color_rules\": [{\"id\": \"d5c40740-5a32-11ea-94fe-9d9d001ff143\"}], \"time_field\": \"\", \"axis_min\": \"0\", \"axis_position\": \"left\", \"default_timefield\": \"@timestamp\", \"gauge_style\": \"half\", \"legend_position\": \"bottom\", \"default_index_pattern\": \"metricbeat-*\", \"show_legend\": 1, \"background_color_rules\": [{\"id\": \"4493a7d0-5a37-11ea-83f4-dbbc99caa7c0\"}], \"gauge_inner_width\": 10, \"interval\": \"1m\", \"axis_scale\": \"normal\", \"show_grid\": 1, \"gauge_width\": 10, \"type\": \"metric\", \"series\": [{\"steps\": 0, \"color\": \"rgba(164,221,0,1)\", \"line_width\": \"1\", \"axis_position\": \"right\", \"id\": \"61ca57f1-469d-11e7-af02-69e470af7417\", \"terms_field\": \"prometheus.labels.node\", \"stacked\": \"none\", \"type\": \"timeseries\", \"split_mode\": \"everything\", \"metrics\": [{\"type\": \"avg\", \"field\": \"prometheus.metrics.node_persistent_storage_free\", \"id\": \"61ca57f2-469d-11e7-af02-69e470af7417\"}], \"separate_axis\": 0, \"point_size\": \"1\", \"chart_type\": \"line\", \"fill\": \"0.5\", \"formatter\": \"bytes\", \"label\": \"Free persistent\"}], \"axis_max\": \"\"}}"
            },
            "id": "14f6de30-5c7a-11ea-b0b5-8133f1152545",
            "migrationVersion": {
                "visualization": "7.4.2"
            },
            "references": [],
            "type": "visualization",
            "updated_at": "2020-03-02T14:28:01.957Z",
            "version": "Wzc2NSwzXQ=="
        },
        {
            "attributes": {
                "description": "Free disk space on configured ephemeral disk",
                "kibanaSavedObjectMeta": {
                    "searchSourceJSON": "{\"query\": {\"language\": \"kuery\", \"query\": \"\"}, \"filter\": []}"
                },
                "title": "Free ephemeral disk space [Metricbeat Redis Enterprise]",
                "uiStateJSON": "{}",
                "version": 1,
                "visState": "{\"aggs\": [], \"type\": \"metrics\", \"title\": \"Free ephemeral disk space [Metricbeat Redis Enterprise]\", \"params\": {\"axis_formatter\": \"number\", \"id\": \"61ca57f0-469d-11e7-af02-69e470af7417\", \"isModelInvalid\": false, \"index_pattern\": \"metricbeat-*\", \"annotations\": [{\"ignore_panel_filters\": 1, \"color\": \"#F00\", \"ignore_global_filters\": 1, \"query_string\": {\"language\": \"kuery\", \"query\": \"\"}, \"id\": \"5cc43a90-5a32-11ea-94fe-9d9d001ff143\", \"index_pattern\": \"*\", \"fields\": \"\", \"template\": \"\", \"icon\": \"fa-tag\"}], \"gauge_color_rules\": [{\"id\": \"d5c40740-5a32-11ea-94fe-9d9d001ff143\"}], \"time_field\": \"\", \"axis_min\": \"0\", \"axis_position\": \"left\", \"default_timefield\": \"@timestamp\", \"gauge_style\": \"half\", \"legend_position\": \"bottom\", \"default_index_pattern\": \"metricbeat-*\", \"show_legend\": 1, \"background_color_rules\": [{\"id\": \"4493a7d0-5a37-11ea-83f4-dbbc99caa7c0\"}], \"gauge_inner_width\": 10, \"interval\": \"1m\", \"axis_scale\": \"normal\", \"show_grid\": 1, \"gauge_width\": 10, \"type\": \"metric\", \"series\": [{\"steps\": 0, \"color\": \"rgba(164,221,0,1)\", \"line_width\": \"1\", \"axis_position\": \"right\", \"id\": \"61ca57f1-469d-11e7-af02-69e470af7417\", \"terms_field\": \"prometheus.labels.node\", \"stacked\": \"none\", \"type\": \"timeseries\", \"split_mode\": \"everything\", \"metrics\": [{\"type\": \"avg\", \"field\": \"prometheus.metrics.node_ephemeral_storage_free\", \"id\": \"61ca57f2-469d-11e7-af02-69e470af7417\"}], \"separate_axis\": 0, \"point_size\": \"1\", \"chart_type\": \"line\", \"fill\": \"0.5\", \"formatter\": \"bytes\", \"label\": \"Free ephemeral\"}], \"axis_max\": \"\"}}"
            },
            "id": "2d7ec670-5c7a-11ea-b0b5-8133f1152545",
            "migrationVersion": {
                "visualization": "7.4.2"
            },
            "references": [],
            "type": "visualization",
            "updated_at": "2020-03-02T14:28:19.864Z",
            "version": "Wzc2NiwzXQ=="
        },
        {
            "attributes": {
                "description": "Rate of incoming/outgoing network traffic",
                "kibanaSavedObjectMeta": {
                    "searchSourceJSON": "{\"query\": {\"language\": \"kuery\", \"query\": \"\"}, \"filter\": []}"
                },
                "title": "Rate of incoming/outgoing network traffic [Metricbeat Redis Enterprise]",
                "uiStateJSON": "{}",
                "version": 1,
                "visState": "{\"aggs\": [], \"type\": \"metrics\", \"title\": \"Rate of incoming/outgoing network traffic [Metricbeat Redis Enterprise]\", \"params\": {\"axis_formatter\": \"number\", \"id\": \"61ca57f0-469d-11e7-af02-69e470af7417\", \"isModelInvalid\": false, \"index_pattern\": \"metricbeat-*\", \"annotations\": [{\"ignore_panel_filters\": 1, \"color\": \"#F00\", \"ignore_global_filters\": 1, \"query_string\": {\"language\": \"kuery\", \"query\": \"\"}, \"id\": \"5cc43a90-5a32-11ea-94fe-9d9d001ff143\", \"index_pattern\": \"*\", \"fields\": \"\", \"template\": \"\", \"icon\": \"fa-tag\"}], \"gauge_color_rules\": [{\"id\": \"d5c40740-5a32-11ea-94fe-9d9d001ff143\"}], \"time_field\": \"\", \"axis_min\": \"0\", \"axis_position\": \"left\", \"default_timefield\": \"@timestamp\", \"gauge_style\": \"half\", \"legend_position\": \"bottom\", \"default_index_pattern\": \"metricbeat-*\", \"show_legend\": 1, \"gauge_inner_width\": 10, \"interval\": \"1m\", \"axis_scale\": \"normal\", \"show_grid\": 1, \"gauge_width\": 10, \"type\": \"timeseries\", \"series\": [{\"steps\": 0, \"color\": \"rgba(0,156,224,1)\", \"line_width\": \"1\", \"axis_position\": \"right\", \"id\": \"61ca57f1-469d-11e7-af02-69e470af7417\", \"terms_field\": \"prometheus.labels.node\", \"stacked\": \"none\", \"type\": \"timeseries\", \"split_mode\": \"everything\", \"metrics\": [{\"type\": \"avg\", \"field\": \"prometheus.metrics.node_ingress_bytes\", \"id\": \"61ca57f2-469d-11e7-af02-69e470af7417\"}], \"separate_axis\": 0, \"point_size\": \"1\", \"chart_type\": \"line\", \"fill\": \"0.5\", \"formatter\": \"bytes\", \"label\": \"Node ingress\"}, {\"steps\": 0, \"color\": \"rgba(211,49,21,1)\", \"line_width\": \"1\", \"axis_position\": \"right\", \"id\": \"cc4a9810-5c93-11ea-a0a2-61bf5e1bd67b\", \"terms_field\": \"prometheus.labels.node\", \"stacked\": \"none\", \"type\": \"timeseries\", \"split_mode\": \"everything\", \"metrics\": [{\"type\": \"avg\", \"field\": \"prometheus.metrics.node_egress_bytes\", \"id\": \"cc4a9811-5c93-11ea-a0a2-61bf5e1bd67b\"}], \"separate_axis\": 0, \"point_size\": \"1\", \"chart_type\": \"line\", \"fill\": \"0.5\", \"formatter\": \"bytes\", \"label\": \"Node egress\"}], \"axis_max\": \"\"}}"
            },
            "id": "f6c6d0e0-5a36-11ea-bc69-cdcc68092a57",
            "migrationVersion": {
                "visualization": "7.4.2"
            },
            "references": [],
            "type": "visualization",
            "updated_at": "2020-03-02T14:42:18.930Z",
            "version": "Wzc4NCwzXQ=="
        },
        {
            "attributes": {
                "description": "Request rate handled by endpoints on node",
                "kibanaSavedObjectMeta": {
                    "searchSourceJSON": "{\"query\": {\"language\": \"kuery\", \"query\": \"\"}, \"filter\": []}"
                },
                "title": "Total requests (ops/sec) [Metricbeat Redis Enterprise]",
                "uiStateJSON": "{}",
                "version": 1,
                "visState": "{\"aggs\": [], \"type\": \"metrics\", \"title\": \"Total requests (ops/sec) [Metricbeat Redis Enterprise]\", \"params\": {\"axis_formatter\": \"number\", \"id\": \"61ca57f0-469d-11e7-af02-69e470af7417\", \"isModelInvalid\": false, \"index_pattern\": \"metricbeat-*\", \"annotations\": [{\"ignore_panel_filters\": 1, \"color\": \"#F00\", \"ignore_global_filters\": 1, \"query_string\": {\"language\": \"kuery\", \"query\": \"\"}, \"id\": \"5cc43a90-5a32-11ea-94fe-9d9d001ff143\", \"index_pattern\": \"*\", \"fields\": \"\", \"template\": \"\", \"icon\": \"fa-tag\"}], \"gauge_color_rules\": [{\"id\": \"d5c40740-5a32-11ea-94fe-9d9d001ff143\"}], \"time_field\": \"\", \"axis_min\": \"0\", \"axis_position\": \"left\", \"default_timefield\": \"@timestamp\", \"gauge_style\": \"half\", \"legend_position\": \"bottom\", \"default_index_pattern\": \"metricbeat-*\", \"show_legend\": 1, \"background_color_rules\": [{\"id\": \"4493a7d0-5a37-11ea-83f4-dbbc99caa7c0\"}], \"gauge_inner_width\": 10, \"interval\": \"1m\", \"axis_scale\": \"normal\", \"show_grid\": 1, \"gauge_width\": 10, \"type\": \"timeseries\", \"series\": [{\"steps\": 0, \"color\": \"rgba(12,121,125,1)\", \"line_width\": \"1\", \"axis_position\": \"right\", \"id\": \"61ca57f1-469d-11e7-af02-69e470af7417\", \"terms_field\": \"prometheus.labels.node\", \"stacked\": \"none\", \"type\": \"timeseries\", \"split_mode\": \"everything\", \"metrics\": [{\"type\": \"avg\", \"field\": \"prometheus.metrics.node_total_req\", \"id\": \"61ca57f2-469d-11e7-af02-69e470af7417\"}], \"separate_axis\": 0, \"point_size\": \"1\", \"chart_type\": \"line\", \"fill\": \"0.5\", \"formatter\": \"number\", \"label\": \"Total requests (ops/sec)\"}], \"axis_max\": \"\"}}"
            },
            "id": "6c861200-5c7b-11ea-b0b5-8133f1152545",
            "migrationVersion": {
                "visualization": "7.4.2"
            },
            "references": [],
            "type": "visualization",
            "updated_at": "2020-03-02T14:44:20.783Z",
            "version": "Wzc4NiwzXQ=="
        },
        {
            "attributes": {
                "description": "Number of clients connected to endpoints on node",
                "kibanaSavedObjectMeta": {
                    "searchSourceJSON": "{\"query\": {\"language\": \"kuery\", \"query\": \"\"}, \"filter\": []}"
                },
                "title": "Connections [Metricbeat Redis Enterprise]",
                "uiStateJSON": "{}",
                "version": 1,
                "visState": "{\"aggs\": [], \"type\": \"metrics\", \"title\": \"Connections [Metricbeat Redis Enterprise]\", \"params\": {\"axis_formatter\": \"number\", \"id\": \"61ca57f0-469d-11e7-af02-69e470af7417\", \"isModelInvalid\": false, \"index_pattern\": \"metricbeat-*\", \"annotations\": [{\"ignore_panel_filters\": 1, \"color\": \"#F00\", \"ignore_global_filters\": 1, \"query_string\": {\"language\": \"kuery\", \"query\": \"\"}, \"id\": \"5cc43a90-5a32-11ea-94fe-9d9d001ff143\", \"index_pattern\": \"*\", \"fields\": \"\", \"template\": \"\", \"icon\": \"fa-tag\"}], \"gauge_color_rules\": [{\"id\": \"d5c40740-5a32-11ea-94fe-9d9d001ff143\"}], \"time_field\": \"\", \"axis_min\": \"0\", \"axis_position\": \"left\", \"default_timefield\": \"@timestamp\", \"gauge_style\": \"half\", \"legend_position\": \"bottom\", \"default_index_pattern\": \"metricbeat-*\", \"show_legend\": 1, \"background_color_rules\": [{\"id\": \"4493a7d0-5a37-11ea-83f4-dbbc99caa7c0\"}], \"gauge_inner_width\": 10, \"interval\": \"1m\", \"axis_scale\": \"normal\", \"show_grid\": 1, \"gauge_width\": 10, \"type\": \"timeseries\", \"series\": [{\"steps\": 0, \"color\": \"rgba(123,100,255,1)\", \"line_width\": \"1\", \"axis_position\": \"right\", \"id\": \"61ca57f1-469d-11e7-af02-69e470af7417\", \"terms_field\": \"prometheus.labels.node\", \"stacked\": \"none\", \"type\": \"timeseries\", \"split_mode\": \"everything\", \"metrics\": [{\"type\": \"avg\", \"field\": \"prometheus.metrics.node_conns\", \"id\": \"61ca57f2-469d-11e7-af02-69e470af7417\"}], \"separate_axis\": 0, \"point_size\": \"1\", \"chart_type\": \"line\", \"fill\": \"0.5\", \"formatter\": \"number\", \"label\": \"Connections\"}], \"axis_max\": \"\"}}"
            },
            "id": "b5621150-5c7a-11ea-b0b5-8133f1152545",
            "migrationVersion": {
                "visualization": "7.4.2"
            },
            "references": [],
            "type": "visualization",
            "updated_at": "2020-03-02T14:44:37.374Z",
            "version": "Wzc4NywzXQ=="
        },
        {
            "attributes": {
                "description": "Number of memcached GET/SET commands sent to the DB",
                "kibanaSavedObjectMeta": {
                    "searchSourceJSON": "{\"query\": {\"language\": \"kuery\", \"query\": \"\"}, \"filter\": []}"
                },
                "title": "GET/SET commands [Metricbeat Redis Enterprise]",
                "uiStateJSON": "{}",
                "version": 1,
                "visState": "{\"aggs\": [], \"type\": \"metrics\", \"title\": \"GET/SET commands [Metricbeat Redis Enterprise]\", \"params\": {\"axis_formatter\": \"number\", \"id\": \"61ca57f0-469d-11e7-af02-69e470af7417\", \"isModelInvalid\": false, \"index_pattern\": \"metricbeat-*\", \"annotations\": [{\"ignore_panel_filters\": 1, \"color\": \"#F00\", \"ignore_global_filters\": 1, \"query_string\": {\"language\": \"kuery\", \"query\": \"\"}, \"id\": \"5cc43a90-5a32-11ea-94fe-9d9d001ff143\", \"index_pattern\": \"*\", \"fields\": \"\", \"template\": \"\", \"icon\": \"fa-tag\"}], \"gauge_color_rules\": [{\"id\": \"d5c40740-5a32-11ea-94fe-9d9d001ff143\"}], \"time_field\": \"\", \"axis_min\": \"0\", \"axis_position\": \"left\", \"default_timefield\": \"@timestamp\", \"gauge_style\": \"half\", \"legend_position\": \"bottom\", \"default_index_pattern\": \"metricbeat-*\", \"show_legend\": 1, \"background_color_rules\": [{\"id\": \"4493a7d0-5a37-11ea-83f4-dbbc99caa7c0\"}], \"gauge_inner_width\": 10, \"interval\": \"1m\", \"axis_scale\": \"normal\", \"show_grid\": 1, \"gauge_width\": 10, \"type\": \"timeseries\", \"series\": [{\"steps\": 0, \"color\": \"rgba(22,165,165,1)\", \"line_width\": \"1\", \"axis_position\": \"right\", \"id\": \"61ca57f1-469d-11e7-af02-69e470af7417\", \"terms_field\": \"prometheus.labels.proxy\", \"stacked\": \"none\", \"type\": \"timeseries\", \"split_mode\": \"everything\", \"metrics\": [{\"type\": \"avg\", \"field\": \"prometheus.metrics.listener_cmd_get\", \"id\": \"61ca57f2-469d-11e7-af02-69e470af7417\"}], \"separate_axis\": 0, \"point_size\": \"1\", \"chart_type\": \"line\", \"fill\": \"0.5\", \"formatter\": \"number\", \"label\": \"GET\"}, {\"steps\": 0, \"color\": \"rgba(252,220,0,1)\", \"line_width\": \"1\", \"axis_position\": \"right\", \"id\": \"90e3af50-5c93-11ea-a0a2-61bf5e1bd67b\", \"terms_field\": \"prometheus.labels.proxy\", \"stacked\": \"none\", \"type\": \"timeseries\", \"split_mode\": \"everything\", \"metrics\": [{\"type\": \"avg\", \"field\": \"prometheus.metrics.listener_cmd_set\", \"id\": \"90e3af51-5c93-11ea-a0a2-61bf5e1bd67b\"}], \"separate_axis\": 0, \"point_size\": \"1\", \"chart_type\": \"line\", \"fill\": \"0.5\", \"formatter\": \"number\", \"label\": \"SET\"}], \"axis_max\": \"\"}}"
            },
            "id": "3c776b90-5c80-11ea-b0b5-8133f1152545",
            "migrationVersion": {
                "visualization": "7.4.2"
            },
            "references": [],
            "type": "visualization",
            "updated_at": "2020-03-02T14:40:12.682Z",
            "version": "Wzc4MSwzXQ=="
        },
        {
            "attributes": {
                "description": "Number of memcached commands sent to the DB",
                "kibanaSavedObjectMeta": {
                    "searchSourceJSON": "{\"query\": {\"language\": \"kuery\", \"query\": \"\"}, \"filter\": []}"
                },
                "title": "Other commands [Metricbeat Redis Enterprise]",
                "uiStateJSON": "{}",
                "version": 1,
                "visState": "{\"aggs\": [], \"type\": \"metrics\", \"title\": \"Other commands [Metricbeat Redis Enterprise]\", \"params\": {\"axis_formatter\": \"number\", \"id\": \"61ca57f0-469d-11e7-af02-69e470af7417\", \"isModelInvalid\": false, \"index_pattern\": \"metricbeat-*\", \"annotations\": [{\"ignore_panel_filters\": 1, \"color\": \"#F00\", \"ignore_global_filters\": 1, \"query_string\": {\"language\": \"kuery\", \"query\": \"\"}, \"id\": \"5cc43a90-5a32-11ea-94fe-9d9d001ff143\", \"index_pattern\": \"*\", \"fields\": \"\", \"template\": \"\", \"icon\": \"fa-tag\"}], \"gauge_color_rules\": [{\"id\": \"d5c40740-5a32-11ea-94fe-9d9d001ff143\"}], \"time_field\": \"\", \"axis_min\": \"0\", \"axis_position\": \"left\", \"default_timefield\": \"@timestamp\", \"gauge_style\": \"half\", \"legend_position\": \"bottom\", \"default_index_pattern\": \"metricbeat-*\", \"show_legend\": 1, \"background_color_rules\": [{\"id\": \"4493a7d0-5a37-11ea-83f4-dbbc99caa7c0\"}], \"gauge_inner_width\": 10, \"interval\": \"1m\", \"axis_scale\": \"normal\", \"show_grid\": 1, \"gauge_width\": 10, \"type\": \"timeseries\", \"series\": [{\"steps\": 0, \"color\": \"rgba(244,78,59,1)\", \"line_width\": \"1\", \"axis_position\": \"right\", \"id\": \"61ca57f1-469d-11e7-af02-69e470af7417\", \"terms_field\": \"prometheus.labels.proxy\", \"stacked\": \"none\", \"type\": \"timeseries\", \"split_mode\": \"everything\", \"metrics\": [{\"type\": \"avg\", \"field\": \"prometheus.metrics.listener_cmd_touch\", \"id\": \"61ca57f2-469d-11e7-af02-69e470af7417\"}], \"separate_axis\": 0, \"point_size\": \"1\", \"value_template\": \"{{value}}\", \"chart_type\": \"line\", \"fill\": \"0.5\", \"formatter\": \"number\", \"label\": \"TOUCH\"}, {\"steps\": 0, \"color\": \"rgba(252,220,0,1)\", \"line_width\": \"1\", \"axis_position\": \"right\", \"id\": \"0576cfe0-5c90-11ea-83c6-4f084e5b49b0\", \"terms_field\": \"prometheus.labels.proxy\", \"stacked\": \"none\", \"type\": \"timeseries\", \"split_mode\": \"everything\", \"metrics\": [{\"type\": \"avg\", \"field\": \"prometheus.metrics.listener_cmd_flush\", \"id\": \"0576cfe1-5c90-11ea-83c6-4f084e5b49b0\"}], \"separate_axis\": 0, \"point_size\": \"1\", \"chart_type\": \"line\", \"fill\": \"0.5\", \"formatter\": \"number\", \"label\": \"FLUSH\"}, {\"steps\": 0, \"color\": \"rgba(164,221,0,1)\", \"line_width\": \"1\", \"axis_position\": \"right\", \"id\": \"22e43a90-5c90-11ea-83c6-4f084e5b49b0\", \"terms_field\": \"prometheus.labels.proxy\", \"stacked\": \"none\", \"type\": \"timeseries\", \"split_mode\": \"everything\", \"metrics\": [{\"type\": \"avg\", \"field\": \"prometheus.metrics.listener_auth_cmds\", \"id\": \"22e43a91-5c90-11ea-83c6-4f084e5b49b0\"}], \"separate_axis\": 0, \"point_size\": \"1\", \"chart_type\": \"line\", \"fill\": \"0.5\", \"formatter\": \"number\", \"label\": \"AUTH\"}], \"axis_max\": \"\"}}"
            },
            "id": "837f9fd0-5c80-11ea-b0b5-8133f1152545",
            "migrationVersion": {
                "visualization": "7.4.2"
            },
            "references": [],
            "type": "visualization",
            "updated_at": "2020-03-02T14:26:30.812Z",
            "version": "Wzc2MSwzXQ=="
        },
        {
            "attributes": {
                "description": "Average latency of all types of commands on DB",
                "kibanaSavedObjectMeta": {
                    "searchSourceJSON": "{\"query\": {\"language\": \"kuery\", \"query\": \"\"}, \"filter\": []}"
                },
                "title": "Listener latency [Metricbeat Redis Enterprise]",
                "uiStateJSON": "{}",
                "version": 1,
                "visState": "{\"aggs\": [], \"type\": \"metrics\", \"title\": \"Listener latency [Metricbeat Redis Enterprise]\", \"params\": {\"axis_formatter\": \"number\", \"show_legend\": 1, \"isModelInvalid\": false, \"index_pattern\": \"metricbeat-*\", \"annotations\": [{\"ignore_panel_filters\": 1, \"color\": \"#F00\", \"ignore_global_filters\": 1, \"query_string\": {\"language\": \"kuery\", \"query\": \"\"}, \"id\": \"5cc43a90-5a32-11ea-94fe-9d9d001ff143\", \"index_pattern\": \"*\", \"fields\": \"\", \"template\": \"\", \"icon\": \"fa-tag\"}], \"gauge_color_rules\": [{\"id\": \"d5c40740-5a32-11ea-94fe-9d9d001ff143\"}], \"time_field\": \"\", \"axis_min\": \"0\", \"axis_position\": \"left\", \"default_timefield\": \"@timestamp\", \"gauge_style\": \"half\", \"legend_position\": \"bottom\", \"default_index_pattern\": \"metricbeat-*\", \"bar_color_rules\": [{\"id\": \"69b152e0-5c96-11ea-a0a2-61bf5e1bd67b\"}], \"id\": \"61ca57f0-469d-11e7-af02-69e470af7417\", \"background_color_rules\": [{\"id\": \"4493a7d0-5a37-11ea-83f4-dbbc99caa7c0\"}], \"gauge_inner_width\": 10, \"interval\": \"1m\", \"axis_scale\": \"normal\", \"show_grid\": 1, \"gauge_width\": 10, \"type\": \"timeseries\", \"series\": [{\"steps\": 0, \"color\": \"rgba(12,121,125,1)\", \"line_width\": \"1\", \"axis_position\": \"right\", \"id\": \"61ca57f1-469d-11e7-af02-69e470af7417\", \"terms_field\": \"prometheus.labels.node\", \"stacked\": \"none\", \"type\": \"timeseries\", \"split_mode\": \"everything\", \"metrics\": [{\"type\": \"avg\", \"field\": \"prometheus.metrics.listener_acc_latency\", \"id\": \"61ca57f2-469d-11e7-af02-69e470af7417\"}, {\"type\": \"avg\", \"field\": \"prometheus.metrics.listener_total_res\", \"id\": \"37d10ba0-5c99-11ea-a0a2-61bf5e1bd67b\"}, {\"script\": \"params.listener_acc_latency != null && params.listener_total_res > 0 ? params.listener_acc_latency/params.listener_total_res : null\", \"type\": \"calculation\", \"id\": \"12007b60-5c97-11ea-a0a2-61bf5e1bd67b\", \"variables\": [{\"field\": \"61ca57f2-469d-11e7-af02-69e470af7417\", \"id\": \"144dedd0-5c97-11ea-a0a2-61bf5e1bd67b\", \"name\": \"listener_acc_latency\"}, {\"field\": \"37d10ba0-5c99-11ea-a0a2-61bf5e1bd67b\", \"id\": \"bf706520-5c98-11ea-a0a2-61bf5e1bd67b\", \"name\": \"listener_total_res\"}]}], \"separate_axis\": 0, \"point_size\": \"1\", \"chart_type\": \"line\", \"fill\": \"0.5\", \"formatter\": \"ms,ms,\", \"label\": \"Latency\"}], \"axis_max\": \"\"}}"
            },
            "id": "a452c8c0-5c96-11ea-b0b5-8133f1152545",
            "migrationVersion": {
                "visualization": "7.4.2"
            },
            "references": [],
            "type": "visualization",
            "updated_at": "2020-03-02T15:21:44.393Z",
            "version": "Wzc5MSwzXQ=="
        }
    ],
    "version": "7.1.0"
}