{
    "objects": [
        {
            "attributes": {
                "description": "Overview of system metrics",
                "hits": 0,
                "kibanaSavedObjectMeta": {
                    "searchSourceJSON": "{\"version\": true, \"query\": {\"language\": \"kuery\", \"query\": \"\"}, \"highlightAll\": true, \"filter\": []}"
                },
                "optionsJSON": "{\"darkTheme\": false}",
                "panelsJSON": "[{\"panelRefName\": \"panel_0\", \"gridData\": {\"w\": 48, \"x\": 0, \"y\": 0, \"i\": \"9\", \"h\": 4}, \"panelIndex\": \"9\", \"embeddableConfig\": {}, \"version\": \"7.6.0\"}, {\"panelRefName\": \"panel_1\", \"gridData\": {\"w\": 8, \"x\": 0, \"y\": 4, \"i\": \"11\", \"h\": 8}, \"panelIndex\": \"11\", \"embeddableConfig\": {\"vis\": {\"defaultColors\": {\"0 - 100\": \"rgb(0,104,55)\"}}}, \"version\": \"7.6.0\"}, {\"panelRefName\": \"panel_2\", \"gridData\": {\"w\": 24, \"x\": 24, \"y\": 12, \"i\": \"12\", \"h\": 20}, \"panelIndex\": \"12\", \"embeddableConfig\": {\"vis\": {\"defaultColors\": {\"0 - 100\": \"rgb(0,104,55)\"}}}, \"version\": \"7.6.0\"}, {\"panelRefName\": \"panel_3\", \"gridData\": {\"w\": 24, \"x\": 0, \"y\": 12, \"i\": \"13\", \"h\": 20}, \"panelIndex\": \"13\", \"embeddableConfig\": {}, \"version\": \"7.6.0\"}, {\"panelRefName\": \"panel_4\", \"gridData\": {\"w\": 48, \"x\": 0, \"y\": 32, \"i\": \"14\", \"h\": 24}, \"panelIndex\": \"14\", \"embeddableConfig\": {\"vis\": {\"defaultColors\": {\"45% - 60%\": \"rgb(35,139,69)\", \"0% - 15%\": \"rgb(247,252,245)\", \"15% - 30%\": \"rgb(199,233,192)\", \"30% - 45%\": \"rgb(116,196,118)\"}}}, \"version\": \"7.6.0\"}, {\"panelRefName\": \"panel_5\", \"gridData\": {\"w\": 8, \"x\": 32, \"y\": 4, \"i\": \"16\", \"h\": 8}, \"panelIndex\": \"16\", \"embeddableConfig\": {\"vis\": {\"defaultColors\": {\"0 - 100\": \"rgb(0,104,55)\"}}}, \"version\": \"7.6.0\"}, {\"panelRefName\": \"panel_6\", \"gridData\": {\"w\": 8, \"x\": 40, \"y\": 4, \"i\": \"17\", \"h\": 8}, \"panelIndex\": \"17\", \"embeddableConfig\": {}, \"version\": \"7.6.0\"}, {\"panelRefName\": \"panel_7\", \"gridData\": {\"w\": 8, \"x\": 24, \"y\": 4, \"i\": \"18\", \"h\": 8}, \"panelIndex\": \"18\", \"embeddableConfig\": {}, \"version\": \"7.6.0\"}, {\"panelRefName\": \"panel_8\", \"gridData\": {\"w\": 8, \"x\": 16, \"y\": 4, \"i\": \"19\", \"h\": 8}, \"panelIndex\": \"19\", \"embeddableConfig\": {}, \"version\": \"7.6.0\"}, {\"panelRefName\": \"panel_9\", \"gridData\": {\"w\": 8, \"x\": 8, \"y\": 4, \"i\": \"20\", \"h\": 8}, \"panelIndex\": \"20\", \"embeddableConfig\": {}, \"version\": \"7.6.0\"}]",
                "timeRestore": false,
                "title": "[Metricbeat System] Overview ECS",
                "version": 1
            },
            "id": "Metricbeat-system-overview-ecs",
            "migrationVersion": {
                "dashboard": "7.3.0"
            },
            "references": [
                {
                    "id": "System-Navigation-ecs",
                    "name": "panel_0",
                    "type": "visualization"
                },
                {
                    "id": "c6f2ffd0-4d17-11e7-a196-69b9a7a020a9-ecs",
                    "name": "panel_1",
                    "type": "visualization"
                },
                {
                    "id": "fe064790-1b1f-11e7-bec4-a5e9ec5cab8b-ecs",
                    "name": "panel_2",
                    "type": "visualization"
                },
                {
                    "id": "855899e0-1b1c-11e7-b09e-037021c4f8df-ecs",
                    "name": "panel_3",
                    "type": "visualization"
                },
                {
                    "id": "7cdb1330-4d1a-11e7-a196-69b9a7a020a9-ecs",
                    "name": "panel_4",
                    "type": "visualization"
                },
                {
                    "id": "522ee670-1b92-11e7-bec4-a5e9ec5cab8b-ecs",
                    "name": "panel_5",
                    "type": "visualization"
                },
                {
                    "id": "1aae9140-1b93-11e7-8ada-3df93aab833e-ecs",
                    "name": "panel_6",
                    "type": "visualization"
                },
                {
                    "id": "825fdb80-4d1d-11e7-b5f2-2b7c1895bf32-ecs",
                    "name": "panel_7",
                    "type": "visualization"
                },
                {
                    "id": "d3166e80-1b91-11e7-bec4-a5e9ec5cab8b-ecs",
                    "name": "panel_8",
                    "type": "visualization"
                },
                {
                    "id": "83e12df0-1b91-11e7-bec4-a5e9ec5cab8b-ecs",
                    "name": "panel_9",
                    "type": "visualization"
                }
            ],
            "type": "dashboard",
            "updated_at": "2020-03-26T17:29:07.346Z",
            "version": "WzY3NjMsN10="
        },
        {
            "attributes": {
                "description": "",
                "kibanaSavedObjectMeta": {
                    "searchSourceJSON": "{\"query\": {\"language\": \"kuery\", \"query\": \"\"}, \"filter\": []}"
                },
                "title": "System Navigation [Metricbeat System] ECS",
                "uiStateJSON": "{}",
                "version": 1,
                "visState": "{\"aggs\": [], \"type\": \"markdown\", \"title\": \"System Navigation [Metricbeat System] ECS\", \"params\": {\"markdown\": \"[System Overview](#/dashboard/Metricbeat-system-overview-ecs)  | [Host Overview](#/dashboard/79ffd6e0-faa0-11e6-947f-177f697178b8-ecs) |\\n[Containers overview](#/dashboard/CPU-slash-Memory-per-container-ecs)\", \"fontSize\": 12}}"
            },
            "id": "System-Navigation-ecs",
            "migrationVersion": {
                "visualization": "7.4.2"
            },
            "references": [],
            "type": "visualization",
            "updated_at": "2020-03-03T20:18:44.291Z",
            "version": "WzUzNzIsM10="
        },
        {
            "attributes": {
                "description": "",
                "kibanaSavedObjectMeta": {
                    "searchSourceJSON": "{\"query\": {\"language\": \"kuery\", \"query\": \"\"}, \"indexRefName\": \"kibanaSavedObjectMeta.searchSourceJSON.index\", \"filter\": []}"
                },
                "title": "Number of hosts [Metricbeat System] ECS",
                "uiStateJSON": "{\"vis\": {\"defaultColors\": {\"0 - 100\": \"rgb(0,104,55)\"}}}",
                "version": 1,
                "visState": "{\"aggs\": [{\"type\": \"cardinality\", \"enabled\": true, \"id\": \"1\", \"schema\": \"metric\", \"params\": {\"field\": \"host.name\", \"customLabel\": \"Number of hosts\"}}], \"type\": \"metric\", \"title\": \"Number of hosts [Metricbeat System] ECS\", \"params\": {\"gauge\": {\"colorSchema\": \"Green to Red\", \"gaugeType\": \"Metric\", \"orientation\": \"vertical\", \"invertColors\": false, \"autoExtend\": false, \"percentageMode\": false, \"gaugeStyle\": \"Full\", \"useRange\": false, \"colorsRange\": [{\"from\": 0, \"to\": 100}], \"type\": \"simple\", \"labels\": {\"show\": false, \"color\": \"black\"}, \"verticalSplit\": false, \"scale\": {\"show\": false, \"labels\": false, \"color\": \"#333\", \"width\": 2}, \"gaugeColorMode\": \"None\", \"backStyle\": \"Full\", \"style\": {\"subText\": \"\", \"labelColor\": false, \"bgColor\": false, \"bgFill\": \"#000\", \"fontSize\": \"63\"}}, \"type\": \"gauge\", \"addLegend\": false, \"addTooltip\": true}}"
            },
            "id": "c6f2ffd0-4d17-11e7-a196-69b9a7a020a9-ecs",
            "migrationVersion": {
                "visualization": "7.4.2"
            },
            "references": [
                {
                    "id": "metricbeat-*",
                    "name": "kibanaSavedObjectMeta.searchSourceJSON.index",
                    "type": "index-pattern"
                }
            ],
            "type": "visualization",
            "updated_at": "2020-03-03T20:18:44.291Z",
            "version": "WzUzNzMsM10="
        },
        {
            "attributes": {
                "description": "",
                "kibanaSavedObjectMeta": {
                    "searchSourceJSON": "{\"query\": {\"language\": \"kuery\", \"query\": \"\"}, \"filter\": []}"
                },
                "title": "Top Hosts By Memory (Realtime) [Metricbeat System] ECS",
                "uiStateJSON": "{}",
                "version": 1,
                "visState": "{\"aggs\": [], \"type\": \"metrics\", \"title\": \"Top Hosts By Memory (Realtime) [Metricbeat System] ECS\", \"params\": {\"bar_color_rules\": [{\"bar_color\": \"rgba(104,188,0,1)\", \"id\": \"33349dd0-1b1c-11e7-b09e-037021c4f8df\", \"value\": 0, \"operator\": \"gte\"}, {\"bar_color\": \"rgba(254,146,0,1)\", \"id\": \"997dc440-1b1c-11e7-b09e-037021c4f8df\", \"value\": 0.6, \"operator\": \"gte\"}, {\"bar_color\": \"rgba(211,49,21,1)\", \"id\": \"a10d7f20-1b1c-11e7-b09e-037021c4f8df\", \"value\": 0.85, \"operator\": \"gte\"}], \"axis_formatter\": \"number\", \"id\": \"31e5afa0-1b1c-11e7-b09e-037021c4f8df\", \"filter\": \"\", \"show_legend\": 1, \"index_pattern\": \"metricbeat-*\", \"time_field\": \"@timestamp\", \"type\": \"top_n\", \"interval\": \"auto\", \"axis_position\": \"left\", \"drilldown_url\": \"../app/kibana#/dashboard/79ffd6e0-faa0-11e6-947f-177f697178b8-ecs?_a=(query:(language:kuery,query:'host.name:\\\"{{key}}\\\"'))\", \"series\": [{\"seperate_axis\": 0, \"color\": \"#68BC00\", \"line_width\": 1, \"terms_field\": \"host.name\", \"id\": \"31e5afa1-1b1c-11e7-b09e-037021c4f8df\", \"terms_order_by\": \"31e5afa2-1b1c-11e7-b09e-037021c4f8df\", \"stacked\": \"none\", \"terms_size\": \"10\", \"split_mode\": \"terms\", \"metrics\": [{\"type\": \"avg\", \"field\": \"system.memory.actual.used.pct\", \"id\": \"31e5afa2-1b1c-11e7-b09e-037021c4f8df\"}], \"point_size\": 1, \"chart_type\": \"line\", \"fill\": 0.5, \"formatter\": \"percent\", \"axis_position\": \"right\"}], \"show_grid\": 1}}"
            },
            "id": "fe064790-1b1f-11e7-bec4-a5e9ec5cab8b-ecs",
            "migrationVersion": {
                "visualization": "7.4.2"
            },
            "references": [],
            "type": "visualization",
            "updated_at": "2020-03-03T20:18:44.291Z",
            "version": "WzUzNzQsM10="
        },
        {
            "attributes": {
                "description": "",
                "kibanaSavedObjectMeta": {
                    "searchSourceJSON": "{\"query\": {\"language\": \"kuery\", \"query\": \"\"}, \"filter\": []}"
                },
                "title": "Top Hosts By CPU (Realtime) [Metricbeat System] ECS",
                "uiStateJSON": "{}",
                "version": 1,
                "visState": "{\"aggs\": [], \"type\": \"metrics\", \"title\": \"Top Hosts By CPU (Realtime) [Metricbeat System] ECS\", \"params\": {\"bar_color_rules\": [{\"bar_color\": \"rgba(104,188,0,1)\", \"id\": \"33349dd0-1b1c-11e7-b09e-037021c4f8df\", \"value\": 0, \"operator\": \"gte\"}, {\"bar_color\": \"rgba(254,146,0,1)\", \"id\": \"997dc440-1b1c-11e7-b09e-037021c4f8df\", \"value\": 0.6, \"operator\": \"gte\"}, {\"bar_color\": \"rgba(211,49,21,1)\", \"id\": \"a10d7f20-1b1c-11e7-b09e-037021c4f8df\", \"value\": 0.85, \"operator\": \"gte\"}], \"axis_formatter\": \"number\", \"id\": \"31e5afa0-1b1c-11e7-b09e-037021c4f8df\", \"filter\": \"\", \"show_legend\": 1, \"index_pattern\": \"metricbeat-*\", \"time_field\": \"@timestamp\", \"type\": \"top_n\", \"interval\": \"auto\", \"axis_position\": \"left\", \"drilldown_url\": \"../app/kibana#/dashboard/79ffd6e0-faa0-11e6-947f-177f697178b8-ecs?_a=(query:(language:kuery,query:'host.name:\\\"{{key}}\\\"'))\", \"series\": [{\"seperate_axis\": 0, \"color\": \"#68BC00\", \"line_width\": 1, \"terms_field\": \"host.name\", \"id\": \"31e5afa1-1b1c-11e7-b09e-037021c4f8df\", \"terms_order_by\": \"31e5afa2-1b1c-11e7-b09e-037021c4f8df\", \"stacked\": \"none\", \"terms_size\": \"10\", \"split_mode\": \"terms\", \"metrics\": [{\"type\": \"avg\", \"field\": \"system.cpu.user.pct\", \"id\": \"31e5afa2-1b1c-11e7-b09e-037021c4f8df\"}], \"point_size\": 1, \"chart_type\": \"line\", \"fill\": 0.5, \"formatter\": \"percent\", \"axis_position\": \"right\"}], \"show_grid\": 1}}"
            },
            "id": "855899e0-1b1c-11e7-b09e-037021c4f8df-ecs",
            "migrationVersion": {
                "visualization": "7.4.2"
            },
            "references": [],
            "type": "visualization",
            "updated_at": "2020-03-03T20:18:44.291Z",
            "version": "WzUzNzUsM10="
        },
        {
            "attributes": {
                "description": "",
                "kibanaSavedObjectMeta": {
                    "searchSourceJSON": "{\"query\": {\"language\": \"kuery\", \"query\": \"\"}, \"indexRefName\": \"kibanaSavedObjectMeta.searchSourceJSON.index\", \"filter\": []}"
                },
                "title": "Hosts histogram by CPU usage [Metricbeat System] ECS",
                "uiStateJSON": "{\"vis\": {\"defaultColors\": {\"15% - 20%\": \"rgb(35,139,69)\", \"10% - 15%\": \"rgb(116,196,118)\", \"5% - 10%\": \"rgb(199,233,192)\", \"0% - 5%\": \"rgb(247,252,245)\"}}}",
                "version": 1,
                "visState": "{\"aggs\": [{\"type\": \"avg\", \"enabled\": true, \"id\": \"1\", \"schema\": \"metric\", \"params\": {\"field\": \"system.cpu.user.pct\", \"customLabel\": \"CPU usage\"}}, {\"type\": \"date_histogram\", \"enabled\": true, \"id\": \"2\", \"schema\": \"segment\", \"params\": {\"extended_bounds\": {}, \"field\": \"@timestamp\", \"interval\": \"auto\", \"min_doc_count\": 1}}, {\"type\": \"terms\", \"enabled\": true, \"id\": \"3\", \"schema\": \"group\", \"params\": {\"orderBy\": \"1\", \"size\": 20, \"field\": \"host.name\", \"order\": \"desc\", \"customLabel\": \"Hosts\"}}], \"type\": \"heatmap\", \"title\": \"Hosts histogram by CPU usage [Metricbeat System] ECS\", \"params\": {\"setColorRange\": false, \"colorSchema\": \"Greens\", \"addLegend\": true, \"addTooltip\": true, \"percentageMode\": false, \"invertColors\": false, \"enableHover\": false, \"colorsRange\": [], \"times\": [], \"type\": \"heatmap\", \"valueAxes\": [{\"labels\": {\"show\": false, \"rotate\": 0, \"color\": \"#555\"}, \"scale\": {\"defaultYExtents\": false, \"type\": \"linear\"}, \"show\": false, \"id\": \"ValueAxis-1\", \"type\": \"value\"}], \"legendPosition\": \"right\", \"colorsNumber\": 4}}"
            },
            "id": "7cdb1330-4d1a-11e7-a196-69b9a7a020a9-ecs",
            "migrationVersion": {
                "visualization": "7.4.2"
            },
            "references": [
                {
                    "id": "metricbeat-*",
                    "name": "kibanaSavedObjectMeta.searchSourceJSON.index",
                    "type": "index-pattern"
                }
            ],
            "type": "visualization",
            "updated_at": "2020-03-03T20:18:44.291Z",
            "version": "WzUzNzYsM10="
        },
        {
            "attributes": {
                "description": "",
                "kibanaSavedObjectMeta": {
                    "searchSourceJSON": "{\"query\": {\"language\": \"kuery\", \"query\": \"\"}, \"filter\": []}"
                },
                "title": "Inbound Traffic [Metricbeat System] ECS",
                "uiStateJSON": "{}",
                "version": 1,
                "visState": "{\"aggs\": [], \"type\": \"metrics\", \"title\": \"Inbound Traffic [Metricbeat System] ECS\", \"params\": {\"axis_formatter\": \"number\", \"id\": \"0c761590-1b92-11e7-bec4-a5e9ec5cab8b\", \"filter\": {\"language\": \"lucene\", \"query\": \"-system.network.name:l*\"}, \"background_color_rules\": [{\"id\": \"0e346760-1b92-11e7-bec4-a5e9ec5cab8b\"}], \"show_legend\": 1, \"index_pattern\": \"metricbeat-*\", \"time_field\": \"@timestamp\", \"interval\": \"auto\", \"axis_position\": \"left\", \"type\": \"metric\", \"series\": [{\"terms_field\": \"system.network.name\", \"seperate_axis\": 0, \"color\": \"#68BC00\", \"line_width\": 1, \"axis_position\": \"right\", \"id\": \"0c761591-1b92-11e7-bec4-a5e9ec5cab8b\", \"stacked\": \"none\", \"split_mode\": \"terms\", \"metrics\": [{\"type\": \"max\", \"field\": \"system.network.in.bytes\", \"id\": \"0c761592-1b92-11e7-bec4-a5e9ec5cab8b\"}, {\"unit\": \"1s\", \"type\": \"derivative\", \"field\": \"0c761592-1b92-11e7-bec4-a5e9ec5cab8b\", \"id\": \"1d659060-1b92-11e7-bec4-a5e9ec5cab8b\"}, {\"unit\": \"\", \"type\": \"positive_only\", \"field\": \"1d659060-1b92-11e7-bec4-a5e9ec5cab8b\", \"id\": \"f2074f70-1b92-11e7-a416-41f5ccdba2e6\"}, {\"type\": \"series_agg\", \"function\": \"sum\", \"id\": \"c40e18f0-2c55-11e7-a0ad-277ce466684d\"}], \"point_size\": 1, \"value_template\": \"{{value}}/s\", \"chart_type\": \"line\", \"fill\": 0.5, \"formatter\": \"bytes\", \"label\": \"Inbound Traffic\"}, {\"terms_field\": \"system.network.name\", \"seperate_axis\": 0, \"color\": \"#68BC00\", \"line_width\": 1, \"axis_position\": \"right\", \"id\": \"37f70440-1b92-11e7-bec4-a5e9ec5cab8b\", \"stacked\": \"none\", \"split_mode\": \"terms\", \"metrics\": [{\"type\": \"max\", \"field\": \"system.network.in.bytes\", \"id\": \"37f72b50-1b92-11e7-bec4-a5e9ec5cab8b\"}, {\"unit\": \"\", \"type\": \"derivative\", \"field\": \"37f72b50-1b92-11e7-bec4-a5e9ec5cab8b\", \"id\": \"37f72b51-1b92-11e7-bec4-a5e9ec5cab8b\"}, {\"unit\": \"\", \"type\": \"positive_only\", \"field\": \"37f72b51-1b92-11e7-bec4-a5e9ec5cab8b\", \"id\": \"f9da2dd0-1b92-11e7-a416-41f5ccdba2e6\"}, {\"type\": \"series_agg\", \"field\": \"f9da2dd0-1b92-11e7-a416-41f5ccdba2e6\", \"function\": \"overall_sum\", \"id\": \"3e63c2f0-1b92-11e7-bec4-a5e9ec5cab8b\", \"sigma\": \"\"}], \"point_size\": 1, \"value_template\": \"{{value}}\", \"chart_type\": \"line\", \"fill\": 0.5, \"formatter\": \"bytes\", \"label\": \"Total Transferred\"}], \"show_grid\": 1}}"
            },
            "id": "522ee670-1b92-11e7-bec4-a5e9ec5cab8b-ecs",
            "migrationVersion": {
                "visualization": "7.4.2"
            },
            "references": [],
            "type": "visualization",
            "updated_at": "2020-03-03T20:18:44.291Z",
            "version": "WzUzNzcsM10="
        },
        {
            "attributes": {
                "description": "",
                "kibanaSavedObjectMeta": {
                    "searchSourceJSON": "{\"query\": {\"language\": \"kuery\", \"query\": \"\"}, \"filter\": []}"
                },
                "title": "Outbound Traffic [Metricbeat System] ECS",
                "uiStateJSON": "{}",
                "version": 1,
                "visState": "{\"aggs\": [], \"type\": \"metrics\", \"title\": \"Outbound Traffic [Metricbeat System] ECS\", \"params\": {\"axis_formatter\": \"number\", \"id\": \"0c761590-1b92-11e7-bec4-a5e9ec5cab8b\", \"filter\": {\"language\": \"lucene\", \"query\": \"-system.network.name:l*\"}, \"background_color_rules\": [{\"id\": \"0e346760-1b92-11e7-bec4-a5e9ec5cab8b\"}], \"show_legend\": 1, \"index_pattern\": \"metricbeat-*\", \"time_field\": \"@timestamp\", \"interval\": \"auto\", \"axis_position\": \"left\", \"type\": \"metric\", \"series\": [{\"terms_field\": \"system.network.name\", \"seperate_axis\": 0, \"color\": \"#68BC00\", \"line_width\": 1, \"axis_position\": \"right\", \"id\": \"0c761591-1b92-11e7-bec4-a5e9ec5cab8b\", \"stacked\": \"none\", \"split_mode\": \"terms\", \"metrics\": [{\"type\": \"max\", \"field\": \"system.network.out.bytes\", \"id\": \"0c761592-1b92-11e7-bec4-a5e9ec5cab8b\"}, {\"unit\": \"1s\", \"type\": \"derivative\", \"field\": \"0c761592-1b92-11e7-bec4-a5e9ec5cab8b\", \"id\": \"1d659060-1b92-11e7-bec4-a5e9ec5cab8b\"}, {\"unit\": \"\", \"type\": \"positive_only\", \"field\": \"1d659060-1b92-11e7-bec4-a5e9ec5cab8b\", \"id\": \"f2074f70-1b92-11e7-a416-41f5ccdba2e6\"}, {\"type\": \"series_agg\", \"function\": \"sum\", \"id\": \"a1737470-2c55-11e7-a0ad-277ce466684d\"}], \"point_size\": 1, \"value_template\": \"{{value}}/s\", \"chart_type\": \"line\", \"fill\": 0.5, \"formatter\": \"bytes\", \"label\": \"Outbound Traffic\"}, {\"terms_field\": \"system.network.name\", \"seperate_axis\": 0, \"color\": \"#68BC00\", \"line_width\": 1, \"axis_position\": \"right\", \"id\": \"37f70440-1b92-11e7-bec4-a5e9ec5cab8b\", \"stacked\": \"none\", \"split_mode\": \"terms\", \"metrics\": [{\"type\": \"max\", \"field\": \"system.network.out.bytes\", \"id\": \"37f72b50-1b92-11e7-bec4-a5e9ec5cab8b\"}, {\"unit\": \"\", \"type\": \"derivative\", \"field\": \"37f72b50-1b92-11e7-bec4-a5e9ec5cab8b\", \"id\": \"37f72b51-1b92-11e7-bec4-a5e9ec5cab8b\"}, {\"unit\": \"\", \"type\": \"positive_only\", \"field\": \"37f72b51-1b92-11e7-bec4-a5e9ec5cab8b\", \"id\": \"f9da2dd0-1b92-11e7-a416-41f5ccdba2e6\"}, {\"type\": \"series_agg\", \"field\": \"f9da2dd0-1b92-11e7-a416-41f5ccdba2e6\", \"function\": \"overall_sum\", \"id\": \"3e63c2f0-1b92-11e7-bec4-a5e9ec5cab8b\", \"sigma\": \"\"}], \"point_size\": 1, \"value_template\": \"{{value}}\", \"chart_type\": \"line\", \"fill\": 0.5, \"formatter\": \"bytes\", \"label\": \"Total Transferred\"}], \"show_grid\": 1}}"
            },
            "id": "1aae9140-1b93-11e7-8ada-3df93aab833e-ecs",
            "migrationVersion": {
                "visualization": "7.4.2"
            },
            "references": [],
            "type": "visualization",
            "updated_at": "2020-03-03T20:18:44.291Z",
            "version": "WzUzNzgsM10="
        },
        {
            "attributes": {
                "description": "",
                "kibanaSavedObjectMeta": {
                    "searchSourceJSON": "{\"query\": {\"language\": \"kuery\", \"query\": \"\"}, \"filter\": []}"
                },
                "title": "Disk used [Metricbeat System] ECS",
                "uiStateJSON": "{}",
                "version": 1,
                "visState": "{\"aggs\": [], \"type\": \"metrics\", \"title\": \"Disk used [Metricbeat System] ECS\", \"params\": {\"default_index_pattern\": \"filebeat-*\", \"time_field\": \"@timestamp\", \"axis_formatter\": \"number\", \"show_legend\": 1, \"filter\": \"\", \"isModelInvalid\": false, \"series\": [{\"seperate_axis\": 0, \"color\": \"#68BC00\", \"line_width\": 1, \"axis_position\": \"right\", \"id\": \"4e4dee90-4d1d-11e7-b5f2-2b7c1895bf32\", \"stacked\": \"none\", \"split_mode\": \"everything\", \"metrics\": [{\"size\": 1, \"field\": \"system.fsstat.total_size.used\", \"order\": \"desc\", \"type\": \"top_hit\", \"agg_with\": \"avg\", \"id\": \"4e4dee91-4d1d-11e7-b5f2-2b7c1895bf32\", \"order_by\": \"@timestamp\"}, {\"size\": 1, \"field\": \"system.fsstat.total_size.total\", \"order\": \"desc\", \"type\": \"top_hit\", \"agg_with\": \"avg\", \"id\": \"57c96ee0-4d54-11e7-b5f2-2b7c1895bf32\", \"order_by\": \"@timestamp\"}, {\"script\": \"params.used/params.total \", \"type\": \"math\", \"id\": \"6304cca0-4d54-11e7-b5f2-2b7c1895bf32\", \"variables\": [{\"field\": \"4e4dee91-4d1d-11e7-b5f2-2b7c1895bf32\", \"id\": \"6da10430-4d54-11e7-b5f2-2b7c1895bf32\", \"name\": \"used\"}, {\"field\": \"57c96ee0-4d54-11e7-b5f2-2b7c1895bf32\", \"id\": \"73b8c510-4d54-11e7-b5f2-2b7c1895bf32\", \"name\": \"total\"}]}], \"point_size\": 1, \"chart_type\": \"line\", \"fill\": 0.5, \"formatter\": \"percent\", \"label\": \"Disk used\"}], \"id\": \"4e4dc780-4d1d-11e7-b5f2-2b7c1895bf32\", \"index_pattern\": \"metricbeat-*\", \"gauge_color_rules\": [{\"gauge\": \"rgba(104,188,0,1)\", \"id\": \"51921d10-4d1d-11e7-b5f2-2b7c1895bf32\", \"value\": 0, \"operator\": \"gte\"}, {\"gauge\": \"rgba(251,158,0,1)\", \"id\": \"f26de750-4d54-11e7-b5f2-2b7c1895bf32\", \"value\": 0.7, \"operator\": \"gte\"}, {\"gauge\": \"rgba(211,49,21,1)\", \"id\": \"fa31d190-4d54-11e7-b5f2-2b7c1895bf32\", \"value\": 0.85, \"operator\": \"gte\"}], \"time_range_mode\": \"entire_time_range\", \"gauge_inner_width\": 10, \"gauge_width\": 10, \"interval\": \"auto\", \"axis_scale\": \"normal\", \"axis_position\": \"left\", \"gauge_max\": \"1\", \"default_timefield\": \"@timestamp\", \"type\": \"gauge\", \"gauge_style\": \"half\", \"show_grid\": 1}}"
            },
            "id": "825fdb80-4d1d-11e7-b5f2-2b7c1895bf32-ecs",
            "migrationVersion": {
                "visualization": "7.4.2"
            },
            "references": [],
            "type": "visualization",
            "updated_at": "2020-03-26T17:22:09.379Z",
            "version": "WzY3MTksN10="
        },
        {
            "attributes": {
                "description": "",
                "kibanaSavedObjectMeta": {
                    "searchSourceJSON": "{\"query\": {\"language\": \"kuery\", \"query\": \"\"}, \"filter\": []}"
                },
                "title": "Memory Usage Gauge [Metricbeat System] ECS",
                "uiStateJSON": "{}",
                "version": 1,
                "visState": "{\"aggs\": [], \"type\": \"metrics\", \"title\": \"Memory Usage Gauge [Metricbeat System] ECS\", \"params\": {\"time_field\": \"@timestamp\", \"axis_formatter\": \"number\", \"show_legend\": 1, \"filter\": \"\", \"series\": [{\"seperate_axis\": 0, \"color\": \"#68BC00\", \"line_width\": 1, \"axis_position\": \"right\", \"id\": \"9f51b731-1b91-11e7-bec4-a5e9ec5cab8b\", \"stacked\": \"none\", \"split_mode\": \"everything\", \"metrics\": [{\"type\": \"avg\", \"field\": \"system.memory.actual.used.pct\", \"id\": \"9f51b732-1b91-11e7-bec4-a5e9ec5cab8b\"}], \"point_size\": 1, \"chart_type\": \"line\", \"fill\": 0.5, \"formatter\": \"percent\", \"label\": \"Memory Usage\"}], \"id\": \"9f51b730-1b91-11e7-bec4-a5e9ec5cab8b\", \"index_pattern\": \"metricbeat-*\", \"gauge_color_rules\": [{\"gauge\": \"rgba(104,188,0,1)\", \"id\": \"a0d522e0-1b91-11e7-bec4-a5e9ec5cab8b\", \"value\": 0, \"operator\": \"gte\"}, {\"gauge\": \"rgba(254,146,0,1)\", \"id\": \"b45ad8f0-1b91-11e7-bec4-a5e9ec5cab8b\", \"value\": 0.7, \"operator\": \"gte\"}, {\"gauge\": \"rgba(211,49,21,1)\", \"id\": \"c06e9550-1b91-11e7-bec4-a5e9ec5cab8b\", \"value\": 0.85, \"operator\": \"gte\"}], \"gauge_inner_width\": 10, \"interval\": \"auto\", \"axis_position\": \"left\", \"gauge_max\": \"1\", \"gauge_width\": 10, \"type\": \"gauge\", \"gauge_style\": \"half\", \"show_grid\": 1}}"
            },
            "id": "d3166e80-1b91-11e7-bec4-a5e9ec5cab8b-ecs",
            "migrationVersion": {
                "visualization": "7.4.2"
            },
            "references": [],
            "type": "visualization",
            "updated_at": "2020-03-03T20:18:44.291Z",
            "version": "WzUzODAsM10="
        },
        {
            "attributes": {
                "description": "",
                "kibanaSavedObjectMeta": {
                    "searchSourceJSON": "{\"query\": {\"language\": \"kuery\", \"query\": \"\"}, \"filter\": []}"
                },
                "title": "CPU Usage Gauge [Metricbeat System] ECS",
                "uiStateJSON": "{}",
                "version": 1,
                "visState": "{\"aggs\": [], \"type\": \"metrics\", \"title\": \"CPU Usage Gauge [Metricbeat System] ECS\", \"params\": {\"time_field\": \"@timestamp\", \"axis_formatter\": \"number\", \"show_legend\": 1, \"filter\": \"\", \"series\": [{\"seperate_axis\": 0, \"color\": \"#68BC00\", \"line_width\": 1, \"axis_position\": \"right\", \"id\": \"4c9e2551-1b91-11e7-bec4-a5e9ec5cab8b\", \"stacked\": \"none\", \"split_mode\": \"everything\", \"metrics\": [{\"type\": \"avg\", \"field\": \"system.cpu.user.pct\", \"id\": \"4c9e2552-1b91-11e7-bec4-a5e9ec5cab8b\"}, {\"type\": \"avg\", \"field\": \"system.cpu.system.pct\", \"id\": \"225c2140-5fd7-11e7-a63a-a937b7c1a7e1\"}, {\"type\": \"avg\", \"field\": \"system.cpu.cores\", \"id\": \"837a30c0-5fd7-11e7-a63a-a937b7c1a7e1\"}, {\"script\": \"params.n > 0 ? (params.user+params.system)/params.n : null\", \"type\": \"calculation\", \"id\": \"587aa510-1b91-11e7-bec4-a5e9ec5cab8b\", \"variables\": [{\"field\": \"4c9e2552-1b91-11e7-bec4-a5e9ec5cab8b\", \"id\": \"5a19af10-1b91-11e7-bec4-a5e9ec5cab8b\", \"name\": \"user\"}, {\"field\": \"225c2140-5fd7-11e7-a63a-a937b7c1a7e1\", \"id\": \"32b54f80-5fd7-11e7-a63a-a937b7c1a7e1\", \"name\": \"system\"}, {\"field\": \"837a30c0-5fd7-11e7-a63a-a937b7c1a7e1\", \"id\": \"8ba6eef0-5fd7-11e7-a63a-a937b7c1a7e1\", \"name\": \"n\"}]}], \"point_size\": 1, \"chart_type\": \"line\", \"fill\": 0.5, \"formatter\": \"percent\", \"label\": \"CPU Usage\"}], \"id\": \"4c9e2550-1b91-11e7-bec4-a5e9ec5cab8b\", \"index_pattern\": \"metricbeat-*\", \"gauge_color_rules\": [{\"gauge\": \"rgba(104,188,0,1)\", \"id\": \"4ef2c3b0-1b91-11e7-bec4-a5e9ec5cab8b\", \"value\": 0, \"operator\": \"gte\"}, {\"gauge\": \"rgba(254,146,0,1)\", \"id\": \"e6561ae0-1b91-11e7-bec4-a5e9ec5cab8b\", \"value\": 0.7, \"operator\": \"gte\"}, {\"gauge\": \"rgba(211,49,21,1)\", \"id\": \"ec655040-1b91-11e7-bec4-a5e9ec5cab8b\", \"value\": 0.85, \"operator\": \"gte\"}], \"gauge_inner_width\": 10, \"interval\": \"auto\", \"axis_position\": \"left\", \"gauge_max\": \"1\", \"gauge_width\": 10, \"type\": \"gauge\", \"gauge_style\": \"half\", \"show_grid\": 1}}"
            },
            "id": "83e12df0-1b91-11e7-bec4-a5e9ec5cab8b-ecs",
            "migrationVersion": {
                "visualization": "7.4.2"
            },
            "references": [],
            "type": "visualization",
            "updated_at": "2020-03-03T20:18:44.291Z",
            "version": "WzUzODEsM10="
        }
    ],
    "version": "7.6.0"
}