{
    "objects": [
        {
            "attributes": {
                "description": "",
                "kibanaSavedObjectMeta": {
                    "searchSourceJSON": "{\"filter\": [], \"query\": {\"query\": \"\", \"language\": \"kuery\"}}"
                },
                "savedSearchId": "nfs-ecs",
                "title": "NFS clients pie chart [Packetbeat] ECS",
                "uiStateJSON": "{}",
                "version": 1,
                "visState": "{\"aggs\": [{\"type\": \"count\", \"schema\": \"metric\", \"id\": \"1\", \"params\": {}, \"enabled\": true}, {\"type\": \"terms\", \"schema\": \"segment\", \"id\": \"2\", \"params\": {\"field\": \"rpc.cred.machinename\", \"orderBy\": \"1\", \"order\": \"desc\", \"missingBucketLabel\": \"Missing\", \"otherBucketLabel\": \"Other\", \"missingBucket\": false, \"otherBucket\": false, \"size\": 16}, \"enabled\": true}], \"type\": \"pie\", \"title\": \"NFS clients pie chart [Packetbeat] ECS\", \"params\": {\"labels\": {\"truncate\": 100, \"last_level\": true, \"show\": false, \"values\": true}, \"type\": \"pie\", \"shareYAxis\": true, \"legendPosition\": \"right\", \"isDonut\": true, \"addLegend\": true, \"addTooltip\": true}}"
            },
            "id": "NFS-clients-pie-chart-ecs",
            "type": "visualization",
            "updated_at": "2019-01-18T23:49:29.316Z",
            "version": 1
        },
        {
            "attributes": {
                "description": "",
                "kibanaSavedObjectMeta": {
                    "searchSourceJSON": "{\"filter\": []}"
                },
                "savedSearchId": "nfs-ecs",
                "title": "NFS operations area chart ECS",
                "uiStateJSON": "{}",
                "version": 1,
                "visState": "{\"aggs\": [{\"type\": \"count\", \"schema\": \"metric\", \"params\": {}, \"id\": \"1\"}, {\"type\": \"terms\", \"schema\": \"group\", \"params\": {\"field\": \"nfs.opcode\", \"orderBy\": \"1\", \"order\": \"desc\", \"size\": 16}, \"id\": \"2\"}, {\"type\": \"date_histogram\", \"schema\": \"segment\", \"params\": {\"field\": \"@timestamp\", \"customInterval\": \"2h\", \"min_doc_count\": 1, \"interval\": \"auto\", \"extended_bounds\": {}}, \"id\": \"3\"}], \"type\": \"area\", \"title\": \"NFS operations area chart ECS\", \"listeners\": {}, \"params\": {\"interpolate\": \"linear\", \"shareYAxis\": true, \"addLegend\": true, \"addTooltip\": true, \"yAxis\": {}, \"scale\": \"linear\", \"setYExtents\": false, \"defaultYExtents\": false, \"times\": [], \"smoothLines\": true, \"addTimeMarker\": false, \"mode\": \"stacked\"}}"
            },
            "id": "NFS-operations-area-chart-ecs",
            "type": "visualization",
            "updated_at": "2019-01-18T23:49:29.316Z",
            "version": 1
        },
        {
            "attributes": {
                "description": "",
                "kibanaSavedObjectMeta": {
                    "searchSourceJSON": "{\"filter\": [], \"query\": {\"query\": \"\", \"language\": \"kuery\"}}"
                },
                "savedSearchId": "nfs-ecs",
                "title": "NFS top group pie chart [Packetbeat] ECS",
                "uiStateJSON": "{}",
                "version": 1,
                "visState": "{\"aggs\": [{\"type\": \"count\", \"schema\": \"metric\", \"id\": \"1\", \"params\": {}, \"enabled\": true}, {\"type\": \"terms\", \"schema\": \"segment\", \"id\": \"2\", \"params\": {\"field\": \"rpc.cred.gid\", \"orderBy\": \"1\", \"order\": \"desc\", \"missingBucketLabel\": \"Missing\", \"otherBucketLabel\": \"Other\", \"missingBucket\": false, \"otherBucket\": false, \"size\": 16}, \"enabled\": true}], \"type\": \"pie\", \"title\": \"NFS top group pie chart [Packetbeat] ECS\", \"params\": {\"labels\": {\"truncate\": 100, \"last_level\": true, \"show\": false, \"values\": true}, \"type\": \"pie\", \"shareYAxis\": true, \"legendPosition\": \"right\", \"isDonut\": false, \"addLegend\": true, \"addTooltip\": true}}"
            },
            "id": "NFS-top-group-pie-chart-ecs",
            "type": "visualization",
            "updated_at": "2019-01-18T23:49:29.316Z",
            "version": 1
        },
        {
            "attributes": {
                "description": "",
                "kibanaSavedObjectMeta": {
                    "searchSourceJSON": "{\"filter\": [], \"query\": {\"query\": \"\", \"language\": \"kuery\"}}"
                },
                "savedSearchId": "nfs-ecs",
                "title": "NFS top users pie chart [Packetbeat] ECS",
                "uiStateJSON": "{}",
                "version": 1,
                "visState": "{\"aggs\": [{\"type\": \"count\", \"schema\": \"metric\", \"id\": \"1\", \"params\": {}, \"enabled\": true}, {\"type\": \"terms\", \"schema\": \"segment\", \"id\": \"2\", \"params\": {\"field\": \"rpc.cred.uid\", \"orderBy\": \"1\", \"order\": \"desc\", \"missingBucketLabel\": \"Missing\", \"otherBucketLabel\": \"Other\", \"missingBucket\": false, \"otherBucket\": false, \"size\": 16}, \"enabled\": true}], \"type\": \"pie\", \"title\": \"NFS top users pie chart [Packetbeat] ECS\", \"params\": {\"labels\": {\"truncate\": 100, \"last_level\": true, \"show\": false, \"values\": true}, \"type\": \"pie\", \"shareYAxis\": true, \"legendPosition\": \"right\", \"isDonut\": false, \"addLegend\": true, \"addTooltip\": true}}"
            },
            "id": "NFS-top-users-pie-chart-ecs",
            "type": "visualization",
            "updated_at": "2019-01-18T23:49:29.316Z",
            "version": 1
        },
        {
            "attributes": {
                "description": "",
                "kibanaSavedObjectMeta": {
                    "searchSourceJSON": "{\"filter\": [], \"query\": {\"query\": \"\", \"language\": \"kuery\"}}"
                },
                "savedSearchId": "nfs-ecs",
                "title": "NFS response times [Packetbeat] ECS",
                "uiStateJSON": "{}",
                "version": 1,
                "visState": "{\"aggs\": [{\"type\": \"median\", \"schema\": \"metric\", \"id\": \"1\", \"params\": {\"field\": \"event.duration\", \"percents\": [50]}, \"enabled\": true}, {\"type\": \"date_histogram\", \"schema\": \"segment\", \"id\": \"2\", \"params\": {\"field\": \"@timestamp\", \"customInterval\": \"2h\", \"min_doc_count\": 1, \"useNormalizedEsInterval\": true, \"drop_partials\": false, \"interval\": \"auto\", \"extended_bounds\": {}}, \"enabled\": true}], \"type\": \"line\", \"title\": \"NFS response times [Packetbeat] ECS\", \"params\": {\"type\": \"line\", \"defaultYExtents\": true, \"interpolate\": \"linear\", \"shareYAxis\": true, \"drawLinesBetweenPoints\": true, \"addLegend\": true, \"addTooltip\": true, \"seriesParams\": [{\"type\": \"line\", \"radiusRatio\": \"9\", \"show\": \"true\", \"drawLinesBetweenPoints\": true, \"data\": {\"label\": \"Median event.duration\", \"id\": \"1\"}, \"valueAxis\": \"ValueAxis-1\", \"interpolate\": \"cardinal\", \"showCircles\": true, \"mode\": \"normal\"}], \"categoryAxes\": [{\"labels\": {\"truncate\": 100, \"show\": true}, \"type\": \"category\", \"title\": {}, \"show\": true, \"style\": {}, \"id\": \"CategoryAxis-1\", \"scale\": {\"type\": \"linear\"}, \"position\": \"bottom\"}], \"yAxis\": {}, \"grid\": {\"style\": {\"color\": \"#eee\"}, \"categoryLines\": false}, \"radiusRatio\": \"9\", \"setYExtents\": false, \"scale\": \"linear\", \"valueAxes\": [{\"labels\": {\"truncate\": 100, \"filter\": false, \"show\": true, \"rotate\": 0}, \"type\": \"value\", \"name\": \"LeftAxis-1\", \"title\": {\"text\": \"Median event.duration\"}, \"position\": \"left\", \"show\": true, \"style\": {}, \"scale\": {\"type\": \"linear\", \"setYExtents\": false, \"mode\": \"normal\", \"defaultYExtents\": true}, \"id\": \"ValueAxis-1\"}], \"times\": [], \"smoothLines\": true, \"showCircles\": true, \"addTimeMarker\": false, \"legendPosition\": \"right\"}}"
            },
            "id": "NFS-response-times-ecs",
            "type": "visualization",
            "updated_at": "2019-01-18T23:49:29.316Z",
            "version": 1
        },
        {
            "attributes": {
                "description": "",
                "kibanaSavedObjectMeta": {
                    "searchSourceJSON": "{\"filter\": [], \"query\": {\"query\": \"\", \"language\": \"kuery\"}}"
                },
                "savedSearchId": "NFS-errors-search-ecs",
                "title": "NFS errors [Packetbeat] ECS",
                "uiStateJSON": "{}",
                "version": 1,
                "visState": "{\"aggs\": [{\"type\": \"count\", \"schema\": \"metric\", \"id\": \"1\", \"params\": {}, \"enabled\": true}, {\"type\": \"date_histogram\", \"schema\": \"segment\", \"id\": \"2\", \"params\": {\"field\": \"@timestamp\", \"customInterval\": \"2h\", \"min_doc_count\": 1, \"useNormalizedEsInterval\": true, \"drop_partials\": false, \"interval\": \"auto\", \"extended_bounds\": {}}, \"enabled\": true}, {\"type\": \"terms\", \"schema\": \"group\", \"id\": \"3\", \"params\": {\"field\": \"nfs.status\", \"orderBy\": \"1\", \"order\": \"desc\", \"missingBucketLabel\": \"Missing\", \"otherBucketLabel\": \"Other\", \"missingBucket\": false, \"otherBucket\": false, \"size\": 12}, \"enabled\": true}], \"type\": \"area\", \"title\": \"NFS errors [Packetbeat] ECS\", \"params\": {\"type\": \"area\", \"seriesParams\": [{\"type\": \"area\", \"interpolate\": \"linear\", \"show\": \"true\", \"data\": {\"label\": \"Count\", \"id\": \"1\"}, \"valueAxis\": \"ValueAxis-1\", \"mode\": \"stacked\"}], \"interpolate\": \"linear\", \"shareYAxis\": true, \"addLegend\": true, \"addTooltip\": true, \"defaultYExtents\": false, \"categoryAxes\": [{\"labels\": {\"truncate\": 100, \"show\": true}, \"type\": \"category\", \"title\": {}, \"show\": true, \"style\": {}, \"id\": \"CategoryAxis-1\", \"scale\": {\"type\": \"linear\"}, \"position\": \"bottom\"}], \"yAxis\": {}, \"grid\": {\"style\": {\"color\": \"#eee\"}, \"categoryLines\": false}, \"setYExtents\": false, \"scale\": \"linear\", \"valueAxes\": [{\"labels\": {\"truncate\": 100, \"filter\": false, \"show\": true, \"rotate\": 0}, \"type\": \"value\", \"name\": \"LeftAxis-1\", \"title\": {\"text\": \"Count\"}, \"position\": \"left\", \"show\": true, \"style\": {}, \"scale\": {\"type\": \"linear\", \"setYExtents\": false, \"mode\": \"normal\", \"defaultYExtents\": false}, \"id\": \"ValueAxis-1\"}], \"times\": [], \"smoothLines\": false, \"addTimeMarker\": false, \"mode\": \"stacked\", \"legendPosition\": \"right\"}}"
            },
            "id": "NFS-errors-ecs",
            "type": "visualization",
            "updated_at": "2019-01-18T23:49:29.316Z",
            "version": 1
        },
        {
            "attributes": {
                "description": "",
                "kibanaSavedObjectMeta": {
                    "searchSourceJSON": "{\"filter\": [], \"query\": {\"query\": \"\", \"language\": \"kuery\"}}"
                },
                "savedSearchId": "nfs-ecs",
                "title": "NFS operation table [Packetbeat] ECS",
                "uiStateJSON": "{\"vis\": {\"params\": {\"sort\": {\"direction\": null, \"columnIndex\": null}}}}",
                "version": 1,
                "visState": "{\"aggs\": [{\"type\": \"avg\", \"schema\": \"metric\", \"id\": \"1\", \"params\": {\"field\": \"event.duration\", \"customLabel\": \"Avg Response Time\"}, \"enabled\": true}, {\"type\": \"terms\", \"schema\": \"bucket\", \"id\": \"2\", \"params\": {\"field\": \"nfs.opcode\", \"customLabel\": \"Opcode\", \"order\": \"desc\", \"missingBucketLabel\": \"Missing\", \"otherBucketLabel\": \"Other\", \"orderBy\": \"1\", \"missingBucket\": false, \"otherBucket\": false, \"size\": 16}, \"enabled\": true}, {\"type\": \"count\", \"schema\": \"metric\", \"id\": \"3\", \"params\": {}, \"enabled\": true}], \"type\": \"table\", \"title\": \"NFS operation table [Packetbeat] ECS\", \"params\": {\"totalFunc\": \"sum\", \"showTotal\": false, \"showPartialRows\": false, \"sort\": {\"direction\": null, \"columnIndex\": null}, \"perPage\": 10, \"showMetricsAtAllLevels\": false}}"
            },
            "id": "NFS-operation-table-ecs",
            "type": "visualization",
            "updated_at": "2019-01-18T23:49:29.316Z",
            "version": 1
        },
        {
            "attributes": {
                "description": "",
                "kibanaSavedObjectMeta": {
                    "searchSourceJSON": "{\"filter\": [], \"query\": {\"query\": \"\", \"language\": \"kuery\"}}"
                },
                "savedSearchId": "nfs-ecs",
                "title": "NFS Request / Response Sizes [Packetbeat] ECS",
                "uiStateJSON": "{\"vis\": {\"colors\": {\"Sum of rpc.reply_size\": \"#7EB26D\"}}}",
                "version": 1,
                "visState": "{\"aggs\": [{\"type\": \"sum\", \"schema\": \"metric\", \"id\": \"1\", \"params\": {\"field\": \"source.bytes\", \"customLabel\": \"Request Size\"}, \"enabled\": true}, {\"type\": \"sum\", \"schema\": \"metric\", \"id\": \"2\", \"params\": {\"field\": \"destination.bytes\", \"customLabel\": \"Response Size\"}, \"enabled\": true}, {\"type\": \"date_histogram\", \"schema\": \"segment\", \"id\": \"3\", \"params\": {\"field\": \"@timestamp\", \"customInterval\": \"2h\", \"min_doc_count\": 1, \"useNormalizedEsInterval\": true, \"drop_partials\": false, \"interval\": \"auto\", \"extended_bounds\": {}}, \"enabled\": true}], \"type\": \"line\", \"title\": \"NFS Request / Response Sizes [Packetbeat] ECS\", \"params\": {\"type\": \"line\", \"defaultYExtents\": false, \"interpolate\": \"linear\", \"shareYAxis\": true, \"drawLinesBetweenPoints\": true, \"addLegend\": true, \"addTooltip\": true, \"seriesParams\": [{\"type\": \"line\", \"radiusRatio\": 9, \"show\": \"true\", \"drawLinesBetweenPoints\": true, \"data\": {\"label\": \"Request Size\", \"id\": \"1\"}, \"valueAxis\": \"ValueAxis-1\", \"interpolate\": \"linear\", \"showCircles\": true, \"mode\": \"normal\"}, {\"type\": \"line\", \"interpolate\": \"linear\", \"show\": true, \"drawLinesBetweenPoints\": true, \"data\": {\"label\": \"Response Size\", \"id\": \"2\"}, \"valueAxis\": \"ValueAxis-1\", \"showCircles\": true, \"mode\": \"normal\"}], \"categoryAxes\": [{\"labels\": {\"truncate\": 100, \"show\": true}, \"type\": \"category\", \"title\": {}, \"show\": true, \"style\": {}, \"id\": \"CategoryAxis-1\", \"scale\": {\"type\": \"linear\"}, \"position\": \"bottom\"}], \"yAxis\": {}, \"grid\": {\"style\": {\"color\": \"#eee\"}, \"categoryLines\": false}, \"radiusRatio\": 9, \"setYExtents\": false, \"scale\": \"linear\", \"valueAxes\": [{\"labels\": {\"truncate\": 100, \"filter\": false, \"show\": true, \"rotate\": 0}, \"type\": \"value\", \"name\": \"LeftAxis-1\", \"title\": {\"text\": \"Count\"}, \"position\": \"left\", \"show\": true, \"style\": {}, \"scale\": {\"type\": \"linear\", \"setYExtents\": false, \"mode\": \"normal\", \"defaultYExtents\": false}, \"id\": \"ValueAxis-1\"}], \"times\": [], \"smoothLines\": false, \"showCircles\": true, \"addTimeMarker\": false, \"legendPosition\": \"right\"}}"
            },
            "id": "NFS-bytes-in-slash-out-ecs",
            "type": "visualization",
            "updated_at": "2019-01-18T23:49:29.316Z",
            "version": 1
        },
        {
            "attributes": {
                "description": "",
                "kibanaSavedObjectMeta": {
                    "searchSourceJSON": "{\"filter\": [], \"query\": {\"query\": \"\", \"language\": \"kuery\"}}"
                },
                "title": "Navigation [Packetbeat] ECS",
                "uiStateJSON": "{}",
                "version": 1,
                "visState": "{\"aggs\": [], \"type\": \"markdown\", \"title\": \"Navigation [Packetbeat] ECS\", \"params\": {\"fontSize\": 10, \"openLinksInNewTab\": false, \"markdown\": \"### Packetbeat:\\n\\n[Overview](#/dashboard/Packetbeat-Dashboard-ecs)\\n\\n[Network Flows](#/dashboard/Packetbeat-Flows-ecs)\\n\\n[DNS Overview](#/dashboard/65120940-1454-11e9-9de0-f98d1808db8e-ecs) | [Tunneling](#/dashboard/DNS-Unique-Domains-ecs)\\n\\n[DHCPv4 Transactions](#/dashboard/a7b35890-8baa-11e8-9676-ef67484126fb-ecs)\\n\\n[TLS Overview](#/dashboard/tls-sessions-ecs)\\n\\n[HTTP transactions](#/dashboard/Packetbeat-HTTP-ecs)\\n\\nDatabases: [MySQL](#/dashboard/Packetbeat-MySQL-performance-ecs) | [PostgreSQL](#/dashboard/Packetbeat-PgSQL-performance-ecs) | [MongoDB](#/dashboard/Packetbeat-MongoDB-performance-ecs) | [Cassandra](#/dashboard/Packetbeat-Cassandra-ecs)\\n\\nRPC: [Thrift](#/dashboard/Packetbeat-Thrift-performance-ecs)\\n\\nStorage: [NFS](#/dashboard/Packetbeat-NFS-ecs)\"}}"
            },
            "id": "Navigation-ecs",
            "type": "visualization",
            "updated_at": "2019-01-19T00:18:59.372Z",
            "version": 11
        },
        {
            "attributes": {
                "columns": [
                    "_source"
                ],
                "description": "",
                "hits": 0,
                "kibanaSavedObjectMeta": {
                    "searchSourceJSON": "{\"query\": {\"query\": \"\", \"language\": \"kuery\"}, \"highlightAll\": true, \"highlight\": {\"post_tags\": [\"@/kibana-highlighted-field@\"], \"require_field_match\": false, \"fragment_size\": 2147483647, \"pre_tags\": [\"@kibana-highlighted-field@\"], \"fields\": {\"*\": {}}}, \"index\": \"packetbeat-*\", \"filter\": [{\"$state\": {\"store\": \"appState\"}, \"query\": {\"match\": {\"event.dataset\": {\"type\": \"phrase\", \"query\": \"nfs-ecs\"}}}, \"meta\": {\"type\": \"phrase\", \"value\": \"nfs-ecs\", \"alias\": null, \"negate\": false, \"params\": {\"type\": \"phrase\", \"query\": \"nfs-ecs\"}, \"index\": \"packetbeat-*\", \"key\": \"event.dataset\", \"disabled\": false}}], \"version\": true}"
                },
                "sort": [
                    "@timestamp",
                    "desc"
                ],
                "title": "NFS Search [Packetbeat] ECS",
                "version": 1
            },
            "id": "nfs-ecs",
            "type": "search",
            "updated_at": "2019-01-18T23:49:29.316Z",
            "version": 1
        },
        {
            "attributes": {
                "columns": [
                    "_source"
                ],
                "description": "",
                "hits": 0,
                "kibanaSavedObjectMeta": {
                    "searchSourceJSON": "{\"query\": {\"query\": \"\", \"language\": \"kuery\"}, \"highlightAll\": true, \"highlight\": {\"post_tags\": [\"@/kibana-highlighted-field@\"], \"require_field_match\": false, \"fragment_size\": 2147483647, \"pre_tags\": [\"@kibana-highlighted-field@\"], \"fields\": {\"*\": {}}}, \"index\": \"packetbeat-*\", \"filter\": [{\"$state\": {\"store\": \"appState\"}, \"query\": {\"match\": {\"nfs.status\": {\"type\": \"phrase\", \"query\": \"NFSERR_NOENT\"}}}, \"meta\": {\"type\": \"phrase\", \"value\": \"NFSERR_NOENT\", \"alias\": null, \"negate\": true, \"params\": {\"type\": \"phrase\", \"query\": \"NFSERR_NOENT\"}, \"index\": \"packetbeat-*\", \"key\": \"nfs.status\", \"disabled\": false}}, {\"$state\": {\"store\": \"appState\"}, \"query\": {\"match\": {\"nfs.status\": {\"type\": \"phrase\", \"query\": \"NFS_OK\"}}}, \"meta\": {\"type\": \"phrase\", \"value\": \"NFS_OK\", \"alias\": null, \"negate\": true, \"params\": {\"type\": \"phrase\", \"query\": \"NFS_OK\"}, \"index\": \"packetbeat-*\", \"key\": \"nfs.status\", \"disabled\": false}}, {\"$state\": {\"store\": \"appState\"}, \"query\": {\"match\": {\"event.dataset\": {\"type\": \"phrase\", \"query\": \"nfs-ecs\"}}}, \"meta\": {\"type\": \"phrase\", \"value\": \"nfs-ecs\", \"alias\": null, \"negate\": false, \"params\": {\"type\": \"phrase\", \"query\": \"nfs-ecs\"}, \"index\": \"packetbeat-*\", \"key\": \"event.dataset\", \"disabled\": false}}], \"version\": true}"
                },
                "sort": [
                    "@timestamp",
                    "desc"
                ],
                "title": "NFS Error Search [Packetbeat] ECS",
                "version": 1
            },
            "id": "NFS-errors-search-ecs",
            "type": "search",
            "updated_at": "2019-01-18T23:49:29.316Z",
            "version": 1
        },
        {
            "attributes": {
                "description": "NFSv3 and NFSv4 transactions over TCP.",
                "hits": 0,
                "kibanaSavedObjectMeta": {
                    "searchSourceJSON": "{\"filter\": [], \"query\": {\"query\": \"\", \"language\": \"kuery\"}, \"highlightAll\": true, \"version\": true}"
                },
                "optionsJSON": "{\"darkTheme\": false}",
                "panelsJSON": "[{\"type\": \"visualization\", \"gridData\": {\"w\": 16, \"x\": 16, \"h\": 25, \"y\": 0, \"i\": \"1\"}, \"version\": \"7.0.0-SNAPSHOT\", \"panelIndex\": \"1\", \"embeddableConfig\": {\"vis\": {\"legendOpen\": true}}, \"id\": \"NFS-clients-pie-chart-ecs\"}, {\"panelIndex\": \"3\", \"type\": \"visualization\", \"id\": \"NFS-operations-area-chart-ecs\", \"version\": \"7.0.0-SNAPSHOT\", \"gridData\": {\"w\": 24, \"x\": 0, \"h\": 20, \"y\": 55, \"i\": \"3\"}}, {\"type\": \"visualization\", \"gridData\": {\"w\": 16, \"x\": 32, \"h\": 10, \"y\": 0, \"i\": \"4\"}, \"version\": \"7.0.0-SNAPSHOT\", \"panelIndex\": \"4\", \"embeddableConfig\": {\"spy\": {\"mode\": {\"name\": null, \"fill\": false}}, \"vis\": {\"legendOpen\": true}}, \"id\": \"NFS-top-group-pie-chart-ecs\"}, {\"type\": \"visualization\", \"gridData\": {\"w\": 16, \"x\": 32, \"h\": 15, \"y\": 10, \"i\": \"5\"}, \"version\": \"7.0.0-SNAPSHOT\", \"panelIndex\": \"5\", \"embeddableConfig\": {\"vis\": {\"legendOpen\": true}}, \"id\": \"NFS-top-users-pie-chart-ecs\"}, {\"type\": \"visualization\", \"gridData\": {\"w\": 24, \"x\": 24, \"h\": 15, \"y\": 25, \"i\": \"6\"}, \"version\": \"7.0.0-SNAPSHOT\", \"panelIndex\": \"6\", \"embeddableConfig\": {\"vis\": {\"legendOpen\": false}}, \"id\": \"NFS-response-times-ecs\"}, {\"panelIndex\": \"7\", \"type\": \"visualization\", \"id\": \"NFS-errors-ecs\", \"version\": \"7.0.0-SNAPSHOT\", \"gridData\": {\"w\": 24, \"x\": 24, \"h\": 15, \"y\": 40, \"i\": \"7\"}}, {\"type\": \"visualization\", \"gridData\": {\"w\": 24, \"x\": 24, \"h\": 20, \"y\": 55, \"i\": \"8\"}, \"version\": \"7.0.0-SNAPSHOT\", \"panelIndex\": \"8\", \"embeddableConfig\": {\"vis\": {\"params\": {\"sort\": {\"direction\": null, \"columnIndex\": null}}}}, \"id\": \"NFS-operation-table-ecs\"}, {\"type\": \"visualization\", \"gridData\": {\"w\": 24, \"x\": 0, \"h\": 30, \"y\": 25, \"i\": \"9\"}, \"version\": \"7.0.0-SNAPSHOT\", \"panelIndex\": \"9\", \"embeddableConfig\": {\"vis\": {\"legendOpen\": true}}, \"id\": \"NFS-bytes-in-slash-out-ecs\"}, {\"panelIndex\": \"10\", \"type\": \"visualization\", \"id\": \"Navigation-ecs\", \"version\": \"7.0.0-SNAPSHOT\", \"gridData\": {\"w\": 16, \"x\": 0, \"h\": 25, \"y\": 0, \"i\": \"10\"}}]",
                "timeRestore": false,
                "title": "[Packetbeat] NFS ECS",
                "version": 1
            },
            "id": "Packetbeat-NFS-ecs",
            "type": "dashboard",
            "updated_at": "2019-01-18T23:49:29.316Z",
            "version": 1
        }
    ],
    "version": "7.0.0-SNAPSHOT"
}