{
    "objects": [
        {
            "attributes": {
                "description": "",
                "kibanaSavedObjectMeta": {
                    "searchSourceJSON": "{\"filter\": [], \"query\": {\"query\": \"\", \"language\": \"kuery\"}}"
                },
                "title": "Navigation [Packetbeat] ECS",
                "uiStateJSON": "{}",
                "version": 1,
                "visState": "{\"aggs\": [], \"type\": \"markdown\", \"title\": \"Navigation [Packetbeat] ECS\", \"params\": {\"fontSize\": 10, \"openLinksInNewTab\": false, \"markdown\": \"### Packetbeat:\\n\\n[Overview](#/dashboard/Packetbeat-Dashboard-ecs)\\n\\n[Network Flows](#/dashboard/Packetbeat-Flows-ecs)\\n\\n[DNS Overview](#/dashboard/65120940-1454-11e9-9de0-f98d1808db8e-ecs) | [Tunneling](#/dashboard/DNS-Unique-Domains-ecs)\\n\\n[DHCPv4 Transactions](#/dashboard/a7b35890-8baa-11e8-9676-ef67484126fb-ecs)\\n\\n[TLS Overview](#/dashboard/tls-sessions-ecs)\\n\\n[HTTP transactions](#/dashboard/Packetbeat-HTTP-ecs)\\n\\nDatabases: [MySQL](#/dashboard/Packetbeat-MySQL-performance-ecs) | [PostgreSQL](#/dashboard/Packetbeat-PgSQL-performance-ecs) | [MongoDB](#/dashboard/Packetbeat-MongoDB-performance-ecs) | [Cassandra](#/dashboard/Packetbeat-Cassandra-ecs)\\n\\nRPC: [Thrift](#/dashboard/Packetbeat-Thrift-performance-ecs)\\n\\nStorage: [NFS](#/dashboard/Packetbeat-NFS-ecs)\"}}"
            },
            "id": "Navigation-ecs",
            "type": "visualization",
            "updated_at": "2019-01-19T00:18:59.372Z",
            "version": 11
        },
        {
            "attributes": {
                "description": "",
                "kibanaSavedObjectMeta": {
                    "searchSourceJSON": "{\"filter\": [], \"query\": {\"query\": \"\", \"language\": \"kuery\"}}"
                },
                "savedSearchId": "651fd6d0-88d0-11e7-ad9c-db80de0bf8d3-ecs",
                "title": "MongoDB errors [Packetbeat] ECS",
                "uiStateJSON": "{}",
                "version": 1,
                "visState": "{\"aggs\": [{\"type\": \"count\", \"schema\": \"metric\", \"id\": \"1\", \"params\": {}, \"enabled\": true}, {\"type\": \"date_histogram\", \"schema\": \"segment\", \"id\": \"2\", \"params\": {\"field\": \"@timestamp\", \"customInterval\": \"2h\", \"min_doc_count\": 1, \"useNormalizedEsInterval\": true, \"drop_partials\": false, \"interval\": \"auto\", \"extended_bounds\": {}}, \"enabled\": true}, {\"type\": \"terms\", \"schema\": \"split\", \"id\": \"3\", \"params\": {\"field\": \"resource\", \"orderBy\": \"1\", \"order\": \"desc\", \"row\": true, \"missingBucketLabel\": \"Missing\", \"otherBucketLabel\": \"Other\", \"missingBucket\": false, \"otherBucket\": false, \"size\": 3}, \"enabled\": true}, {\"type\": \"terms\", \"schema\": \"group\", \"id\": \"4\", \"params\": {\"field\": \"method\", \"orderBy\": \"1\", \"order\": \"desc\", \"missingBucketLabel\": \"Missing\", \"otherBucketLabel\": \"Other\", \"missingBucket\": false, \"otherBucket\": false, \"size\": 5}, \"enabled\": true}], \"type\": \"line\", \"title\": \"MongoDB errors [Packetbeat] ECS\", \"params\": {\"type\": \"line\", \"defaultYExtents\": false, \"interpolate\": \"linear\", \"shareYAxis\": true, \"spyPerPage\": 10, \"drawLinesBetweenPoints\": true, \"addLegend\": true, \"addTooltip\": true, \"seriesParams\": [{\"type\": \"line\", \"radiusRatio\": 9, \"show\": \"true\", \"drawLinesBetweenPoints\": true, \"data\": {\"label\": \"Count\", \"id\": \"1\"}, \"valueAxis\": \"ValueAxis-1\", \"interpolate\": \"linear\", \"showCircles\": true, \"mode\": \"normal\"}], \"categoryAxes\": [{\"labels\": {\"truncate\": 100, \"show\": true}, \"type\": \"category\", \"title\": {}, \"show\": true, \"style\": {}, \"id\": \"CategoryAxis-1\", \"scale\": {\"type\": \"linear\"}, \"position\": \"bottom\"}], \"yAxis\": {}, \"grid\": {\"style\": {\"color\": \"#eee\"}, \"categoryLines\": false}, \"radiusRatio\": 9, \"setYExtents\": false, \"scale\": \"linear\", \"valueAxes\": [{\"labels\": {\"truncate\": 100, \"filter\": false, \"show\": true, \"rotate\": 0}, \"type\": \"value\", \"name\": \"LeftAxis-1\", \"title\": {\"text\": \"Count\"}, \"position\": \"left\", \"show\": true, \"style\": {}, \"scale\": {\"type\": \"linear\", \"setYExtents\": false, \"mode\": \"normal\", \"defaultYExtents\": false}, \"id\": \"ValueAxis-1\"}], \"times\": [], \"smoothLines\": false, \"showCircles\": true, \"addTimeMarker\": false, \"legendPosition\": \"right\"}}"
            },
            "id": "MongoDB-errors-ecs",
            "type": "visualization",
            "updated_at": "2019-01-18T23:49:27.239Z",
            "version": 1
        },
        {
            "attributes": {
                "description": "",
                "kibanaSavedObjectMeta": {
                    "searchSourceJSON": "{\"filter\": [], \"query\": {\"query\": \"\", \"language\": \"kuery\"}}"
                },
                "savedSearchId": "MongoDB-transactions-ecs",
                "title": "MongoDB Commands [Packetbeat] ECS",
                "uiStateJSON": "{}",
                "version": 1,
                "visState": "{\"aggs\": [{\"type\": \"count\", \"schema\": \"metric\", \"id\": \"1\", \"params\": {}, \"enabled\": true}, {\"type\": \"date_histogram\", \"schema\": \"segment\", \"id\": \"2\", \"params\": {\"field\": \"@timestamp\", \"customInterval\": \"2h\", \"min_doc_count\": 1, \"useNormalizedEsInterval\": true, \"drop_partials\": false, \"interval\": \"auto\", \"extended_bounds\": {}}, \"enabled\": true}, {\"type\": \"terms\", \"schema\": \"group\", \"id\": \"3\", \"params\": {\"field\": \"method\", \"orderBy\": \"1\", \"order\": \"desc\", \"missingBucketLabel\": \"Missing\", \"otherBucketLabel\": \"Other\", \"missingBucket\": false, \"otherBucket\": false, \"size\": 5}, \"enabled\": true}], \"type\": \"area\", \"title\": \"MongoDB Commands [Packetbeat] ECS\", \"params\": {\"type\": \"area\", \"seriesParams\": [{\"type\": \"area\", \"interpolate\": \"cardinal\", \"show\": \"true\", \"data\": {\"label\": \"Count\", \"id\": \"1\"}, \"valueAxis\": \"ValueAxis-1\", \"mode\": \"stacked\"}], \"interpolate\": \"linear\", \"shareYAxis\": true, \"addLegend\": true, \"addTooltip\": true, \"defaultYExtents\": false, \"categoryAxes\": [{\"labels\": {\"truncate\": 100, \"show\": true}, \"type\": \"category\", \"title\": {}, \"show\": true, \"style\": {}, \"id\": \"CategoryAxis-1\", \"scale\": {\"type\": \"linear\"}, \"position\": \"bottom\"}], \"yAxis\": {}, \"grid\": {\"style\": {\"color\": \"#eee\"}, \"categoryLines\": false}, \"setYExtents\": false, \"scale\": \"linear\", \"valueAxes\": [{\"labels\": {\"truncate\": 100, \"filter\": false, \"show\": true, \"rotate\": 0}, \"type\": \"value\", \"name\": \"LeftAxis-1\", \"title\": {\"text\": \"Count\"}, \"position\": \"left\", \"show\": true, \"style\": {}, \"scale\": {\"type\": \"linear\", \"setYExtents\": false, \"mode\": \"silhouette\", \"defaultYExtents\": false}, \"id\": \"ValueAxis-1\"}], \"times\": [], \"smoothLines\": true, \"addTimeMarker\": false, \"mode\": \"silhouette\", \"legendPosition\": \"right\"}}"
            },
            "id": "MongoDB-commands-ecs",
            "type": "visualization",
            "updated_at": "2019-01-18T23:49:27.239Z",
            "version": 1
        },
        {
            "attributes": {
                "description": "",
                "kibanaSavedObjectMeta": {
                    "searchSourceJSON": "{\"filter\": [], \"query\": {\"query\": \"\", \"language\": \"kuery\"}}"
                },
                "savedSearchId": "651fd6d0-88d0-11e7-ad9c-db80de0bf8d3-ecs",
                "title": "MongoDB errors per collection [Packetbeat] ECS",
                "uiStateJSON": "{}",
                "version": 1,
                "visState": "{\"aggs\": [{\"type\": \"count\", \"schema\": \"metric\", \"id\": \"1\", \"params\": {}, \"enabled\": true}, {\"type\": \"date_histogram\", \"schema\": \"segment\", \"id\": \"2\", \"params\": {\"field\": \"@timestamp\", \"customInterval\": \"2h\", \"min_doc_count\": 1, \"useNormalizedEsInterval\": true, \"drop_partials\": false, \"interval\": \"auto\", \"extended_bounds\": {}}, \"enabled\": true}, {\"type\": \"terms\", \"schema\": \"group\", \"id\": \"3\", \"params\": {\"field\": \"resource\", \"orderBy\": \"1\", \"order\": \"desc\", \"missingBucketLabel\": \"Missing\", \"otherBucketLabel\": \"Other\", \"missingBucket\": false, \"otherBucket\": false, \"size\": 5}, \"enabled\": true}], \"type\": \"line\", \"title\": \"MongoDB errors per collection [Packetbeat] ECS\", \"params\": {\"type\": \"line\", \"defaultYExtents\": false, \"interpolate\": \"linear\", \"shareYAxis\": true, \"spyPerPage\": 10, \"drawLinesBetweenPoints\": true, \"addLegend\": true, \"addTooltip\": true, \"seriesParams\": [{\"type\": \"line\", \"radiusRatio\": 9, \"show\": \"true\", \"drawLinesBetweenPoints\": true, \"data\": {\"label\": \"Count\", \"id\": \"1\"}, \"valueAxis\": \"ValueAxis-1\", \"interpolate\": \"linear\", \"showCircles\": true, \"mode\": \"normal\"}], \"categoryAxes\": [{\"labels\": {\"truncate\": 100, \"show\": true}, \"type\": \"category\", \"title\": {}, \"show\": true, \"style\": {}, \"id\": \"CategoryAxis-1\", \"scale\": {\"type\": \"linear\"}, \"position\": \"bottom\"}], \"yAxis\": {}, \"grid\": {\"style\": {\"color\": \"#eee\"}, \"categoryLines\": false}, \"radiusRatio\": 9, \"setYExtents\": false, \"scale\": \"linear\", \"valueAxes\": [{\"labels\": {\"truncate\": 100, \"filter\": false, \"show\": true, \"rotate\": 0}, \"type\": \"value\", \"name\": \"LeftAxis-1\", \"title\": {\"text\": \"Count\"}, \"position\": \"left\", \"show\": true, \"style\": {}, \"scale\": {\"type\": \"linear\", \"setYExtents\": false, \"mode\": \"normal\", \"defaultYExtents\": false}, \"id\": \"ValueAxis-1\"}], \"times\": [], \"smoothLines\": false, \"showCircles\": true, \"addTimeMarker\": false, \"legendPosition\": \"right\"}}"
            },
            "id": "MongoDB-errors-per-collection-ecs",
            "type": "visualization",
            "updated_at": "2019-01-18T23:49:27.239Z",
            "version": 1
        },
        {
            "attributes": {
                "description": "",
                "kibanaSavedObjectMeta": {
                    "searchSourceJSON": "{\"filter\": [], \"query\": {\"query\": \"\", \"language\": \"kuery\"}}"
                },
                "savedSearchId": "MongoDB-transactions-ecs",
                "title": "MongoDB in/out throughput [Packetbeat] ECS",
                "uiStateJSON": "{}",
                "version": 1,
                "visState": "{\"aggs\": [{\"type\": \"sum\", \"schema\": \"metric\", \"id\": \"1\", \"params\": {\"field\": \"source.bytes\"}, \"enabled\": true}, {\"type\": \"date_histogram\", \"schema\": \"segment\", \"id\": \"2\", \"params\": {\"field\": \"@timestamp\", \"customInterval\": \"2h\", \"min_doc_count\": 1, \"useNormalizedEsInterval\": true, \"drop_partials\": false, \"interval\": \"auto\", \"extended_bounds\": {}}, \"enabled\": true}, {\"type\": \"sum\", \"schema\": \"metric\", \"id\": \"4\", \"params\": {\"field\": \"destination.bytes\"}, \"enabled\": true}], \"type\": \"line\", \"title\": \"MongoDB in/out throughput [Packetbeat] ECS\", \"params\": {\"type\": \"line\", \"defaultYExtents\": false, \"interpolate\": \"linear\", \"shareYAxis\": true, \"drawLinesBetweenPoints\": true, \"addLegend\": true, \"addTooltip\": true, \"seriesParams\": [{\"type\": \"line\", \"radiusRatio\": 9, \"show\": \"true\", \"drawLinesBetweenPoints\": true, \"data\": {\"label\": \"Sum of source.bytes\", \"id\": \"1\"}, \"valueAxis\": \"ValueAxis-1\", \"interpolate\": \"linear\", \"showCircles\": true, \"mode\": \"normal\"}, {\"type\": \"line\", \"interpolate\": \"linear\", \"show\": true, \"drawLinesBetweenPoints\": true, \"data\": {\"label\": \"Sum of destination.bytes\", \"id\": \"4\"}, \"valueAxis\": \"ValueAxis-1\", \"showCircles\": true, \"mode\": \"normal\"}], \"categoryAxes\": [{\"labels\": {\"truncate\": 100, \"show\": true}, \"type\": \"category\", \"title\": {}, \"show\": true, \"style\": {}, \"id\": \"CategoryAxis-1\", \"scale\": {\"type\": \"linear\"}, \"position\": \"bottom\"}], \"yAxis\": {}, \"grid\": {\"style\": {\"color\": \"#eee\"}, \"categoryLines\": false}, \"radiusRatio\": 9, \"setYExtents\": false, \"scale\": \"linear\", \"valueAxes\": [{\"labels\": {\"truncate\": 100, \"filter\": false, \"show\": true, \"rotate\": 0}, \"type\": \"value\", \"name\": \"LeftAxis-1\", \"title\": {\"text\": \"Count\"}, \"position\": \"left\", \"show\": true, \"style\": {}, \"scale\": {\"type\": \"linear\", \"setYExtents\": false, \"mode\": \"normal\", \"defaultYExtents\": false}, \"id\": \"ValueAxis-1\"}], \"times\": [], \"smoothLines\": false, \"showCircles\": true, \"addTimeMarker\": false, \"legendPosition\": \"right\"}}"
            },
            "id": "MongoDB-in-slash-out-throughput-ecs",
            "type": "visualization",
            "updated_at": "2019-01-18T23:49:27.239Z",
            "version": 1
        },
        {
            "attributes": {
                "description": "",
                "kibanaSavedObjectMeta": {
                    "searchSourceJSON": "{\"filter\": [], \"query\": {\"query\": \"\", \"language\": \"kuery\"}}"
                },
                "savedSearchId": "MongoDB-transactions-ecs",
                "title": "MongoDB response times by collection [Packetbeat] ECS",
                "uiStateJSON": "{}",
                "version": 1,
                "visState": "{\"aggs\": [{\"type\": \"percentiles\", \"schema\": \"metric\", \"id\": \"1\", \"params\": {\"field\": \"event.duration\", \"percents\": [99]}, \"enabled\": true}, {\"type\": \"date_histogram\", \"schema\": \"segment\", \"id\": \"2\", \"params\": {\"field\": \"@timestamp\", \"customInterval\": \"2h\", \"min_doc_count\": 1, \"useNormalizedEsInterval\": true, \"drop_partials\": false, \"interval\": \"auto\", \"extended_bounds\": {}}, \"enabled\": true}, {\"type\": \"terms\", \"schema\": \"group\", \"id\": \"3\", \"params\": {\"field\": \"resource\", \"orderBy\": \"_key\", \"order\": \"desc\", \"missingBucketLabel\": \"Missing\", \"otherBucketLabel\": \"Other\", \"missingBucket\": false, \"otherBucket\": false, \"size\": 5}, \"enabled\": true}, {\"type\": \"count\", \"schema\": \"radius\", \"id\": \"4\", \"params\": {}, \"enabled\": true}], \"type\": \"line\", \"title\": \"MongoDB response times by collection [Packetbeat] ECS\", \"params\": {\"type\": \"line\", \"defaultYExtents\": false, \"interpolate\": \"linear\", \"shareYAxis\": true, \"drawLinesBetweenPoints\": false, \"addLegend\": true, \"addTooltip\": true, \"seriesParams\": [{\"type\": \"line\", \"radiusRatio\": \"9\", \"show\": \"true\", \"drawLinesBetweenPoints\": false, \"data\": {\"label\": \"Percentiles of event.duration\", \"id\": \"1\"}, \"valueAxis\": \"ValueAxis-1\", \"interpolate\": \"linear\", \"showCircles\": true, \"mode\": \"normal\"}], \"categoryAxes\": [{\"labels\": {\"truncate\": 100, \"show\": true}, \"type\": \"category\", \"title\": {}, \"show\": true, \"style\": {}, \"id\": \"CategoryAxis-1\", \"scale\": {\"type\": \"linear\"}, \"position\": \"bottom\"}], \"yAxis\": {}, \"grid\": {\"style\": {\"color\": \"#eee\"}, \"categoryLines\": false}, \"radiusRatio\": \"9\", \"setYExtents\": false, \"scale\": \"linear\", \"valueAxes\": [{\"labels\": {\"truncate\": 100, \"filter\": false, \"show\": true, \"rotate\": 0}, \"type\": \"value\", \"name\": \"LeftAxis-1\", \"title\": {\"text\": \"Percentiles of event.duration\"}, \"position\": \"left\", \"show\": true, \"style\": {}, \"scale\": {\"type\": \"linear\", \"setYExtents\": false, \"mode\": \"normal\", \"defaultYExtents\": false}, \"id\": \"ValueAxis-1\"}], \"times\": [], \"smoothLines\": false, \"showCircles\": true, \"addTimeMarker\": false, \"legendPosition\": \"right\"}}"
            },
            "id": "MongoDB-response-times-by-collection-ecs",
            "type": "visualization",
            "updated_at": "2019-01-18T23:49:27.239Z",
            "version": 1
        },
        {
            "attributes": {
                "description": "",
                "kibanaSavedObjectMeta": {
                    "searchSourceJSON": "{\"filter\": [], \"query\": {\"query\": \"\", \"language\": \"kuery\"}}"
                },
                "savedSearchId": "MongoDB-transactions-ecs",
                "title": "Top slowest MongoDB queries [Packetbeat] ECS",
                "uiStateJSON": "{\"vis\": {\"params\": {\"sort\": {\"direction\": null, \"columnIndex\": null}}}}",
                "version": 1,
                "visState": "{\"aggs\": [{\"type\": \"percentiles\", \"schema\": \"metric\", \"id\": \"1\", \"params\": {\"field\": \"event.duration\", \"percents\": [99]}, \"enabled\": true}, {\"type\": \"terms\", \"schema\": \"bucket\", \"id\": \"2\", \"params\": {\"field\": \"query\", \"orderBy\": \"_key\", \"order\": \"desc\", \"missingBucketLabel\": \"Missing\", \"otherBucketLabel\": \"Other\", \"missingBucket\": false, \"otherBucket\": false, \"size\": 10}, \"enabled\": true}], \"type\": \"table\", \"title\": \"Top slowest MongoDB queries [Packetbeat] ECS\", \"params\": {\"totalFunc\": \"sum\", \"showTotal\": false, \"showPartialRows\": false, \"sort\": {\"direction\": null, \"columnIndex\": null}, \"perPage\": 10, \"showMetricsAtAllLevels\": false}}"
            },
            "id": "Top-slowest-MongoDB-queries-ecs",
            "type": "visualization",
            "updated_at": "2019-01-18T23:49:27.239Z",
            "version": 1
        },
        {
            "attributes": {
                "description": "",
                "kibanaSavedObjectMeta": {
                    "searchSourceJSON": "{\"filter\": [], \"query\": {\"query\": \"\", \"language\": \"kuery\"}}"
                },
                "savedSearchId": "MongoDB-transactions-with-write-concern-0-ecs",
                "title": "Number of MongoDB transactions with writeConcern w=0 [Packetbeat] ECS",
                "uiStateJSON": "{}",
                "version": 1,
                "visState": "{\"aggs\": [{\"type\": \"count\", \"schema\": \"metric\", \"id\": \"1\", \"params\": {}, \"enabled\": true}, {\"type\": \"date_histogram\", \"schema\": \"segment\", \"id\": \"2\", \"params\": {\"field\": \"@timestamp\", \"customInterval\": \"2h\", \"min_doc_count\": 1, \"useNormalizedEsInterval\": true, \"drop_partials\": false, \"interval\": \"auto\", \"extended_bounds\": {}}, \"enabled\": true}, {\"type\": \"count\", \"schema\": \"radius\", \"id\": \"3\", \"params\": {}, \"enabled\": true}], \"type\": \"line\", \"title\": \"Number of MongoDB transactions with writeConcern w=0 [Packetbeat] ECS\", \"params\": {\"type\": \"line\", \"defaultYExtents\": false, \"interpolate\": \"linear\", \"shareYAxis\": true, \"drawLinesBetweenPoints\": true, \"addLegend\": true, \"addTooltip\": true, \"seriesParams\": [{\"type\": \"line\", \"radiusRatio\": 9, \"show\": \"true\", \"drawLinesBetweenPoints\": true, \"data\": {\"label\": \"Count\", \"id\": \"1\"}, \"valueAxis\": \"ValueAxis-1\", \"interpolate\": \"linear\", \"showCircles\": true, \"mode\": \"normal\"}], \"categoryAxes\": [{\"labels\": {\"truncate\": 100, \"show\": true}, \"type\": \"category\", \"title\": {}, \"show\": true, \"style\": {}, \"id\": \"CategoryAxis-1\", \"scale\": {\"type\": \"linear\"}, \"position\": \"bottom\"}], \"yAxis\": {}, \"grid\": {\"style\": {\"color\": \"#eee\"}, \"categoryLines\": false}, \"radiusRatio\": 9, \"setYExtents\": false, \"scale\": \"linear\", \"valueAxes\": [{\"labels\": {\"truncate\": 100, \"filter\": false, \"show\": true, \"rotate\": 0}, \"type\": \"value\", \"name\": \"LeftAxis-1\", \"title\": {\"text\": \"Count\"}, \"position\": \"left\", \"show\": true, \"style\": {}, \"scale\": {\"type\": \"linear\", \"setYExtents\": false, \"mode\": \"normal\", \"defaultYExtents\": false}, \"id\": \"ValueAxis-1\"}], \"times\": [], \"smoothLines\": false, \"showCircles\": true, \"addTimeMarker\": false, \"legendPosition\": \"right\"}}"
            },
            "id": "Number-of-MongoDB-transactions-with-writeConcern-w-equal-0-ecs",
            "type": "visualization",
            "updated_at": "2019-01-18T23:49:27.239Z",
            "version": 1
        },
        {
            "attributes": {
                "columns": [
                    "_source"
                ],
                "description": "",
                "hits": 0,
                "kibanaSavedObjectMeta": {
                    "searchSourceJSON": "{\"index\": \"packetbeat-*\", \"filter\": [{\"$state\": {\"store\": \"appState\"}, \"query\": {\"match\": {\"type\": {\"type\": \"phrase\", \"query\": \"mongodb\"}}}, \"meta\": {\"type\": \"phrase\", \"value\": \"mongodb\", \"alias\": null, \"negate\": false, \"params\": {\"type\": \"phrase\", \"query\": \"mongodb\"}, \"index\": \"packetbeat-*\", \"key\": \"type\", \"disabled\": false}}, {\"$state\": {\"store\": \"appState\"}, \"query\": {\"match\": {\"status\": {\"type\": \"phrase\", \"query\": \"OK\"}}}, \"meta\": {\"type\": \"phrase\", \"value\": \"OK\", \"alias\": null, \"negate\": true, \"params\": {\"type\": \"phrase\", \"query\": \"OK\"}, \"index\": \"packetbeat-*\", \"key\": \"status\", \"disabled\": false}}], \"query\": {\"query\": \"\", \"language\": \"kuery\"}, \"highlightAll\": true, \"version\": true}"
                },
                "sort": [
                    "@timestamp",
                    "desc"
                ],
                "title": "MongoDB errors [Packetbeat] ECS",
                "version": 1
            },
            "id": "651fd6d0-88d0-11e7-ad9c-db80de0bf8d3-ecs",
            "type": "search",
            "updated_at": "2019-01-18T23:49:27.239Z",
            "version": 1
        },
        {
            "attributes": {
                "columns": [
                    "method",
                    "type",
                    "path",
                    "event.duration",
                    "status",
                    "query"
                ],
                "description": "",
                "hits": 0,
                "kibanaSavedObjectMeta": {
                    "searchSourceJSON": "{\"query\": {\"query\": \"\", \"language\": \"kuery\"}, \"highlightAll\": true, \"highlight\": {\"post_tags\": [\"@/kibana-highlighted-field@\"], \"fragment_size\": 2147483647, \"pre_tags\": [\"@kibana-highlighted-field@\"], \"fields\": {\"*\": {}}}, \"index\": \"packetbeat-*\", \"filter\": [{\"$state\": {\"store\": \"appState\"}, \"query\": {\"match\": {\"event.dataset\": {\"type\": \"phrase\", \"query\": \"mongodb\"}}}, \"meta\": {\"type\": \"phrase\", \"value\": \"mongodb\", \"alias\": null, \"negate\": false, \"params\": {\"type\": \"phrase\", \"query\": \"mongodb\"}, \"index\": \"packetbeat-*\", \"key\": \"event.dataset\", \"disabled\": false}}], \"version\": true}"
                },
                "sort": [
                    "@timestamp",
                    "desc"
                ],
                "title": "MongoDB Transaction Search [Packetbeat] ECS",
                "version": 1
            },
            "id": "MongoDB-transactions-ecs",
            "type": "search",
            "updated_at": "2019-01-18T23:49:27.239Z",
            "version": 1
        },
        {
            "attributes": {
                "columns": [
                    "method",
                    "type",
                    "path",
                    "event.duration",
                    "status",
                    "query"
                ],
                "description": "",
                "hits": 0,
                "kibanaSavedObjectMeta": {
                    "searchSourceJSON": "{\"query\": {\"query\": \"request: \\\"writeConcern w 0\\\"\", \"language\": \"kuery\"}, \"highlightAll\": true, \"highlight\": {\"post_tags\": [\"@/kibana-highlighted-field@\"], \"fragment_size\": 2147483647, \"pre_tags\": [\"@kibana-highlighted-field@\"], \"fields\": {\"*\": {}}}, \"index\": \"packetbeat-*\", \"filter\": [{\"$state\": {\"store\": \"appState\"}, \"query\": {\"match\": {\"event.dataset\": {\"type\": \"phrase\", \"query\": \"mongodb\"}}}, \"meta\": {\"type\": \"phrase\", \"value\": \"mongodb\", \"alias\": null, \"negate\": false, \"params\": {\"type\": \"phrase\", \"query\": \"mongodb\"}, \"index\": \"packetbeat-*\", \"key\": \"event.dataset\", \"disabled\": false}}], \"version\": true}"
                },
                "sort": [
                    "@timestamp",
                    "desc"
                ],
                "title": "MongoDB transactions with write concern 0 [Packetbeat] ECS",
                "version": 1
            },
            "id": "MongoDB-transactions-with-write-concern-0-ecs",
            "type": "search",
            "updated_at": "2019-01-18T23:49:27.239Z",
            "version": 1
        },
        {
            "attributes": {
                "description": "",
                "hits": 0,
                "kibanaSavedObjectMeta": {
                    "searchSourceJSON": "{\"filter\": [], \"query\": {\"query\": \"\", \"language\": \"kuery\"}, \"highlightAll\": true, \"version\": true}"
                },
                "optionsJSON": "{\"darkTheme\": false}",
                "panelsJSON": "[{\"panelIndex\": \"1\", \"type\": \"visualization\", \"id\": \"Navigation-ecs\", \"version\": \"7.0.0-SNAPSHOT\", \"gridData\": {\"w\": 12, \"x\": 0, \"h\": 20, \"y\": 0, \"i\": \"1\"}}, {\"panelIndex\": \"2\", \"type\": \"visualization\", \"id\": \"MongoDB-errors-ecs\", \"version\": \"7.0.0-SNAPSHOT\", \"gridData\": {\"w\": 20, \"x\": 12, \"h\": 20, \"y\": 0, \"i\": \"2\"}}, {\"panelIndex\": \"3\", \"type\": \"visualization\", \"id\": \"MongoDB-commands-ecs\", \"version\": \"7.0.0-SNAPSHOT\", \"gridData\": {\"w\": 16, \"x\": 32, \"h\": 20, \"y\": 0, \"i\": \"3\"}}, {\"panelIndex\": \"4\", \"type\": \"visualization\", \"id\": \"MongoDB-errors-per-collection-ecs\", \"version\": \"7.0.0-SNAPSHOT\", \"gridData\": {\"w\": 16, \"x\": 0, \"h\": 15, \"y\": 20, \"i\": \"4\"}}, {\"panelIndex\": \"5\", \"type\": \"visualization\", \"id\": \"MongoDB-in-slash-out-throughput-ecs\", \"version\": \"7.0.0-SNAPSHOT\", \"gridData\": {\"w\": 16, \"x\": 16, \"h\": 15, \"y\": 20, \"i\": \"5\"}}, {\"panelIndex\": \"6\", \"type\": \"visualization\", \"id\": \"MongoDB-response-times-by-collection-ecs\", \"version\": \"7.0.0-SNAPSHOT\", \"gridData\": {\"w\": 32, \"x\": 0, \"h\": 25, \"y\": 35, \"i\": \"6\"}}, {\"type\": \"visualization\", \"gridData\": {\"w\": 16, \"x\": 32, \"h\": 25, \"y\": 35, \"i\": \"7\"}, \"version\": \"7.0.0-SNAPSHOT\", \"panelIndex\": \"7\", \"embeddableConfig\": {\"vis\": {\"params\": {\"sort\": {\"direction\": null, \"columnIndex\": null}}}}, \"id\": \"Top-slowest-MongoDB-queries-ecs\"}, {\"panelIndex\": \"8\", \"type\": \"visualization\", \"id\": \"Number-of-MongoDB-transactions-with-writeConcern-w-equal-0-ecs\", \"version\": \"7.0.0-SNAPSHOT\", \"gridData\": {\"w\": 16, \"x\": 32, \"h\": 15, \"y\": 20, \"i\": \"8\"}}]",
                "timeRestore": false,
                "title": "[Packetbeat] MongoDB ECS",
                "version": 1
            },
            "id": "Packetbeat-MongoDB-performance-ecs",
            "type": "dashboard",
            "updated_at": "2019-01-18T23:49:27.239Z",
            "version": 1
        }
    ],
    "version": "7.0.0-SNAPSHOT"
}