{
    "objects": [
        {
            "attributes": {
                "description": "",
                "kibanaSavedObjectMeta": {
                    "searchSourceJSON": "{\"filter\": [], \"query\": {\"query\": \"\", \"language\": \"kuery\"}}"
                },
                "savedSearchId": "71908f00-88ca-11e7-ad9c-db80de0bf8d3-ecs",
                "title": "HTTP Transactions [Packetbeat] ECS",
                "uiStateJSON": "{}",
                "version": 1,
                "visState": "{\"aggs\": [{\"type\": \"count\", \"schema\": \"metric\", \"id\": \"1\", \"params\": {}, \"enabled\": true}, {\"type\": \"date_histogram\", \"schema\": \"segment\", \"id\": \"2\", \"params\": {\"field\": \"@timestamp\", \"customInterval\": \"2h\", \"min_doc_count\": 1, \"useNormalizedEsInterval\": true, \"drop_partials\": false, \"interval\": \"auto\", \"extended_bounds\": {}}, \"enabled\": true}], \"type\": \"histogram\", \"title\": \"HTTP Transactions [Packetbeat] ECS\", \"params\": {\"type\": \"histogram\", \"seriesParams\": [{\"type\": \"histogram\", \"valueAxis\": \"ValueAxis-1\", \"show\": \"true\", \"mode\": \"stacked\", \"data\": {\"label\": \"Count\", \"id\": \"1\"}}], \"shareYAxis\": true, \"addLegend\": false, \"addTooltip\": true, \"defaultYExtents\": false, \"categoryAxes\": [{\"labels\": {\"truncate\": 100, \"show\": true}, \"type\": \"category\", \"title\": {}, \"show\": true, \"style\": {}, \"id\": \"CategoryAxis-1\", \"scale\": {\"type\": \"linear\"}, \"position\": \"bottom\"}], \"yAxis\": {}, \"grid\": {\"style\": {\"color\": \"#eee\"}, \"categoryLines\": false}, \"setYExtents\": false, \"scale\": \"linear\", \"valueAxes\": [{\"labels\": {\"truncate\": 100, \"filter\": false, \"show\": true, \"rotate\": 0}, \"type\": \"value\", \"name\": \"LeftAxis-1\", \"title\": {\"text\": \"Count\"}, \"position\": \"left\", \"show\": true, \"style\": {}, \"scale\": {\"type\": \"linear\", \"setYExtents\": false, \"mode\": \"normal\", \"defaultYExtents\": false}, \"id\": \"ValueAxis-1\"}], \"times\": [], \"addTimeMarker\": false, \"mode\": \"stacked\", \"legendPosition\": \"right\"}}"
            },
            "id": "Web-transactions-ecs",
            "type": "visualization",
            "updated_at": "2019-01-19T00:21:31.922Z",
            "version": 3
        },
        {
            "attributes": {
                "description": "",
                "kibanaSavedObjectMeta": {
                    "searchSourceJSON": "{\"highlight\": {\"post_tags\": [\"@/kibana-highlighted-field@\"], \"pre_tags\": [\"@kibana-highlighted-field@\"], \"fields\": {\"*\": {}}}, \"filter\": [{\"$state\": {\"store\": \"appState\"}, \"query\": {\"match\": {\"network.protocol\": {\"type\": \"phrase\", \"query\": \"http\"}}}, \"meta\": {\"type\": \"phrase\", \"value\": \"http\", \"alias\": null, \"negate\": false, \"params\": {\"type\": \"phrase\", \"query\": \"http\"}, \"index\": \"packetbeat-*\", \"key\": \"type\", \"disabled\": false}}], \"query\": {\"query\": \"http.response.status_code >= 300\", \"language\": \"kuery\"}, \"index\": \"packetbeat-*\"}"
                },
                "title": "HTTP error codes [Packetbeat] ECS",
                "uiStateJSON": "{}",
                "version": 1,
                "visState": "{\"aggs\": [{\"type\": \"cardinality\", \"schema\": \"metric\", \"id\": \"1\", \"params\": {\"field\": \"type\"}, \"enabled\": true}, {\"type\": \"terms\", \"schema\": \"segment\", \"id\": \"2\", \"params\": {\"field\": \"http.response.status_code\", \"customLabel\": \"HTTP Status Code\", \"order\": \"desc\", \"missingBucketLabel\": \"Missing\", \"otherBucketLabel\": \"Other\", \"orderBy\": \"1\", \"missingBucket\": false, \"otherBucket\": false, \"size\": 5}, \"enabled\": true}], \"type\": \"histogram\", \"title\": \"HTTP error codes [Packetbeat] ECS\", \"params\": {\"type\": \"histogram\", \"seriesParams\": [{\"type\": \"histogram\", \"valueAxis\": \"ValueAxis-1\", \"show\": \"true\", \"mode\": \"stacked\", \"data\": {\"label\": \"Unique count of type\", \"id\": \"1\"}}], \"shareYAxis\": true, \"addLegend\": false, \"addTooltip\": true, \"defaultYExtents\": false, \"categoryAxes\": [{\"labels\": {\"truncate\": 100, \"show\": true}, \"type\": \"category\", \"title\": {}, \"show\": true, \"style\": {}, \"id\": \"CategoryAxis-1\", \"scale\": {\"type\": \"linear\"}, \"position\": \"bottom\"}], \"yAxis\": {}, \"grid\": {\"style\": {\"color\": \"#eee\"}, \"categoryLines\": false}, \"setYExtents\": false, \"scale\": \"linear\", \"valueAxes\": [{\"labels\": {\"truncate\": 100, \"filter\": false, \"show\": true, \"rotate\": 0}, \"type\": \"value\", \"name\": \"LeftAxis-1\", \"title\": {\"text\": \"Count\"}, \"position\": \"left\", \"show\": true, \"style\": {}, \"scale\": {\"type\": \"linear\", \"setYExtents\": false, \"mode\": \"normal\", \"defaultYExtents\": false}, \"id\": \"ValueAxis-1\"}], \"times\": [], \"addTimeMarker\": false, \"mode\": \"stacked\", \"legendPosition\": \"right\"}}"
            },
            "id": "HTTP-error-codes-ecs",
            "type": "visualization",
            "updated_at": "2019-01-18T23:49:26.207Z",
            "version": 1
        },
        {
            "attributes": {
                "description": "",
                "kibanaSavedObjectMeta": {
                    "searchSourceJSON": "{\"highlight\": {\"post_tags\": [\"@/kibana-highlighted-field@\"], \"pre_tags\": [\"@kibana-highlighted-field@\"], \"fields\": {\"*\": {}}}, \"filter\": [{\"$state\": {\"store\": \"appState\"}, \"query\": {\"match\": {\"network.protocol\": {\"type\": \"phrase\", \"query\": \"http\"}}}, \"meta\": {\"type\": \"phrase\", \"value\": \"http\", \"alias\": null, \"negate\": false, \"params\": {\"type\": \"phrase\", \"query\": \"http\"}, \"index\": \"packetbeat-*\", \"key\": \"network.protocol\", \"disabled\": false}}, {\"$state\": {\"store\": \"appState\"}, \"range\": {\"http.response.status_code\": {\"gte\": 200, \"lte\": 299}}, \"meta\": {\"type\": \"range\", \"value\": \"200 to 299\", \"alias\": null, \"negate\": true, \"params\": {\"gte\": 200, \"lt\": 299}, \"index\": \"packetbeat-*\", \"key\": \"http.response.status_code\", \"disabled\": false}}], \"query\": {\"query\": \"\", \"language\": \"kuery\"}, \"index\": \"packetbeat-*\"}"
                },
                "title": "HTTP error codes evolution [Packetbeat] ECS",
                "uiStateJSON": "{}",
                "version": 1,
                "visState": "{\"aggs\": [{\"type\": \"count\", \"schema\": \"metric\", \"id\": \"1\", \"params\": {}, \"enabled\": true}, {\"type\": \"date_histogram\", \"schema\": \"segment\", \"id\": \"2\", \"params\": {\"field\": \"@timestamp\", \"customInterval\": \"2h\", \"min_doc_count\": 1, \"useNormalizedEsInterval\": true, \"drop_partials\": false, \"interval\": \"auto\", \"extended_bounds\": {}}, \"enabled\": true}, {\"type\": \"terms\", \"schema\": \"group\", \"id\": \"3\", \"params\": {\"field\": \"http.response.status_code\", \"customLabel\": \"HTTP Status Code\", \"order\": \"desc\", \"missingBucketLabel\": \"Missing\", \"otherBucketLabel\": \"Other\", \"orderBy\": \"1\", \"missingBucket\": false, \"otherBucket\": false, \"size\": 5}, \"enabled\": true}], \"type\": \"line\", \"title\": \"HTTP error codes evolution [Packetbeat] ECS\", \"params\": {\"type\": \"line\", \"defaultYExtents\": false, \"interpolate\": \"linear\", \"shareYAxis\": true, \"drawLinesBetweenPoints\": true, \"addLegend\": true, \"addTooltip\": true, \"seriesParams\": [{\"type\": \"line\", \"radiusRatio\": 9, \"show\": \"true\", \"drawLinesBetweenPoints\": true, \"data\": {\"label\": \"Count\", \"id\": \"1\"}, \"valueAxis\": \"ValueAxis-1\", \"interpolate\": \"linear\", \"showCircles\": true, \"mode\": \"normal\"}], \"categoryAxes\": [{\"labels\": {\"truncate\": 100, \"show\": true}, \"type\": \"category\", \"title\": {}, \"show\": true, \"style\": {}, \"id\": \"CategoryAxis-1\", \"scale\": {\"type\": \"linear\"}, \"position\": \"bottom\"}], \"yAxis\": {}, \"grid\": {\"style\": {\"color\": \"#eee\"}, \"categoryLines\": false}, \"radiusRatio\": 9, \"setYExtents\": false, \"scale\": \"linear\", \"valueAxes\": [{\"labels\": {\"truncate\": 100, \"filter\": false, \"show\": true, \"rotate\": 0}, \"type\": \"value\", \"name\": \"LeftAxis-1\", \"title\": {\"text\": \"Count\"}, \"position\": \"left\", \"show\": true, \"style\": {}, \"scale\": {\"type\": \"linear\", \"setYExtents\": false, \"mode\": \"normal\", \"defaultYExtents\": false}, \"id\": \"ValueAxis-1\"}], \"times\": [], \"smoothLines\": false, \"showCircles\": true, \"addTimeMarker\": false, \"legendPosition\": \"right\"}}"
            },
            "id": "HTTP-error-codes-evolution-ecs",
            "type": "visualization",
            "updated_at": "2019-01-18T23:49:26.207Z",
            "version": 1
        },
        {
            "attributes": {
                "description": "",
                "kibanaSavedObjectMeta": {
                    "searchSourceJSON": "{\"filter\": [], \"query\": {\"query\": \"\", \"language\": \"kuery\"}}"
                },
                "title": "Navigation [Packetbeat] ECS",
                "uiStateJSON": "{}",
                "version": 1,
                "visState": "{\"aggs\": [], \"type\": \"markdown\", \"title\": \"Navigation [Packetbeat] ECS\", \"params\": {\"fontSize\": 10, \"openLinksInNewTab\": false, \"markdown\": \"### Packetbeat:\\n\\n[Overview](#/dashboard/Packetbeat-Dashboard-ecs)\\n\\n[Network Flows](#/dashboard/Packetbeat-Flows-ecs)\\n\\n[DNS Overview](#/dashboard/65120940-1454-11e9-9de0-f98d1808db8e-ecs) | [Tunneling](#/dashboard/DNS-Unique-Domains-ecs)\\n\\n[DHCPv4 Transactions](#/dashboard/a7b35890-8baa-11e8-9676-ef67484126fb-ecs)\\n\\n[TLS Overview](#/dashboard/tls-sessions-ecs)\\n\\n[HTTP transactions](#/dashboard/Packetbeat-HTTP-ecs)\\n\\nDatabases: [MySQL](#/dashboard/Packetbeat-MySQL-performance-ecs) | [PostgreSQL](#/dashboard/Packetbeat-PgSQL-performance-ecs) | [MongoDB](#/dashboard/Packetbeat-MongoDB-performance-ecs) | [Cassandra](#/dashboard/Packetbeat-Cassandra-ecs)\\n\\nRPC: [Thrift](#/dashboard/Packetbeat-Thrift-performance-ecs)\\n\\nStorage: [NFS](#/dashboard/Packetbeat-NFS-ecs)\"}}"
            },
            "id": "Navigation-ecs",
            "type": "visualization",
            "updated_at": "2019-01-19T00:18:59.372Z",
            "version": 11
        },
        {
            "attributes": {
                "description": "",
                "kibanaSavedObjectMeta": {
                    "searchSourceJSON": "{\"filter\": [], \"query\": {\"query\": \"\", \"language\": \"kuery\"}}"
                },
                "savedSearchId": "71908f00-88ca-11e7-ad9c-db80de0bf8d3-ecs",
                "title": "Total number of HTTP transactions [Packetbeat] ECS",
                "uiStateJSON": "{}",
                "version": 1,
                "visState": "{\"aggs\": [{\"type\": \"count\", \"schema\": \"metric\", \"id\": \"1\", \"params\": {}, \"enabled\": true}], \"type\": \"metric\", \"title\": \"Total number of HTTP transactions [Packetbeat] ECS\", \"params\": {\"type\": \"metric\", \"metric\": {\"labels\": {\"show\": true}, \"colorSchema\": \"Green to Red\", \"useRanges\": false, \"invertColors\": false, \"percentageMode\": false, \"metricColorMode\": \"None\", \"colorsRange\": [{\"from\": 0, \"to\": 10000}], \"style\": {\"bgColor\": false, \"bgFill\": \"#000\", \"labelColor\": false, \"subText\": \"\", \"fontSize\": 60}}, \"handleNoResults\": true, \"fontSize\": \"37\", \"addLegend\": false, \"addTooltip\": true}}"
            },
            "id": "Total-number-of-HTTP-transactions-ecs",
            "type": "visualization",
            "updated_at": "2019-01-18T23:49:26.207Z",
            "version": 1
        },
        {
            "attributes": {
                "description": "",
                "kibanaSavedObjectMeta": {
                    "searchSourceJSON": "{\"filter\": [], \"query\": {\"query\": \"\", \"language\": \"kuery\"}}"
                },
                "savedSearchId": "71908f00-88ca-11e7-ad9c-db80de0bf8d3-ecs",
                "title": "HTTP status codes for the top queries [Packetbeat] ECS",
                "uiStateJSON": "{}",
                "version": 1,
                "visState": "{\"aggs\": [{\"type\": \"count\", \"schema\": \"metric\", \"id\": \"1\", \"params\": {}, \"enabled\": true}, {\"type\": \"terms\", \"schema\": \"split\", \"id\": \"2\", \"params\": {\"field\": \"query\", \"customLabel\": \"HTTP Query\", \"order\": \"desc\", \"row\": false, \"missingBucketLabel\": \"Missing\", \"otherBucketLabel\": \"Other\", \"orderBy\": \"1\", \"missingBucket\": false, \"otherBucket\": false, \"size\": 5}, \"enabled\": true}, {\"type\": \"terms\", \"schema\": \"segment\", \"id\": \"3\", \"params\": {\"field\": \"http.response.status_code\", \"customLabel\": \"HTTP Status Code\", \"order\": \"desc\", \"missingBucketLabel\": \"Missing\", \"otherBucketLabel\": \"Other\", \"orderBy\": \"1\", \"missingBucket\": false, \"otherBucket\": false, \"size\": 10}, \"enabled\": true}], \"type\": \"pie\", \"title\": \"HTTP status codes for the top queries [Packetbeat] ECS\", \"params\": {\"labels\": {\"truncate\": 100, \"last_level\": true, \"show\": false, \"values\": true}, \"type\": \"pie\", \"shareYAxis\": true, \"legendPosition\": \"right\", \"isDonut\": false, \"addLegend\": true, \"addTooltip\": true}}"
            },
            "id": "HTTP-codes-for-the-top-queries-ecs",
            "type": "visualization",
            "updated_at": "2019-01-18T23:49:26.207Z",
            "version": 1
        },
        {
            "attributes": {
                "description": "",
                "kibanaSavedObjectMeta": {
                    "searchSourceJSON": "{\"filter\": [], \"query\": {\"query\": \"\", \"language\": \"kuery\"}}"
                },
                "savedSearchId": "71908f00-88ca-11e7-ad9c-db80de0bf8d3-ecs",
                "title": "Top 10 HTTP requests [Packetbeat] ECS",
                "uiStateJSON": "{\"vis\": {\"params\": {\"sort\": {\"direction\": null, \"columnIndex\": null}}}}",
                "version": 1,
                "visState": "{\"aggs\": [{\"type\": \"count\", \"schema\": \"metric\", \"id\": \"1\", \"params\": {}, \"enabled\": true}, {\"type\": \"terms\", \"schema\": \"bucket\", \"id\": \"3\", \"params\": {\"field\": \"url.full\", \"orderBy\": \"1\", \"order\": \"desc\", \"missingBucketLabel\": \"Missing\", \"otherBucketLabel\": \"Other\", \"missingBucket\": false, \"otherBucket\": false, \"size\": 5}, \"enabled\": true}], \"type\": \"table\", \"title\": \"Top 10 HTTP requests [Packetbeat] ECS\", \"params\": {\"totalFunc\": \"sum\", \"showTotal\": false, \"showPartialRows\": false, \"sort\": {\"direction\": null, \"columnIndex\": null}, \"perPage\": 10, \"showMetricsAtAllLevels\": false}}"
            },
            "id": "Top-10-HTTP-requests-ecs",
            "type": "visualization",
            "updated_at": "2019-01-18T23:49:26.207Z",
            "version": 1
        },
        {
            "attributes": {
                "columns": [
                    "_source"
                ],
                "description": "",
                "hits": 0,
                "kibanaSavedObjectMeta": {
                    "searchSourceJSON": "{\"index\": \"packetbeat-*\", \"filter\": [{\"$state\": {\"store\": \"appState\"}, \"query\": {\"match\": {\"network.protocol\": {\"type\": \"phrase\", \"query\": \"http\"}}}, \"meta\": {\"type\": \"phrase\", \"value\": \"http\", \"alias\": null, \"negate\": false, \"params\": {\"type\": \"phrase\", \"query\": \"http\"}, \"index\": \"packetbeat-*\", \"key\": \"network.protocol\", \"disabled\": false}}], \"query\": {\"query\": \"\", \"language\": \"kuery\"}, \"highlightAll\": true, \"version\": true}"
                },
                "sort": [
                    "@timestamp",
                    "desc"
                ],
                "title": "HTTP Transactions Search [Packetbeat] ECS",
                "version": 1
            },
            "id": "71908f00-88ca-11e7-ad9c-db80de0bf8d3-ecs",
            "type": "search",
            "updated_at": "2019-01-19T00:21:43.886Z",
            "version": 3
        },
        {
            "attributes": {
                "description": "",
                "hits": 0,
                "kibanaSavedObjectMeta": {
                    "searchSourceJSON": "{\"filter\": [], \"query\": {\"query\": \"\", \"language\": \"kuery\"}, \"highlightAll\": true, \"version\": true}"
                },
                "optionsJSON": "{\"darkTheme\": false}",
                "panelsJSON": "[{\"panelIndex\": \"1\", \"type\": \"visualization\", \"id\": \"Web-transactions-ecs\", \"version\": \"7.0.0-SNAPSHOT\", \"gridData\": {\"w\": 36, \"x\": 12, \"h\": 20, \"y\": 0, \"i\": \"1\"}}, {\"panelIndex\": \"2\", \"type\": \"visualization\", \"id\": \"HTTP-error-codes-ecs\", \"version\": \"7.0.0-SNAPSHOT\", \"gridData\": {\"w\": 24, \"x\": 0, \"h\": 15, \"y\": 35, \"i\": \"2\"}}, {\"panelIndex\": \"3\", \"type\": \"visualization\", \"id\": \"HTTP-error-codes-evolution-ecs\", \"version\": \"7.0.0-SNAPSHOT\", \"gridData\": {\"w\": 24, \"x\": 24, \"h\": 15, \"y\": 35, \"i\": \"3\"}}, {\"panelIndex\": \"4\", \"type\": \"visualization\", \"id\": \"Navigation-ecs\", \"version\": \"7.0.0-SNAPSHOT\", \"gridData\": {\"w\": 12, \"x\": 0, \"h\": 20, \"y\": 0, \"i\": \"4\"}}, {\"type\": \"visualization\", \"gridData\": {\"w\": 12, \"x\": 0, \"h\": 15, \"y\": 20, \"i\": \"5\"}, \"version\": \"7.0.0-SNAPSHOT\", \"panelIndex\": \"5\", \"embeddableConfig\": {\"vis\": {\"defaultColors\": {\"0 - 100\": \"rgb(0,104,55)\"}}}, \"id\": \"Total-number-of-HTTP-transactions-ecs\"}, {\"panelIndex\": \"6\", \"type\": \"visualization\", \"id\": \"HTTP-codes-for-the-top-queries-ecs\", \"version\": \"7.0.0-SNAPSHOT\", \"gridData\": {\"w\": 36, \"x\": 12, \"h\": 15, \"y\": 20, \"i\": \"6\"}}, {\"type\": \"visualization\", \"gridData\": {\"w\": 48, \"x\": 0, \"h\": 25, \"y\": 50, \"i\": \"7\"}, \"version\": \"7.0.0-SNAPSHOT\", \"panelIndex\": \"7\", \"embeddableConfig\": {\"vis\": {\"params\": {\"sort\": {\"direction\": null, \"columnIndex\": null}}}}, \"id\": \"Top-10-HTTP-requests-ecs\"}]",
                "timeRestore": false,
                "title": "[Packetbeat] HTTP ECS",
                "version": 1
            },
            "id": "Packetbeat-HTTP-ecs",
            "type": "dashboard",
            "updated_at": "2019-01-18T23:49:26.207Z",
            "version": 1
        }
    ],
    "version": "7.0.0-SNAPSHOT"
}