{
    "objects": [
        {
            "attributes": {
                "description": "",
                "kibanaSavedObjectMeta": {
                    "searchSourceJSON": "{\"filter\": [], \"query\": {\"query\": \"\", \"language\": \"kuery\"}}"
                },
                "title": "Navigation [Packetbeat] ECS",
                "uiStateJSON": "{}",
                "version": 1,
                "visState": "{\"aggs\": [], \"type\": \"markdown\", \"title\": \"Navigation [Packetbeat] ECS\", \"params\": {\"fontSize\": 10, \"openLinksInNewTab\": false, \"markdown\": \"### Packetbeat:\\n\\n[Overview](#/dashboard/Packetbeat-Dashboard-ecs)\\n\\n[Network Flows](#/dashboard/Packetbeat-Flows-ecs)\\n\\n[DNS Overview](#/dashboard/65120940-1454-11e9-9de0-f98d1808db8e-ecs) | [Tunneling](#/dashboard/DNS-Unique-Domains-ecs)\\n\\n[DHCPv4 Transactions](#/dashboard/a7b35890-8baa-11e8-9676-ef67484126fb-ecs)\\n\\n[TLS Overview](#/dashboard/tls-sessions-ecs)\\n\\n[HTTP transactions](#/dashboard/Packetbeat-HTTP-ecs)\\n\\nDatabases: [MySQL](#/dashboard/Packetbeat-MySQL-performance-ecs) | [PostgreSQL](#/dashboard/Packetbeat-PgSQL-performance-ecs) | [MongoDB](#/dashboard/Packetbeat-MongoDB-performance-ecs) | [Cassandra](#/dashboard/Packetbeat-Cassandra-ecs)\\n\\nRPC: [Thrift](#/dashboard/Packetbeat-Thrift-performance-ecs)\\n\\nStorage: [NFS](#/dashboard/Packetbeat-NFS-ecs)\"}}"
            },
            "id": "Navigation-ecs",
            "type": "visualization",
            "updated_at": "2019-01-19T00:18:59.372Z",
            "version": 11
        },
        {
            "attributes": {
                "description": "",
                "kibanaSavedObjectMeta": {
                    "searchSourceJSON": "{\"filter\": [], \"query\": {\"query\": \"\", \"language\": \"kuery\"}}"
                },
                "savedSearchId": "PgSQL-errors-ecs",
                "title": "PgSQL Errors [Packetbeat] ECS",
                "uiStateJSON": "{}",
                "version": 1,
                "visState": "{\"aggs\": [{\"type\": \"count\", \"schema\": \"metric\", \"id\": \"1\", \"params\": {}, \"enabled\": true}, {\"type\": \"date_histogram\", \"schema\": \"segment\", \"id\": \"2\", \"params\": {\"field\": \"@timestamp\", \"customInterval\": \"2h\", \"min_doc_count\": 1, \"useNormalizedEsInterval\": true, \"drop_partials\": false, \"interval\": \"auto\", \"extended_bounds\": {}}, \"enabled\": true}], \"type\": \"area\", \"title\": \"PgSQL Errors [Packetbeat] ECS\", \"params\": {\"type\": \"area\", \"seriesParams\": [{\"type\": \"area\", \"interpolate\": \"linear\", \"show\": \"true\", \"data\": {\"label\": \"Count\", \"id\": \"1\"}, \"valueAxis\": \"ValueAxis-1\", \"mode\": \"stacked\"}], \"interpolate\": \"linear\", \"shareYAxis\": true, \"addLegend\": false, \"addTooltip\": true, \"defaultYExtents\": false, \"categoryAxes\": [{\"labels\": {\"truncate\": 100, \"show\": true}, \"type\": \"category\", \"title\": {}, \"show\": true, \"style\": {}, \"id\": \"CategoryAxis-1\", \"scale\": {\"type\": \"linear\"}, \"position\": \"bottom\"}], \"yAxis\": {}, \"grid\": {\"style\": {\"color\": \"#eee\"}, \"categoryLines\": false}, \"setYExtents\": false, \"scale\": \"linear\", \"valueAxes\": [{\"labels\": {\"truncate\": 100, \"filter\": false, \"show\": true, \"rotate\": 0}, \"type\": \"value\", \"name\": \"LeftAxis-1\", \"title\": {\"text\": \"Count\"}, \"position\": \"left\", \"show\": true, \"style\": {}, \"scale\": {\"type\": \"linear\", \"setYExtents\": false, \"mode\": \"normal\", \"defaultYExtents\": false}, \"id\": \"ValueAxis-1\"}], \"times\": [], \"smoothLines\": false, \"addTimeMarker\": false, \"mode\": \"stacked\", \"legendPosition\": \"right\"}}"
            },
            "id": "PgSQL-Errors-ecs",
            "type": "visualization",
            "updated_at": "2019-01-18T23:49:31.386Z",
            "version": 1
        },
        {
            "attributes": {
                "description": "",
                "kibanaSavedObjectMeta": {
                    "searchSourceJSON": "{\"filter\": [], \"query\": {\"query\": \"\", \"language\": \"kuery\"}}"
                },
                "savedSearchId": "PgSQL-transactions-ecs",
                "title": "PgSQL Methods [Packetbeat] ECS",
                "uiStateJSON": "{}",
                "version": 1,
                "visState": "{\"aggs\": [{\"type\": \"count\", \"schema\": \"metric\", \"id\": \"1\", \"params\": {}, \"enabled\": true}, {\"type\": \"date_histogram\", \"schema\": \"segment\", \"id\": \"2\", \"params\": {\"field\": \"@timestamp\", \"customInterval\": \"2h\", \"min_doc_count\": 1, \"useNormalizedEsInterval\": true, \"drop_partials\": false, \"interval\": \"auto\", \"extended_bounds\": {}}, \"enabled\": true}, {\"type\": \"terms\", \"schema\": \"group\", \"id\": \"3\", \"params\": {\"field\": \"method\", \"orderBy\": \"1\", \"order\": \"desc\", \"missingBucketLabel\": \"Missing\", \"otherBucketLabel\": \"Other\", \"missingBucket\": false, \"otherBucket\": false, \"size\": 5}, \"enabled\": true}], \"type\": \"area\", \"title\": \"PgSQL Methods [Packetbeat] ECS\", \"params\": {\"type\": \"area\", \"seriesParams\": [{\"type\": \"area\", \"interpolate\": \"linear\", \"show\": \"true\", \"data\": {\"label\": \"Count\", \"id\": \"1\"}, \"valueAxis\": \"ValueAxis-1\", \"mode\": \"stacked\"}], \"interpolate\": \"linear\", \"shareYAxis\": true, \"addLegend\": true, \"addTooltip\": true, \"defaultYExtents\": false, \"categoryAxes\": [{\"labels\": {\"truncate\": 100, \"show\": true}, \"type\": \"category\", \"title\": {}, \"show\": true, \"style\": {}, \"id\": \"CategoryAxis-1\", \"scale\": {\"type\": \"linear\"}, \"position\": \"bottom\"}], \"yAxis\": {}, \"grid\": {\"style\": {\"color\": \"#eee\"}, \"categoryLines\": false}, \"setYExtents\": false, \"scale\": \"linear\", \"valueAxes\": [{\"labels\": {\"truncate\": 100, \"filter\": false, \"show\": true, \"rotate\": 0}, \"type\": \"value\", \"name\": \"LeftAxis-1\", \"title\": {\"text\": \"Count\"}, \"position\": \"left\", \"show\": true, \"style\": {}, \"scale\": {\"type\": \"linear\", \"setYExtents\": false, \"mode\": \"wiggle\", \"defaultYExtents\": false}, \"id\": \"ValueAxis-1\"}], \"times\": [], \"smoothLines\": false, \"addTimeMarker\": false, \"mode\": \"wiggle\", \"legendPosition\": \"right\"}}"
            },
            "id": "PgSQL-Methods-ecs",
            "type": "visualization",
            "updated_at": "2019-01-18T23:49:31.386Z",
            "version": 1
        },
        {
            "attributes": {
                "description": "",
                "kibanaSavedObjectMeta": {
                    "searchSourceJSON": "{\"filter\": [], \"query\": {\"query\": \"\", \"language\": \"kuery\"}}"
                },
                "savedSearchId": "PgSQL-transactions-ecs",
                "title": "PgSQL response times percentiles [Packetbeat] ECS",
                "uiStateJSON": "{}",
                "version": 1,
                "visState": "{\"aggs\": [{\"type\": \"percentiles\", \"schema\": \"metric\", \"id\": \"1\", \"params\": {\"field\": \"event.duration\", \"percents\": [75, 99, 99.5]}, \"enabled\": true}, {\"type\": \"date_histogram\", \"schema\": \"segment\", \"id\": \"2\", \"params\": {\"field\": \"@timestamp\", \"customInterval\": \"2h\", \"min_doc_count\": 1, \"useNormalizedEsInterval\": true, \"drop_partials\": false, \"interval\": \"auto\", \"extended_bounds\": {}}, \"enabled\": true}], \"type\": \"line\", \"title\": \"PgSQL response times percentiles [Packetbeat] ECS\", \"params\": {\"type\": \"line\", \"seriesParams\": [{\"type\": \"line\", \"valueAxis\": \"ValueAxis-1\", \"show\": \"true\", \"mode\": \"normal\", \"data\": {\"label\": \"Percentiles of event.duration\", \"id\": \"1\"}}], \"shareYAxis\": true, \"addLegend\": true, \"addTooltip\": true, \"categoryAxes\": [{\"labels\": {\"truncate\": 100, \"show\": true}, \"type\": \"category\", \"title\": {}, \"show\": true, \"style\": {}, \"id\": \"CategoryAxis-1\", \"scale\": {\"type\": \"linear\"}, \"position\": \"bottom\"}], \"grid\": {\"style\": {\"color\": \"#eee\"}, \"categoryLines\": false}, \"defaultYExtents\": false, \"valueAxes\": [{\"labels\": {\"truncate\": 100, \"filter\": false, \"show\": true, \"rotate\": 0}, \"type\": \"value\", \"name\": \"LeftAxis-1\", \"title\": {\"text\": \"Percentiles of event.duration\"}, \"position\": \"left\", \"show\": true, \"style\": {}, \"scale\": {\"type\": \"linear\", \"setYExtents\": false, \"mode\": \"normal\", \"defaultYExtents\": false}, \"id\": \"ValueAxis-1\"}], \"times\": [], \"addTimeMarker\": false, \"legendPosition\": \"right\"}}"
            },
            "id": "PgSQL-response-times-percentiles-ecs",
            "type": "visualization",
            "updated_at": "2019-01-18T23:49:31.386Z",
            "version": 1
        },
        {
            "attributes": {
                "description": "",
                "kibanaSavedObjectMeta": {
                    "searchSourceJSON": "{\"filter\": [], \"query\": {\"query\": \"\", \"language\": \"kuery\"}}"
                },
                "savedSearchId": "PgSQL-transactions-ecs",
                "title": "PgSQL Throughput [Packetbeat] ECS",
                "uiStateJSON": "{}",
                "version": 1,
                "visState": "{\"aggs\": [{\"type\": \"sum\", \"schema\": \"metric\", \"id\": \"1\", \"params\": {\"field\": \"destination.bytes\"}, \"enabled\": true}, {\"type\": \"sum\", \"schema\": \"metric\", \"id\": \"2\", \"params\": {\"field\": \"source.bytes\"}, \"enabled\": true}, {\"type\": \"date_histogram\", \"schema\": \"segment\", \"id\": \"3\", \"params\": {\"field\": \"@timestamp\", \"customInterval\": \"2h\", \"min_doc_count\": 1, \"useNormalizedEsInterval\": true, \"drop_partials\": false, \"interval\": \"auto\", \"extended_bounds\": {}}, \"enabled\": true}], \"type\": \"line\", \"title\": \"PgSQL Throughput [Packetbeat] ECS\", \"params\": {\"type\": \"line\", \"seriesParams\": [{\"type\": \"line\", \"valueAxis\": \"ValueAxis-1\", \"show\": \"true\", \"mode\": \"normal\", \"data\": {\"label\": \"Sum of destination.bytes\", \"id\": \"1\"}}, {\"type\": \"line\", \"valueAxis\": \"ValueAxis-1\", \"show\": true, \"mode\": \"normal\", \"data\": {\"label\": \"Sum of source.bytes\", \"id\": \"2\"}}], \"shareYAxis\": true, \"addLegend\": true, \"addTooltip\": true, \"categoryAxes\": [{\"labels\": {\"truncate\": 100, \"show\": true}, \"type\": \"category\", \"title\": {}, \"show\": true, \"style\": {}, \"id\": \"CategoryAxis-1\", \"scale\": {\"type\": \"linear\"}, \"position\": \"bottom\"}], \"grid\": {\"style\": {\"color\": \"#eee\"}, \"categoryLines\": false}, \"defaultYExtents\": false, \"valueAxes\": [{\"labels\": {\"truncate\": 100, \"filter\": false, \"show\": true, \"rotate\": 0}, \"type\": \"value\", \"name\": \"LeftAxis-1\", \"title\": {\"text\": \"Count\"}, \"position\": \"left\", \"show\": true, \"style\": {}, \"scale\": {\"type\": \"linear\", \"setYExtents\": false, \"mode\": \"normal\", \"defaultYExtents\": false}, \"id\": \"ValueAxis-1\"}], \"times\": [], \"addTimeMarker\": false, \"legendPosition\": \"right\"}}"
            },
            "id": "PgSQL-throughput-ecs",
            "type": "visualization",
            "updated_at": "2019-01-18T23:49:31.386Z",
            "version": 1
        },
        {
            "attributes": {
                "description": "",
                "kibanaSavedObjectMeta": {
                    "searchSourceJSON": "{\"filter\": [], \"query\": {\"query\": \"\", \"language\": \"kuery\"}}"
                },
                "savedSearchId": "PgSQL-transactions-ecs",
                "title": "PgSQL Reads vs Writes [Packetbeat] ECS",
                "uiStateJSON": "{}",
                "version": 1,
                "visState": "{\"aggs\": [{\"type\": \"count\", \"schema\": \"metric\", \"id\": \"1\", \"params\": {}, \"enabled\": true}, {\"type\": \"date_histogram\", \"schema\": \"segment\", \"id\": \"2\", \"params\": {\"field\": \"@timestamp\", \"customInterval\": \"2h\", \"min_doc_count\": 1, \"useNormalizedEsInterval\": true, \"drop_partials\": false, \"interval\": \"auto\", \"extended_bounds\": {}}, \"enabled\": true}, {\"type\": \"filters\", \"schema\": \"group\", \"id\": \"3\", \"params\": {\"filters\": [{\"input\": {\"query\": \"method: SELECT\"}}, {\"input\": {\"query\": \"method: INSERT OR method: UPDATE OR method: DELETE\"}}]}, \"enabled\": true}], \"type\": \"area\", \"title\": \"PgSQL Reads vs Writes [Packetbeat] ECS\", \"params\": {\"type\": \"area\", \"seriesParams\": [{\"type\": \"area\", \"interpolate\": \"linear\", \"show\": \"true\", \"drawLinesBetweenPoints\": true, \"data\": {\"label\": \"Count\", \"id\": \"1\"}, \"valueAxis\": \"ValueAxis-1\", \"showCircles\": true, \"mode\": \"stacked\"}], \"interpolate\": \"linear\", \"shareYAxis\": true, \"addLegend\": true, \"addTooltip\": true, \"defaultYExtents\": false, \"categoryAxes\": [{\"labels\": {\"truncate\": 100, \"show\": true}, \"type\": \"category\", \"title\": {\"text\": \"@timestamp per 30 seconds\"}, \"show\": true, \"style\": {}, \"id\": \"CategoryAxis-1\", \"scale\": {\"type\": \"linear\"}, \"position\": \"bottom\"}], \"yAxis\": {}, \"grid\": {\"style\": {\"color\": \"#eee\"}, \"categoryLines\": false}, \"setYExtents\": false, \"scale\": \"linear\", \"valueAxes\": [{\"labels\": {\"truncate\": 100, \"filter\": false, \"show\": true, \"rotate\": 0}, \"type\": \"value\", \"name\": \"LeftAxis-1\", \"title\": {\"text\": \"Count\"}, \"position\": \"left\", \"show\": true, \"style\": {}, \"scale\": {\"type\": \"linear\", \"mode\": \"normal\"}, \"id\": \"ValueAxis-1\"}], \"times\": [], \"smoothLines\": false, \"addTimeMarker\": false, \"mode\": \"stacked\", \"legendPosition\": \"right\"}}"
            },
            "id": "PgSQL-Reads-vs-Writes-ecs",
            "type": "visualization",
            "updated_at": "2019-01-18T23:49:31.386Z",
            "version": 1
        },
        {
            "attributes": {
                "description": "",
                "kibanaSavedObjectMeta": {
                    "searchSourceJSON": "{\"filter\": [], \"query\": {\"query\": \"\", \"language\": \"kuery\"}}"
                },
                "savedSearchId": "PgSQL-transactions-ecs",
                "title": "Most frequent PgSQL queries [Packetbeat] ECS",
                "uiStateJSON": "{\"vis\": {\"params\": {\"sort\": {\"direction\": null, \"columnIndex\": null}}}}",
                "version": 1,
                "visState": "{\"aggs\": [{\"type\": \"count\", \"schema\": \"metric\", \"id\": \"1\", \"params\": {}, \"enabled\": true}, {\"type\": \"terms\", \"schema\": \"bucket\", \"id\": \"2\", \"params\": {\"field\": \"query\", \"orderBy\": \"1\", \"order\": \"desc\", \"missingBucketLabel\": \"Missing\", \"otherBucketLabel\": \"Other\", \"missingBucket\": false, \"otherBucket\": false, \"size\": 10}, \"enabled\": true}], \"type\": \"table\", \"title\": \"Most frequent PgSQL queries [Packetbeat] ECS\", \"params\": {\"totalFunc\": \"sum\", \"showTotal\": false, \"showPartialRows\": false, \"sort\": {\"direction\": null, \"columnIndex\": null}, \"perPage\": 10, \"showMetricsAtAllLevels\": false}}"
            },
            "id": "Most-frequent-PgSQL-queries-ecs",
            "type": "visualization",
            "updated_at": "2019-01-18T23:49:31.386Z",
            "version": 1
        },
        {
            "attributes": {
                "description": "",
                "kibanaSavedObjectMeta": {
                    "searchSourceJSON": "{\"filter\": [], \"query\": {\"query\": \"\", \"language\": \"kuery\"}}"
                },
                "savedSearchId": "PgSQL-transactions-ecs",
                "title": "Slowest PgSQL Queries [Packetbeat] ECS",
                "uiStateJSON": "{\"vis\": {\"params\": {\"sort\": {\"direction\": null, \"columnIndex\": null}}}}",
                "version": 1,
                "visState": "{\"aggs\": [{\"type\": \"avg\", \"schema\": \"metric\", \"id\": \"1\", \"params\": {\"field\": \"event.duration\", \"customLabel\": \"Average Response Time (ns)\"}, \"enabled\": true}, {\"type\": \"terms\", \"schema\": \"bucket\", \"id\": \"2\", \"params\": {\"field\": \"query\", \"orderBy\": \"1\", \"order\": \"desc\", \"missingBucketLabel\": \"Missing\", \"otherBucketLabel\": \"Other\", \"missingBucket\": false, \"otherBucket\": false, \"size\": 10}, \"enabled\": true}], \"type\": \"table\", \"title\": \"Slowest PgSQL Queries [Packetbeat] ECS\", \"params\": {\"totalFunc\": \"sum\", \"showTotal\": false, \"showPartialRows\": false, \"sort\": {\"direction\": null, \"columnIndex\": null}, \"perPage\": 10, \"showMetricsAtAllLevels\": false}}"
            },
            "id": "Slowest-PgSQL-queries-ecs",
            "type": "visualization",
            "updated_at": "2019-01-18T23:49:31.386Z",
            "version": 1
        },
        {
            "attributes": {
                "columns": [
                    "method",
                    "type",
                    "path",
                    "event.duration",
                    "status"
                ],
                "description": "",
                "hits": 0,
                "kibanaSavedObjectMeta": {
                    "searchSourceJSON": "{\"query\": {\"query\": \"\", \"language\": \"kuery\"}, \"highlightAll\": true, \"highlight\": {\"post_tags\": [\"@/kibana-highlighted-field@\"], \"pre_tags\": [\"@kibana-highlighted-field@\"], \"fields\": {\"*\": {}}}, \"index\": \"packetbeat-*\", \"filter\": [{\"$state\": {\"store\": \"appState\"}, \"query\": {\"match\": {\"status\": {\"type\": \"phrase\", \"query\": \"OK\"}}}, \"meta\": {\"type\": \"phrase\", \"value\": \"OK\", \"alias\": null, \"negate\": true, \"params\": {\"type\": \"phrase\", \"query\": \"OK\"}, \"index\": \"packetbeat-*\", \"key\": \"status\", \"disabled\": false}}, {\"$state\": {\"store\": \"appState\"}, \"query\": {\"match\": {\"event.dataset\": {\"type\": \"phrase\", \"query\": \"pgsql\"}}}, \"meta\": {\"type\": \"phrase\", \"value\": \"pgsql\", \"alias\": null, \"negate\": false, \"params\": {\"type\": \"phrase\", \"query\": \"pgsql\"}, \"index\": \"packetbeat-*\", \"key\": \"event.dataset\", \"disabled\": false}}], \"version\": true}"
                },
                "sort": [
                    "@timestamp",
                    "desc"
                ],
                "title": "PgSQL Errors Search [Packetbeat] ECS",
                "version": 1
            },
            "id": "PgSQL-errors-ecs",
            "type": "search",
            "updated_at": "2019-01-18T23:49:31.386Z",
            "version": 1
        },
        {
            "attributes": {
                "columns": [
                    "method",
                    "type",
                    "path",
                    "event.duration",
                    "status"
                ],
                "description": "",
                "hits": 0,
                "kibanaSavedObjectMeta": {
                    "searchSourceJSON": "{\"query\": {\"query\": \"\", \"language\": \"kuery\"}, \"highlightAll\": true, \"highlight\": {\"post_tags\": [\"@/kibana-highlighted-field@\"], \"pre_tags\": [\"@kibana-highlighted-field@\"], \"fields\": {\"*\": {}}}, \"index\": \"packetbeat-*\", \"filter\": [{\"$state\": {\"store\": \"appState\"}, \"query\": {\"match\": {\"event.dataset\": {\"type\": \"phrase\", \"query\": \"pgsql\"}}}, \"meta\": {\"type\": \"phrase\", \"value\": \"pgsql\", \"alias\": null, \"negate\": false, \"params\": {\"type\": \"phrase\", \"query\": \"pgsql\"}, \"index\": \"packetbeat-*\", \"key\": \"event.dataset\", \"disabled\": false}}], \"version\": true}"
                },
                "sort": [
                    "@timestamp",
                    "desc"
                ],
                "title": "PgSQL Transactions [Packetbeat] ECS",
                "version": 1
            },
            "id": "PgSQL-transactions-ecs",
            "type": "search",
            "updated_at": "2019-01-18T23:49:31.386Z",
            "version": 1
        },
        {
            "attributes": {
                "description": "Postgres database query performance.",
                "hits": 0,
                "kibanaSavedObjectMeta": {
                    "searchSourceJSON": "{\"filter\": [], \"query\": {\"query\": \"\", \"language\": \"kuery\"}, \"highlightAll\": true, \"version\": true}"
                },
                "optionsJSON": "{\"darkTheme\": false}",
                "panelsJSON": "[{\"panelIndex\": \"1\", \"type\": \"visualization\", \"id\": \"Navigation-ecs\", \"version\": \"7.0.0-SNAPSHOT\", \"gridData\": {\"w\": 12, \"x\": 0, \"h\": 20, \"y\": 0, \"i\": \"1\"}}, {\"panelIndex\": \"2\", \"type\": \"visualization\", \"id\": \"PgSQL-Errors-ecs\", \"version\": \"7.0.0-SNAPSHOT\", \"gridData\": {\"w\": 20, \"x\": 12, \"h\": 20, \"y\": 0, \"i\": \"2\"}}, {\"panelIndex\": \"3\", \"type\": \"visualization\", \"id\": \"PgSQL-Methods-ecs\", \"version\": \"7.0.0-SNAPSHOT\", \"gridData\": {\"w\": 16, \"x\": 32, \"h\": 20, \"y\": 0, \"i\": \"3\"}}, {\"panelIndex\": \"4\", \"type\": \"visualization\", \"id\": \"PgSQL-response-times-percentiles-ecs\", \"version\": \"7.0.0-SNAPSHOT\", \"gridData\": {\"w\": 48, \"x\": 0, \"h\": 15, \"y\": 20, \"i\": \"4\"}}, {\"panelIndex\": \"5\", \"type\": \"visualization\", \"id\": \"PgSQL-throughput-ecs\", \"version\": \"7.0.0-SNAPSHOT\", \"gridData\": {\"w\": 24, \"x\": 24, \"h\": 15, \"y\": 35, \"i\": \"5\"}}, {\"panelIndex\": \"6\", \"type\": \"visualization\", \"id\": \"PgSQL-Reads-vs-Writes-ecs\", \"version\": \"7.0.0-SNAPSHOT\", \"gridData\": {\"w\": 24, \"x\": 0, \"h\": 15, \"y\": 35, \"i\": \"6\"}}, {\"type\": \"visualization\", \"gridData\": {\"w\": 24, \"x\": 0, \"h\": 30, \"y\": 50, \"i\": \"7\"}, \"version\": \"7.0.0-SNAPSHOT\", \"panelIndex\": \"7\", \"embeddableConfig\": {\"vis\": {\"params\": {\"sort\": {\"direction\": null, \"columnIndex\": null}}}}, \"id\": \"Most-frequent-PgSQL-queries-ecs\"}, {\"type\": \"visualization\", \"gridData\": {\"w\": 24, \"x\": 24, \"h\": 30, \"y\": 50, \"i\": \"8\"}, \"version\": \"7.0.0-SNAPSHOT\", \"panelIndex\": \"8\", \"embeddableConfig\": {\"vis\": {\"params\": {\"sort\": {\"direction\": null, \"columnIndex\": null}}}}, \"id\": \"Slowest-PgSQL-queries-ecs\"}]",
                "timeRestore": false,
                "title": "[Packetbeat] PgSQL performance ECS",
                "version": 1
            },
            "id": "Packetbeat-PgSQL-performance-ecs",
            "type": "dashboard",
            "updated_at": "2019-01-18T23:49:31.386Z",
            "version": 1
        }
    ],
    "version": "7.0.0-SNAPSHOT"
}