{
    "objects": [
        {
            "attributes": {
                "description": "",
                "kibanaSavedObjectMeta": {
                    "searchSourceJSON": "{\"filter\": [], \"query\": {\"query\": \"\", \"language\": \"kuery\"}, \"index\": \"packetbeat-*\"}"
                },
                "savedSearchId": "eaa83e60-190b-11e9-be0d-adde5066235e-ecs",
                "title": "Cassandra ResponseKeyspace [Packetbeat] ECS",
                "uiStateJSON": "{}",
                "version": 1,
                "visState": "{\"aggs\": [{\"type\": \"count\", \"schema\": \"metric\", \"id\": \"1\", \"params\": {}, \"enabled\": true}, {\"type\": \"terms\", \"schema\": \"segment\", \"id\": \"2\", \"params\": {\"field\": \"cassandra.response.result.rows.meta.keyspace\", \"orderBy\": \"1\", \"order\": \"desc\", \"size\": 10}, \"enabled\": true}, {\"type\": \"terms\", \"schema\": \"segment\", \"id\": \"3\", \"params\": {\"field\": \"cassandra.response.result.rows.meta.table\", \"orderBy\": \"1\", \"order\": \"desc\", \"size\": 5}, \"enabled\": true}], \"type\": \"pie\", \"title\": \"Cassandra ResponseKeyspace ECS\", \"listeners\": {}, \"params\": {\"addLegend\": true, \"addTooltip\": true, \"shareYAxis\": true, \"legendPosition\": \"right\", \"isDonut\": true}}"
            },
            "id": "Cassandra-ResponseKeyspace-ecs",
            "type": "visualization",
            "updated_at": "2019-01-18T23:49:20.964Z",
            "version": 1
        },
        {
            "attributes": {
                "description": "",
                "kibanaSavedObjectMeta": {
                    "searchSourceJSON": "{\"filter\": [], \"query\": {\"query\": \"\", \"language\": \"kuery\"}, \"index\": \"packetbeat-*\"}"
                },
                "savedSearchId": "eaa83e60-190b-11e9-be0d-adde5066235e-ecs",
                "title": "Cassandra ResponseType [Packetbeat] ECS",
                "uiStateJSON": "{}",
                "version": 1,
                "visState": "{\"aggs\": [{\"type\": \"count\", \"schema\": \"metric\", \"id\": \"1\", \"params\": {}, \"enabled\": true}, {\"type\": \"terms\", \"schema\": \"segment\", \"id\": \"2\", \"params\": {\"field\": \"cassandra.response.result.type\", \"orderBy\": \"1\", \"order\": \"desc\", \"size\": 10}, \"enabled\": true}], \"type\": \"pie\", \"title\": \"Cassandra ResponseType ECS\", \"listeners\": {}, \"params\": {\"addLegend\": true, \"addTooltip\": true, \"shareYAxis\": true, \"legendPosition\": \"right\", \"isDonut\": false}}"
            },
            "id": "Cassandra-ResponseType-ecs",
            "type": "visualization",
            "updated_at": "2019-01-18T23:49:20.964Z",
            "version": 1
        },
        {
            "attributes": {
                "description": "",
                "kibanaSavedObjectMeta": {
                    "searchSourceJSON": "{\"filter\": [], \"query\": {\"query\": \"\", \"language\": \"kuery\"}, \"index\": \"packetbeat-*\"}"
                },
                "savedSearchId": "eaa83e60-190b-11e9-be0d-adde5066235e-ecs",
                "title": "Cassandra ResponseTime [Packetbeat] ECS",
                "uiStateJSON": "{}",
                "version": 1,
                "visState": "{\"aggs\": [{\"type\": \"percentiles\", \"schema\": \"metric\", \"id\": \"1\", \"params\": {\"field\": \"event.duration\", \"percents\": [5, 25, 50, 75, 95]}, \"enabled\": true}, {\"type\": \"date_histogram\", \"schema\": \"segment\", \"id\": \"2\", \"params\": {\"field\": \"@timestamp\", \"customInterval\": \"2h\", \"min_doc_count\": 1, \"useNormalizedEsInterval\": true, \"drop_partials\": false, \"interval\": \"auto\", \"extended_bounds\": {}}, \"enabled\": true}], \"type\": \"line\", \"title\": \"Cassandra ResponseTime [Packetbeat] ECS\", \"params\": {\"type\": \"line\", \"defaultYExtents\": false, \"interpolate\": \"linear\", \"shareYAxis\": true, \"drawLinesBetweenPoints\": true, \"addLegend\": true, \"addTooltip\": true, \"seriesParams\": [{\"type\": \"line\", \"radiusRatio\": 9, \"show\": \"true\", \"drawLinesBetweenPoints\": true, \"data\": {\"label\": \"Percentiles of event.duration\", \"id\": \"1\"}, \"valueAxis\": \"ValueAxis-1\", \"interpolate\": \"cardinal\", \"showCircles\": true, \"mode\": \"normal\"}], \"categoryAxes\": [{\"labels\": {\"truncate\": 100, \"show\": true}, \"type\": \"category\", \"title\": {}, \"show\": true, \"style\": {}, \"id\": \"CategoryAxis-1\", \"scale\": {\"type\": \"linear\"}, \"position\": \"bottom\"}], \"yAxis\": {}, \"grid\": {\"style\": {\"color\": \"#eee\"}, \"categoryLines\": false}, \"radiusRatio\": 9, \"setYExtents\": false, \"scale\": \"square root\", \"valueAxes\": [{\"labels\": {\"truncate\": 100, \"filter\": false, \"show\": true, \"rotate\": 0}, \"type\": \"value\", \"name\": \"LeftAxis-1\", \"title\": {\"text\": \"Percentiles of event.duration\"}, \"position\": \"left\", \"show\": true, \"style\": {}, \"scale\": {\"type\": \"square root\", \"setYExtents\": false, \"mode\": \"normal\", \"defaultYExtents\": false}, \"id\": \"ValueAxis-1\"}], \"times\": [], \"smoothLines\": true, \"showCircles\": true, \"addTimeMarker\": false, \"legendPosition\": \"right\"}}"
            },
            "id": "Cassandra-ResponseTime-ecs",
            "type": "visualization",
            "updated_at": "2019-01-18T23:49:20.964Z",
            "version": 1
        },
        {
            "attributes": {
                "description": "",
                "kibanaSavedObjectMeta": {
                    "searchSourceJSON": "{\"filter\": [], \"query\": {\"query\": \"\", \"language\": \"kuery\"}, \"index\": \"packetbeat-*\"}"
                },
                "savedSearchId": "eaa83e60-190b-11e9-be0d-adde5066235e-ecs",
                "title": "Cassandra RequestCount [Packetbeat] ECS",
                "uiStateJSON": "{}",
                "version": 1,
                "visState": "{\"aggs\": [{\"type\": \"count\", \"schema\": \"metric\", \"id\": \"1\", \"params\": {}, \"enabled\": true}, {\"type\": \"date_histogram\", \"schema\": \"segment\", \"id\": \"2\", \"params\": {\"field\": \"@timestamp\", \"customInterval\": \"2h\", \"min_doc_count\": 1, \"interval\": \"auto\", \"extended_bounds\": {}}, \"enabled\": true}], \"type\": \"line\", \"title\": \"Cassandra RequestCount ECS\", \"listeners\": {}, \"params\": {\"defaultYExtents\": false, \"interpolate\": \"linear\", \"shareYAxis\": true, \"drawLinesBetweenPoints\": true, \"addLegend\": true, \"addTooltip\": true, \"yAxis\": {}, \"scale\": \"square root\", \"radiusRatio\": 9, \"setYExtents\": false, \"legendPosition\": \"right\", \"times\": [], \"smoothLines\": true, \"showCircles\": true, \"addTimeMarker\": false}}"
            },
            "id": "Cassandra-RequestCount-ecs",
            "type": "visualization",
            "updated_at": "2019-01-18T23:49:20.964Z",
            "version": 1
        },
        {
            "attributes": {
                "description": "",
                "kibanaSavedObjectMeta": {
                    "searchSourceJSON": "{\"filter\": [], \"query\": {\"query\": \"\", \"language\": \"kuery\"}, \"index\": \"packetbeat-*\"}"
                },
                "savedSearchId": "eaa83e60-190b-11e9-be0d-adde5066235e-ecs",
                "title": "Cassandra Ops [Packetbeat] ECS",
                "uiStateJSON": "{}",
                "version": 1,
                "visState": "{\"aggs\": [{\"type\": \"count\", \"schema\": \"metric\", \"id\": \"1\", \"params\": {}, \"enabled\": true}, {\"type\": \"terms\", \"schema\": \"segment\", \"id\": \"2\", \"params\": {\"field\": \"cassandra.request.headers.op\", \"orderBy\": \"1\", \"order\": \"desc\", \"size\": 5}, \"enabled\": true}, {\"type\": \"terms\", \"schema\": \"segment\", \"id\": \"3\", \"params\": {\"field\": \"cassandra.response.headers.op\", \"orderBy\": \"1\", \"order\": \"desc\", \"size\": 5}, \"enabled\": true}], \"type\": \"pie\", \"title\": \"Cassandra Ops ECS\", \"listeners\": {}, \"params\": {\"addLegend\": true, \"addTooltip\": true, \"shareYAxis\": true, \"legendPosition\": \"right\", \"isDonut\": true}}"
            },
            "id": "Cassandra-Ops-ecs",
            "type": "visualization",
            "updated_at": "2019-01-18T23:49:20.964Z",
            "version": 1
        },
        {
            "attributes": {
                "description": "",
                "kibanaSavedObjectMeta": {
                    "searchSourceJSON": "{\"filter\": [], \"query\": {\"query\": \"\", \"language\": \"kuery\"}, \"index\": \"packetbeat-*\"}"
                },
                "savedSearchId": "eaa83e60-190b-11e9-be0d-adde5066235e-ecs",
                "title": "Cassandra RequestCountStackByType [Packetbeat] ECS",
                "uiStateJSON": "{}",
                "version": 1,
                "visState": "{\"aggs\": [{\"type\": \"count\", \"schema\": \"metric\", \"id\": \"1\", \"params\": {}, \"enabled\": true}, {\"type\": \"date_histogram\", \"schema\": \"segment\", \"id\": \"2\", \"params\": {\"field\": \"@timestamp\", \"customInterval\": \"2h\", \"min_doc_count\": 1, \"interval\": \"auto\", \"extended_bounds\": {}}, \"enabled\": true}, {\"type\": \"terms\", \"schema\": \"group\", \"id\": \"3\", \"params\": {\"field\": \"cassandra.request.headers.op\", \"orderBy\": \"1\", \"order\": \"desc\", \"size\": 5}, \"enabled\": true}], \"type\": \"histogram\", \"title\": \"Cassandra RequestCountStackByType ECS\", \"listeners\": {}, \"params\": {\"shareYAxis\": true, \"times\": [], \"setYExtents\": false, \"legendPosition\": \"right\", \"mode\": \"stacked\", \"addLegend\": true, \"scale\": \"linear\", \"addTooltip\": true, \"addTimeMarker\": false, \"defaultYExtents\": false, \"yAxis\": {}}}"
            },
            "id": "Cassandra-RequestCountStackByType-ecs",
            "type": "visualization",
            "updated_at": "2019-01-18T23:49:20.964Z",
            "version": 1
        },
        {
            "attributes": {
                "description": "",
                "kibanaSavedObjectMeta": {
                    "searchSourceJSON": "{\"filter\": [], \"query\": {\"query\": \"\", \"language\": \"kuery\"}, \"index\": \"packetbeat-*\"}"
                },
                "savedSearchId": "eaa83e60-190b-11e9-be0d-adde5066235e-ecs",
                "title": "Cassandra ResponseCountStackByType [Packetbeat] ECS",
                "uiStateJSON": "{}",
                "version": 1,
                "visState": "{\"aggs\": [{\"type\": \"count\", \"schema\": \"metric\", \"id\": \"1\", \"params\": {}, \"enabled\": true}, {\"type\": \"date_histogram\", \"schema\": \"segment\", \"id\": \"2\", \"params\": {\"field\": \"@timestamp\", \"customInterval\": \"2h\", \"min_doc_count\": 1, \"interval\": \"auto\", \"extended_bounds\": {}}, \"enabled\": true}, {\"type\": \"terms\", \"schema\": \"group\", \"id\": \"3\", \"params\": {\"field\": \"cassandra.response.headers.op\", \"orderBy\": \"1\", \"order\": \"desc\", \"size\": 5}, \"enabled\": true}], \"type\": \"histogram\", \"title\": \"Cassandra ResponseCountStackByType ECS\", \"listeners\": {}, \"params\": {\"shareYAxis\": true, \"times\": [], \"setYExtents\": false, \"legendPosition\": \"right\", \"mode\": \"stacked\", \"addLegend\": true, \"scale\": \"linear\", \"addTooltip\": true, \"addTimeMarker\": false, \"defaultYExtents\": false, \"yAxis\": {}}}"
            },
            "id": "Cassandra-ResponseCountStackByType-ecs",
            "type": "visualization",
            "updated_at": "2019-01-18T23:49:20.964Z",
            "version": 1
        },
        {
            "attributes": {
                "description": "",
                "kibanaSavedObjectMeta": {
                    "searchSourceJSON": "{\"filter\": [], \"query\": {\"query\": \"\", \"language\": \"kuery\"}, \"index\": \"packetbeat-*\"}"
                },
                "savedSearchId": "eaa83e60-190b-11e9-be0d-adde5066235e-ecs",
                "title": "Cassandra RequestCountByType [Packetbeat] ECS",
                "uiStateJSON": "{}",
                "version": 1,
                "visState": "{\"aggs\": [{\"type\": \"count\", \"schema\": \"metric\", \"id\": \"1\", \"params\": {}, \"enabled\": true}, {\"type\": \"date_histogram\", \"schema\": \"segment\", \"id\": \"2\", \"params\": {\"field\": \"@timestamp\", \"customInterval\": \"2h\", \"min_doc_count\": 1, \"interval\": \"auto\", \"extended_bounds\": {}}, \"enabled\": true}, {\"type\": \"terms\", \"schema\": \"group\", \"id\": \"3\", \"params\": {\"field\": \"cassandra.request.headers.op\", \"orderBy\": \"1\", \"order\": \"desc\", \"size\": 10}, \"enabled\": true}, {\"type\": \"count\", \"schema\": \"radius\", \"id\": \"4\", \"params\": {}, \"enabled\": true}], \"type\": \"line\", \"title\": \"Cassandra RequestCountByType ECS\", \"listeners\": {}, \"params\": {\"defaultYExtents\": false, \"interpolate\": \"linear\", \"shareYAxis\": true, \"drawLinesBetweenPoints\": false, \"addLegend\": true, \"addTooltip\": true, \"yAxis\": {}, \"scale\": \"log\", \"radiusRatio\": \"13\", \"setYExtents\": false, \"legendPosition\": \"right\", \"times\": [], \"smoothLines\": true, \"showCircles\": true, \"addTimeMarker\": false}}"
            },
            "id": "Cassandra-RequestCountByType-ecs",
            "type": "visualization",
            "updated_at": "2019-01-18T23:49:20.964Z",
            "version": 1
        },
        {
            "attributes": {
                "description": "",
                "kibanaSavedObjectMeta": {
                    "searchSourceJSON": "{\"filter\": [], \"query\": {\"query\": \"\", \"language\": \"kuery\"}, \"index\": \"packetbeat-*\"}"
                },
                "savedSearchId": "eaa83e60-190b-11e9-be0d-adde5066235e-ecs",
                "title": "Cassandra ResponseCountByType [Packetbeat] ECS",
                "uiStateJSON": "{}",
                "version": 1,
                "visState": "{\"aggs\": [{\"type\": \"count\", \"schema\": \"metric\", \"params\": {}, \"id\": \"1\"}, {\"type\": \"date_histogram\", \"schema\": \"segment\", \"params\": {\"field\": \"@timestamp\", \"customInterval\": \"2h\", \"min_doc_count\": 1, \"interval\": \"auto\", \"extended_bounds\": {}}, \"id\": \"2\"}, {\"type\": \"terms\", \"schema\": \"group\", \"params\": {\"field\": \"cassandra.response.headers.op\", \"orderBy\": \"1\", \"order\": \"desc\", \"size\": 10}, \"id\": \"3\"}, {\"type\": \"count\", \"schema\": \"radius\", \"params\": {}, \"id\": \"4\"}], \"type\": \"line\", \"title\": \"Cassandra: ResponseCountByType ECS\", \"listeners\": {}, \"params\": {\"interpolate\": \"linear\", \"shareYAxis\": true, \"drawLinesBetweenPoints\": false, \"addLegend\": true, \"addTooltip\": true, \"yAxis\": {}, \"scale\": \"log\", \"radiusRatio\": \"15\", \"setYExtents\": false, \"defaultYExtents\": false, \"times\": [], \"smoothLines\": true, \"showCircles\": true, \"addTimeMarker\": false}}"
            },
            "id": "Cassandra-ResponseCountByType-ecs",
            "type": "visualization",
            "updated_at": "2019-01-18T23:49:20.964Z",
            "version": 1
        },
        {
            "attributes": {
                "description": "",
                "kibanaSavedObjectMeta": {
                    "searchSourceJSON": "{\"filter\": [], \"query\": {\"query\": \"\", \"language\": \"kuery\"}}"
                },
                "title": "Navigation [Packetbeat] ECS",
                "uiStateJSON": "{}",
                "version": 1,
                "visState": "{\"aggs\": [], \"type\": \"markdown\", \"title\": \"Navigation [Packetbeat] ECS\", \"params\": {\"fontSize\": 10, \"openLinksInNewTab\": false, \"markdown\": \"### Packetbeat:\\n\\n[Overview](#/dashboard/Packetbeat-Dashboard-ecs)\\n\\n[Network Flows](#/dashboard/Packetbeat-Flows-ecs)\\n\\n[DNS Overview](#/dashboard/65120940-1454-11e9-9de0-f98d1808db8e-ecs) | [Tunneling](#/dashboard/DNS-Unique-Domains-ecs)\\n\\n[DHCPv4 Transactions](#/dashboard/a7b35890-8baa-11e8-9676-ef67484126fb-ecs)\\n\\n[TLS Overview](#/dashboard/tls-sessions-ecs)\\n\\n[HTTP transactions](#/dashboard/Packetbeat-HTTP-ecs)\\n\\nDatabases: [MySQL](#/dashboard/Packetbeat-MySQL-performance-ecs) | [PostgreSQL](#/dashboard/Packetbeat-PgSQL-performance-ecs) | [MongoDB](#/dashboard/Packetbeat-MongoDB-performance-ecs) | [Cassandra](#/dashboard/Packetbeat-Cassandra-ecs)\\n\\nRPC: [Thrift](#/dashboard/Packetbeat-Thrift-performance-ecs)\\n\\nStorage: [NFS](#/dashboard/Packetbeat-NFS-ecs)\"}}"
            },
            "id": "Navigation-ecs",
            "type": "visualization",
            "updated_at": "2019-01-19T00:18:59.372Z",
            "version": 11
        },
        {
            "attributes": {
                "columns": [
                    "cassandra.request.query",
                    "cassandra.response.result.rows.meta.keyspace",
                    "cassandra.response.result.rows.meta.table",
                    "cassandra.response.result.rows.num_rows"
                ],
                "description": "",
                "hits": 0,
                "kibanaSavedObjectMeta": {
                    "searchSourceJSON": "{\"query\": {\"query\": \"\", \"language\": \"kuery\"}, \"highlightAll\": true, \"highlight\": {\"post_tags\": [\"@/kibana-highlighted-field@\"], \"require_field_match\": false, \"fragment_size\": 2147483647, \"pre_tags\": [\"@kibana-highlighted-field@\"], \"fields\": {\"*\": {}}}, \"index\": \"packetbeat-*\", \"filter\": [{\"$state\": {\"store\": \"appState\"}, \"query\": {\"match\": {\"cassandra.request.headers.op\": {\"type\": \"phrase\", \"query\": \"QUERY\"}}}, \"meta\": {\"type\": \"phrase\", \"value\": \"QUERY\", \"alias\": null, \"negate\": false, \"params\": {\"type\": \"phrase\", \"query\": \"QUERY\"}, \"index\": \"packetbeat-*\", \"key\": \"cassandra.request.headers.op\", \"disabled\": false}}, {\"$state\": {\"store\": \"appState\"}, \"query\": {\"match\": {\"cassandra.response.headers.op\": {\"type\": \"phrase\", \"query\": \"ERROR\"}}}, \"meta\": {\"type\": \"phrase\", \"value\": \"ERROR\", \"alias\": null, \"negate\": true, \"params\": {\"type\": \"phrase\", \"query\": \"ERROR\"}, \"index\": \"packetbeat-*\", \"key\": \"cassandra.response.headers.op\", \"disabled\": false}}], \"version\": true}"
                },
                "sort": [
                    "@timestamp",
                    "desc"
                ],
                "title": "Cassandra Query Search [Packetbeat] ECS",
                "version": 1
            },
            "id": "Cassandra-QueryView-ecs",
            "type": "search",
            "updated_at": "2019-01-18T23:49:20.964Z",
            "version": 1
        },
        {
            "attributes": {
                "columns": [
                    "_source"
                ],
                "description": "",
                "hits": 0,
                "kibanaSavedObjectMeta": {
                    "searchSourceJSON": "{\"index\": \"packetbeat-*\", \"filter\": [{\"$state\": {\"store\": \"appState\"}, \"query\": {\"match\": {\"event.dataset\": {\"type\": \"phrase\", \"query\": \"cassandra\"}}}, \"meta\": {\"type\": \"phrase\", \"value\": \"cassandra\", \"alias\": null, \"negate\": false, \"params\": {\"type\": \"phrase\", \"query\": \"cassandra\"}, \"index\": \"packetbeat-*\", \"key\": \"event.dataset\", \"disabled\": false}}], \"query\": {\"query\": \"\", \"language\": \"kuery\"}, \"highlightAll\": true, \"version\": true}"
                },
                "sort": [
                    "@timestamp",
                    "desc"
                ],
                "title": "Cassandra Search [Packetbeat] ECS",
                "version": 1
            },
            "id": "eaa83e60-190b-11e9-be0d-adde5066235e-ecs",
            "type": "search",
            "updated_at": "2019-01-18T23:49:20.964Z",
            "version": 1
        },
        {
            "attributes": {
                "description": "",
                "hits": 0,
                "kibanaSavedObjectMeta": {
                    "searchSourceJSON": "{\"filter\": [], \"query\": {\"query\": \"\", \"language\": \"kuery\"}, \"highlightAll\": true, \"version\": true}"
                },
                "optionsJSON": "{\"darkTheme\": false}",
                "panelsJSON": "[{\"type\": \"visualization\", \"size_y\": 2, \"col\": 10, \"panelIndex\": 3, \"size_x\": 3, \"row\": 3, \"id\": \"Cassandra-ResponseKeyspace-ecs\"}, {\"type\": \"visualization\", \"size_y\": 2, \"col\": 7, \"panelIndex\": 4, \"size_x\": 3, \"row\": 3, \"id\": \"Cassandra-ResponseType-ecs\"}, {\"type\": \"visualization\", \"size_y\": 2, \"col\": 1, \"panelIndex\": 9, \"size_x\": 12, \"row\": 5, \"id\": \"Cassandra-ResponseTime-ecs\"}, {\"type\": \"visualization\", \"size_y\": 2, \"col\": 4, \"panelIndex\": 10, \"size_x\": 9, \"row\": 1, \"id\": \"Cassandra-RequestCount-ecs\"}, {\"type\": \"visualization\", \"size_y\": 2, \"col\": 4, \"panelIndex\": 11, \"size_x\": 3, \"row\": 3, \"id\": \"Cassandra-Ops-ecs\"}, {\"type\": \"visualization\", \"size_y\": 2, \"col\": 1, \"panelIndex\": 15, \"size_x\": 12, \"row\": 7, \"id\": \"Cassandra-RequestCountStackByType-ecs\"}, {\"type\": \"visualization\", \"size_y\": 2, \"col\": 1, \"panelIndex\": 16, \"size_x\": 12, \"row\": 9, \"id\": \"Cassandra-ResponseCountStackByType-ecs\"}, {\"type\": \"visualization\", \"size_y\": 3, \"col\": 1, \"panelIndex\": 17, \"size_x\": 6, \"row\": 11, \"id\": \"Cassandra-RequestCountByType-ecs\"}, {\"type\": \"visualization\", \"size_y\": 3, \"col\": 7, \"panelIndex\": 18, \"size_x\": 6, \"row\": 11, \"id\": \"Cassandra-ResponseCountByType-ecs\"}, {\"type\": \"visualization\", \"size_y\": 4, \"col\": 1, \"panelIndex\": 19, \"size_x\": 3, \"row\": 1, \"id\": \"Navigation-ecs\"}, {\"type\": \"search\", \"size_y\": 3, \"col\": 1, \"panelIndex\": 20, \"sort\": [\"@timestamp\", \"desc\"], \"size_x\": 12, \"columns\": [\"cassandra.request.query\", \"cassandra.response.result.rows.meta.keyspace\", \"cassandra.response.result.rows.meta.table\", \"cassandra.response.result.rows.num_rows\"], \"row\": 14, \"id\": \"Cassandra-QueryView-ecs\"}]",
                "timeRestore": false,
                "title": "[Packetbeat] Cassandra ECS",
                "uiStateJSON": "{\"P-18\": {\"vis\": {\"legendOpen\": false}}, \"P-10\": {\"vis\": {\"legendOpen\": false}}, \"P-17\": {\"vis\": {\"legendOpen\": false}}}",
                "version": 1
            },
            "id": "Packetbeat-Cassandra-ecs",
            "type": "dashboard",
            "updated_at": "2019-01-18T23:49:20.964Z",
            "version": 1
        }
    ],
    "version": "7.0.0-SNAPSHOT"
}