{
    "objects": [
        {
            "attributes": {
                "description": "",
                "kibanaSavedObjectMeta": {
                    "searchSourceJSON": "{}"
                },
                "title": "Message Types over Time [Packetbeat DHCPv4] ECS",
                "uiStateJSON": "{}",
                "version": 1,
                "visState": "{\"aggs\": [], \"type\": \"metrics\", \"title\": \"Message Types over Time [Packetbeat DHCPv4] ECS\", \"params\": {\"type\": \"timeseries\", \"axis_formatter\": \"number\", \"time_field\": \"@timestamp\", \"axis_position\": \"left\", \"drop_last_bucket\": 1, \"filter\": \"type:dhcpv4\", \"id\": \"61ca57f0-469d-11e7-af02-69e470af7417\", \"background_color_rules\": [{\"id\": \"c2cf4410-8ba8-11e8-ae15-bdcba81344e6\"}], \"ignore_global_filter\": 0, \"show_legend\": 1, \"index_pattern\": \"packetbeat-*\", \"interval\": \"auto\", \"series\": [{\"fill\": 0.5, \"filter\": \"NOT dhcpv4.option.message_type:nak NOT dhcpv4.option.message_type:decline\", \"line_width\": 1, \"seperate_axis\": 0, \"formatter\": \"number\", \"id\": \"8abe6eb0-8ba9-11e8-ae15-bdcba81344e6\", \"metrics\": [{\"type\": \"count\", \"id\": \"8abe6eb1-8ba9-11e8-ae15-bdcba81344e6\"}], \"split_mode\": \"terms\", \"chart_type\": \"line\", \"stacked\": \"none\", \"axis_position\": \"right\", \"color\": \"#68BC00\", \"point_size\": 1, \"terms_field\": \"dhcpv4.option.message_type\", \"label\": \"Response\"}, {\"fill\": 0.5, \"filter\": \"dhcpv4.option.message_type:nak\", \"line_width\": \"4\", \"seperate_axis\": 0, \"formatter\": \"number\", \"id\": \"ae5610d0-8ba9-11e8-ae15-bdcba81344e6\", \"metrics\": [{\"type\": \"count\", \"id\": \"ae5610d1-8ba9-11e8-ae15-bdcba81344e6\"}], \"split_mode\": \"everything\", \"series_drop_last_bucket\": 0, \"chart_type\": \"line\", \"stacked\": \"none\", \"axis_position\": \"right\", \"color\": \"rgba(244,78,59,1)\", \"point_size\": \"3\", \"label\": \"nak\"}, {\"fill\": 0.5, \"filter\": \"dhcpv4.option.message_type:decline\", \"line_width\": \"4\", \"seperate_axis\": 0, \"formatter\": \"number\", \"id\": \"cf7ba180-8ba9-11e8-ae15-bdcba81344e6\", \"metrics\": [{\"type\": \"count\", \"id\": \"cf7ba181-8ba9-11e8-ae15-bdcba81344e6\"}], \"split_mode\": \"everything\", \"series_drop_last_bucket\": 0, \"chart_type\": \"line\", \"stacked\": \"none\", \"axis_position\": \"right\", \"color\": \"rgba(244,78,59,1)\", \"point_size\": \"3\", \"label\": \"decline\"}], \"show_grid\": 1}}"
            },
            "id": "8460fcd0-8baa-11e8-9676-ef67484126fb-ecs",
            "type": "visualization",
            "updated_at": "2019-01-18T23:49:22.006Z",
            "version": 1
        },
        {
            "attributes": {
                "description": "",
                "kibanaSavedObjectMeta": {
                    "searchSourceJSON": "{\"filter\": [], \"query\": {\"query\": \"dhcpv4.option.message_type:nak OR dhcpv4.option.message_type:decline\", \"language\": \"kuery\"}}"
                },
                "savedSearchId": "b8992150-8ba8-11e8-9676-ef67484126fb-ecs",
                "title": "NAK and Decline Count [Packetbeat DHCPv4] ECS",
                "uiStateJSON": "{}",
                "version": 1,
                "visState": "{\"aggs\": [{\"type\": \"count\", \"schema\": \"metric\", \"id\": \"1\", \"params\": {}, \"enabled\": true}], \"type\": \"metric\", \"title\": \"NAK and Decline Count [Packetbeat DHCPv4] ECS\", \"params\": {\"metric\": {\"labels\": {\"show\": true}, \"colorSchema\": \"Green to Red\", \"useRanges\": false, \"invertColors\": false, \"percentageMode\": false, \"metricColorMode\": \"None\", \"colorsRange\": [{\"from\": 0, \"to\": 10000}], \"style\": {\"bgColor\": false, \"bgFill\": \"#000\", \"labelColor\": false, \"subText\": \"\", \"fontSize\": 57}}, \"addLegend\": false, \"addTooltip\": true, \"type\": \"metric\"}}"
            },
            "id": "4ad9db20-8bab-11e8-9676-ef67484126fb-ecs",
            "type": "visualization",
            "updated_at": "2019-01-18T23:49:22.006Z",
            "version": 1
        },
        {
            "attributes": {
                "description": "",
                "kibanaSavedObjectMeta": {
                    "searchSourceJSON": "{\"filter\": [], \"query\": {\"query\": \"\", \"language\": \"kuery\"}}"
                },
                "savedSearchId": "b8992150-8ba8-11e8-9676-ef67484126fb-ecs",
                "title": "Message Types [Packetbeat DHCPv4] ECS",
                "uiStateJSON": "{}",
                "version": 1,
                "visState": "{\"aggs\": [{\"type\": \"count\", \"schema\": \"metric\", \"id\": \"1\", \"params\": {}, \"enabled\": true}, {\"type\": \"terms\", \"schema\": \"segment\", \"id\": \"3\", \"params\": {\"field\": \"dhcpv4.op_code\", \"customLabel\": \"Op Code\", \"order\": \"desc\", \"missingBucketLabel\": \"Missing\", \"otherBucketLabel\": \"Other\", \"orderBy\": \"1\", \"missingBucket\": false, \"otherBucket\": false, \"size\": 5}, \"enabled\": true}, {\"type\": \"terms\", \"schema\": \"segment\", \"id\": \"2\", \"params\": {\"field\": \"dhcpv4.option.message_type\", \"customLabel\": \"Message Type\", \"order\": \"desc\", \"missingBucketLabel\": \"Missing\", \"otherBucketLabel\": \"Other\", \"orderBy\": \"1\", \"missingBucket\": false, \"otherBucket\": false, \"size\": 5}, \"enabled\": true}], \"type\": \"pie\", \"title\": \"Message Types [Packetbeat DHCPv4] ECS\", \"params\": {\"labels\": {\"truncate\": 100, \"last_level\": true, \"show\": false, \"values\": true}, \"type\": \"pie\", \"legendPosition\": \"right\", \"isDonut\": true, \"addLegend\": true, \"addTooltip\": true}}"
            },
            "id": "418dfbe0-8bac-11e8-9676-ef67484126fb-ecs",
            "type": "visualization",
            "updated_at": "2019-01-18T23:49:22.006Z",
            "version": 1
        },
        {
            "attributes": {
                "columns": [
                    "dhcpv4.transaction_id",
                    "dhcpv4.op_code",
                    "dhcpv4.option.message_type",
                    "source.ip",
                    "destination.ip",
                    "dhcpv4.client_mac",
                    "dhcpv4.option.hostname",
                    "dhcpv4.option.class_identifier"
                ],
                "description": "",
                "hits": 0,
                "kibanaSavedObjectMeta": {
                    "searchSourceJSON": "{\"index\": \"packetbeat-*\", \"filter\": [{\"$state\": {\"store\": \"appState\"}, \"query\": {\"match\": {\"event.dataset\": {\"type\": \"phrase\", \"query\": \"dhcpv4\"}}}, \"meta\": {\"type\": \"phrase\", \"value\": \"dhcpv4\", \"alias\": null, \"negate\": false, \"params\": {\"type\": \"phrase\", \"query\": \"dhcpv4\"}, \"index\": \"packetbeat-*\", \"key\": \"event.dataset\", \"disabled\": false}}], \"query\": {\"query\": \"\", \"language\": \"kuery\"}, \"highlightAll\": true, \"version\": true}"
                },
                "sort": [
                    "@timestamp",
                    "desc"
                ],
                "title": "DHCPv4 [Packetbeat] ECS",
                "version": 1
            },
            "id": "b8992150-8ba8-11e8-9676-ef67484126fb-ecs",
            "type": "search",
            "updated_at": "2019-01-18T23:49:22.006Z",
            "version": 1
        },
        {
            "attributes": {
                "description": "",
                "kibanaSavedObjectMeta": {
                    "searchSourceJSON": "{\"filter\": [], \"query\": {\"query\": \"\", \"language\": \"kuery\"}}"
                },
                "savedSearchId": "b8992150-8ba8-11e8-9676-ef67484126fb-ecs",
                "title": "Transaction Count [Packetbeat DHCPv4] ECS",
                "uiStateJSON": "{}",
                "version": 1,
                "visState": "{\"aggs\": [{\"type\": \"cardinality\", \"schema\": \"metric\", \"id\": \"1\", \"params\": {\"field\": \"dhcpv4.transaction_id\", \"customLabel\": \"Unique Transactions\"}, \"enabled\": true}], \"type\": \"metric\", \"title\": \"Transaction Count [Packetbeat DHCPv4] ECS\", \"params\": {\"metric\": {\"labels\": {\"show\": true}, \"colorSchema\": \"Green to Red\", \"useRanges\": false, \"invertColors\": false, \"percentageMode\": false, \"metricColorMode\": \"None\", \"colorsRange\": [{\"from\": 0, \"to\": 10000}], \"style\": {\"bgColor\": false, \"bgFill\": \"#000\", \"labelColor\": false, \"subText\": \"\", \"fontSize\": 60}}, \"addLegend\": false, \"addTooltip\": true, \"type\": \"metric\"}}"
            },
            "id": "d0120dc0-8bac-11e8-9676-ef67484126fb-ecs",
            "type": "visualization",
            "updated_at": "2019-01-18T23:49:22.006Z",
            "version": 1
        },
        {
            "attributes": {
                "description": "",
                "kibanaSavedObjectMeta": {
                    "searchSourceJSON": "{\"filter\": [], \"query\": {\"query\": \"\", \"language\": \"kuery\"}}"
                },
                "savedSearchId": "b8992150-8ba8-11e8-9676-ef67484126fb-ecs",
                "title": "Client Count [Packetbeat DHCPv4] ECS",
                "uiStateJSON": "{}",
                "version": 1,
                "visState": "{\"aggs\": [{\"type\": \"cardinality\", \"schema\": \"metric\", \"id\": \"1\", \"params\": {\"field\": \"dhcpv4.client_mac\", \"customLabel\": \"Unique MACs\"}, \"enabled\": true}], \"type\": \"metric\", \"title\": \"Client Count [Packetbeat DHCPv4] ECS\", \"params\": {\"metric\": {\"labels\": {\"show\": true}, \"colorSchema\": \"Green to Red\", \"useRanges\": false, \"invertColors\": false, \"percentageMode\": false, \"metricColorMode\": \"None\", \"colorsRange\": [{\"from\": 0, \"to\": 10000}], \"style\": {\"bgColor\": false, \"bgFill\": \"#000\", \"labelColor\": false, \"subText\": \"\", \"fontSize\": 60}}, \"addLegend\": false, \"addTooltip\": true, \"type\": \"metric\"}}"
            },
            "id": "11d33ea0-8bad-11e8-9676-ef67484126fb-ecs",
            "type": "visualization",
            "updated_at": "2019-01-18T23:49:22.006Z",
            "version": 1
        },
        {
            "attributes": {
                "description": "",
                "kibanaSavedObjectMeta": {
                    "searchSourceJSON": "{\"filter\": [], \"query\": {\"query\": \"\", \"language\": \"kuery\"}}"
                },
                "savedSearchId": "b8992150-8ba8-11e8-9676-ef67484126fb-ecs",
                "title": "Data Transfer [Packetbeat DHCPv4] ECS",
                "uiStateJSON": "{}",
                "version": 1,
                "visState": "{\"aggs\": [{\"type\": \"sum\", \"schema\": \"metric\", \"id\": \"1\", \"params\": {\"field\": \"client.bytes\", \"customLabel\": \"Requests\"}, \"enabled\": true}, {\"type\": \"sum\", \"schema\": \"metric\", \"id\": \"2\", \"params\": {\"field\": \"server.bytes\", \"customLabel\": \"Responses\"}, \"enabled\": true}], \"type\": \"metric\", \"title\": \"Data Transfer [Packetbeat DHCPv4] ECS\", \"params\": {\"metric\": {\"labels\": {\"show\": true}, \"colorSchema\": \"Green to Red\", \"useRanges\": false, \"invertColors\": false, \"percentageMode\": false, \"metricColorMode\": \"None\", \"colorsRange\": [{\"from\": 0, \"to\": 10000}], \"style\": {\"bgColor\": false, \"bgFill\": \"#000\", \"labelColor\": false, \"subText\": \"\", \"fontSize\": 24}}, \"addLegend\": false, \"addTooltip\": true, \"type\": \"metric\"}}"
            },
            "id": "f43a8f20-8bb5-11e8-9676-ef67484126fb-ecs",
            "type": "visualization",
            "updated_at": "2019-01-18T23:49:22.006Z",
            "version": 1
        },
        {
            "attributes": {
                "description": "DHCPv4 Overview",
                "hits": 0,
                "kibanaSavedObjectMeta": {
                    "searchSourceJSON": "{\"filter\": [], \"query\": {\"query\": \"\", \"language\": \"kuery\"}, \"highlightAll\": true, \"version\": true}"
                },
                "optionsJSON": "{\"useMargins\": true, \"hidePanelTitles\": false, \"darkTheme\": false}",
                "panelsJSON": "[{\"type\": \"visualization\", \"gridData\": {\"w\": 48, \"x\": 0, \"h\": 9, \"y\": 7, \"i\": \"1\"}, \"version\": \"6.3.0\", \"panelIndex\": \"1\", \"embeddableConfig\": {}, \"id\": \"8460fcd0-8baa-11e8-9676-ef67484126fb-ecs\"}, {\"type\": \"visualization\", \"gridData\": {\"w\": 8, \"x\": 0, \"h\": 7, \"y\": 0, \"i\": \"2\"}, \"version\": \"6.3.0\", \"panelIndex\": \"2\", \"embeddableConfig\": {}, \"id\": \"4ad9db20-8bab-11e8-9676-ef67484126fb-ecs\"}, {\"type\": \"visualization\", \"gridData\": {\"w\": 11, \"x\": 37, \"h\": 7, \"y\": 0, \"i\": \"3\"}, \"version\": \"6.3.0\", \"panelIndex\": \"3\", \"embeddableConfig\": {}, \"id\": \"418dfbe0-8bac-11e8-9676-ef67484126fb-ecs\"}, {\"type\": \"search\", \"gridData\": {\"w\": 48, \"x\": 0, \"h\": 14, \"y\": 16, \"i\": \"5\"}, \"version\": \"6.3.0\", \"panelIndex\": \"5\", \"embeddableConfig\": {}, \"id\": \"b8992150-8ba8-11e8-9676-ef67484126fb-ecs\"}, {\"type\": \"visualization\", \"gridData\": {\"w\": 8, \"x\": 8, \"h\": 7, \"y\": 0, \"i\": \"6\"}, \"version\": \"6.3.0\", \"panelIndex\": \"6\", \"embeddableConfig\": {}, \"id\": \"d0120dc0-8bac-11e8-9676-ef67484126fb-ecs\"}, {\"type\": \"visualization\", \"gridData\": {\"w\": 8, \"x\": 16, \"h\": 7, \"y\": 0, \"i\": \"7\"}, \"version\": \"6.3.0\", \"panelIndex\": \"7\", \"embeddableConfig\": {}, \"id\": \"11d33ea0-8bad-11e8-9676-ef67484126fb-ecs\"}, {\"type\": \"visualization\", \"gridData\": {\"w\": 13, \"x\": 24, \"h\": 7, \"y\": 0, \"i\": \"8\"}, \"version\": \"6.3.0\", \"panelIndex\": \"8\", \"embeddableConfig\": {}, \"id\": \"f43a8f20-8bb5-11e8-9676-ef67484126fb-ecs\"}]",
                "timeRestore": false,
                "title": "[Packetbeat] DHCPv4 ECS",
                "version": 1
            },
            "id": "a7b35890-8baa-11e8-9676-ef67484126fb-ecs",
            "type": "dashboard",
            "updated_at": "2019-01-18T23:49:22.006Z",
            "version": 1
        }
    ],
    "version": "7.0.0-SNAPSHOT"
}