{
    "objects": [
        {
            "attributes": {
                "description": "",
                "kibanaSavedObjectMeta": {
                    "searchSourceJSON": "{\"filter\": []}"
                },
                "savedSearchId": "d19e8485-7df5-47ce-8009-9dc3c42bcf17-ecs",
                "title": "Unique FQDNs per eTLD+1 ECS",
                "uiStateJSON": "{\"vis\": {\"colors\": {\"Count\": \"#1F78C1\", \"Unique count of dns.question.name\": \"#E0752D\"}}}",
                "version": 1,
                "visState": "{\"aggs\": [{\"type\": \"cardinality\", \"schema\": \"metric\", \"id\": \"1\", \"params\": {\"field\": \"dns.question.name\", \"customLabel\": \"Unique Subdomain Count\"}, \"enabled\": true}, {\"type\": \"terms\", \"schema\": \"segment\", \"id\": \"2\", \"params\": {\"field\": \"dns.question.etld_plus_one\", \"customLabel\": \"Domains\", \"orderBy\": \"1\", \"order\": \"desc\", \"size\": 20}, \"enabled\": true}], \"type\": \"histogram\", \"title\": \"Unique FQDNs per eTLD+1 ECS\", \"listeners\": {}, \"params\": {\"shareYAxis\": true, \"times\": [], \"setYExtents\": false, \"legendPosition\": \"right\", \"mode\": \"grouped\", \"addLegend\": true, \"scale\": \"linear\", \"addTooltip\": true, \"addTimeMarker\": false, \"defaultYExtents\": true, \"yAxis\": {}}}"
            },
            "id": "Unique-FQDNs-per-eTLD 1-ecs",
            "type": "visualization",
            "updated_at": "2019-01-18T23:49:23.036Z",
            "version": 1
        },
        {
            "attributes": {
                "description": "",
                "kibanaSavedObjectMeta": {
                    "searchSourceJSON": "{\"filter\": []}"
                },
                "savedSearchId": "d19e8485-7df5-47ce-8009-9dc3c42bcf17-ecs",
                "title": "Unique FQDNs per eTLD+1 Table ECS",
                "uiStateJSON": "{\"vis\": {\"params\": {\"sort\": {\"direction\": null, \"columnIndex\": null}}}}",
                "version": 1,
                "visState": "{\"aggs\": [{\"type\": \"count\", \"schema\": \"metric\", \"id\": \"1\", \"params\": {\"customLabel\": \"\"}, \"enabled\": true}, {\"type\": \"terms\", \"schema\": \"bucket\", \"id\": \"2\", \"params\": {\"field\": \"dns.question.etld_plus_one\", \"customLabel\": \"ETLD+1\", \"orderBy\": \"1\", \"order\": \"desc\", \"size\": 20}, \"enabled\": true}, {\"type\": \"cardinality\", \"schema\": \"metric\", \"id\": \"3\", \"params\": {\"field\": \"dns.question.name\", \"customLabel\": \"Unique Domains\"}, \"enabled\": true}], \"type\": \"table\", \"title\": \"Unique FQDNs per eTLD+1 Table ECS\", \"listeners\": {}, \"params\": {\"totalFunc\": \"sum\", \"showMeticsAtAllLevels\": false, \"showTotal\": false, \"showPartialRows\": false, \"sort\": {\"direction\": null, \"columnIndex\": null}, \"perPage\": 10}}"
            },
            "id": "Unique-FQDNs-per-eTLD 1-Table-ecs",
            "type": "visualization",
            "updated_at": "2019-01-18T23:49:23.036Z",
            "version": 1
        },
        {
            "attributes": {
                "description": "",
                "kibanaSavedObjectMeta": {
                    "searchSourceJSON": "{\"filter\": [], \"query\": {\"query\": \"\", \"language\": \"kuery\"}}"
                },
                "savedSearchId": "d19e8485-7df5-47ce-8009-9dc3c42bcf17-ecs",
                "title": "Bytes Transferred per Domain ECS",
                "uiStateJSON": "{\"vis\": {\"colors\": {\"Count\": \"#1F78C1\", \"Bytes In\": \"#F2C96D\", \"Unique count of dns.question.name\": \"#E0752D\", \"Bytes Out\": \"#629E51\"}}}",
                "version": 1,
                "visState": "{\"aggs\": [{\"type\": \"sum\", \"schema\": \"metric\", \"id\": \"1\", \"params\": {\"field\": \"destination.bytes\", \"customLabel\": \"Bytes Out\"}, \"enabled\": true}, {\"type\": \"terms\", \"schema\": \"segment\", \"id\": \"2\", \"params\": {\"field\": \"dns.question.etld_plus_one\", \"customLabel\": \"Domains\", \"order\": \"desc\", \"missingBucketLabel\": \"Missing\", \"otherBucketLabel\": \"Other\", \"orderBy\": \"1\", \"missingBucket\": false, \"otherBucket\": false, \"size\": 20}, \"enabled\": true}, {\"type\": \"sum\", \"schema\": \"metric\", \"id\": \"3\", \"params\": {\"field\": \"source.bytes\", \"customLabel\": \"Bytes In\"}, \"enabled\": true}], \"type\": \"histogram\", \"title\": \"Bytes Transferred per Domain ECS\", \"params\": {\"type\": \"histogram\", \"seriesParams\": [{\"type\": \"histogram\", \"valueAxis\": \"ValueAxis-1\", \"show\": \"true\", \"mode\": \"normal\", \"data\": {\"label\": \"Bytes Out\", \"id\": \"1\"}}, {\"type\": \"histogram\", \"valueAxis\": \"ValueAxis-1\", \"show\": true, \"mode\": \"normal\", \"data\": {\"label\": \"Bytes In\", \"id\": \"3\"}}], \"shareYAxis\": true, \"addLegend\": true, \"addTooltip\": true, \"defaultYExtents\": true, \"categoryAxes\": [{\"labels\": {\"truncate\": 100, \"show\": true}, \"type\": \"category\", \"title\": {}, \"show\": true, \"style\": {}, \"id\": \"CategoryAxis-1\", \"scale\": {\"type\": \"linear\"}, \"position\": \"bottom\"}], \"yAxis\": {}, \"grid\": {\"style\": {\"color\": \"#eee\"}, \"categoryLines\": false}, \"setYExtents\": false, \"scale\": \"linear\", \"valueAxes\": [{\"labels\": {\"truncate\": 100, \"filter\": false, \"show\": true, \"rotate\": 0}, \"type\": \"value\", \"name\": \"LeftAxis-1\", \"title\": {\"text\": \"Count\"}, \"position\": \"left\", \"show\": true, \"style\": {}, \"scale\": {\"type\": \"linear\", \"setYExtents\": false, \"mode\": \"grouped\", \"defaultYExtents\": true}, \"id\": \"ValueAxis-1\"}], \"times\": [], \"addTimeMarker\": false, \"mode\": \"grouped\", \"legendPosition\": \"right\"}}"
            },
            "id": "Bytes-Transferred-per-Domain-ecs",
            "type": "visualization",
            "updated_at": "2019-01-18T23:49:23.036Z",
            "version": 1
        },
        {
            "attributes": {
                "description": "",
                "kibanaSavedObjectMeta": {
                    "searchSourceJSON": "{\"filter\": [], \"query\": {\"query\": \"type:dns\", \"language\": \"kuery\"}, \"index\": \"packetbeat-*\"}"
                },
                "title": "Top Domains by Data Volume ECS",
                "uiStateJSON": "{\"vis\": {\"params\": {\"sort\": {\"direction\": null, \"columnIndex\": null}}}}",
                "version": 1,
                "visState": "{\"aggs\": [{\"type\": \"sum\", \"schema\": \"metric\", \"id\": \"1\", \"params\": {\"field\": \"source.bytes\", \"customLabel\": \"Bytes In\"}, \"enabled\": true}, {\"type\": \"terms\", \"schema\": \"bucket\", \"id\": \"2\", \"params\": {\"field\": \"dns.question.etld_plus_one\", \"customLabel\": \"ETLD+1\", \"order\": \"desc\", \"missingBucketLabel\": \"Missing\", \"otherBucketLabel\": \"Other\", \"orderBy\": \"3\", \"missingBucket\": false, \"otherBucket\": false, \"size\": 20}, \"enabled\": true}, {\"type\": \"sum\", \"schema\": \"metric\", \"id\": \"3\", \"params\": {\"field\": \"destination.bytes\", \"customLabel\": \"Bytes Out\"}, \"enabled\": true}], \"type\": \"table\", \"title\": \"Top Domains by Data Volume ECS\", \"params\": {\"totalFunc\": \"sum\", \"showTotal\": false, \"showPartialRows\": false, \"sort\": {\"direction\": null, \"columnIndex\": null}, \"perPage\": 10, \"showMetricsAtAllLevels\": false}}"
            },
            "id": "dc743240-1665-11e7-a6de-cbac1a3d0a7d-ecs",
            "type": "visualization",
            "updated_at": "2019-01-18T23:49:23.036Z",
            "version": 1
        },
        {
            "attributes": {
                "columns": [
                    "server.ip",
                    "destination.ip",
                    "dns.question.name",
                    "status"
                ],
                "description": "",
                "hits": 0,
                "kibanaSavedObjectMeta": {
                    "searchSourceJSON": "{\"query\": {\"query\": \"\", \"language\": \"kuery\"}, \"highlightAll\": true, \"highlight\": {\"post_tags\": [\"@/kibana-highlighted-field@\"], \"require_field_match\": false, \"fragment_size\": 2147483647, \"pre_tags\": [\"@kibana-highlighted-field@\"], \"fields\": {\"*\": {}}}, \"index\": \"packetbeat-*\", \"filter\": [{\"$state\": {\"store\": \"appState\"}, \"query\": {\"match\": {\"network.protocol\": {\"type\": \"phrase\", \"query\": \"dns\"}}}, \"meta\": {\"type\": \"phrase\", \"value\": \"dns\", \"alias\": null, \"negate\": false, \"params\": {\"type\": \"phrase\", \"query\": \"dns\"}, \"index\": \"packetbeat-*\", \"key\": \"network.protocol\", \"disabled\": false}}], \"version\": true}"
                },
                "sort": [
                    "@timestamp",
                    "desc"
                ],
                "title": "DNS Protocol [Packetbeat] ECS",
                "version": 1
            },
            "id": "d19e8485-7df5-47ce-8009-9dc3c42bcf17-ecs",
            "type": "search",
            "updated_at": "2019-01-18T23:49:24.089Z",
            "version": 2
        },
        {
            "attributes": {
                "description": "Detecting tunneling over DNS.",
                "hits": 0,
                "kibanaSavedObjectMeta": {
                    "searchSourceJSON": "{\"filter\": [], \"query\": {\"query\": \"NOT dns.question.type:PTR\", \"language\": \"kuery\"}, \"highlightAll\": true, \"version\": true}"
                },
                "optionsJSON": "{\"darkTheme\": false}",
                "panelsJSON": "[{\"type\": \"visualization\", \"gridData\": {\"w\": 48, \"x\": 0, \"h\": 20, \"y\": 0, \"i\": \"1\"}, \"version\": \"7.0.0-SNAPSHOT\", \"panelIndex\": \"1\", \"embeddableConfig\": {\"spy\": {\"mode\": {\"name\": null, \"fill\": false}}, \"vis\": {\"legendOpen\": false, \"colors\": {\"Count\": \"#1F78C1\", \"Unique Subdomain Count\": \"#EF843C\", \"Unique count of dns.question.name\": \"#E0752D\"}}}, \"id\": \"Unique-FQDNs-per-eTLD 1-ecs\"}, {\"type\": \"visualization\", \"gridData\": {\"w\": 24, \"x\": 0, \"h\": 20, \"y\": 35, \"i\": \"2\"}, \"version\": \"7.0.0-SNAPSHOT\", \"panelIndex\": \"2\", \"embeddableConfig\": {\"vis\": {\"params\": {\"sort\": {\"direction\": null, \"columnIndex\": null}}}}, \"id\": \"Unique-FQDNs-per-eTLD 1-Table-ecs\"}, {\"type\": \"visualization\", \"gridData\": {\"w\": 48, \"x\": 0, \"h\": 15, \"y\": 20, \"i\": \"4\"}, \"version\": \"7.0.0-SNAPSHOT\", \"panelIndex\": \"4\", \"embeddableConfig\": {\"vis\": {\"legendOpen\": false}}, \"id\": \"Bytes-Transferred-per-Domain-ecs\"}, {\"type\": \"visualization\", \"gridData\": {\"w\": 24, \"x\": 24, \"h\": 20, \"y\": 35, \"i\": \"5\"}, \"version\": \"7.0.0-SNAPSHOT\", \"panelIndex\": \"5\", \"embeddableConfig\": {\"vis\": {\"params\": {\"sort\": {\"direction\": null, \"columnIndex\": null}}}}, \"id\": \"dc743240-1665-11e7-a6de-cbac1a3d0a7d-ecs\"}]",
                "timeRestore": false,
                "title": "[Packetbeat] DNS Tunneling ECS",
                "version": 1
            },
            "id": "DNS-Unique-Domains-ecs",
            "type": "dashboard",
            "updated_at": "2019-01-18T23:49:23.036Z",
            "version": 1
        }
    ],
    "version": "7.0.0-SNAPSHOT"
}